"Iteration Count","Job[1] Result","Job[1] Runtime (ms)","Job[2] Result","Job[2] Runtime (ms)","Job[3] Result","Job[3] Runtime (ms)","Job[4] Result","Job[4] Runtime (ms)","Job[5] Result","Job[5] Runtime (ms)","Job[6] Result","Job[6] Runtime (ms)","Job[7] Result","Job[7] Runtime (ms)","Job[8] Result","Job[8] Runtime (ms)","Job[9] Result","Job[9] Runtime (ms)","Job[10] Result","Job[10] Runtime (ms)","Job[11] Result","Job[11] Runtime (ms)","Job[12] Result","Job[12] Runtime (ms)","Job[13] Result","Job[13] Runtime (ms)","Job[14] Result","Job[14] Runtime (ms)","Job[15] Result","Job[15] Runtime (ms)","Job[16] Result","Job[16] Runtime (ms)","Job[17] Result","Job[17] Runtime (ms)","Job[18] Result","Job[18] Runtime (ms)","Job[19] Result","Job[19] Runtime (ms)","Job[20] Result","Job[20] Runtime (ms)","Job[21] Result","Job[21] Runtime (ms)","Job[22] Result","Job[22] Runtime (ms)","Job[23] Result","Job[23] Runtime (ms)","Job[24] Result","Job[24] Runtime (ms)","Job[25] Result","Job[25] Runtime (ms)","Job[26] Result","Job[26] Runtime (ms)","Job[27] Result","Job[27] Runtime (ms)","Job[28] Result","Job[28] Runtime (ms)","Job[29] Result","Job[29] Runtime (ms)","Job[30] Result","Job[30] Runtime (ms)","Job[31] Result","Job[31] Runtime (ms)","Job[32] Result","Job[32] Runtime (ms)","Job[33] Result","Job[33] Runtime (ms)","Job[34] Result","Job[34] Runtime (ms)","Job[35] Result","Job[35] Runtime (ms)","Job[36] Result","Job[36] Runtime (ms)","Job[37] Result","Job[37] Runtime (ms)","Job[38] Result","Job[38] Runtime (ms)","Job[39] Result","Job[39] Runtime (ms)","Job[40] Result","Job[40] Runtime (ms)","Job[41] Result","Job[41] Runtime (ms)","Job[42] Result","Job[42] Runtime (ms)","Job[43] Result","Job[43] Runtime (ms)","Job[44] Result","Job[44] Runtime (ms)","Job[45] Result","Job[45] Runtime (ms)","Job[46] Result","Job[46] Runtime (ms)","Job[47] Result","Job[47] Runtime (ms)","Job[48] Result","Job[48] Runtime (ms)","Job[49] Result","Job[49] Runtime (ms)","Job[50] Result","Job[50] Runtime (ms)","Job[51] Result","Job[51] Runtime (ms)","Job[52] Result","Job[52] Runtime (ms)","Job[53] Result","Job[53] Runtime (ms)","Job[54] Result","Job[54] Runtime (ms)","Job[55] Result","Job[55] Runtime (ms)","Job[56] Result","Job[56] Runtime (ms)","Job[57] Result","Job[57] Runtime (ms)","Job[58] Result","Job[58] Runtime (ms)","Job[59] Result","Job[59] Runtime (ms)","Job[60] Result","Job[60] Runtime (ms)","Job[61] Result","Job[61] Runtime (ms)","Job[62] Result","Job[62] Runtime (ms)","Job[63] Result","Job[63] Runtime (ms)","Job[64] Result","Job[64] Runtime (ms)","Job[65] Result","Job[65] Runtime (ms)","Job[66] Result","Job[66] Runtime (ms)","Job[67] Result","Job[67] Runtime (ms)","Job[68] Result","Job[68] Runtime (ms)","Job[69] Result","Job[69] Runtime (ms)","Job[70] Result","Job[70] Runtime (ms)","Job[71] Result","Job[71] Runtime (ms)","Job[72] Result","Job[72] Runtime (ms)","Job[73] Result","Job[73] Runtime (ms)","Job[74] Result","Job[74] Runtime (ms)","Job[75] Result","Job[75] Runtime (ms)","Job[76] Result","Job[76] Runtime (ms)","Job[77] Result","Job[77] Runtime (ms)","Job[78] Result","Job[78] Runtime (ms)","Job[79] Result","Job[79] Runtime (ms)","Job[80] Result","Job[80] Runtime (ms)","Job[81] Result","Job[81] Runtime (ms)","Job[82] Result","Job[82] Runtime (ms)","Job[83] Result","Job[83] Runtime (ms)","Job[84] Result","Job[84] Runtime (ms)","Job[85] Result","Job[85] Runtime (ms)","Job[86] Result","Job[86] Runtime (ms)","Job[87] Result","Job[87] Runtime (ms)","Job[88] Result","Job[88] Runtime (ms)","Job[89] Result","Job[89] Runtime (ms)","Job[90] Result","Job[90] Runtime (ms)","Job[91] Result","Job[91] Runtime (ms)","Job[92] Result","Job[92] Runtime (ms)","Job[93] Result","Job[93] Runtime (ms)","Job[94] Result","Job[94] Runtime (ms)","Job[95] Result","Job[95] Runtime (ms)","Job[96] Result","Job[96] Runtime (ms)","Job[97] Result","Job[97] Runtime (ms)","Job[98] Result","Job[98] Runtime (ms)","Job[99] Result","Job[99] Runtime (ms)","Job[100] Result","Job[100] Runtime (ms)","Average Result","Average Runtime (ms)","Total Runtime (ms)"
"1","3.143288","778","3.145252","1969","3.139168","2107","3.141188","2258","3.13812","2285","3.139552","2257","3.142568","2161","3.139976","2228","3.141508","2285","3.140192","2285","3.139588","2160","3.141656","2285","3.142216","2256","3.143144","2284","3.140792","2226","3.140548","2160","3.145196","2283","3.143068","2284","3.145084","2255","3.142296","2223","3.143388","2223","3.137864","2314","3.1405","2192","3.143316","2313","3.14336","2193","3.137128","2109","3.141368","2108","3.142844","2240","3.142188","2240","3.139724","2108","3.140388","2109","3.146304","2121","3.138492","2029","3.143308","2120","3.142656","2057","3.142096","2121","3.141352","2107","3.139592","2108","3.14052","2239","3.142236","2117","3.14008","2115","3.142392","2199","3.1432","2199","3.143524","2199","3.141884","2066","3.141648","2072","3.139696","2179","3.141976","2109","3.142856","2107","3.14362","2107","3.141152","2107","3.142972","2107","3.14214","2106","3.141388","2106","3.141916","2106","3.143944","2106","3.139368","2106","3.13954","2106","3.141588","2106","3.142968","2110","3.141192","2106","3.14264","2105","3.14344","2106","3.143956","2105","3.141584","2105","3.141368","2107","3.140832","2104","3.144544","2108","3.141544","2082","3.138772","2104","3.142288","2105","3.140796","2104","3.140168","2104","3.141472","2104","3.142108","2102","3.140092","2103","3.141836","2103","3.1377","2103","3.1435","2106","3.143804","2061","3.142332","2043","3.140892","2046","3.141908","2045","3.143172","2047","3.142092","2045","3.1397","2045","3.1426","2048","3.140428","2046","3.142032","2045","3.143196","2048","3.14398","2043","3.14474","2044","3.142404","2039","3.143972","2041","3.141192","2041","3.141988","2031","3.14122","2023","3.141124","1953","3.13926","1952","3.139924","1952","3.141726679999999","2112","7806"
"2","3.14216","147","3.141204","1615","3.141988","1613","3.140056","1570","3.142368","1613","3.142436","1603","3.142036","1660","3.14064","1594","3.140708","1670","3.14394","1613","3.143484","1620","3.140556","1594","3.140792","1594","3.140996","1559","3.139272","1659","3.140928","1594","3.141012","1594","3.142832","1594","3.144932","1496","3.14276","1603","3.141416","1594","3.142512","1661","3.141828","1593","3.141528","1496","3.141784","1560","3.142296","1529","3.145","1593","3.14148","1659","3.14112","1568","3.140784","1593","3.14332","1593","3.138796","1610","3.141508","1597","3.14162","1593","3.14248","1593","3.140944","1610","3.1423","1593","3.140416","1595","3.14002","1473","3.139256","1658","3.1414","1593","3.13806","1593","3.14134","1549","3.142988","1593","3.140988","1496","3.140864","1593","3.141372","1568","3.142892","1610","3.140348","1597","3.14432","1658","3.14282","1593","3.13878","1558","3.145224","1592","3.13988","1591","3.140048","1578","3.14238","1615","3.143164","1546","3.142204","1591","3.1414","1577","3.140836","1591","3.143048","1609","3.142508","1585","3.140032","1632","3.14066","1651","3.139932","1653","3.14152","1584","3.140052","1638","3.1404","1648","3.141932","1632","3.141504","1632","3.143408","1634","3.146524","1632","3.141252","1646","3.143396","1632","3.139048","1567","3.141332","1632","3.141396","1637","3.141936","1652","3.13942","1598","3.13946","1631","3.142516","1644","3.143224","1593","3.138848","1606","3.13908","1586","3.143048","1631","3.14082","1657","3.139712","1639","3.141516","1634","3.14218","1645","3.141932","1631","3.13976","1615","3.141252","1627","3.140604","1622","3.142748","1640","3.142808","1631","3.141624","1635","3.142832","1640","3.13976","1639","3.142412","1625","3.142824","1634","3.14155076","1591","1821"
"3","3.145936","205","3.143604","822","3.142332","822","3.139648","851","3.140628","822","3.140084","1708","3.140844","1582","3.143288","1703","3.141672","1681","3.140312","1703","3.141444","1707","3.140008","1677","3.141412","1703","3.141956","1703","3.141916","1703","3.14022","1703","3.144688","1705","3.141316","1703","3.142468","1703","3.142632","1710","3.143452","1709","3.142544","1704","3.142256","1665","3.142288","1702","3.140296","1702","3.140936","1706","3.14322","1681","3.14168","1523","3.14152","1669","3.139116","1703","3.138984","1669","3.141604","1720","3.139796","1704","3.143456","1523","3.13926","1703","3.14246","1622","3.14076","1651","3.140596","1658","3.1433","1651","3.140148","1650","3.142328","1645","3.144696","1658","3.141204","1705","3.145948","1579","3.142864","1706","3.142984","1674","3.143924","1650","3.141308","1646","3.14022","1704","3.140704","1704","3.140156","1645","3.140668","1651","3.142508","1694","3.14214","1646","3.142752","1638","3.142644","1690","3.143168","1690","3.140272","1689","3.140248","1665","3.13986","1690","3.142376","1684","3.142536","1681","3.140476","1656","3.144076","1644","3.13998","1651","3.141076","1712","3.142932","1680","3.143836","1685","3.1417","1691","3.14088","1682","3.143128","1675","3.143296","1692","3.14344","1667","3.142328","1711","3.14104","1661","3.139816","1675","3.144068","1727","3.138328","1668","3.140152","1663","3.139612","1663","3.142684","1680","3.137924","1722","3.143188","1697","3.14292","1685","3.142008","1700","3.14172","1717","3.141888","1716","3.140056","1689","3.139952","1716","3.140104","1723","3.143392","1698","3.141016","1715","3.142032","1719","3.14078","1718","3.140596","1719","3.143712","1718","3.143644","1714","3.140416","1715","3.141872","1716","3.139496","1717","3.141691520000001","1633","1860"
"4","3.1435","405","3.142316","997","3.142632","997","3.140304","1028","3.140328","1028","3.142408","1022","3.138052","1021","3.142504","1014","3.14048","1014","3.136812","969","3.141468","1013","3.141932","1013","3.143484","1013","3.141152","984","3.141044","1014","3.142224","1013","3.140716","1002","3.143752","1729","3.140748","1729","3.140636","1694","3.14126","1694","3.144816","1706","3.140544","1729","3.137904","1729","3.14534","1729","3.141308","1707","3.142776","1707","3.141796","1195","3.142996","1696","3.143148","1695","3.14184","1695","3.139696","1696","3.139072","1696","3.14112","1696","3.144904","1695","3.140524","1695","3.141636","1675","3.14224","1695","3.139512","1676","3.14342","1695","3.143096","1695","3.1409","1695","3.141488","1675","3.139544","1695","3.140304","1649","3.142096","1694","3.139496","1662","3.140424","1694","3.144648","1664","3.140684","1576","3.141652","1694","3.139124","1674","3.142084","1694","3.143136","1695","3.141688","1646","3.143684","1673","3.143272","1691","3.143692","1691","3.142992","1691","3.142504","1637","3.141848","1638","3.141848","1638","3.14418","1605","3.143528","1596","3.139012","1637","3.140412","1638","3.140472","1638","3.141896","1638","3.140768","1637","3.140424","1617","3.142436","1616","3.141272","1628","3.14382","1626","3.139516","1623","3.139212","1616","3.139816","1616","3.141256","1616","3.142112","1627","3.143236","1627","3.142452","1611","3.138388","1601","3.141336","1604","3.138744","1605","3.14168","1604","3.145144","1601","3.14178","1605","3.140416","1606","3.139968","1603","3.138876","1601","3.139696","1601","3.143812","1603","3.142672","1602","3.14216","1597","3.142744","1601","3.143128","1601","3.14306","1597","3.140044","1602","3.145864","1600","3.141776","1599","3.14298","1590","3.1416263599999996","1531","1773"
"5","3.140332","578","3.143668","709","3.143964","709","3.137948","687","3.1428","709","3.141448","656","3.140772","709","3.145256","1255","3.146504","1420","3.138376","709","3.142148","709","3.14198","656","3.140336","1494","3.142092","1564","3.1395","1534","3.143484","1561","3.139364","1510","3.141108","1563","3.13788","1700","3.141328","1729","3.143184","1706","3.14286","1714","3.144568","1728","3.144136","1700","3.146304","1713","3.138868","1729","3.141104","1700","3.144208","1725","3.13914","1699","3.144552","1723","3.140904","1727","3.142224","1710","3.140108","1700","3.142656","1725","3.141456","1715","3.139468","1712","3.143444","1711","3.141676","1699","3.140716","1726","3.141744","1723","3.142416","1724","3.14252","1715","3.141332","1722","3.142504","1723","3.14036","1723","3.139816","1700","3.143","1702","3.138256","1705","3.141564","1725","3.140232","1722","3.141416","1708","3.140408","1707","3.140892","1723","3.141584","1712","3.142456","1658","3.140684","1705","3.141608","1723","3.141024","1699","3.14304","1722","3.141524","1722","3.141872","1722","3.14076","1726","3.14232","1706","3.141428","1722","3.144552","1722","3.146336","1728","3.1394","1726","3.141908","1711","3.144672","1724","3.139728","1727","3.142544","1726","3.141152","1677","3.14128","1699","3.138972","1722","3.139544","1716","3.141988","1699","3.144368","1683","3.142656","1703","3.140544","1687","3.142632","1678","3.143832","1683","3.14174","1708","3.143196","1689","3.142352","1705","3.14306","1701","3.138048","1706","3.144368","1702","3.142748","1701","3.139136","1707","3.14172","1706","3.14342","1653","3.140976","1701","3.13974","1689","3.141124","1663","3.14348","1665","3.140112","1666","3.14212","1668","3.1436","1664","3.14136","1660","3.140148","1650","3.1417518000000006","1585","1788"
"6","3.141708","35","3.141864","213","3.14038","266","3.142212","384","3.142552","317","3.141712","291","3.143292","289","3.143432","243","3.139448","353","3.141852","1579","3.142076","1623","3.141008","1639","3.14262","1721","3.141972","1718","3.141608","1715","3.140888","1686","3.140428","1700","3.141012","1711","3.140124","1622","3.142128","1686","3.142904","1624","3.137532","1694","3.14164","1703","3.140012","1653","3.14166","1717","3.143652","1717","3.139096","1685","3.14116","1712","3.145592","1691","3.138972","1716","3.139676","1721","3.14014","1704","3.140012","1713","3.145692","1692","3.141124","1718","3.141528","1721","3.138936","1711","3.13976","1720","3.142328","1695","3.142084","1716","3.142464","1693","3.135716","1689","3.142868","1719","3.141256","1717","3.139824","1713","3.143192","1721","3.14388","1713","3.13978","1696","3.142796","1722","3.142344","1647","3.13892","1722","3.141268","1689","3.141424","1710","3.1406","1685","3.144312","1719","3.14364","1708","3.142348","1708","3.14258","1720","3.143296","1714","3.145376","1685","3.1414","1703","3.139852","1702","3.143168","1718","3.142272","1718","3.141012","1719","3.1428","1709","3.141812","1697","3.142812","1713","3.142564","1710","3.141268","1707","3.14146","1699","3.141856","1721","3.140884","1710","3.140064","1684","3.141296","1712","3.141712","1699","3.144948","1698","3.14182","1720","3.140468","1642","3.142528","1657","3.141692","1660","3.13974","1666","3.140284","1657","3.14296","1668","3.143208","1666","3.139904","1654","3.13946","1665","3.143928","1663","3.142856","1661","3.139448","1655","3.14088","1650","3.142176","1667","3.141392","1663","3.143356","1652","3.141044","1667","3.144148","1667","3.139596","1668","3.141768","1655","3.142004","1656","3.142168","1658","3.1416170799999996","1561","1759"
"7","3.141908","230","3.142368","291","3.140952","1728","3.139928","1737","3.140728","1716","3.140624","1729","3.139404","1782","3.14138","1782","3.141232","1691","3.1433","1782","3.139844","1727","3.141304","1716","3.14418","1741","3.14042","1781","3.142396","1781","3.143164","1781","3.142316","1726","3.141492","1780","3.142032","1781","3.141316","1739","3.14094","1781","3.142064","1692","3.141992","1781","3.14058","1737","3.140708","1737","3.144336","1737","3.142176","1781","3.140712","1754","3.142768","1740","3.140628","1781","3.142296","1741","3.1421","1781","3.142568","1781","3.142632","1778","3.14076","1778","3.141108","1778","3.143296","1778","3.142132","1778","3.138396","1778","3.139848","1752","3.141908","1778","3.144368","1732","3.140724","1728","3.141084","1714","3.141172","1737","3.138768","1723","3.141124","1778","3.141688","1778","3.13952","1738","3.139392","1744","3.138676","1744","3.140716","1746","3.142152","1745","3.142632","1748","3.141728","1750","3.14236","1747","3.142352","1744","3.14202","1751","3.141784","1751","3.13818","1747","3.13972","1751","3.140516","1745","3.139484","1744","3.143076","1747","3.141856","1744","3.1407","1745","3.141944","1749","3.14494","1749","3.139048","1751","3.143192","1746","3.141644","1743","3.142224","1744","3.144192","1744","3.138572","1746","3.138924","1744","3.143616","1744","3.138864","1749","3.139712","1749","3.141148","1750","3.13992","1745","3.139148","1743","3.145276","1747","3.142796","1744","3.144648","1744","3.141444","1744","3.139048","1743","3.142244","1743","3.1423","1718","3.13982","1743","3.14036","1747","3.140768","1749","3.141212","1750","3.141712","1745","3.142916","1744","3.14026","1744","3.140952","1750","3.141256","1744","3.143544","1743","3.13992","1744","3.146332","1745","3.1414392399999995","1719","1797"
"8","3.142224","307","3.14322","695","3.14182","695","3.14422","694","3.140608","1737","3.141824","1738","3.139768","1738","3.140832","1432","3.143292","715","3.140344","715","3.138352","1738","3.140452","1603","3.139736","1432","3.144096","715","3.13932","1603","3.143196","715","3.13876","1432","3.138608","1738","3.14226","1737","3.14368","1502","3.138656","1738","3.142224","1713","3.14362","1715","3.142752","1702","3.141472","1715","3.14134","1705","3.13988","1716","3.139688","1714","3.142","1613","3.141704","1701","3.137564","1713","3.142636","1704","3.14164","1712","3.140808","1709","3.139604","1704","3.141916","1705","3.143236","1704","3.1427","1665","3.140784","1717","3.142476","1717","3.142196","1713","3.140772","1716","3.143056","1704","3.142948","1661","3.140248","1710","3.142256","1704","3.142932","1712","3.143844","1710","3.141012","1711","3.139952","1706","3.142828","1660","3.1409","1704","3.142776","1710","3.140804","1704","3.139768","1705","3.141336","1708","3.140356","1716","3.137944","1708","3.140968","1709","3.140912","1702","3.141836","1703","3.140776","1708","3.142232","1701","3.14196","1714","3.142896","1705","3.14392","1710","3.138816","1703","3.139928","1714","3.140224","1714","3.13924","1713","3.140628","1709","3.141348","1701","3.142864","1702","3.13828","1710","3.140196","1707","3.140192","1713","3.141744","1715","3.142156","1706","3.143524","1708","3.139928","1701","3.140368","1705","3.138656","1707","3.140944","1710","3.1409","1703","3.14422","1706","3.141068","1704","3.14036","1708","3.138368","1703","3.1414","1709","3.139752","1701","3.14408","1701","3.140744","1710","3.14142","1701","3.141644","1701","3.141072","1706","3.141272","1702","3.140316","1701","3.13738","1678","3.141656","1701","3.139228","1713","3.1411865599999995","1610","1784"
"9","3.143284","441","3.143096","1808","3.141288","1750","3.139188","1808","3.14174","1774","3.1421","1808","3.141696","1807","3.141232","1745","3.141996","1808","3.141836","1746","3.139296","1808","3.139516","1746","3.140692","1719","3.139824","1754","3.142576","1763","3.142088","1769","3.141576","1765","3.14044","1781","3.14182","1807","3.139288","1772","3.145096","1807","3.138956","1748","3.14134","1784","3.139548","1745","3.141968","1808","3.140064","1807","3.140532","1807","3.14182","1749","3.139844","1765","3.143592","1753","3.140352","1807","3.142528","1783","3.141568","1746","3.1421","1789","3.14048","1752","3.141696","1807","3.14372","1745","3.145084","1758","3.145368","1745","3.142584","1786","3.141608","1808","3.140468","1767","3.140848","1745","3.142056","1807","3.141468","1782","3.140844","1747","3.14028","1703","3.142348","1807","3.14034","1807","3.139068","1753","3.143092","1719","3.143192","1707","3.142456","1767","3.139332","1769","3.142148","1772","3.141504","1776","3.143636","1780","3.143188","1807","3.1396","1807","3.141608","1771","3.14346","1807","3.141864","1807","3.143028","1782","3.14062","1753","3.142128","1762","3.140908","1773","3.141908","1807","3.142484","1807","3.139596","1750","3.142064","1745","3.140904","1778","3.141184","1807","3.14206","1745","3.139324","1807","3.143192","1807","3.141448","1776","3.139852","1675","3.141748","1755","3.138792","1807","3.143772","1744","3.141796","1807","3.14088","1792","3.141188","1792","3.143848","1792","3.139756","1766","3.143164","1768","3.143464","1792","3.14218","1792","3.144852","1792","3.141252","1792","3.141808","1792","3.141736","1792","3.14356","1764","3.138452","1792","3.140292","1730","3.138184","1792","3.140932","1792","3.139936","1745","3.14318","1719","3.145616","1682","3.1415830799999993","1760","1809"
"10","3.1403","484","3.141616","1187","3.145888","1187","3.142324","1187","3.141056","1775","3.142076","1783","3.140324","1780","3.144144","1776","3.13794","1776","3.14052","1744","3.142408","1776","3.141044","1731","3.141284","1776","3.1401","1712","3.14102","1775","3.139532","1786","3.142952","1783","3.142248","1776","3.142072","1775","3.141396","1775","3.140436","1783","3.142588","1776","3.140492","1775","3.141508","1776","3.142224","1775","3.142884","1743","3.140716","1775","3.142812","1775","3.142688","1751","3.142592","1776","3.140932","1744","3.144116","1707","3.141164","1775","3.141232","1775","3.143624","1776","3.143864","1778","3.14162","1775","3.144592","1784","3.140944","1742","3.1423","1777","3.13978","1775","3.141228","1749","3.140536","1723","3.140524","1707","3.14052","1750","3.140544","1775","3.142968","1775","3.14258","1775","3.142332","1775","3.142068","1783","3.141496","1775","3.14054","1785","3.140936","1775","3.145156","1651","3.143392","1737","3.144156","1783","3.13988","1775","3.140968","1784","3.137376","1774","3.142768","1785","3.141728","1726","3.139044","1783","3.14098","1775","3.14044","1774","3.142948","1786","3.142748","1746","3.143508","1776","3.14232","1777","3.140328","1775","3.14404","1786","3.142728","1707","3.141728","1751","3.143424","1775","3.141564","1736","3.142228","1741","3.140964","1743","3.142984","1735","3.141348","1740","3.13756","1730","3.14416","1732","3.14656","1735","3.14316","1739","3.140388","1734","3.143628","1727","3.14382","1733","3.142308","1737","3.140508","1726","3.144912","1736","3.140836","1732","3.141348","1722","3.1425","1722","3.143148","1728","3.143216","1728","3.140932","1734","3.141124","1732","3.138908","1722","3.141916","1734","3.1373","1711","3.140432","1713","3.141784","1716","3.1417881999999993","1725","1793"
"11","3.14098","163","3.142068","1701","3.138312","1527","3.143464","1240","3.144632","1525","3.143556","1242","3.140556","1700","3.141216","1239","3.14054","1527","3.142812","1527","3.14082","1699","3.141824","1528","3.141796","1239","3.141228","1549","3.140856","1056","3.143792","1548","3.140212","1526","3.1426","1700","3.139292","1700","3.141192","1700","3.139876","1241","3.139924","1528","3.14064","1548","3.142456","1413","3.142136","1055","3.141504","993","3.137776","1548","3.143092","1527","3.143016","1700","3.141612","1239","3.142916","1548","3.138824","1548","3.14382","1670","3.143836","1666","3.142268","1715","3.141552","1715","3.140924","1715","3.143208","1715","3.142052","1714","3.141304","1716","3.140708","1715","3.141872","1715","3.142284","1715","3.143908","1724","3.1411","1716","3.141344","1714","3.141896","1712","3.139948","1711","3.14132","1717","3.140708","1713","3.141844","1691","3.139812","1716","3.14136","1718","3.142628","1716","3.14254","1713","3.141676","1669","3.142152","1712","3.139456","1683","3.142136","1712","3.141756","1719","3.142228","1720","3.141176","1718","3.14008","1717","3.141108","1715","3.141496","1720","3.140332","1720","3.143324","1691","3.141844","1712","3.140324","1718","3.141604","1717","3.14614","1719","3.140304","1715","3.142688","1716","3.143164","1712","3.14372","1715","3.142132","1711","3.142672","1713","3.142756","1719","3.142864","1719","3.14124","1720","3.142956","1713","3.144972","1716","3.142236","1681","3.142792","1711","3.14054","1712","3.14032","1712","3.142776","1719","3.142268","1720","3.14244","1715","3.142144","1712","3.140984","1711","3.140592","1715","3.140556","1712","3.141472","1718","3.142472","1712","3.141588","1711","3.142388","1711","3.139228","1716","3.141088","1720","3.140456","1717","3.1417039599999996","1619","1761"
"12","3.1421","156","3.142376","1646","3.14204","1610","3.142544","1588","3.141692","1611","3.141348","1577","3.141812","1613","3.140556","1577","3.141732","1610","3.142872","1611","3.139544","1619","3.140108","1617","3.140932","1618","3.142612","1637","3.139044","1636","3.14108","1610","3.140356","1656","3.142272","1610","3.14352","1609","3.14344","1610","3.139384","1610","3.138944","1563","3.140052","1628","3.138548","1628","3.142244","1609","3.140608","1580","3.144512","1612","3.13826","1731","3.138588","1677","3.142336","1620","3.14134","1691","3.1429","1688","3.139416","1722","3.140308","1671","3.139672","1722","3.143652","1728","3.13902","1697","3.13908","1630","3.142908","1656","3.142872","1723","3.143652","1730","3.143272","1691","3.144172","1724","3.139668","1725","3.144284","1724","3.141788","1730","3.141024","1665","3.140804","1697","3.14012","1691","3.142316","1722","3.138772","1726","3.142888","1722","3.142884","1724","3.14236","1729","3.140192","1730","3.143004","1662","3.142488","1730","3.141384","1724","3.141372","1659","3.141752","1726","3.141024","1731","3.14348","1687","3.141128","1701","3.14052","1693","3.141484","1678","3.14114","1695","3.14024","1723","3.14144","1722","3.14362","1728","3.140132","1729","3.140912","1722","3.141744","1692","3.140196","1724","3.142448","1665","3.140024","1722","3.140376","1722","3.13944","1730","3.141096","1655","3.140944","1676","3.141796","1731","3.140632","1655","3.140452","1698","3.142068","1661","3.140828","1701","3.14038","1696","3.140884","1701","3.139732","1696","3.142504","1659","3.143328","1699","3.142236","1698","3.141504","1700","3.140936","1666","3.14256","1626","3.141556","1626","3.141344","1625","3.142116","1625","3.140572","1619","3.141308","1625","3.141856","1623","3.141228","1621","3.1413602799999993","1655","1750"
"13","3.144316","430","3.141044","1779","3.139096","1776","3.140576","1762","3.138528","1778","3.140936","1706","3.142796","1775","3.142032","1722","3.142292","1774","3.143152","1776","3.141796","1774","3.14342","1706","3.141304","1756","3.143752","1775","3.141596","1721","3.143424","1621","3.141432","1722","3.140764","1763","3.140828","1723","3.141816","1774","3.141032","1764","3.144064","1776","3.141112","1756","3.143848","1756","3.144132","1756","3.13896","1777","3.13932","1669","3.142092","1763","3.143524","1774","3.142788","1763","3.141456","1756","3.140496","1706","3.141648","1776","3.143916","1776","3.141732","1774","3.140732","1776","3.140656","1748","3.14124","1735","3.142488","1738","3.141248","1727","3.141008","1753","3.14236","1727","3.1433","1752","3.14256","1742","3.14184","1751","3.142264","1707","3.143352","1737","3.145472","1741","3.141584","1749","3.142888","1754","3.14556","1749","3.137612","1752","3.139508","1662","3.14134","1731","3.14092","1748","3.14358","1745","3.142856","1750","3.141664","1750","3.14286","1734","3.139648","1751","3.144372","1751","3.142912","1751","3.140728","1750","3.141164","1725","3.140276","1741","3.138912","1734","3.139316","1677","3.14274","1719","3.140564","1731","3.140168","1732","3.140056","1733","3.13992","1718","3.140232","1720","3.140068","1729","3.141072","1726","3.142216","1718","3.14084","1721","3.141072","1722","3.14174","1721","3.144312","1707","3.14072","1719","3.141804","1719","3.139664","1692","3.141084","1717","3.143644","1721","3.14148","1707","3.1423","1715","3.139904","1721","3.144652","1718","3.141324","1706","3.140524","1714","3.14176","1716","3.142236","1692","3.140844","1715","3.143272","1695","3.1397","1720","3.140136","1721","3.141492","1714","3.14232","1707","3.145204","1719","3.1417030400000003","1722","1787"
"14","3.141584","90","3.139972","1691","3.14138","1699","3.143584","1751","3.14068","1714","3.1449","1751","3.1414","1724","3.138688","1731","3.141804","1733","3.14244","1696","3.13966","1722","3.141344","1699","3.138236","1690","3.140872","1731","3.139512","1693","3.140372","1733","3.140668","1728","3.141276","1724","3.141292","1732","3.14052","1689","3.139724","1666","3.141936","1731","3.142596","1709","3.141316","1713","3.14372","1751","3.144344","1751","3.141876","1710","3.143492","1621","3.140772","1711","3.141392","1686","3.141688","1711","3.141264","1751","3.140564","1708","3.14294","1742","3.14168","1716","3.138828","1708","3.140484","1742","3.138284","1703","3.14302","1742","3.141552","1741","3.139752","1701","3.143316","1743","3.141656","1706","3.14366","1685","3.14206","1740","3.140504","1709","3.14122","1743","3.139784","1689","3.142304","1716","3.14112","1741","3.145236","1698","3.140916","1721","3.143504","1741","3.139756","1679","3.140156","1740","3.140828","1741","3.140816","1741","3.142476","1702","3.139436","1740","3.139344","1712","3.14108","1740","3.14","1688","3.139272","1740","3.141096","1740","3.14194","1740","3.140344","1721","3.142856","1706","3.14248","1740","3.143792","1740","3.143864","1740","3.139888","1742","3.14346","1721","3.139144","1740","3.141784","1742","3.141832","1740","3.139808","1676","3.139516","1740","3.140968","1740","3.14264","1714","3.142244","1740","3.14116","1740","3.14416","1687","3.14194","1740","3.141392","1740","3.143308","1706","3.142012","1740","3.14108","1717","3.142608","1740","3.140868","1708","3.139","1742","3.139368","1721","3.140644","1743","3.143392","1740","3.140996","1740","3.142228","1740","3.142536","1714","3.141004","1706","3.142284","1689","3.142832","1743","3.141616","1740","3.141419359999999","1705","1755"
"15","3.138388","1425","3.140084","1424","3.144576","1425","3.140352","1425","3.14058","1705","3.141352","1424","3.144676","1425","3.142728","1698","3.139144","1549","3.139472","1698","3.140684","1364","3.138768","1698","3.14306","1424","3.142224","1697","3.141308","1424","3.138252","1697","3.140368","1704","3.14188","1549","3.141844","1549","3.142176","1424","3.143576","1425","3.142688","1424","3.141312","1549","3.142592","1424","3.141268","1663","3.139388","1669","3.143312","1665","3.142092","1669","3.14094","1665","3.140132","1669","3.140504","1652","3.141388","1586","3.141848","1669","3.14188","1664","3.143432","1669","3.14192","1652","3.144288","1669","3.139884","1672","3.14244","1672","3.140272","1669","3.1443","1652","3.143064","1658","3.141368","1659","3.144076","1671","3.141564","1636","3.142552","1636","3.142044","1667","3.142448","1647","3.140088","1659","3.144172","1667","3.141312","1668","3.145596","1668","3.13894","1667","3.142648","1669","3.139664","1668","3.142288","1659","3.143108","1649","3.140824","1666","3.138896","1667","3.138552","1668","3.142272","1658","3.141412","1658","3.14378","1630","3.139188","1658","3.139572","1657","3.143308","1662","3.140224","1655","3.143008","1629","3.144328","1654","3.142332","1656","3.142524","1655","3.141428","1654","3.14068","1654","3.1403","1654","3.140488","1657","3.1401","1658","3.140788","1654","3.1415","1654","3.142356","1654","3.139972","1657","3.139424","1652","3.139524","1628","3.141916","1652","3.140632","1657","3.141924","1652","3.143232","1650","3.141184","1650","3.142904","1647","3.138932","1649","3.142044","1646","3.143616","1649","3.142152","1650","3.142256","1646","3.143536","1649","3.1442","1650","3.139772","1649","3.139236","1645","3.140612","1649","3.141532","1640","3.14322","1633","3.141559839999999","1623","1760"
"16","3.141968","337","3.140952","358","3.141372","336","3.144164","358","3.141352","358","3.14046","347","3.141184","1635","3.143796","1728","3.139516","1705","3.140848","1729","3.14218","1732","3.139976","1731","3.138492","1731","3.143584","1731","3.142276","1643","3.141268","1727","3.140068","1654","3.139988","1710","3.140712","1722","3.140912","1704","3.141808","1730","3.140896","1730","3.138384","1644","3.140904","1715","3.14164","1727","3.141388","1713","3.140244","1732","3.140472","1729","3.1403","1716","3.142064","1681","3.141992","1728","3.143484","1719","3.14188","1704","3.14288","1717","3.140132","1731","3.142292","1707","3.140848","1714","3.138504","1730","3.14002","1715","3.138524","1730","3.142932","1726","3.139892","1717","3.14064","1711","3.142412","1682","3.14024","1680","3.145408","1721","3.13982","1719","3.143716","1721","3.140764","1721","3.140484","1732","3.140016","1716","3.143484","1669","3.14124","1721","3.140588","1717","3.142236","1718","3.142684","1732","3.14398","1721","3.139432","1732","3.143596","1713","3.141448","1714","3.139976","1727","3.138956","1726","3.142096","1721","3.142036","1725","3.140652","1673","3.141304","1728","3.139716","1708","3.137372","1734","3.142012","1721","3.139428","1729","3.14092","1725","3.141564","1730","3.140472","1716","3.14174","1727","3.141432","1727","3.138732","1713","3.140084","1701","3.140988","1671","3.138656","1728","3.141212","1726","3.144768","1613","3.140964","1616","3.1398","1602","3.140744","1604","3.140136","1603","3.143012","1598","3.139772","1608","3.139652","1607","3.142128","1596","3.142468","1608","3.144076","1605","3.140848","1607","3.14452","1584","3.140692","1605","3.142932","1604","3.142324","1593","3.143832","1593","3.142036","1593","3.141664","1591","3.142076","1591","3.1412652799999985","1609","1749"
"17","3.141148","609","3.142264","1364","3.142112","1469","3.14226","1436","3.141312","1436","3.138996","1437","3.142156","1468","3.138132","1347","3.142392","1468","3.144808","1436","3.141904","1468","3.138544","1474","3.140652","1437","3.14014","1468","3.138444","1580","3.141784","1553","3.14228","1582","3.14176","1577","3.144472","1513","3.14214","1577","3.141608","1533","3.142892","1551","3.141636","1491","3.143384","1543","3.139028","1668","3.143212","1591","3.142976","1580","3.139788","1583","3.143588","1576","3.138036","1587","3.146116","1583","3.139576","1744","3.139104","1743","3.144596","1512","3.138716","1610","3.141268","1745","3.140888","1576","3.139996","1582","3.141316","1663","3.141548","1576","3.143572","1604","3.140956","1667","3.143276","1578","3.141996","1668","3.144112","1668","3.139432","1610","3.143536","1644","3.140844","1663","3.14174","1629","3.1416","1668","3.142504","1663","3.14032","1667","3.142456","1654","3.14164","1655","3.14474","1723","3.142116","1646","3.139912","1624","3.138672","1724","3.143136","1651","3.142116","1629","3.142376","1724","3.13986","1724","3.1406","1725","3.141736","1629","3.140704","1725","3.140164","1647","3.142148","1679","3.141476","1665","3.142564","1665","3.141656","1645","3.14254","1700","3.140772","1665","3.140812","1665","3.141708","1687","3.142856","1685","3.142888","1639","3.140792","1665","3.142248","1665","3.143608","1701","3.141772","1682","3.144604","1678","3.142376","1639","3.144268","1701","3.1454","1701","3.144456","1623","3.141576","1608","3.141812","1621","3.144564","1606","3.141932","1600","3.142608","1606","3.141916","1618","3.141532","1618","3.14194","1618","3.1455","1588","3.142428","1603","3.143628","1606","3.14256","1606","3.143048","1617","3.13978","1612","3.143112","1612","3.1418796799999997","1598","1772"
"18","3.143364","1748","3.141528","1748","3.142416","1748","3.141208","1748","3.141328","1715","3.140984","1717","3.141304","1748","3.144704","1748","3.140116","1715","3.141096","1747","3.141592","1748","3.143852","1748","3.139424","1748","3.14342","1748","3.141316","1748","3.141276","1748","3.141448","1748","3.140456","1710","3.141568","1748","3.140908","1748","3.142708","1748","3.140416","1748","3.141968","1748","3.139044","1747","3.143364","1715","3.141016","1748","3.142104","1748","3.141388","1748","3.140092","1748","3.139448","1748","3.14212","1748","3.13984","1714","3.138124","1680","3.144732","1747","3.142724","1709","3.1432","1704","3.142972","1748","3.139632","1704","3.141044","1747","3.14306","1748","3.141992","1748","3.141124","1747","3.1393","1748","3.140908","1747","3.140748","1748","3.140772","1722","3.141956","1686","3.140764","1719","3.136084","1748","3.140892","1748","3.14002","1747","3.143996","1748","3.14368","1747","3.140192","1748","3.142572","1748","3.14154","1676","3.141396","1748","3.143768","1747","3.141028","1747","3.140404","1747","3.142696","1720","3.140996","1721","3.14178","1747","3.140324","1747","3.142464","1747","3.139752","1748","3.141308","1727","3.141568","1747","3.140256","1747","3.140672","1747","3.1418","1747","3.141144","1747","3.142688","1747","3.142192","1698","3.141552","1747","3.139164","1719","3.143828","1747","3.138816","1720","3.137788","1747","3.143256","1747","3.141136","1747","3.140852","1747","3.141944","1748","3.141376","1747","3.14074","1712","3.142404","1711","3.143256","1747","3.13938","1726","3.140164","1747","3.141408","1747","3.140316","1747","3.142952","1748","3.135732","1726","3.140768","1747","3.14044","1747","3.14226","1726","3.140472","1747","3.143684","1748","3.139828","1747","3.141208","1726","3.1412980399999997","1738","1749"
"19","3.141376","1757","3.139912","1781","3.14148","1779","3.140436","1779","3.141668","1778","3.141688","1779","3.143416","1778","3.142704","1778","3.141292","1778","3.142952","1779","3.143144","1779","3.1423","1779","3.14078","1748","3.139536","1778","3.140936","1779","3.138296","1778","3.140424","1778","3.141612","1778","3.142724","1756","3.14416","1748","3.13984","1778","3.139872","1778","3.141592","1779","3.13794","1778","3.140416","1778","3.140024","1721","3.14462","1779","3.142072","1779","3.14036","1779","3.140636","1778","3.141196","1779","3.142164","1757","3.143052","1779","3.141072","1778","3.140656","1778","3.141528","1756","3.141628","1757","3.141352","1748","3.138844","1780","3.141712","1778","3.142204","1779","3.140548","1778","3.139312","1779","3.143892","1759","3.14072","1780","3.14502","1742","3.142268","1778","3.13974","1779","3.140016","1778","3.145572","1778","3.142884","1778","3.141504","1778","3.1411","1737","3.141364","1778","3.141492","1758","3.141084","1756","3.138444","1778","3.141192","1778","3.144152","1778","3.142292","1778","3.142932","1756","3.139732","1779","3.144856","1729","3.141248","1778","3.14118","1780","3.139596","1778","3.141112","1778","3.139904","1757","3.142384","1714","3.140488","1778","3.140944","1778","3.144304","1778","3.141212","1778","3.14372","1778","3.14222","1778","3.141116","1778","3.141712","1778","3.139584","1778","3.1398","1778","3.141956","1778","3.140024","1780","3.14144","1778","3.142124","1778","3.139456","1778","3.140016","1778","3.141464","1757","3.142564","1778","3.141424","1778","3.142336","1741","3.141448","1778","3.142348","1778","3.142632","1778","3.142908","1756","3.14158","1756","3.139072","1777","3.139832","1778","3.143068","1778","3.142644","1779","3.141084","1777","3.139928","1756","3.14143604","1771","1781"
"20","3.138968","228","3.142504","1684","3.140996","1711","3.1396","1711","3.142668","1685","3.142588","1726","3.143228","1716","3.13962","1718","3.138408","1730","3.143336","1717","3.143708","1711","3.14286","1710","3.14","1710","3.142116","1713","3.143136","1686","3.14184","1677","3.141656","1691","3.142624","1713","3.143352","1687","3.141816","1710","3.141712","1710","3.140896","1710","3.13982","1713","3.143572","1711","3.141864","1710","3.140996","1713","3.141436","1684","3.141812","1684","3.139764","1723","3.145404","1713","3.1378","1710","3.142688","1710","3.141876","1711","3.140312","1683","3.141796","1655","3.144468","1691","3.139548","1729","3.144036","1640","3.142244","1710","3.141028","1724","3.14058","1719","3.14106","1656","3.142188","1710","3.141924","1702","3.140508","1685","3.13996","1716","3.142724","1720","3.142032","1720","3.142304","1722","3.142132","1720","3.13942","1723","3.141292","1695","3.141916","1714","3.14146","1706","3.139628","1709","3.144076","1723","3.140216","1723","3.14244","1714","3.141128","1723","3.139924","1718","3.140252","1716","3.139052","1716","3.139792","1719","3.139608","1718","3.14146","1707","3.141308","1707","3.142724","1720","3.143628","1716","3.142236","1717","3.141308","1723","3.138312","1703","3.140896","1722","3.142592","1721","3.137776","1715","3.13932","1705","3.14152","1719","3.140528","1723","3.141128","1685","3.142084","1715","3.142732","1709","3.142348","1721","3.141864","1720","3.143136","1689","3.1392","1706","3.144424","1717","3.139912","1717","3.142884","1720","3.140556","1723","3.14268","1685","3.142856","1688","3.142984","1688","3.139208","1723","3.143532","1723","3.141444","1715","3.144312","1700","3.140516","1704","3.14426","1722","3.141632","1721","3.140968","1712","3.13928","1717","3.1415126000000004","1693","1752"
"21","3.141548","538","3.143636","1752","3.139872","1754","3.142076","1756","3.14634","1758","3.141308","1767","3.143636","1771","3.14404","1720","3.141708","1767","3.142736","1752","3.141424","1765","3.14168","1754","3.142804","1751","3.143932","1723","3.140844","1769","3.1438","1686","3.13956","1769","3.142048","1761","3.14204","1729","3.143336","1759","3.140912","1765","3.142336","1759","3.139744","1768","3.141888","1727","3.14048","1751","3.140596","1768","3.142524","1752","3.141284","1751","3.138828","1760","3.139892","1751","3.140704","1766","3.141816","1728","3.140884","1751","3.138","1731","3.142552","1756","3.142224","1765","3.1419","1767","3.139248","1769","3.142","1749","3.143888","1756","3.142672","1714","3.141944","1759","3.14388","1769","3.145776","1767","3.141044","1768","3.140776","1748","3.143676","1756","3.13926","1748","3.14292","1749","3.143384","1768","3.141452","1750","3.140408","1766","3.142428","1756","3.14016","1748","3.143336","1768","3.141808","1750","3.140976","1749","3.141428","1767","3.142472","1749","3.142028","1752","3.145532","1767","3.144096","1769","3.142212","1751","3.14094","1757","3.139524","1768","3.140652","1749","3.140312","1749","3.138908","1762","3.14016","1766","3.142948","1756","3.139452","1752","3.141536","1757","3.142024","1754","3.138948","1713","3.141616","1769","3.139488","1749","3.14266","1768","3.143336","1762","3.13998","1763","3.140096","1754","3.140724","1758","3.141284","1748","3.14384","1763","3.139644","1766","3.14188","1749","3.140128","1765","3.143976","1766","3.140312","1753","3.141108","1763","3.140544","1749","3.14336","1748","3.142164","1768","3.141808","1769","3.140864","1728","3.142096","1765","3.143304","1752","3.142628","1754","3.141776","1727","3.143552","1764","3.142584","1765","3.141738919999999","1742","1773"
"22","3.14016","453","3.143736","1750","3.141508","1647","3.14108","1750","3.14202","1751","3.13858","1699","3.140872","1761","3.142","1703","3.14188","1763","3.13992","1712","3.140556","1764","3.141952","1713","3.1439","1757","3.139628","1707","3.142636","1726","3.141144","1750","3.142156","1750","3.143776","1706","3.140424","1711","3.143344","1749","3.14318","1751","3.137752","1749","3.140648","1764","3.139404","1765","3.141772","1749","3.141016","1685","3.14024","1724","3.142864","1724","3.140512","1765","3.140884","1750","3.142068","1647","3.1435","1636","3.141436","1711","3.141112","1749","3.143636","1749","3.14238","1749","3.142172","1718","3.141124","1721","3.140232","1708","3.141796","1701","3.14212","1720","3.144964","1749","3.139516","1710","3.141256","1749","3.142224","1755","3.14142","1711","3.142484","1760","3.144376","1754","3.140312","1718","3.1391","1749","3.139324","1686","3.14328","1761","3.143748","1749","3.140684","1707","3.139616","1749","3.144516","1749","3.143688","1685","3.14282","1749","3.14334","1750","3.140744","1749","3.139564","1759","3.142888","1705","3.139856","1759","3.144564","1722","3.137176","1752","3.141476","1749","3.140776","1765","3.141564","1761","3.142384","1696","3.141248","1692","3.143332","1749","3.139244","1690","3.141168","1701","3.14032","1719","3.141912","1723","3.138724","1756","3.140696","1694","3.140704","1759","3.141844","1705","3.1422","1725","3.140676","1684","3.143096","1706","3.142172","1690","3.141068","1718","3.143428","1707","3.142268","1759","3.140356","1759","3.141736","1708","3.140292","1749","3.141136","1762","3.143964","1764","3.14236","1710","3.139552","1684","3.139948","1718","3.144804","1750","3.142428","1759","3.139856","1761","3.137376","1765","3.137928","1656","3.140296","1749","3.14144912","1716","1767"
"23","3.141332","526","3.143236","1548","3.142324","1506","3.140124","1548","3.138872","1548","3.142344","1520","3.141836","1505","3.141136","1520","3.141588","1519","3.142924","1548","3.143072","1505","3.13872","1506","3.142036","1737","3.142596","1746","3.140208","1703","3.143324","1715","3.141192","1717","3.138888","1737","3.14276","1665","3.144","1739","3.143716","1738","3.13948","1738","3.140224","1738","3.140516","1737","3.141564","1738","3.141144","1738","3.142292","1739","3.14216","1738","3.14176","1739","3.14272","1745","3.141552","1715","3.140824","1737","3.140196","1738","3.141004","1738","3.140712","1739","3.1432","1743","3.140212","1737","3.142016","1738","3.14048","1738","3.142936","1739","3.140512","1738","3.14332","1737","3.141636","1737","3.140588","1737","3.143888","1737","3.138632","1737","3.141108","1738","3.142652","1695","3.138496","1717","3.141012","1737","3.14096","1704","3.141816","1737","3.1436","1562","3.141548","1682","3.142036","1737","3.14326","1737","3.14206","1737","3.140496","1737","3.14378","1737","3.139284","1737","3.140816","1727","3.14136","1727","3.141628","1696","3.141148","1727","3.141112","1727","3.14266","1735","3.142388","1726","3.140408","1727","3.140348","1698","3.138704","1703","3.139716","1705","3.140792","1711","3.142532","1709","3.14452","1703","3.143696","1704","3.141216","1712","3.143436","1711","3.139456","1709","3.143576","1708","3.142208","1703","3.140584","1705","3.143696","1698","3.13866","1703","3.145456","1705","3.14174","1698","3.141708","1676","3.143816","1698","3.140756","1662","3.141356","1661","3.141352","1661","3.142288","1659","3.14262","1656","3.140332","1656","3.143108","1661","3.142884","1658","3.140796","1654","3.139536","1661","3.139624","1659","3.143392","1653","3.142876","1651","3.141602040000001","1679","1761"
"24","3.13958","186","3.143836","651","3.13962","651","3.140132","651","3.139396","1643","3.142324","1669","3.141232","1621","3.142104","1600","3.140696","1606","3.141128","1640","3.142452","1668","3.137796","1626","3.141164","1618","3.142784","1632","3.142248","1616","3.142764","1607","3.144004","1623","3.140912","1644","3.141492","1623","3.141708","1605","3.143304","1635","3.140312","1598","3.145276","1632","3.142032","1632","3.141768","1625","3.141272","1619","3.141488","1636","3.140352","1632","3.142792","1615","3.143232","1627","3.144872","1626","3.144052","1634","3.139072","1619","3.144284","1668","3.138836","1617","3.14182","1640","3.144032","1640","3.142412","1749","3.142824","1625","3.14074","1601","3.139088","1623","3.137848","1616","3.141008","1633","3.13956","1748","3.144416","1618","3.141888","1598","3.142872","1632","3.142264","1748","3.1424","1637","3.142076","1646","3.142824","1598","3.140712","1598","3.141244","1749","3.1412","1617","3.141304","1748","3.140196","1640","3.138996","1646","3.139952","1639","3.139072","1621","3.139908","1643","3.142528","1632","3.14368","1632","3.140628","1616","3.143464","1668","3.144216","1632","3.138664","1668","3.144612","1643","3.141336","1605","3.144624","1700","3.142688","1659","3.14148","1659","3.142048","1636","3.142212","1631","3.139732","1667","3.139028","1636","3.142536","1670","3.14174","1662","3.140592","1657","3.140336","1658","3.139572","1660","3.143684","1658","3.139132","1656","3.142292","1659","3.142812","1654","3.141736","1644","3.142668","1635","3.141156","1645","3.139604","1656","3.139976","1649","3.142196","1655","3.141004","1653","3.142048","1655","3.143264","1655","3.14102","1646","3.143556","1653","3.141092","1655","3.13976","1636","3.141276","1654","3.141948","1648","3.142092","1656","3.1415900399999996","1598","1759"
"25","3.14358","407","3.142348","1734","3.139424","1748","3.141776","1708","3.142884","1751","3.145364","1734","3.13916","1750","3.141928","1755","3.143212","1733","3.14096","1734","3.141216","1742","3.142092","1750","3.140508","1734","3.139964","1741","3.140616","1748","3.1398","1733","3.14094","1744","3.1409","1746","3.142012","1745","3.14114","1704","3.144504","1749","3.141","1733","3.141412","1754","3.141776","1749","3.143112","1743","3.1417","1733","3.14136","1733","3.143572","1746","3.14354","1741","3.143104","1743","3.143008","1749","3.14182","1752","3.140904","1742","3.141284","1691","3.140724","1733","3.144676","1746","3.142216","1733","3.139396","1744","3.14296","1733","3.140048","1749","3.140216","1733","3.144208","1733","3.141128","1665","3.141436","1733","3.145508","1733","3.141348","1744","3.141792","1749","3.142056","1742","3.141196","1750","3.139988","1744","3.139764","1692","3.143976","1742","3.141536","1744","3.143248","1745","3.139768","1744","3.142132","1743","3.141808","1702","3.14206","1750","3.142672","1745","3.140216","1684","3.14076","1701","3.142072","1705","3.140504","1705","3.138884","1701","3.141856","1701","3.142596","1686","3.141028","1668","3.139564","1685","3.140744","1685","3.138992","1673","3.140776","1676","3.139332","1676","3.14178","1674","3.141268","1675","3.14178","1674","3.144136","1654","3.140772","1678","3.1401","1672","3.140748","1671","3.140232","1672","3.139772","1667","3.142604","1670","3.143148","1674","3.1413","1664","3.138716","1664","3.143672","1659","3.142812","1664","3.143256","1666","3.139484","1666","3.143888","1667","3.139104","1667","3.141836","1657","3.139808","1663","3.143996","1657","3.142136","1662","3.13974","1665","3.142752","1661","3.141344","1664","3.139888","1668","3.141412","1666","3.14156588","1697","1769"
"26","3.142484","338","3.143588","1419","3.14008","1128","3.142692","1419","3.14114","1421","3.140432","1413","3.143204","1413","3.14704","1743","3.141148","1744","3.141836","1744","3.141272","1534","3.144524","1744","3.13984","1694","3.142048","1745","3.13986","1744","3.14228","1694","3.140448","1743","3.14042","1742","3.14206","1510","3.141076","1694","3.138572","1729","3.1424","1744","3.1417","1729","3.139432","1742","3.138764","1742","3.138928","1744","3.13782","1738","3.14246","1726","3.142288","1743","3.139392","1742","3.142836","1716","3.143324","1728","3.142252","1742","3.140008","1741","3.142996","1725","3.1417","1742","3.140864","1743","3.139468","1727","3.14166","1728","3.142144","1725","3.141548","1742","3.137844","1727","3.139856","1742","3.141632","1738","3.14682","1743","3.142236","1744","3.141796","1718","3.141012","1742","3.139064","1742","3.142804","1716","3.140624","1742","3.142348","1717","3.142508","1742","3.142996","1742","3.143304","1742","3.142384","1737","3.140584","1717","3.1427","1742","3.1399","1688","3.140452","1718","3.14118","1742","3.140552","1742","3.139276","1722","3.144264","1742","3.141208","1725","3.143052","1742","3.143876","1716","3.14114","1742","3.14144","1722","3.141168","1743","3.140276","1717","3.141084","1717","3.140048","1745","3.141396","1742","3.140468","1744","3.141676","1743","3.140144","1725","3.142112","1696","3.14348","1696","3.139388","1697","3.142376","1697","3.140228","1678","3.142956","1679","3.14242","1679","3.141824","1679","3.142664","1692","3.141116","1691","3.141432","1691","3.139812","1678","3.141532","1666","3.1387","1686","3.144252","1687","3.143392","1686","3.139116","1687","3.140276","1686","3.140628","1687","3.142936","1687","3.141568","1687","3.142892","1674","3.140088","1672","3.1414632800000004","1681","1763"
"27","3.14122","86","3.1402","1261","3.14224","1391","3.140856","793","3.14456","1419","3.143332","953","3.141132","1347","3.142352","1374","3.142184","1400","3.142208","1357","3.140652","1399","3.143208","1399","3.140492","1399","3.142516","1371","3.139916","1399","3.140268","1399","3.142404","1399","3.141324","1399","3.140628","1399","3.141416","1281","3.139804","1371","3.141388","1399","3.13884","1399","3.141304","1399","3.14118","1399","3.14118","1399","3.139472","1370","3.140956","1399","3.142692","1371","3.14264","1399","3.143568","1369","3.139948","1676","3.14126","1369","3.143324","1640","3.140764","1641","3.14112","1663","3.143084","1641","3.14088","1667","3.143216","1668","3.140636","1635","3.140796","1650","3.14032","1643","3.141292","1696","3.143444","1683","3.143584","1638","3.138748","1618","3.142136","1681","3.141464","1690","3.14254","1678","3.144916","1677","3.140756","1609","3.14582","1674","3.140768","1688","3.142296","1638","3.144404","1656","3.14186","1675","3.138192","1629","3.140004","1684","3.14382","1694","3.14332","1634","3.14282","1682","3.141356","1675","3.14106","1686","3.143692","1683","3.138572","1673","3.143004","1680","3.140988","1685","3.141192","1657","3.142296","1680","3.1454","1681","3.144196","1687","3.141396","1656","3.14174","1657","3.142548","1656","3.141356","1669","3.143804","1656","3.14092","1656","3.141716","1664","3.1405","1676","3.140036","1683","3.142176","1668","3.143096","1656","3.14096","1656","3.141216","1687","3.143696","1612","3.139976","1604","3.138512","1665","3.143052","1666","3.140524","1664","3.141052","1610","3.14338","1687","3.141632","1633","3.142884","1681","3.142008","1656","3.14152","1675","3.140072","1656","3.13768","1686","3.138736","1688","3.140296","1690","3.143076","1694","3.141649799999999","1550","1789"
"28","3.14168","1728","3.141424","1750","3.141448","1744","3.143508","1758","3.14356","1726","3.142608","1727","3.143552","1761","3.14022","1748","3.141196","1739","3.140504","1725","3.141028","1741","3.1413","1730","3.139756","1757","3.139692","1754","3.1397","1672","3.141452","1761","3.1408","1743","3.140112","1753","3.141436","1761","3.142348","1733","3.13778","1760","3.140076","1725","3.1392","1752","3.141916","1745","3.13868","1737","3.143528","1733","3.1422","1760","3.140696","1731","3.141704","1748","3.144344","1741","3.140908","1756","3.140376","1725","3.143396","1757","3.140224","1755","3.142288","1758","3.139984","1754","3.143324","1760","3.143508","1755","3.143016","1751","3.141516","1743","3.14236","1758","3.142068","1758","3.142568","1757","3.141328","1760","3.141864","1749","3.142752","1748","3.140976","1753","3.140952","1724","3.14322","1756","3.140672","1760","3.141964","1725","3.141036","1736","3.139372","1760","3.140924","1734","3.141984","1757","3.140116","1727","3.1376","1752","3.143468","1751","3.143536","1696","3.138924","1758","3.14342","1750","3.142964","1752","3.141084","1751","3.141212","1748","3.144076","1754","3.143796","1755","3.142688","1745","3.14352","1733","3.142728","1724","3.142452","1744","3.144076","1756","3.140656","1757","3.140892","1724","3.142296","1757","3.143484","1724","3.141696","1754","3.139944","1741","3.14084","1724","3.138728","1758","3.143092","1747","3.138124","1725","3.138832","1724","3.140708","1742","3.139404","1749","3.142852","1695","3.14316","1758","3.143008","1749","3.143404","1733","3.138752","1726","3.143308","1724","3.141692","1739","3.141024","1752","3.142808","1664","3.144932","1747","3.140656","1758","3.142208","1723","3.142408","1736","3.146376","1754","3.142124","1759","3.139648","1735","3.141627440000001","1742","1762"
"29","3.14226","119","3.1432","1471","3.143424","1609","3.14084","1543","3.141164","1580","3.143568","1609","3.142148","1544","3.14312","1703","3.139144","1643","3.140856","1574","3.141592","1697","3.142176","1544","3.14574","1710","3.140984","1643","3.140316","1690","3.140752","1678","3.14372","1698","3.142156","1579","3.140156","1609","3.141344","1657","3.141876","1609","3.141372","1577","3.142484","1548","3.14426","1703","3.14062","1697","3.143056","1642","3.14216","1588","3.139216","1574","3.141732","1688","3.142352","1694","3.14156","1639","3.141508","1652","3.140796","1636","3.14594","1639","3.140652","1686","3.142444","1700","3.141604","1639","3.141984","1639","3.142652","1575","3.143248","1619","3.138628","1672","3.13902","1680","3.141272","1650","3.141408","1661","3.13964","1689","3.139744","1650","3.143732","1677","3.145532","1662","3.13994","1655","3.141312","1671","3.141664","1629","3.145076","1679","3.142908","1692","3.140832","1717","3.14218","1677","3.140116","1675","3.142964","1673","3.14322","1675","3.143","1662","3.142208","1705","3.14206","1693","3.143396","1655","3.141648","1651","3.142772","1671","3.143888","1671","3.141936","1694","3.141016","1667","3.143944","1671","3.144036","1659","3.144744","1670","3.143116","1666","3.138932","1673","3.137264","1672","3.143268","1671","3.140256","1672","3.139464","1670","3.14036","1671","3.139584","1673","3.140728","1670","3.141372","1672","3.14408","1658","3.140932","1665","3.14094","1670","3.140756","1660","3.137416","1672","3.141848","1670","3.143256","1668","3.142404","1658","3.142752","1664","3.145004","1658","3.13958","1667","3.142504","1658","3.142184","1663","3.13866","1640","3.141084","1661","3.1398","1669","3.141892","1670","3.137692","1665","3.142732","1654","3.141124","1633","3.1417499599999985","1637","1761"
"30","3.141436","762","3.138584","728","3.140696","728","3.142472","728","3.143156","581","3.143644","727","3.141204","727","3.1378","727","3.138924","677","3.142016","728","3.141124","691","3.140512","697","3.14492","1706","3.140716","1706","3.141476","1706","3.140384","1706","3.141776","1706","3.14262","1706","3.142556","1706","3.139312","1705","3.140388","1706","3.141348","1706","3.143272","1706","3.143576","1706","3.14294","1706","3.140952","1706","3.141568","1643","3.139996","1671","3.141912","1705","3.141148","1705","3.13912","1706","3.1418","1706","3.142388","1685","3.142968","1673","3.141432","1706","3.143392","1673","3.142408","1664","3.14354","1706","3.141836","1706","3.145676","1705","3.14186","1706","3.14036","1643","3.139616","1706","3.143072","1705","3.140764","1706","3.1428","1685","3.141492","1706","3.138984","1705","3.143876","1705","3.142348","1705","3.144524","1706","3.138864","1705","3.14152","1705","3.140896","1705","3.141524","1705","3.14092","1705","3.140776","1678","3.139776","1705","3.138428","1705","3.138972","1706","3.14262","1705","3.141584","1705","3.142192","1706","3.14508","1705","3.140808","1705","3.1402","1673","3.143508","1671","3.142456","1706","3.143308","1682","3.13676","1705","3.138392","1705","3.139092","1683","3.142152","1705","3.141444","1706","3.142748","1655","3.141192","1680","3.142704","1706","3.141596","1705","3.142784","1706","3.141864","1705","3.141556","1686","3.140696","1705","3.1424","1705","3.143712","1679","3.142452","1675","3.142732","1705","3.140652","1675","3.142132","1705","3.140348","1705","3.140124","1706","3.139136","1705","3.1392","1705","3.141244","1705","3.142908","1705","3.141492","1660","3.13966","1706","3.143196","1706","3.141388","1705","3.14564","1705","3.142104","1705","3.1415361600000007","1579","1740"
"31","3.141348","537","3.143448","1685","3.14158","1732","3.142256","1720","3.140912","1751","3.139384","1711","3.141588","1683","3.144808","1751","3.138612","1698","3.141704","1732","3.142248","1765","3.141948","1732","3.144552","1730","3.140248","1755","3.144032","1687","3.141012","1676","3.143624","1751","3.141204","1686","3.140656","1717","3.143696","1717","3.13918","1725","3.143028","1720","3.142644","1751","3.139428","1686","3.141016","1720","3.140872","1730","3.14002","1766","3.139812","1722","3.143432","1718","3.139816","1718","3.14284","1718","3.143184","1725","3.139788","1715","3.140328","1726","3.143636","1706","3.14136","1721","3.144164","1729","3.140612","1677","3.140328","1676","3.14528","1689","3.140636","1750","3.143624","1751","3.141748","1751","3.139268","1714","3.140264","1750","3.14046","1725","3.138684","1750","3.143204","1751","3.142132","1738","3.140168","1717","3.1421","1740","3.142928","1684","3.141952","1742","3.137712","1740","3.143192","1723","3.143748","1740","3.140848","1716","3.140636","1716","3.143988","1731","3.14096","1696","3.143112","1715","3.142208","1716","3.13878","1737","3.143104","1716","3.14264","1738","3.141732","1727","3.1403","1742","3.141512","1723","3.140224","1737","3.14098","1729","3.142412","1721","3.14682","1726","3.142544","1696","3.14228","1731","3.140304","1719","3.142764","1715","3.135688","1723","3.140204","1730","3.1399","1729","3.142024","1734","3.138276","1730","3.14464","1740","3.138528","1738","3.142556","1733","3.140812","1717","3.142176","1739","3.143508","1716","3.142104","1682","3.14128","1731","3.141192","1723","3.141668","1693","3.137244","1741","3.142468","1735","3.141536","1715","3.141364","1721","3.14018","1730","3.141328","1742","3.143528","1733","3.14312","1726","3.142504","1723","3.141574239999999","1711","1778"
"32","3.13872","137","3.140656","1746","3.142704","1749","3.1429","1733","3.141972","1748","3.142764","1708","3.140008","1733","3.1389","1739","3.141828","1748","3.138656","1733","3.143492","1746","3.142096","1741","3.143912","1740","3.1411","1739","3.144288","1699","3.140892","1733","3.142444","1733","3.141104","1701","3.141788","1697","3.144648","1712","3.141856","1751","3.142344","1746","3.142216","1734","3.140468","1706","3.144272","1732","3.141704","1743","3.146876","1749","3.14446","1748","3.143724","1751","3.141364","1713","3.143296","1733","3.144452","1750","3.143952","1736","3.138744","1709","3.143612","1747","3.139824","1733","3.142512","1709","3.14072","1747","3.139448","1743","3.14148","1742","3.14348","1744","3.140304","1749","3.138132","1748","3.141396","1743","3.140296","1747","3.143412","1745","3.140544","1744","3.14198","1728","3.142656","1731","3.140736","1728","3.143328","1740","3.143844","1691","3.141424","1734","3.139524","1735","3.139644","1728","3.14132","1745","3.141024","1737","3.137156","1728","3.142976","1728","3.141616","1702","3.14132","1732","3.144112","1746","3.14098","1694","3.143816","1743","3.140876","1742","3.143032","1742","3.143924","1728","3.140312","1746","3.141968","1729","3.142336","1741","3.144924","1733","3.142124","1746","3.14386","1737","3.13974","1728","3.14128","1728","3.141724","1728","3.142152","1728","3.142268","1732","3.142164","1738","3.140688","1730","3.141148","1728","3.141624","1732","3.14008","1738","3.14132","1742","3.140972","1745","3.13974","1728","3.142152","1741","3.138772","1733","3.14132","1738","3.141384","1745","3.14068","1743","3.138404","1680","3.143232","1744","3.14242","1744","3.141112","1728","3.141916","1740","3.141228","1746","3.144248","1747","3.140888","1706","3.141412","1743","3.141746400000001","1717","1752"
"33","3.14356","647","3.140576","646","3.141356","1615","3.143076","1584","3.140944","1610","3.142636","1599","3.144876","1610","3.140092","1611","3.143532","1611","3.141448","1597","3.143124","1611","3.142688","1612","3.141916","1611","3.140248","1584","3.140612","1584","3.14102","1611","3.14062","1598","3.140448","1579","3.141156","1591","3.142324","1590","3.139796","1590","3.141968","1580","3.140528","1580","3.141524","1590","3.139112","1590","3.14158","1591","3.142916","1590","3.1407","1591","3.143544","1591","3.142116","1591","3.14358","1589","3.14294","1589","3.140028","1579","3.14308","1579","3.143644","1578","3.140876","1591","3.141496","1577","3.141392","1578","3.141448","1577","3.141892","1540","3.142656","1562","3.139464","1555","3.142048","1555","3.141676","1555","3.141952","1516","3.143356","1543","3.1429","1530","3.142916","1542","3.140764","1516","3.138364","1542","3.141108","1664","3.139724","1662","3.14132","1663","3.141928","1663","3.13886","1667","3.141384","1663","3.13876","1671","3.140112","1661","3.140172","1663","3.140268","1688","3.144072","1664","3.141644","1671","3.13966","1667","3.14354","1678","3.141448","1673","3.13954","1685","3.142808","1670","3.140588","1662","3.141092","1642","3.143064","1686","3.141568","1674","3.142276","1679","3.141444","1670","3.143304","1683","3.141824","1672","3.140828","1683","3.141456","1642","3.14096","1644","3.1423","1644","3.139016","1644","3.13978","1640","3.141792","1640","3.145192","1640","3.14466","1640","3.142452","1616","3.138864","1640","3.141316","1640","3.144472","1639","3.139724","1633","3.140348","1629","3.139152","1605","3.145004","1605","3.144148","1627","3.14332","1626","3.145044","1626","3.1427","1624","3.139912","1624","3.141808","1624","3.143828","1624","3.14038","1620","3.14166472","1597","1794"
"34","3.141772","1084","3.143564","1729","3.14404","1729","3.143916","1702","3.143848","1729","3.14408","1732","3.142124","1706","3.14168","1730","3.1416","1736","3.139936","1729","3.139484","1733","3.143236","1729","3.143348","1706","3.142928","1736","3.140644","1690","3.144396","1661","3.142076","1729","3.140924","1736","3.143604","1729","3.14204","1728","3.13994","1730","3.140452","1707","3.139148","1728","3.138428","1728","3.140116","1737","3.142928","1629","3.14262","1728","3.142452","1737","3.140636","1667","3.144168","1728","3.143424","1728","3.140424","1731","3.141588","1734","3.143796","1727","3.142572","1729","3.140844","1729","3.140544","1726","3.143168","1726","3.137784","1735","3.141204","1689","3.14182","1695","3.143448","1717","3.141324","1670","3.140864","1732","3.1423","1731","3.140136","1717","3.139164","1723","3.141148","1734","3.139768","1731","3.141484","1689","3.14302","1734","3.139868","1733","3.142212","1717","3.14358","1717","3.145064","1731","3.14278","1730","3.141708","1735","3.142544","1733","3.141848","1720","3.145312","1735","3.142776","1729","3.145164","1722","3.141892","1720","3.143864","1726","3.143196","1723","3.137048","1729","3.141416","1731","3.141216","1718","3.143036","1732","3.141392","1732","3.142656","1732","3.140188","1732","3.143088","1726","3.145256","1734","3.142272","1731","3.143288","1735","3.139492","1731","3.141688","1730","3.141612","1667","3.140352","1716","3.141504","1727","3.140356","1730","3.143356","1734","3.141872","1732","3.141568","1728","3.145264","1726","3.140392","1734","3.144672","1716","3.141692","1717","3.141312","1716","3.141864","1733","3.140892","1723","3.140452","1685","3.141952","1728","3.139292","1734","3.141016","1728","3.143688","1723","3.142716","1716","3.139","1716","3.13994","1733","3.1418856","1715","1748"
"35","3.1405","372","3.141384","1638","3.138528","1745","3.140256","1636","3.141436","1331","3.139396","851","3.143132","1331","3.14282","1716","3.141752","1331","3.140532","898","3.143652","938","3.139884","1745","3.1439","1637","3.14006","1716","3.14002","1331","3.14052","1637","3.138868","850","3.143356","1745","3.142524","1707","3.140764","1707","3.145448","1707","3.14186","1707","3.141968","1596","3.143748","1698","3.141012","1698","3.141252","1717","3.140684","1697","3.144088","1710","3.142892","1674","3.141736","1700","3.143232","1707","3.140216","1701","3.141696","1698","3.139688","1709","3.13936","1698","3.142172","1703","3.141556","1698","3.143284","1706","3.143276","1697","3.142572","1701","3.139752","1718","3.140272","1713","3.143412","1708","3.13952","1701","3.14038","1697","3.143048","1710","3.14418","1719","3.14404","1713","3.14254","1713","3.146308","1708","3.140196","1706","3.14132","1706","3.140536","1697","3.143468","1673","3.14248","1714","3.14328","1703","3.142348","1697","3.14466","1708","3.141992","1682","3.142724","1688","3.140088","1693","3.141428","1689","3.139564","1682","3.142324","1693","3.142996","1693","3.141876","1672","3.140584","1673","3.142416","1686","3.141896","1691","3.14394","1675","3.142336","1690","3.140128","1676","3.142272","1687","3.139608","1691","3.141928","1692","3.14292","1688","3.141208","1682","3.14554","1690","3.141168","1688","3.1429","1634","3.14116","1678","3.140468","1682","3.14274","1690","3.144108","1691","3.137072","1673","3.138512","1677","3.14284","1671","3.140636","1671","3.141456","1690","3.138696","1692","3.141904","1671","3.141952","1687","3.14418","1688","3.143616","1674","3.144084","1692","3.142012","1691","3.14","1677","3.141724","1676","3.141304","1690","3.141888","1689","3.1417895199999997","1631","1769"
"36","3.140808","1664","3.138684","1752","3.143368","1753","3.143944","1677","3.142104","1678","3.140704","1708","3.14284","1741","3.13884","1753","3.142004","1734","3.141548","1609","3.140236","1753","3.139368","1734","3.14234","1739","3.141976","1668","3.141052","1752","3.140044","1696","3.14138","1741","3.141868","1674","3.14558","1738","3.14052","1740","3.14172","1691","3.13824","1753","3.143876","1740","3.142596","1738","3.142636","1739","3.142256","1733","3.136544","1742","3.143524","1740","3.143496","1709","3.1411","1737","3.140456","1733","3.146412","1752","3.139948","1698","3.142456","1740","3.140068","1742","3.138656","1741","3.140268","1746","3.143016","1733","3.141756","1751","3.141408","1742","3.141408","1739","3.141672","1733","3.14566","1760","3.141296","1738","3.141476","1751","3.142252","1738","3.141008","1738","3.142604","1743","3.144648","1743","3.142964","1698","3.137944","1687","3.140452","1733","3.141816","1751","3.141868","1756","3.138976","1717","3.143224","1698","3.143296","1723","3.140948","1672","3.145344","1716","3.143892","1728","3.139168","1723","3.139088","1728","3.141396","1727","3.140336","1733","3.140588","1732","3.14296","1715","3.140532","1717","3.140756","1712","3.141784","1733","3.141728","1731","3.139384","1715","3.141388","1729","3.138896","1718","3.137616","1732","3.140248","1732","3.143664","1727","3.140248","1724","3.140044","1716","3.144288","1723","3.140028","1726","3.143544","1729","3.14086","1716","3.143812","1732","3.144096","1716","3.142992","1731","3.141212","1725","3.137288","1710","3.141052","1731","3.144432","1725","3.142216","1719","3.1405","1727","3.141204","1725","3.140096","1732","3.142028","1726","3.143792","1729","3.144556","1722","3.142652","1722","3.140384","1702","3.139","1715","3.140828","1712","3.1415307200000013","1725","1772"
"37","3.14264","534","3.139888","534","3.142888","1504","3.138992","1519","3.1416","1550","3.137588","1549","3.1397","1533","3.14058","1549","3.141028","1534","3.137676","1553","3.14422","1504","3.139388","1395","3.141676","1557","3.140408","1534","3.142316","1537","3.1435","1682","3.142284","1722","3.142396","1730","3.1405","1630","3.140292","1713","3.1428","1682","3.1455","1604","3.138568","1681","3.145012","1665","3.140924","1727","3.13952","1722","3.14326","1717","3.14014","1674","3.13988","1730","3.144664","1721","3.142176","1723","3.13998","1722","3.144208","1712","3.141512","1713","3.14164","1722","3.141556","1683","3.144276","1703","3.141676","1721","3.140756","1712","3.140812","1596","3.139516","1645","3.142016","1643","3.140912","1674","3.145124","1713","3.143372","1666","3.1407","1714","3.141052","1630","3.141904","1724","3.14284","1723","3.143624","1635","3.14332","1598","3.14168","1680","3.141488","1654","3.14228","1728","3.141856","1727","3.141148","1681","3.142052","1600","3.138772","1635","3.139012","1702","3.14338","1729","3.140112","1680","3.141892","1678","3.141616","1712","3.141496","1669","3.139944","1717","3.143916","1723","3.141732","1692","3.143424","1692","3.142536","1702","3.142916","1677","3.14122","1672","3.141896","1682","3.1418","1673","3.143792","1679","3.139828","1681","3.141808","1680","3.14076","1660","3.141964","1683","3.13952","1665","3.142348","1681","3.14186","1682","3.140624","1680","3.14138","1679","3.138264","1682","3.136896","1681","3.140368","1657","3.140124","1675","3.14214","1683","3.140616","1682","3.141536","1664","3.142692","1679","3.141904","1681","3.1403","1674","3.141372","1679","3.14186","1674","3.141972","1672","3.141232","1680","3.140896","1675","3.140884","1678","3.139744","1672","3.141456520000001","1640","1755"
"38","3.138556","598","3.141856","1647","3.142308","1647","3.143872","1673","3.140052","1632","3.140716","1673","3.140684","1583","3.142712","1743","3.138992","1668","3.143776","1674","3.14236","1668","3.143416","1668","3.137808","1608","3.13958","1742","3.141324","1673","3.14088","1667","3.140508","1672","3.142468","1634","3.14148","1644","3.140172","1669","3.14318","1670","3.141156","1742","3.140796","1742","3.140908","1742","3.142696","1672","3.140156","1667","3.142124","1673","3.14304","1635","3.141844","1645","3.140916","1669","3.143692","1674","3.1405","1671","3.140844","1667","3.14208","1668","3.140068","1668","3.141144","1669","3.14284","1641","3.142252","1667","3.141368","1669","3.13998","1668","3.145404","1667","3.142008","1670","3.140308","1673","3.140624","1742","3.140732","1668","3.140484","1669","3.138828","1668","3.140412","1667","3.140292","1667","3.14104","1635","3.142244","1742","3.144004","1641","3.140148","1675","3.140408","1667","3.139136","1742","3.144484","1673","3.141024","1671","3.141532","1660","3.139076","1737","3.1406","1734","3.141784","1734","3.143484","1661","3.139584","1734","3.141748","1734","3.139864","1728","3.143284","1727","3.13986","1716","3.143508","1716","3.143328","1716","3.141276","1716","3.143316","1716","3.139364","1716","3.137256","1716","3.142112","1690","3.139884","1690","3.141388","1719","3.142244","1716","3.141288","1717","3.14242","1716","3.139848","1716","3.14228","1713","3.141436","1704","3.14112","1671","3.144008","1701","3.141824","1702","3.142488","1701","3.137496","1697","3.143732","1697","3.139216","1698","3.140608","1677","3.14024","1669","3.141756","1667","3.138984","1667","3.142612","1667","3.142216","1666","3.14134","1665","3.1429","1665","3.14158","1664","3.1415","1667","3.13966","1664","3.1413172799999995","1672","1753"
"39","3.141216","476","3.140152","476","3.145736","1765","3.142712","1778","3.142476","1765","3.141828","1787","3.141428","1758","3.140664","1779","3.145012","1776","3.142896","1758","3.142168","1786","3.14338","1733","3.142944","1778","3.144052","1783","3.143692","1787","3.141688","1786","3.13944","1757","3.14386","1776","3.140004","1765","3.140492","1702","3.139648","1786","3.140196","1785","3.141716","1767","3.142572","1765","3.143732","1766","3.137856","1758","3.141684","1774","3.141948","1777","3.140392","1774","3.140696","1757","3.140492","1733","3.143892","1785","3.139588","1787","3.143904","1774","3.140888","1766","3.143124","1775","3.144864","1766","3.140964","1788","3.145228","1757","3.142356","1787","3.14072","1787","3.143324","1758","3.143656","1775","3.145452","1778","3.14108","1777","3.144124","1758","3.14126","1776","3.143808","1785","3.140836","1777","3.143136","1775","3.140304","1777","3.141652","1786","3.141112","1776","3.141044","1774","3.141168","1726","3.14078","1757","3.141416","1757","3.142468","1767","3.140404","1765","3.139192","1774","3.14312","1778","3.140256","1777","3.139568","1757","3.14064","1757","3.141268","1773","3.141128","1785","3.139592","1773","3.141604","1774","3.139744","1712","3.14426","1709","3.140108","1701","3.140336","1709","3.140468","1709","3.140916","1701","3.139456","1711","3.143612","1709","3.142776","1703","3.143068","1679","3.138992","1699","3.142688","1699","3.140968","1699","3.137788","1699","3.141228","1694","3.141368","1686","3.139148","1698","3.143532","1697","3.14288","1694","3.143012","1699","3.140828","1695","3.142192","1687","3.142804","1698","3.140268","1698","3.142364","1696","3.145124","1693","3.14184","1695","3.139616","1699","3.143256","1698","3.141636","1696","3.144864","1697","3.140292","1695","3.141771239999999","1721","1796"
"40","3.13968","392","3.1442","659","3.139864","1146","3.145148","1243","3.141632","1001","3.142092","1534","3.142816","1334","3.1414","1624","3.142576","1575","3.140356","1305","3.139208","1146","3.14018","1551","3.143952","1575","3.142324","904","3.141464","1575","3.145316","831","3.13946","1624","3.139928","1601","3.141172","1674","3.142288","1673","3.143104","1588","3.14154","1675","3.142216","1601","3.144384","1674","3.142412","1673","3.142252","1673","3.142732","1674","3.141196","1601","3.141416","1661","3.142712","1660","3.141416","1660","3.141492","1661","3.142512","1597","3.140216","1660","3.140096","1661","3.139476","1661","3.143484","1661","3.140932","1599","3.137644","1659","3.142132","1659","3.140488","1645","3.143484","1660","3.139948","1668","3.139384","1659","3.143688","1660","3.142884","1669","3.142756","1659","3.138572","1664","3.141428","1664","3.144096","1630","3.141312","1655","3.143936","1654","3.143992","1664","3.141812","1649","3.140376","1649","3.142616","1657","3.142264","1656","3.142276","1649","3.140444","1656","3.143564","1648","3.139692","1621","3.144508","1655","3.144416","1656","3.14082","1649","3.141004","1656","3.143044","1656","3.14218","1672","3.14124","1652","3.14388","1629","3.140368","1670","3.14","1670","3.143584","1670","3.14228","1670","3.1419","1669","3.137668","1669","3.135716","1669","3.14294","1669","3.142228","1645","3.138196","1670","3.139528","1669","3.13922","1670","3.142092","1670","3.14294","1670","3.138528","1669","3.14006","1669","3.141552","1669","3.140932","1632","3.144316","1617","3.141464","1617","3.144756","1617","3.140912","1617","3.13786","1617","3.13976","1617","3.14222","1617","3.140192","1617","3.145312","1617","3.140516","1617","3.140608","1607","3.142012","1607","3.13962","1607","3.14157804","1578","1751"
"41","3.139944","1015","3.13832","1766","3.140424","1768","3.14288","1766","3.14086","1737","3.141036","1703","3.1434","1768","3.139196","1766","3.141724","1766","3.140988","1766","3.143548","1769","3.142144","1766","3.142504","1766","3.139496","1770","3.143596","1766","3.144572","1746","3.142092","1766","3.14062","1768","3.141396","1770","3.14066","1766","3.143696","1731","3.140168","1766","3.137752","1766","3.138636","1766","3.141028","1766","3.141836","1769","3.14316","1767","3.142832","1745","3.140396","1766","3.141344","1715","3.142724","1766","3.142356","1766","3.14458","1766","3.142076","1766","3.140964","1724","3.143684","1766","3.141344","1771","3.143932","1766","3.143064","1766","3.139416","1739","3.140292","1769","3.142108","1769","3.14334","1766","3.14158","1769","3.140972","1727","3.142172","1766","3.138128","1766","3.138908","1766","3.141544","1766","3.142864","1728","3.141552","1766","3.140964","1766","3.140696","1766","3.142852","1766","3.14138","1738","3.14302","1769","3.139604","1766","3.143168","1767","3.140972","1766","3.143136","1766","3.140468","1766","3.14254","1766","3.140684","1727","3.143596","1697","3.143028","1766","3.1419","1770","3.14208","1770","3.142644","1766","3.143492","1739","3.140724","1766","3.143172","1740","3.139612","1729","3.140032","1766","3.139472","1742","3.141944","1765","3.14452","1767","3.14194","1726","3.14392","1765","3.14014","1728","3.142236","1765","3.139736","1767","3.140792","1765","3.141036","1766","3.14066","1766","3.1418","1732","3.143728","1703","3.142224","1766","3.14164","1766","3.139832","1765","3.13874","1736","3.138752","1766","3.140836","1767","3.141636","1765","3.142944","1765","3.140028","1735","3.141688","1765","3.143152","1765","3.139708","1769","3.142656","1765","3.142076","1770","3.1415544799999986","1750","1772"
"42","3.139388","616","3.140616","1676","3.141676","1676","3.141108","1676","3.144148","1700","3.140308","1700","3.14252","1643","3.144884","1693","3.143168","1694","3.140824","1692","3.1397","1693","3.143444","1693","3.140304","1693","3.143692","1694","3.142524","1692","3.144984","1678","3.138612","1662","3.140228","1708","3.14156","1732","3.141416","1690","3.141824","1709","3.140956","1730","3.14134","1701","3.141156","1675","3.140912","1709","3.139656","1709","3.139332","1730","3.142084","1730","3.14162","1689","3.140864","1730","3.141444","1730","3.141536","1704","3.137824","1730","3.140232","1730","3.140368","1692","3.14318","1690","3.143156","1704","3.144268","1724","3.141416","1723","3.140028","1723","3.143144","1727","3.1402","1723","3.140744","1723","3.137924","1685","3.141968","1723","3.139548","1731","3.143084","1668","3.14066","1730","3.140936","1730","3.13916","1723","3.140464","1730","3.13928","1727","3.142344","1722","3.142272","1723","3.141868","1723","3.14008","1731","3.142012","1722","3.140692","1722","3.142196","1722","3.139312","1726","3.14398","1728","3.141232","1722","3.137388","1722","3.142692","1722","3.142472","1722","3.138216","1689","3.140612","1722","3.141136","1731","3.140904","1726","3.143508","1731","3.140284","1728","3.140604","1723","3.14166","1725","3.143544","1722","3.140044","1722","3.142376","1729","3.139244","1726","3.142976","1697","3.14224","1729","3.142672","1730","3.141732","1721","3.141944","1722","3.140648","1728","3.141256","1725","3.143556","1731","3.138472","1728","3.141212","1693","3.142596","1703","3.14234","1695","3.140868","1693","3.139348","1701","3.140992","1701","3.140288","1698","3.143616","1699","3.140088","1701","3.142116","1694","3.142756","1702","3.140796","1701","3.143132","1698","3.14182","1701","3.1413354799999995","1699","1755"
"43","3.14212","1765","3.140472","1755","3.140508","1762","3.142548","1762","3.140452","1756","3.140468","1744","3.144448","1719","3.142024","1743","3.141892","1719","3.138996","1760","3.141048","1744","3.140024","1748","3.140352","1765","3.141988","1751","3.142972","1764","3.142872","1761","3.142288","1704","3.138416","1747","3.14032","1761","3.143412","1751","3.144288","1765","3.14008","1755","3.139876","1743","3.139032","1765","3.144712","1743","3.141996","1754","3.137868","1761","3.142712","1753","3.141448","1756","3.140352","1751","3.141468","1747","3.14132","1756","3.139724","1747","3.142808","1749","3.140412","1765","3.142476","1744","3.14304","1747","3.142084","1764","3.14142","1743","3.14284","1743","3.1426","1743","3.1402","1757","3.142704","1760","3.146136","1755","3.142336","1754","3.141584","1752","3.141152","1755","3.14226","1748","3.140888","1685","3.140956","1760","3.142772","1756","3.144356","1743","3.141708","1742","3.1435","1743","3.140404","1755","3.144008","1743","3.143224","1765","3.14034","1685","3.140224","1757","3.14116","1757","3.140972","1742","3.141588","1764","3.140988","1762","3.144004","1756","3.14258","1761","3.141992","1650","3.140404","1746","3.142668","1742","3.143448","1758","3.142352","1758","3.143572","1673","3.140952","1753","3.14126","1746","3.137792","1742","3.144096","1743","3.14182","1757","3.142268","1742","3.14362","1755","3.141604","1763","3.143852","1742","3.141864","1762","3.139712","1753","3.140616","1742","3.142796","1757","3.142896","1756","3.143012","1762","3.140772","1761","3.143872","1762","3.139688","1742","3.1386","1742","3.142392","1758","3.139524","1753","3.142792","1748","3.141372","1750","3.1419","1758","3.14312","1762","3.140116","1759","3.1407","1762","3.142488","1758","3.142428","1746","3.141725799999999","1748","1766"
"44","3.141124","386","3.141064","1731","3.143088","1730","3.142232","1694","3.141568","1704","3.141628","1704","3.142232","1470","3.141384","1460","3.143136","1694","3.142216","1460","3.142116","1556","3.143756","1414","3.143152","1460","3.139792","1504","3.141904","1504","3.141496","1730","3.140432","1730","3.141744","1460","3.141772","1346","3.140836","1460","3.1428","1693","3.13888","1504","3.1414","1676","3.141188","1686","3.144616","1686","3.143564","1710","3.141992","1569","3.14032","1685","3.141068","1710","3.139348","1568","3.1393","1686","3.13948","1710","3.1393","1687","3.14212","1710","3.140796","1710","3.142804","1675","3.141964","1710","3.141976","1710","3.142352","1685","3.139596","1686","3.140792","1710","3.14178","1685","3.142656","1710","3.141796","1677","3.140556","1675","3.1432","1710","3.139964","1688","3.143428","1687","3.14214","1676","3.14438","1710","3.14012","1634","3.140308","1634","3.139196","1613","3.144356","1634","3.140324","1523","3.140136","1634","3.142168","1614","3.139864","1634","3.142908","1634","3.142488","1627","3.141532","1628","3.14264","1627","3.140376","1627","3.143032","1624","3.140052","1622","3.137948","1626","3.14234","1625","3.140088","1622","3.140892","1625","3.14254","1612","3.143412","1616","3.1426","1613","3.1433","1582","3.139084","1616","3.141292","1614","3.13962","1614","3.139892","1614","3.142168","1610","3.142232","1609","3.141272","1611","3.140784","1603","3.141324","1605","3.140064","1600","3.14036","1600","3.14274","1596","3.143036","1601","3.139452","1599","3.141148","1599","3.140612","1598","3.138996","1599","3.143568","1599","3.141948","1598","3.139208","1591","3.139628","1591","3.143724","1584","3.144268","1591","3.144328","1588","3.1426","1588","3.142468","1588","3.139324","1588","3.1414998800000005","1610","1741"
"45","3.14198","58","3.141168","1764","3.14066","1712","3.143412","1764","3.141288","1740","3.140068","1741","3.13958","1764","3.142308","1764","3.141496","1764","3.141964","1741","3.142992","1764","3.141368","1726","3.141452","1764","3.141032","1743","3.145116","1732","3.138968","1764","3.141876","1739","3.143272","1764","3.142256","1714","3.1408","1738","3.14046","1743","3.139248","1743","3.14356","1764","3.142108","1735","3.140272","1725","3.139364","1764","3.141996","1738","3.143928","1763","3.141824","1701","3.142932","1764","3.14252","1720","3.142924","1665","3.141856","1725","3.1448","1722","3.139768","1763","3.140508","1741","3.140716","1763","3.140212","1763","3.139064","1735","3.142152","1764","3.14216","1700","3.141608","1763","3.139692","1725","3.143308","1763","3.14184","1764","3.142656","1741","3.142912","1733","3.138492","1700","3.13952","1734","3.140068","1763","3.142644","1703","3.138692","1728","3.140792","1763","3.140296","1764","3.140024","1704","3.141064","1763","3.143268","1725","3.138652","1743","3.141204","1763","3.141848","1727","3.143188","1763","3.140808","1763","3.144652","1742","3.141756","1739","3.139956","1763","3.139592","1737","3.14156","1728","3.137676","1739","3.142132","1764","3.140568","1737","3.140708","1725","3.144032","1764","3.141636","1764","3.142452","1734","3.140128","1763","3.143272","1737","3.141744","1710","3.14308","1710","3.142344","1711","3.141556","1682","3.143244","1685","3.141688","1711","3.1404","1711","3.140264","1710","3.142704","1676","3.142084","1677","3.144168","1704","3.141844","1703","3.143956","1685","3.1419","1703","3.142456","1668","3.140456","1686","3.142004","1686","3.140004","1686","3.141212","1668","3.142412","1686","3.140976","1642","3.141284","1686","3.141656","1662","3.142644","1683","3.141542039999999","1713","1765"
"46","3.143016","350","3.142988","880","3.144556","881","3.137824","906","3.143516","906","3.140796","881","3.142924","880","3.144876","1723","3.13972","1723","3.142428","1592","3.138812","1688","3.143384","1708","3.13998","1721","3.14134","1724","3.143108","1725","3.144804","1723","3.141272","1723","3.144072","1725","3.144196","1725","3.14268","1723","3.140436","1710","3.137812","1646","3.141756","1722","3.140748","1592","3.142196","1688","3.141804","1708","3.143456","1694","3.141308","1723","3.142432","1723","3.142768","1725","3.139068","1724","3.14486","1709","3.138524","1721","3.142772","1698","3.141004","1711","3.139572","1715","3.141228","1686","3.142236","1703","3.141796","1715","3.140752","1717","3.143708","1702","3.137044","1689","3.142628","1717","3.140404","1686","3.14414","1703","3.142488","1703","3.138588","1687","3.13894","1675","3.13914","1662","3.143512","1675","3.138928","1650","3.14294","1650","3.144876","1636","3.140148","1650","3.1409","1612","3.141232","1636","3.139944","1623","3.141196","1620","3.13998","1570","3.14334","1646","3.144832","1629","3.141108","1642","3.141604","1642","3.14656","1642","3.140044","1643","3.141008","1668","3.139008","1668","3.141168","1631","3.142304","1668","3.143048","1628","3.142924","1668","3.141836","1668","3.1422","1667","3.141948","1668","3.13964","1667","3.142964","1645","3.143188","1668","3.141768","1668","3.141848","1668","3.143044","1667","3.140672","1668","3.141728","1630","3.141488","1630","3.14358","1667","3.140884","1667","3.142152","1667","3.137492","1667","3.142352","1616","3.141532","1667","3.139704","1667","3.141428","1667","3.14042","1667","3.14038","1667","3.138324","1644","3.14298","1613","3.14062","1667","3.140476","1667","3.139848","1640","3.141636","1667","3.143052","1643","3.1415968800000003","1613","1765"
"47","3.142004","281","3.140572","1714","3.1444","876","3.140408","1160","3.14398","1685","3.140448","1341","3.140324","1726","3.141652","1341","3.138512","1727","3.140008","1213","3.142812","1753","3.143184","1713","3.144504","1700","3.142724","1103","3.143912","1048","3.139444","1685","3.142144","1734","3.139936","1733","3.142532","1708","3.143132","1732","3.139732","1737","3.144008","1733","3.140912","1732","3.142028","1733","3.137532","1732","3.138184","1733","3.137888","1733","3.14298","1673","3.141632","1710","3.140308","1732","3.14222","1732","3.142","1736","3.143928","1733","3.140532","1733","3.139716","1732","3.139856","1732","3.142396","1732","3.143072","1732","3.1413","1733","3.139416","1732","3.14154","1732","3.141404","1732","3.143192","1736","3.14234","1732","3.1447","1736","3.141524","1732","3.142116","1733","3.141936","1732","3.142728","1733","3.141072","1695","3.143776","1732","3.140616","1733","3.141028","1733","3.140416","1702","3.143152","1737","3.139608","1710","3.142116","1696","3.141452","1693","3.14358","1703","3.140384","1694","3.141184","1694","3.139152","1694","3.135892","1664","3.14146","1702","3.142668","1703","3.140572","1701","3.141532","1660","3.145392","1703","3.13984","1694","3.141888","1694","3.14424","1703","3.142756","1693","3.140292","1697","3.1396","1693","3.138952","1693","3.141468","1694","3.140856","1693","3.142616","1696","3.141288","1697","3.140292","1694","3.139696","1704","3.140996","1695","3.14008","1703","3.139604","1693","3.140344","1694","3.140748","1694","3.141124","1703","3.141736","1694","3.142524","1693","3.13936","1694","3.142516","1701","3.142012","1696","3.139472","1702","3.142624","1703","3.14208","1703","3.142684","1703","3.145756","1702","3.138172","1701","3.137904","1695","3.139904","1693","3.141362279999999","1658","1765"
"48","3.142776","209","3.143544","1706","3.141156","1713","3.139","1751","3.142344","1681","3.141064","1718","3.141064","1706","3.137724","1723","3.139692","1680","3.1451","1725","3.140544","1636","3.139272","1715","3.14224","1705","3.13838","1713","3.14198","1681","3.139988","1691","3.143524","1681","3.142564","1691","3.141416","1721","3.140704","1721","3.141952","1741","3.14176","1741","3.143404","1741","3.139832","1705","3.143076","1741","3.144232","1720","3.13924","1743","3.138536","1741","3.143176","1741","3.144252","1689","3.140752","1711","3.1415","1712","3.144044","1709","3.143808","1740","3.142956","1671","3.140148","1741","3.139552","1741","3.140596","1740","3.1388","1740","3.139048","1671","3.143404","1740","3.142348","1719","3.141604","1703","3.141256","1715","3.140908","1721","3.139748","1723","3.141316","1720","3.142272","1721","3.143772","1692","3.13878","1721","3.1413","1720","3.139304","1722","3.141108","1722","3.14404","1686","3.143384","1722","3.14218","1720","3.145812","1722","3.144548","1720","3.138268","1720","3.138504","1720","3.141304","1721","3.142776","1721","3.142932","1722","3.140828","1721","3.141016","1681","3.143252","1722","3.142264","1698","3.142584","1667","3.14162","1689","3.141736","1720","3.141376","1722","3.140936","1720","3.143152","1721","3.14328","1722","3.14088","1722","3.140676","1686","3.142576","1722","3.14152","1720","3.143328","1722","3.142376","1721","3.141536","1720","3.139876","1684","3.143596","1722","3.142344","1720","3.143376","1703","3.140648","1702","3.139376","1703","3.143236","1702","3.141728","1702","3.141928","1704","3.143428","1702","3.142488","1702","3.142052","1702","3.139332","1702","3.14104","1702","3.140796","1704","3.14112","1689","3.141012","1690","3.143288","1691","3.141104","1689","3.1416231199999998","1696","1754"
"49","3.138892","249","3.140156","1711","3.142212","1097","3.141828","1748","3.140664","1748","3.144844","1683","3.141376","1747","3.138552","1684","3.145092","1720","3.1432","1747","3.14006","1777","3.140316","1733","3.140836","1734","3.142176","1683","3.140492","1734","3.1374","1720","3.13874","1748","3.142552","1711","3.139204","1758","3.139208","1758","3.14472","1715","3.139568","1702","3.142236","1715","3.138812","1728","3.140508","1668","3.14314","1730","3.142532","1728","3.142064","1759","3.136816","1688","3.141008","1690","3.140012","1702","3.140272","1728","3.141332","1705","3.141788","1728","3.140644","1704","3.142324","1708","3.144692","1728","3.142888","1728","3.139476","1692","3.140348","1720","3.14306","1721","3.144212","1720","3.142248","1721","3.140708","1720","3.142032","1720","3.140924","1720","3.139028","1720","3.140888","1692","3.141396","1720","3.13972","1685","3.143948","1671","3.141696","1720","3.137276","1720","3.139844","1720","3.14026","1720","3.141736","1696","3.1446","1720","3.142684","1720","3.1422","1653","3.141992","1719","3.142192","1719","3.145032","1698","3.14234","1719","3.140664","1719","3.141028","1685","3.14164","1685","3.141164","1706","3.14006","1706","3.141912","1706","3.140256","1706","3.14148","1697","3.142696","1636","3.143528","1698","3.139716","1662","3.141584","1698","3.141192","1661","3.142804","1678","3.142196","1697","3.139008","1698","3.142616","1698","3.139588","1698","3.140888","1675","3.143368","1697","3.140424","1697","3.141316","1698","3.142088","1698","3.142316","1698","3.143724","1698","3.144408","1697","3.143016","1665","3.140628","1698","3.139028","1698","3.139704","1698","3.144844","1661","3.142876","1695","3.142468","1664","3.14264","1664","3.142164","1663","3.14224","1664","3.142708","1664","3.1414697600000006","1685","1780"
"50","3.144164","499","3.142096","1736","3.139776","1735","3.14218","1721","3.140852","1683","3.142488","1720","3.141968","1733","3.145208","1724","3.140708","1721","3.14304","1736","3.142016","1735","3.139064","1686","3.142824","1663","3.140528","1736","3.139144","1737","3.139224","1729","3.140648","1728","3.140756","1735","3.142616","1725","3.14268","1733","3.14048","1720","3.14104","1736","3.139776","1720","3.140016","1733","3.141796","1730","3.141036","1732","3.140756","1720","3.13912","1720","3.139624","1681","3.142324","1724","3.143972","1731","3.140552","1722","3.141476","1720","3.14076","1727","3.142564","1720","3.143632","1678","3.142592","1723","3.141036","1731","3.14026","1721","3.137288","1731","3.142332","1725","3.14258","1726","3.1403","1723","3.141636","1720","3.142256","1695","3.138676","1734","3.141072","1726","3.137752","1721","3.142096","1730","3.143608","1736","3.142","1734","3.142176","1734","3.14314","1735","3.140964","1720","3.142656","1732","3.143232","1688","3.141152","1720","3.141792","1720","3.145124","1720","3.1398","1701","3.142612","1726","3.13982","1731","3.140284","1736","3.14228","1720","3.143788","1720","3.14198","1720","3.142248","1672","3.142848","1728","3.142024","1723","3.141612","1720","3.142076","1721","3.140304","1720","3.141756","1723","3.1431","1720","3.143176","1733","3.14186","1733","3.140172","1720","3.140072","1732","3.141916","1722","3.140588","1698","3.141312","1701","3.144028","1720","3.138772","1732","3.143708","1729","3.140664","1734","3.141288","1736","3.142824","1720","3.140828","1733","3.143488","1698","3.139292","1720","3.14108","1720","3.140472","1734","3.138132","1701","3.140604","1720","3.141064","1728","3.144204","1731","3.141164","1720","3.143336","1720","3.143724","1724","3.142916","1726","3.1415384000000013","1709","1738"
"51","3.13998","596","3.1428","1743","3.141176","1719","3.146128","1723","3.137508","1747","3.142548","1699","3.140348","1748","3.142684","1719","3.141472","1735","3.14004","1752","3.1423","1746","3.143068","1743","3.143896","1743","3.14296","1737","3.141984","1752","3.14102","1728","3.140072","1752","3.141556","1720","3.14094","1739","3.14252","1751","3.14118","1751","3.142736","1740","3.142904","1752","3.143","1745","3.139932","1753","3.143192","1728","3.140788","1753","3.142456","1737","3.142832","1745","3.139048","1728","3.142172","1752","3.141756","1722","3.142652","1736","3.139832","1748","3.140144","1748","3.139768","1751","3.144764","1743","3.141244","1735","3.139912","1720","3.141376","1730","3.142564","1741","3.141224","1751","3.140328","1747","3.14322","1724","3.141868","1751","3.143516","1735","3.140832","1727","3.141384","1740","3.143884","1739","3.139632","1718","3.138724","1682","3.140556","1737","3.142096","1740","3.139168","1744","3.141148","1734","3.139736","1746","3.140644","1723","3.143452","1753","3.13874","1720","3.1392","1751","3.141772","1751","3.141944","1744","3.14424","1753","3.141448","1751","3.13874","1744","3.142488","1718","3.1395","1751","3.139792","1744","3.144804","1724","3.14234","1725","3.140776","1751","3.140396","1740","3.139764","1719","3.142352","1745","3.142432","1720","3.144212","1746","3.14276","1750","3.139844","1739","3.141288","1752","3.14292","1745","3.141096","1723","3.142364","1741","3.140112","1730","3.142204","1747","3.140732","1746","3.140696","1750","3.141676","1751","3.142976","1735","3.141828","1745","3.142708","1718","3.14106","1726","3.142508","1729","3.138464","1753","3.142552","1751","3.139516","1753","3.138652","1727","3.139016","1719","3.141252","1739","3.141924","1719","3.141408","1737","3.141451600000001","1726","1755"
"52","3.141716","491","3.142912","1467","3.14224","1480","3.141468","1468","3.137148","1427","3.141328","1467","3.14394","1401","3.140052","1480","3.137512","1399","3.139948","1480","3.141608","1480","3.139044","1468","3.140012","1399","3.143388","1480","3.138848","1735","3.139136","1728","3.140744","1715","3.14226","1718","3.144004","1729","3.142912","1650","3.143424","1730","3.139708","1681","3.142912","1731","3.140384","1734","3.140104","1714","3.139804","1728","3.144148","1668","3.146244","1735","3.14168","1658","3.142032","1730","3.142596","1735","3.14164","1714","3.141164","1668","3.14028","1734","3.141808","1640","3.14014","1731","3.139808","1651","3.140904","1729","3.144092","1735","3.142468","1722","3.143032","1721","3.141956","1721","3.139428","1716","3.141588","1719","3.143304","1651","3.14242","1714","3.140732","1726","3.142064","1725","3.141228","1728","3.141668","1726","3.142548","1728","3.139024","1714","3.143412","1718","3.143492","1726","3.14016","1728","3.140912","1714","3.140432","1719","3.140892","1726","3.143224","1735","3.139364","1730","3.142824","1714","3.141424","1663","3.145416","1730","3.144096","1727","3.142776","1733","3.139752","1733","3.141032","1694","3.140084","1696","3.140708","1674","3.141344","1694","3.144616","1694","3.142016","1694","3.14126","1696","3.143668","1683","3.140368","1694","3.142584","1696","3.142672","1696","3.144436","1694","3.138276","1694","3.14192","1678","3.138476","1696","3.141652","1696","3.140332","1674","3.140576","1684","3.14072","1686","3.141152","1684","3.14304","1683","3.142608","1674","3.143356","1682","3.141304","1695","3.142944","1674","3.143288","1690","3.1391","1694","3.14518","1694","3.142956","1673","3.144456","1694","3.138312","1679","3.141064","1694","3.140816","1681","3.140244","1696","3.141592879999999","1659","1757"
"53","3.142496","142","3.140444","1573","3.141396","691","3.140808","1136","3.14508","666","3.139708","691","3.139532","1625","3.143196","1596","3.143328","1494","3.142728","1596","3.142728","1565","3.143084","1596","3.140964","1595","3.142688","1574","3.14128","1595","3.138616","1665","3.138284","1595","3.142032","1595","3.138812","1562","3.141496","1596","3.139736","1595","3.142252","1526","3.14072","1564","3.142548","1595","3.139764","1562","3.1408","1566","3.143104","1595","3.141808","1594","3.14162","1595","3.142532","1596","3.145412","1567","3.141424","1575","3.141532","1551","3.142272","1545","3.142756","1594","3.139248","1594","3.141304","1595","3.140628","1594","3.141212","1533","3.140924","1574","3.140968","1595","3.141504","1595","3.142752","1571","3.144452","1563","3.142836","1594","3.141656","1574","3.141892","1595","3.141112","1567","3.144096","1494","3.143212","1626","3.144028","1485","3.143012","1564","3.1434","1594","3.143408","1575","3.142072","1574","3.14246","1595","3.14174","1553","3.141872","1689","3.142824","1691","3.141132","1682","3.141284","1694","3.141736","1684","3.141488","1681","3.142376","1691","3.141636","1686","3.141644","1685","3.143768","1687","3.143068","1693","3.139976","1692","3.139916","1688","3.142176","1689","3.140396","1690","3.14212","1690","3.142868","1673","3.141696","1692","3.143348","1684","3.139664","1681","3.140664","1695","3.142676","1682","3.139832","1693","3.13958","1678","3.142164","1665","3.14094","1678","3.140848","1679","3.142496","1665","3.142596","1678","3.143104","1666","3.138152","1660","3.140232","1678","3.140016","1675","3.14","1665","3.139656","1665","3.141516","1673","3.141744","1676","3.140828","1671","3.139708","1675","3.142068","1673","3.140296","1679","3.14072","1671","3.142756","1671","3.141624760000001","1576","1770"
"54","3.140984","479","3.142496","1672","3.138616","1655","3.141104","1669","3.143244","984","3.139216","1669","3.14434","1669","3.142048","1669","3.142864","1655","3.14208","1672","3.143616","1317","3.140688","1655","3.142372","1669","3.139796","1672","3.138592","1671","3.140376","1649","3.139892","1652","3.141936","1649","3.142108","1650","3.142684","1652","3.139628","1649","3.142736","1519","3.142472","1651","3.144288","1653","3.142252","1634","3.142672","1649","3.142588","1634","3.13974","1652","3.139572","1650","3.141496","1634","3.143","1628","3.14008","1666","3.142372","1690","3.142064","1639","3.141304","1661","3.144816","1690","3.141724","1643","3.140092","1663","3.13964","1664","3.139068","1694","3.141684","1664","3.142212","1694","3.1421","1690","3.142688","1690","3.139684","1649","3.144076","1690","3.142608","1649","3.142432","1694","3.142432","1690","3.141452","1663","3.14078","1697","3.141192","1690","3.140844","1652","3.143412","1691","3.142352","1654","3.142544","1646","3.14044","1690","3.143644","1627","3.14408","1690","3.13932","1626","3.142036","1690","3.14276","1665","3.14256","1690","3.142356","1691","3.144636","1689","3.14298","1662","3.139804","1689","3.143276","1690","3.143588","1690","3.139732","1690","3.142008","1690","3.145588","1661","3.142496","1690","3.140792","1664","3.137232","1689","3.139952","1665","3.140704","1677","3.140932","1673","3.143388","1675","3.14024","1670","3.13956","1655","3.143268","1657","3.141772","1667","3.140332","1655","3.143696","1657","3.1384","1654","3.14334","1659","3.143148","1658","3.143132","1650","3.142232","1658","3.141268","1660","3.142996","1659","3.141672","1655","3.144272","1655","3.144236","1661","3.14128","1662","3.142584","1657","3.141664","1659","3.141748","1661","3.14054","1661","3.141788319999998","1641","1739"
"55","3.142244","551","3.142832","1579","3.140188","1603","3.141756","1587","3.14112","1603","3.142008","1595","3.141388","1603","3.138632","1593","3.141608","1597","3.143408","1582","3.140656","1597","3.144452","1583","3.142524","1587","3.143968","1506","3.140688","1600","3.140776","1596","3.14264","1600","3.14262","1720","3.138912","1747","3.143436","1673","3.141836","1726","3.141564","1732","3.142696","1750","3.142156","1688","3.142548","1721","3.1411","1725","3.140848","1747","3.143284","1741","3.142532","1710","3.1416","1743","3.142688","1725","3.141288","1709","3.142824","1742","3.140728","1747","3.143432","1709","3.140648","1725","3.140864","1726","3.141124","1750","3.142872","1709","3.139936","1750","3.14414","1724","3.144084","1754","3.141188","1744","3.143276","1724","3.143128","1717","3.141756","1709","3.142068","1744","3.139664","1743","3.140908","1716","3.1433","1681","3.142292","1722","3.141304","1722","3.141452","1740","3.14106","1723","3.1421","1725","3.141628","1747","3.140836","1724","3.141452","1748","3.143444","1709","3.140996","1744","3.140764","1750","3.142208","1713","3.141992","1709","3.141304","1742","3.141584","1723","3.140288","1721","3.140936","1708","3.141476","1721","3.144496","1641","3.141804","1744","3.143792","1722","3.139956","1748","3.140944","1747","3.14134","1708","3.13862","1688","3.141212","1647","3.141852","1748","3.142668","1657","3.142252","1708","3.139528","1670","3.1413","1674","3.144468","1673","3.140232","1671","3.140796","1670","3.140056","1667","3.142204","1674","3.140768","1673","3.13962","1673","3.139912","1667","3.143392","1664","3.142608","1667","3.1415","1674","3.142772","1672","3.143284","1665","3.139332","1674","3.143812","1674","3.142536","1672","3.14352","1596","3.142588","1598","3.145944","1600","3.1418216","1676","1760"
"56","3.141144","510","3.143232","1412","3.143232","1405","3.145036","1411","3.141444","1406","3.13996","1378","3.139","1406","3.142752","1412","3.144464","1403","3.14164","1395","3.141604","1352","3.141248","1369","3.142704","1402","3.141716","1403","3.141216","1403","3.141108","1402","3.143172","1404","3.143216","1401","3.14058","1355","3.142608","1402","3.139828","1402","3.14052","1401","3.142512","1393","3.140884","1393","3.141956","1397","3.139272","1381","3.140504","1677","3.144416","1684","3.137548","1703","3.140908","1683","3.140784","1631","3.140508","1681","3.138532","1703","3.140544","1703","3.139012","1667","3.140052","1671","3.141632","1659","3.140708","1681","3.142004","1703","3.14384","1664","3.142228","1702","3.138252","1703","3.1419","1703","3.14176","1681","3.140344","1705","3.144876","1654","3.13998","1702","3.141884","1703","3.1426","1703","3.141776","1675","3.140308","1649","3.13978","1637","3.142596","1702","3.141528","1692","3.145972","1692","3.142976","1670","3.142688","1692","3.137824","1692","3.142588","1692","3.137","1692","3.14116","1665","3.140424","1691","3.141112","1662","3.140676","1674","3.142228","1692","3.139488","1692","3.141324","1670","3.14252","1671","3.142504","1692","3.142648","1692","3.138672","1692","3.139984","1692","3.142432","1670","3.14206","1691","3.14222","1692","3.14346","1691","3.143184","1692","3.141724","1691","3.142636","1691","3.140632","1692","3.142116","1694","3.14344","1692","3.140088","1692","3.141088","1692","3.144724","1665","3.141344","1665","3.142252","1681","3.140848","1685","3.142712","1681","3.141068","1631","3.138828","1656","3.14158","1662","3.142636","1655","3.141864","1659","3.14348","1656","3.141316","1661","3.14002","1661","3.140636","1659","3.142976","1657","3.139908","1621","3.1414991199999998","1596","1750"
"57","3.143528","303","3.141064","1744","3.1455","1712","3.142856","1712","3.142028","1744","3.140576","1746","3.139928","1756","3.137796","1722","3.142152","1751","3.140976","1723","3.143152","1745","3.137984","1744","3.14016","1746","3.139944","1723","3.139516","1722","3.141064","1723","3.140244","1683","3.1385","1744","3.139448","1755","3.140616","1744","3.141324","1722","3.142012","1715","3.139644","1702","3.144348","1745","3.138984","1744","3.141772","1721","3.140596","1744","3.143264","1745","3.141964","1733","3.14138","1729","3.141088","1744","3.141796","1747","3.141648","1728","3.140692","1741","3.140556","1742","3.14118","1697","3.139732","1739","3.144","1734","3.141328","1741","3.142304","1689","3.142464","1741","3.145124","1742","3.13924","1743","3.142428","1746","3.143732","1748","3.141388","1745","3.140612","1732","3.14382","1740","3.14038","1733","3.141592","1728","3.141756","1729","3.140656","1729","3.14294","1741","3.141468","1724","3.143088","1736","3.1439","1725","3.140968","1740","3.142172","1732","3.142456","1737","3.141812","1723","3.142896","1744","3.142424","1724","3.14122","1726","3.140644","1725","3.143288","1743","3.143884","1728","3.141952","1732","3.143016","1738","3.142588","1736","3.141908","1732","3.143992","1730","3.141664","1744","3.142064","1733","3.139544","1725","3.142048","1736","3.141272","1729","3.141972","1724","3.142864","1739","3.140324","1725","3.142448","1723","3.138964","1724","3.143368","1743","3.142532","1743","3.14306","1731","3.141908","1739","3.14036","1726","3.14114","1727","3.138476","1740","3.141868","1724","3.141304","1743","3.141616","1741","3.141344","1723","3.141868","1734","3.140968","1743","3.14176","1742","3.143408","1734","3.140736","1741","3.144948","1724","3.138868","1733","3.140572","1738","3.1415972","1718","1766"
"58","3.142184","612","3.14448","1619","3.142228","1617","3.141332","1632","3.140976","1558","3.13902","1617","3.139908","1639","3.139948","1637","3.14168","1636","3.139724","1588","3.145996","1637","3.140496","1639","3.13864","1621","3.139976","1612","3.138964","1639","3.141704","1635","3.143856","1612","3.14002","1617","3.142132","1633","3.140392","1617","3.139908","1638","3.139676","1632","3.14198","1637","3.140432","1637","3.13812","1635","3.140656","1632","3.139796","1612","3.14406","1638","3.140492","1617","3.142","1636","3.142688","1635","3.142688","1639","3.141416","1639","3.145148","1616","3.141296","1631","3.143456","1635","3.142664","1636","3.143948","1612","3.14322","1639","3.14136","1711","3.14002","1711","3.140012","1711","3.140992","1710","3.140848","1711","3.138984","1690","3.143152","1711","3.140736","1710","3.142744","1675","3.141132","1710","3.14234","1711","3.138668","1691","3.142264","1710","3.14272","1710","3.143348","1710","3.141604","1684","3.143784","1700","3.139116","1700","3.140312","1657","3.140232","1700","3.141128","1700","3.142016","1655","3.141912","1700","3.138804","1700","3.136516","1700","3.142164","1700","3.142168","1700","3.142316","1700","3.143656","1700","3.144468","1700","3.142412","1700","3.140952","1700","3.139364","1700","3.139384","1700","3.140288","1700","3.141636","1654","3.141652","1700","3.141028","1700","3.139544","1700","3.140968","1700","3.140348","1700","3.139848","1700","3.1411","1700","3.143064","1700","3.143612","1700","3.144048","1700","3.142556","1700","3.14038","1700","3.141992","1700","3.142164","1700","3.14362","1700","3.141536","1674","3.14168","1680","3.141056","1700","3.143516","1700","3.14128","1699","3.140812","1676","3.140524","1700","3.142652","1700","3.141516","1700","3.140068","1700","3.141414159999999","1659","1748"
"59","3.137824","512","3.14372","511","3.143044","1266","3.142808","1322","3.139788","1330","3.143188","1322","3.14488","1331","3.143904","1332","3.13924","1333","3.141576","1277","3.141076","1320","3.142976","1329","3.140072","1331","3.141084","1315","3.139132","1334","3.142504","1329","3.140648","1323","3.140244","1329","3.14106","1330","3.14046","1329","3.143148","1329","3.139332","1329","3.14008","1332","3.140076","1319","3.137684","1332","3.140484","1324","3.140724","1333","3.143864","1727","3.141996","1692","3.14324","1718","3.14188","1704","3.140192","1704","3.144628","1714","3.140868","1713","3.144372","1692","3.138948","1702","3.14418","1701","3.145476","1698","3.141748","1710","3.140264","1715","3.139564","1710","3.143684","1705","3.144676","1697","3.14172","1703","3.13894","1687","3.139348","1710","3.1454","1711","3.144292","1702","3.141032","1703","3.141108","1691","3.14062","1711","3.140128","1699","3.141424","1710","3.142884","1703","3.14278","1678","3.139752","1689","3.141968","1697","3.140928","1699","3.139412","1701","3.141904","1701","3.140732","1710","3.14066","1712","3.140108","1709","3.142244","1702","3.141436","1711","3.140364","1711","3.142512","1699","3.143476","1699","3.142484","1712","3.140932","1712","3.14072","1702","3.142572","1703","3.141004","1679","3.143004","1689","3.140636","1709","3.139308","1700","3.139968","1704","3.143004","1709","3.142696","1701","3.142524","1710","3.140324","1710","3.140532","1697","3.142104","1685","3.142376","1712","3.143224","1694","3.143552","1714","3.1428","1695","3.144344","1714","3.141268","1714","3.141892","1713","3.14324","1693","3.143008","1713","3.14126","1713","3.143152","1703","3.142944","1711","3.141928","1705","3.141636","1703","3.142316","1700","3.139908","1698","3.140228","1699","3.14166396","1584","1767"
"60","3.142084","651","3.143584","1704","3.141448","1637","3.141456","1684","3.14274","1704","3.138564","1704","3.1413","1725","3.1429","1725","3.140676","1723","3.140412","1669","3.14","1725","3.141548","1704","3.142128","1678","3.14206","1617","3.140804","1637","3.141908","1644","3.1427","1637","3.14122","1584","3.142524","1724","3.139588","1741","3.13836","1727","3.14032","1684","3.142332","1724","3.140188","1723","3.141612","1637","3.141084","1676","3.143056","1684","3.140664","1725","3.143096","1661","3.142912","1662","3.140776","1677","3.143064","1639","3.140888","1704","3.139616","1725","3.14254","1637","3.13862","1642","3.139652","1704","3.143684","1677","3.140584","1705","3.140576","1680","3.14212","1724","3.141316","1724","3.141548","1704","3.139112","1703","3.140188","1679","3.143104","1734","3.142592","1724","3.142868","1636","3.14134","1710","3.142024","1703","3.14048","1678","3.142484","1725","3.140152","1711","3.141988","1703","3.140308","1717","3.139604","1678","3.143228","1686","3.1397","1680","3.140024","1650","3.139276","1626","3.143496","1672","3.141096","1683","3.142216","1675","3.140488","1687","3.142864","1678","3.14416","1686","3.137112","1687","3.142296","1667","3.142856","1678","3.143432","1683","3.140956","1687","3.14266","1672","3.142964","1675","3.143388","1683","3.137656","1676","3.139","1684","3.1412","1687","3.141584","1673","3.142916","1684","3.140532","1679","3.142912","1688","3.140204","1680","3.142728","1683","3.14148","1668","3.141896","1681","3.141648","1664","3.142812","1677","3.140248","1661","3.14344","1650","3.143464","1672","3.14266","1675","3.144284","1668","3.140108","1677","3.14366","1681","3.14542","1675","3.142576","1658","3.141408","1645","3.139652","1649","3.141124","1651","3.14266","1644","3.1415397999999986","1671","1747"
"61","3.143772","708","3.142032","580","3.142348","962","3.142904","1678","3.142916","1687","3.13936","1679","3.142784","1630","3.1406","1679","3.141672","1679","3.14112","1678","3.142176","1696","3.1433","1678","3.141776","1679","3.142104","1640","3.144516","1689","3.1405","1679","3.141268","1678","3.142256","1679","3.141296","1632","3.142784","1679","3.14166","1678","3.14018","1656","3.144784","1681","3.139384","1673","3.143844","1708","3.144416","1679","3.14336","1678","3.141228","1708","3.141508","1679","3.140752","1673","3.14504","1708","3.141532","1690","3.142808","1672","3.142496","1683","3.141312","1676","3.139216","1688","3.141896","1684","3.143492","1690","3.14134","1672","3.14168","1673","3.145936","1672","3.140484","1676","3.138656","1681","3.143148","1672","3.142836","1689","3.14026","1671","3.139256","1693","3.140488","1680","3.140384","1706","3.14366","1690","3.145","1682","3.142296","1678","3.139276","1692","3.143004","1703","3.142192","1689","3.142032","1663","3.139956","1698","3.1411","1663","3.141772","1700","3.141988","1667","3.138004","1728","3.13976","1615","3.142204","1672","3.138628","1626","3.143384","1702","3.141752","1696","3.14102","1692","3.143928","1692","3.142784","1704","3.143168","1666","3.141936","1719","3.142444","1643","3.14284","1649","3.14036","1647","3.140208","1637","3.136648","1624","3.1412","1634","3.142532","1645","3.140472","1635","3.141268","1628","3.141528","1651","3.141732","1635","3.142076","1649","3.142084","1643","3.140036","1650","3.143464","1644","3.14098","1631","3.139652","1616","3.139468","1619","3.141816","1623","3.143568","1641","3.141848","1633","3.139276","1614","3.14048","1637","3.14012","1631","3.144176","1630","3.144048","1632","3.141396","1636","3.14356","1634","3.13952","1619","3.14172504","1639","1775"
"62","3.141108","107","3.139612","1593","3.139704","1608","3.14076","1589","3.141748","1608","3.1421","1589","3.141692","1608","3.142448","1608","3.141372","1593","3.143672","1592","3.142456","1607","3.139944","1608","3.140792","1517","3.140468","1592","3.144072","1574","3.142852","1586","3.141724","1589","3.142536","1588","3.142612","1569","3.141716","1592","3.142092","1568","3.142748","1594","3.14278","1569","3.14198","1658","3.140476","1597","3.144376","1576","3.144536","1658","3.141732","1590","3.141832","1592","3.14352","1649","3.140932","1591","3.14126","1576","3.13978","1647","3.141172","1591","3.140516","1590","3.144072","1702","3.1409","1696","3.141072","1648","3.141556","1591","3.142292","1667","3.142344","1587","3.140856","1572","3.139028","1587","3.142856","1587","3.140968","1695","3.143484","1659","3.143316","1646","3.141372","1647","3.13962","1629","3.141984","1591","3.140568","1647","3.145256","1629","3.142664","1586","3.142556","1570","3.141624","1697","3.139844","1600","3.14218","1629","3.14164","1682","3.141648","1687","3.142068","1685","3.143484","1686","3.142132","1681","3.14076","1684","3.1404","1684","3.141632","1684","3.1405","1678","3.139908","1667","3.1437","1678","3.142472","1672","3.140932","1671","3.14082","1669","3.143196","1674","3.141928","1671","3.143032","1668","3.14066","1661","3.142776","1669","3.139448","1679","3.141188","1674","3.141772","1674","3.1418","1660","3.139944","1669","3.14048","1666","3.1393","1655","3.137888","1665","3.13972","1665","3.141268","1662","3.143984","1661","3.143448","1661","3.143388","1663","3.141012","1648","3.139328","1651","3.139376","1660","3.139656","1660","3.141184","1657","3.141812","1651","3.14106","1634","3.13828","1634","3.139504","1634","3.142424","1632","3.142932","1621","3.141574159999999","1618","1746"
"63","3.141068","329","3.142512","1084","3.140464","1098","3.143792","1095","3.140644","1678","3.141376","1547","3.14098","1548","3.139992","1677","3.140428","1739","3.14034","1739","3.145348","1705","3.142976","1664","3.144592","1691","3.144932","1738","3.140132","1690","3.139352","1677","3.141792","1531","3.14446","1666","3.143104","1485","3.145164","1665","3.140332","1676","3.140252","1675","3.144832","1704","3.144244","1704","3.141692","1705","3.141324","1708","3.139768","1689","3.13954","1689","3.139976","1692","3.140528","1721","3.139372","1691","3.138488","1721","3.139896","1687","3.143148","1691","3.14192","1721","3.139528","1692","3.143064","1721","3.140832","1721","3.143364","1649","3.143484","1721","3.142612","1691","3.142032","1721","3.141072","1721","3.140448","1721","3.141616","1672","3.142436","1718","3.142316","1669","3.13948","1718","3.143516","1671","3.140856","1670","3.142044","1671","3.141016","1679","3.141276","1671","3.14326","1671","3.1407","1671","3.143248","1671","3.142232","1678","3.141552","1671","3.143448","1678","3.137972","1671","3.141552","1678","3.142984","1679","3.143076","1671","3.143192","1670","3.142252","1670","3.145384","1602","3.14198","1671","3.13932","1671","3.139856","1675","3.143448","1671","3.141368","1671","3.145364","1671","3.142368","1678","3.140036","1613","3.141608","1671","3.143452","1674","3.139364","1611","3.144768","1671","3.142064","1669","3.142544","1675","3.141948","1670","3.14328","1660","3.14314","1656","3.142008","1658","3.142764","1659","3.140972","1658","3.141384","1656","3.141112","1657","3.142888","1656","3.143684","1657","3.144956","1658","3.141984","1653","3.140288","1656","3.140364","1658","3.14286","1649","3.141768","1648","3.14006","1653","3.144152","1653","3.139928","1652","3.141036","1649","3.1418872000000007","1641","1756"
"64","3.139576","76","3.1436","1747","3.14014","1748","3.142644","1672","3.141568","1749","3.140376","1749","3.141364","1749","3.138852","1747","3.14278","1748","3.14406","1748","3.13858","1748","3.141652","1748","3.140396","1696","3.139204","1749","3.143804","1748","3.144748","1680","3.141748","1719","3.140788","1712","3.142012","1716","3.14332","1748","3.14292","1748","3.14496","1681","3.141544","1747","3.139044","1748","3.1416","1748","3.142956","1718","3.138528","1747","3.14296","1748","3.140816","1709","3.140476","1719","3.141432","1719","3.141532","1749","3.143792","1747","3.142664","1748","3.1425","1748","3.142752","1703","3.142768","1747","3.13942","1747","3.14156","1748","3.141132","1748","3.13968","1748","3.140444","1748","3.1428","1747","3.143372","1748","3.142576","1703","3.140096","1690","3.1434","1721","3.143284","1746","3.13968","1747","3.141988","1748","3.14172","1708","3.143172","1749","3.14592","1668","3.142488","1747","3.139652","1748","3.144124","1747","3.140812","1718","3.13792","1747","3.13722","1748","3.139148","1747","3.142652","1716","3.1393","1709","3.142236","1748","3.13952","1748","3.142964","1747","3.141584","1715","3.14166","1719","3.1437","1685","3.142616","1747","3.144316","1747","3.143084","1747","3.141648","1712","3.141308","1747","3.145176","1747","3.141536","1747","3.142324","1747","3.14218","1748","3.14276","1724","3.141272","1724","3.141712","1724","3.138476","1718","3.142972","1717","3.142292","1716","3.141288","1717","3.140988","1712","3.141692","1712","3.142908","1712","3.139412","1711","3.141476","1710","3.141208","1661","3.141544","1662","3.14116","1661","3.141704","1661","3.142812","1661","3.140784","1662","3.141824","1662","3.140476","1659","3.140928","1661","3.142944","1661","3.145456","1645","3.141719559999999","1707","1751"
"65","3.141588","53","3.141776","1725","3.142992","1775","3.140408","1707","3.138652","1775","3.141692","1775","3.14228","1741","3.143448","1775","3.140852","1775","3.143756","1756","3.141","1736","3.1415","1752","3.142232","1775","3.141832","1775","3.140348","1775","3.140156","1751","3.140948","1775","3.137956","1728","3.14328","1775","3.14226","1725","3.140224","1754","3.137716","1738","3.140028","1752","3.142048","1736","3.143008","1747","3.137316","1749","3.142288","1726","3.141936","1775","3.14078","1775","3.143452","1742","3.14184","1775","3.14188","1775","3.140676","1749","3.144904","1753","3.144028","1711","3.138744","1744","3.141288","1775","3.14068","1775","3.137936","1775","3.141416","1754","3.14196","1751","3.141884","1742","3.141924","1774","3.14264","1740","3.14","1753","3.139772","1774","3.140884","1774","3.140184","1774","3.139972","1746","3.140752","1737","3.142216","1774","3.146896","1740","3.141816","1774","3.137252","1729","3.142668","1774","3.138316","1755","3.141992","1748","3.143248","1774","3.142636","1706","3.143096","1744","3.142364","1749","3.140664","1741","3.1398","1705","3.141076","1720","3.141444","1740","3.139172","1774","3.13984","1736","3.140948","1754","3.140024","1741","3.141468","1755","3.14228","1774","3.139992","1743","3.141984","1739","3.142004","1711","3.143932","1774","3.144096","1726","3.141492","1738","3.141752","1723","3.141844","1734","3.14114","1748","3.1434","1754","3.140792","1734","3.143072","1731","3.140416","1774","3.13966","1774","3.142988","1774","3.137256","1774","3.141948","1742","3.140164","1774","3.142688","1774","3.139132","1748","3.141292","1738","3.1406","1733","3.141192","1749","3.140832","1740","3.140664","1738","3.14012","1737","3.14444","1754","3.144096","1736","3.137832","1774","3.1413115200000004","1734","1776"
"66","3.142312","180","3.141872","180","3.141924","1746","3.139168","1771","3.141276","1771","3.142488","1772","3.141268","1772","3.141664","1772","3.143436","1771","3.13972","1772","3.141192","1771","3.139416","1736","3.144816","1772","3.139464","1772","3.140692","1771","3.139388","1725","3.137604","1771","3.14234","1771","3.14292","1771","3.141744","1738","3.141644","1771","3.143116","1746","3.142712","1771","3.13896","1731","3.141356","1772","3.140224","1771","3.143152","1771","3.141936","1771","3.143092","1737","3.139828","1772","3.143056","1772","3.138468","1771","3.143296","1771","3.141508","1724","3.144468","1771","3.142572","1742","3.140504","1733","3.14302","1771","3.139816","1771","3.146192","1771","3.140812","1742","3.144344","1728","3.142472","1771","3.142088","1713","3.141056","1771","3.140688","1736","3.140268","1737","3.138072","1741","3.141264","1771","3.144588","1771","3.140424","1771","3.143728","1771","3.138868","1771","3.142028","1719","3.143912","1771","3.140316","1771","3.14102","1728","3.140032","1771","3.139116","1771","3.140732","1770","3.142568","1744","3.142268","1771","3.138348","1771","3.138476","1771","3.14378","1771","3.141148","1722","3.14244","1710","3.140304","1735","3.142048","1728","3.142736","1771","3.144316","1740","3.139452","1771","3.144404","1771","3.142656","1771","3.141852","1741","3.138664","1771","3.140728","1727","3.139896","1771","3.142476","1770","3.141036","1770","3.14106","1770","3.142512","1745","3.141628","1770","3.14184","1771","3.139204","1770","3.140188","1770","3.142168","1771","3.143464","1770","3.142176","1742","3.143712","1771","3.14112","1771","3.142096","1770","3.14036","1771","3.141012","1770","3.140348","1771","3.141644","1770","3.138204","1771","3.1408","1732","3.138996","1771","3.137664","1770","3.14139244","1728","1773"
"67","3.142032","298","3.14038","808","3.140244","1433","3.1412","1625","3.141324","1684","3.141792","1433","3.142544","1580","3.140956","1684","3.142592","1684","3.13936","1155","3.14318","1016","3.143284","1581","3.142148","1626","3.142988","1434","3.14386","1434","3.139764","1684","3.137316","1631","3.1409","1693","3.143472","1690","3.1434","1704","3.141448","1724","3.14026","1688","3.142972","1724","3.142676","1704","3.143564","1724","3.14156","1724","3.144444","1724","3.141652","1724","3.142068","1727","3.137468","1724","3.142616","1724","3.142444","1724","3.140508","1699","3.144852","1727","3.141528","1724","3.14016","1723","3.141468","1725","3.140444","1675","3.141048","1676","3.140356","1724","3.14394","1693","3.141128","1680","3.141568","1724","3.140428","1725","3.14166","1724","3.13998","1723","3.139204","1724","3.139456","1724","3.139224","1724","3.138332","1724","3.144604","1724","3.13776","1725","3.142236","1683","3.142252","1724","3.14294","1724","3.140752","1694","3.140024","1723","3.141636","1727","3.142872","1724","3.143872","1723","3.140608","1724","3.139192","1693","3.13864","1704","3.140468","1727","3.141772","1729","3.141856","1723","3.139192","1724","3.142672","1725","3.141028","1657","3.141096","1724","3.142512","1699","3.141552","1724","3.141232","1704","3.143964","1727","3.139764","1703","3.14408","1703","3.141052","1723","3.142156","1724","3.142844","1723","3.140444","1724","3.14094","1708","3.139316","1656","3.142588","1706","3.142248","1706","3.141364","1705","3.140572","1694","3.139212","1697","3.143032","1695","3.142952","1696","3.142932","1696","3.142836","1691","3.13934","1694","3.138196","1692","3.143212","1695","3.142536","1690","3.142012","1696","3.142804","1691","3.143332","1694","3.142744","1691","3.140004","1691","3.14148436","1656","1757"
"68","3.141536","111","3.14316","1718","3.139568","1732","3.139136","1728","3.141776","1731","3.140396","1751","3.1412","1717","3.141308","1752","3.144372","1703","3.141448","1751","3.142672","1751","3.143524","1751","3.141776","1713","3.140448","1751","3.14086","1751","3.142384","1663","3.141008","1724","3.142004","1751","3.140524","1703","3.13878","1751","3.140812","1751","3.141532","1719","3.14314","1730","3.141828","1712","3.141652","1732","3.143328","1751","3.142676","1751","3.143488","1716","3.139308","1690","3.142476","1751","3.138848","1751","3.138568","1684","3.13956","1751","3.14438","1751","3.142704","1710","3.139748","1718","3.141624","1751","3.140336","1719","3.144492","1716","3.138588","1751","3.140964","1751","3.140788","1751","3.141124","1730","3.141924","1714","3.140008","1722","3.140404","1728","3.143028","1647","3.141188","1727","3.142984","1642","3.14342","1751","3.143784","1684","3.1399","1751","3.140444","1751","3.140868","1751","3.141988","1720","3.142628","1728","3.14032","1728","3.139384","1711","3.145908","1712","3.139744","1751","3.141364","1715","3.140256","1724","3.142528","1751","3.141064","1751","3.143944","1715","3.140788","1705","3.14088","1751","3.140244","1714","3.141112","1751","3.141012","1731","3.141448","1751","3.140092","1723","3.143404","1708","3.14022","1708","3.140148","1664","3.143824","1708","3.141036","1677","3.14048","1681","3.143204","1708","3.14276","1708","3.144096","1708","3.143292","1708","3.142548","1686","3.143424","1685","3.143196","1708","3.141624","1708","3.142976","1708","3.140704","1708","3.142788","1708","3.140336","1708","3.142516","1708","3.143112","1708","3.142352","1684","3.14156","1708","3.138276","1708","3.14198","1708","3.142152","1669","3.142284","1708","3.141528","1707","3.141312","1708","3.1415963199999997","1704","1752"
"69","3.141576","635","3.139304","1245","3.142024","1731","3.141032","1731","3.14022","1103","3.14064","1761","3.139792","1107","3.140244","1220","3.142012","1102","3.142248","1761","3.14304","1233","3.140824","1092","3.141428","1731","3.140216","1101","3.13948","1215","3.142848","1761","3.1432","1177","3.141452","1734","3.1433","1735","3.141956","1735","3.139696","1734","3.140336","1713","3.140872","1735","3.1399","1665","3.142904","1735","3.13952","1735","3.144024","1711","3.143252","1734","3.142848","1734","3.141548","1734","3.141092","1629","3.141944","1735","3.142364","1619","3.140948","1707","3.14046","1734","3.141088","1642","3.13982","1710","3.143356","1712","3.1437","1696","3.139124","1735","3.13998","1723","3.14132","1724","3.140764","1724","3.142132","1724","3.141816","1723","3.142968","1723","3.14306","1724","3.139188","1724","3.14158","1723","3.141132","1723","3.138616","1724","3.13864","1724","3.14024","1723","3.138528","1724","3.141288","1723","3.141376","1703","3.139976","1724","3.142496","1724","3.140276","1723","3.139752","1684","3.140224","1724","3.141184","1724","3.141976","1723","3.142208","1724","3.138948","1724","3.145416","1700","3.141992","1723","3.14346","1680","3.140228","1723","3.139304","1723","3.14484","1697","3.138476","1723","3.139992","1723","3.14076","1723","3.142956","1703","3.140448","1724","3.141248","1724","3.139044","1723","3.143","1724","3.14162","1723","3.141688","1724","3.143536","1724","3.139904","1699","3.140848","1724","3.14112","1723","3.145044","1723","3.140928","1688","3.142944","1723","3.141496","1723","3.144884","1723","3.142556","1723","3.14046","1723","3.144144","1723","3.137576","1723","3.144316","1723","3.141292","1723","3.142632","1724","3.140268","1723","3.141296","1723","3.141436","1723","3.14136452","1652","1763"
"70","3.142232","1370","3.142244","1370","3.141072","1370","3.140832","1370","3.14074","1370","3.140696","1349","3.142856","1320","3.1409","1370","3.141536","1370","3.13994","1370","3.145732","1370","3.142576","1321","3.140848","1357","3.141596","1357","3.140536","1357","3.142336","1357","3.140952","1357","3.138652","1311","3.142152","1337","3.142468","1357","3.141884","1378","3.142164","1338","3.143012","1357","3.143248","1378","3.145712","1338","3.142536","1357","3.1402","1694","3.140468","1693","3.140348","1693","3.141148","1469","3.14284","1680","3.143228","1680","3.139636","1693","3.142016","1694","3.14084","1691","3.138524","1691","3.1432","1690","3.14486","1693","3.139668","1694","3.139428","1677","3.1404","1679","3.14152","1692","3.140552","1693","3.146636","1679","3.139484","1692","3.14112","1679","3.142368","1681","3.141648","1692","3.14228","1493","3.143124","1692","3.143324","1694","3.144736","1693","3.142196","1668","3.13984","1669","3.139208","1669","3.141196","1658","3.143352","1669","3.14318","1668","3.143324","1686","3.138464","1566","3.143992","1686","3.14142","1664","3.141004","1660","3.143412","1646","3.141876","1682","3.140916","1681","3.141988","1681","3.14284","1647","3.141464","1660","3.141456","1659","3.140272","1682","3.140904","1681","3.140208","1681","3.144996","1681","3.14052","1682","3.141292","1682","3.141928","1664","3.143352","1664","3.140436","1664","3.145336","1664","3.14254","1660","3.142172","1661","3.139712","1661","3.139452","1661","3.138924","1660","3.141312","1660","3.14098","1660","3.13812","1661","3.142288","1661","3.142768","1660","3.13984","1661","3.140256","1631","3.140156","1631","3.141128","1631","3.14192","1630","3.141608","1630","3.141392","1626","3.141528","1627","3.13986","1627","3.143356","1626","3.1416273200000013","1583","1756"
"71","3.140196","540","3.143868","1462","3.140664","1497","3.140964","1477","3.142372","1511","3.141528","1497","3.1418","1462","3.14092","1497","3.14104","1511","3.139816","1497","3.139636","1395","3.143372","1497","3.143584","1452","3.139784","1487","3.141276","1490","3.144336","1472","3.141868","1472","3.141944","1487","3.142812","1488","3.142428","1486","3.142772","1487","3.142056","1487","3.144728","1645","3.140444","1668","3.143052","1676","3.140712","1704","3.141596","1697","3.143324","1708","3.142932","1685","3.14192","1666","3.141076","1730","3.140724","1700","3.14032","1688","3.140692","1714","3.140436","1666","3.140856","1730","3.140472","1616","3.14184","1699","3.14246","1679","3.140924","1686","3.14216","1675","3.141708","1686","3.144256","1679","3.142004","1699","3.138424","1713","3.140276","1695","3.143196","1646","3.141744","1689","3.142416","1684","3.140176","1713","3.142048","1674","3.142924","1708","3.144956","1666","3.140168","1665","3.139108","1714","3.142956","1687","3.14084","1617","3.138492","1699","3.143808","1665","3.141988","1705","3.14266","1695","3.141904","1668","3.14236","1715","3.14068","1704","3.14112","1665","3.141176","1713","3.141072","1688","3.143004","1642","3.143572","1669","3.141376","1684","3.140184","1698","3.143592","1640","3.141696","1713","3.1425","1713","3.145436","1715","3.143932","1685","3.13908","1666","3.141784","1695","3.143272","1701","3.140296","1683","3.1406","1714","3.140176","1696","3.138068","1693","3.136568","1697","3.143252","1700","3.141724","1665","3.140096","1713","3.142776","1691","3.142336","1681","3.143528","1671","3.144144","1646","3.142468","1707","3.14356","1677","3.140036","1708","3.142824","1694","3.13784","1659","3.1409","1707","3.140792","1687","3.141244","1695","3.141756","1674","3.1416657600000004","1632","1768"
"72","3.138096","282","3.138356","1685","3.143884","1689","3.139632","1698","3.14266","1725","3.14108","1689","3.140472","1729","3.137384","1720","3.138836","1720","3.143804","1731","3.142656","1724","3.142532","1720","3.141724","1720","3.141728","1737","3.14072","1732","3.144476","1731","3.14348","1732","3.142912","1721","3.14134","1720","3.141908","1719","3.139684","1720","3.1414","1720","3.142084","1719","3.140284","1721","3.142364","1720","3.1406","1737","3.143052","1731","3.140676","1720","3.140376","1720","3.143084","1726","3.140788","1699","3.144512","1694","3.13874","1719","3.142144","1724","3.140464","1719","3.141124","1729","3.141504","1722","3.141276","1725","3.141864","1708","3.141364","1712","3.143036","1713","3.141896","1712","3.139992","1717","3.142624","1708","3.142076","1717","3.142732","1722","3.139376","1716","3.142844","1724","3.141","1722","3.1399","1724","3.1409","1722","3.140168","1712","3.140444","1673","3.140156","1707","3.142644","1673","3.137572","1721","3.142476","1724","3.140876","1725","3.142872","1722","3.142832","1708","3.141144","1708","3.143852","1707","3.14216","1723","3.14248","1724","3.142392","1716","3.141112","1723","3.144552","1711","3.143524","1714","3.1441","1708","3.141616","1718","3.140668","1723","3.138452","1719","3.143336","1707","3.141388","1712","3.14136","1681","3.142744","1713","3.139436","1724","3.139636","1712","3.141512","1716","3.142172","1713","3.142416","1721","3.141936","1707","3.14142","1723","3.14172","1723","3.141844","1711","3.13742","1721","3.142648","1720","3.140528","1714","3.140196","1713","3.141756","1707","3.140256","1723","3.140452","1669","3.143784","1719","3.142336","1712","3.141104","1707","3.143848","1720","3.141864","1707","3.142576","1711","3.140616","1714","3.141932","1721","3.14149768","1701","1738"
"73","3.142832","261","3.141888","1757","3.139376","1756","3.14268","1660","3.1424","1764","3.139892","1763","3.137256","1756","3.143968","1762","3.14272","1758","3.141184","1761","3.142124","1770","3.14268","1767","3.1439","1762","3.14498","1763","3.143544","1756","3.140044","1757","3.14364","1725","3.142128","1763","3.139288","1763","3.140436","1765","3.142052","1760","3.143424","1763","3.140568","1756","3.140716","1715","3.140556","1723","3.141336","1726","3.141936","1756","3.140984","1764","3.141268","1756","3.140384","1758","3.142824","1717","3.143988","1756","3.142212","1756","3.142608","1765","3.14124","1768","3.142976","1767","3.142472","1756","3.142668","1766","3.140648","1766","3.144032","1760","3.1414","1759","3.142652","1765","3.140968","1758","3.142236","1760","3.143176","1763","3.137504","1764","3.142152","1766","3.144","1758","3.141348","1769","3.142944","1756","3.142224","1767","3.141592","1764","3.13864","1760","3.14118","1730","3.142164","1756","3.140688","1756","3.139968","1761","3.141488","1756","3.14116","1759","3.138792","1756","3.14178","1648","3.14424","1763","3.140856","1761","3.144724","1758","3.13998","1758","3.14352","1713","3.141388","1729","3.14222","1767","3.145584","1765","3.140668","1768","3.143504","1767","3.139292","1715","3.138228","1769","3.141048","1768","3.14298","1769","3.1401","1720","3.143036","1764","3.14386","1725","3.140172","1755","3.140488","1755","3.143508","1708","3.14326","1708","3.142176","1759","3.14044","1724","3.139224","1762","3.142104","1709","3.141792","1763","3.14176","1758","3.141016","1713","3.140964","1764","3.143012","1750","3.141328","1760","3.141912","1690","3.142852","1760","3.142868","1750","3.14346","1761","3.143384","1754","3.140796","1762","3.14056","1750","3.137652","1750","3.141738640000002","1736","1771"
"74","3.140612","614","3.139576","1423","3.140432","1421","3.141152","1425","3.140332","1406","3.141796","1420","3.140024","1392","3.143848","1423","3.142984","1427","3.138944","1428","3.14128","1423","3.14038","1405","3.14376","1424","3.14176","1425","3.141972","1393","3.140372","1392","3.1383","1427","3.142488","1421","3.143712","1425","3.140124","1425","3.143052","1422","3.141268","1423","3.141368","1424","3.14074","1426","3.138404","1424","3.141128","1393","3.140056","1423","3.143548","1384","3.144876","1384","3.142808","1384","3.143676","1682","3.141608","1682","3.140108","1681","3.13886","1692","3.140164","1681","3.138956","1681","3.13856","1694","3.143288","1694","3.142716","1682","3.140796","1681","3.143096","1682","3.142192","1681","3.141212","1714","3.140612","1685","3.1387","1622","3.142372","1681","3.138656","1691","3.142732","1681","3.139352","1681","3.14414","1685","3.138712","1681","3.13884","1681","3.142184","1681","3.143972","1681","3.144052","1683","3.142888","1681","3.144372","1681","3.140692","1691","3.142816","1681","3.142648","1700","3.141732","1672","3.140968","1638","3.140556","1643","3.143572","1672","3.140624","1672","3.141684","1672","3.140304","1632","3.1412","1672","3.141868","1672","3.143108","1641","3.14014","1672","3.143576","1672","3.142888","1644","3.14266","1643","3.139284","1648","3.138228","1672","3.141152","1672","3.143036","1628","3.142604","1671","3.136328","1650","3.145484","1672","3.141632","1671","3.142136","1672","3.142052","1672","3.138304","1672","3.142192","1672","3.140008","1672","3.14036","1672","3.143084","1636","3.13944","1672","3.141908","1636","3.144012","1673","3.139984","1604","3.141288","1641","3.14084","1671","3.141616","1646","3.137436","1613","3.141192","1645","3.139768","1671","3.1404","1630","3.1413271599999986","1583","1796"
"75","3.141272","448","3.141172","1467","3.141488","1593","3.144884","1467","3.14118","1593","3.142152","1603","3.144208","1562","3.140336","1562","3.142152","1510","3.143628","1596","3.141136","1490","3.141728","1511","3.141132","1562","3.1441","1594","3.1399","1593","3.143252","1510","3.1424","1587","3.142856","1591","3.144228","1577","3.142796","1580","3.143636","1495","3.139476","1580","3.139744","1755","3.139428","1697","3.139256","1652","3.141924","1693","3.141296","1720","3.14236","1683","3.140512","1730","3.142544","1755","3.13798","1725","3.141936","1698","3.141412","1705","3.142124","1756","3.142688","1718","3.14018","1755","3.140916","1710","3.140872","1705","3.141528","1684","3.141352","1691","3.14182","1720","3.140976","1710","3.141756","1755","3.1401","1703","3.141072","1698","3.140652","1709","3.14244","1703","3.141348","1709","3.142712","1720","3.141004","1725","3.14362","1754","3.142508","1707","3.141212","1755","3.140376","1756","3.137624","1711","3.140352","1690","3.142008","1717","3.140592","1683","3.1393","1720","3.14256","1644","3.141972","1750","3.140568","1715","3.142028","1752","3.141312","1746","3.140012","1695","3.143828","1708","3.140504","1744","3.140656","1721","3.143224","1713","3.14172","1746","3.14206","1746","3.140808","1717","3.142596","1721","3.138212","1688","3.13954","1721","3.143352","1746","3.14032","1708","3.142108","1746","3.139612","1700","3.139544","1713","3.138484","1744","3.139664","1711","3.138828","1744","3.14012","1714","3.142052","1744","3.144372","1746","3.143164","1745","3.144952","1746","3.142644","1744","3.142212","1746","3.141284","1686","3.143212","1707","3.139628","1646","3.144664","1683","3.141092","1684","3.14502","1683","3.137736","1683","3.142712","1682","3.14086","1684","3.143044","1684","3.1415091599999987","1668","1778"
"76","3.13852","460","3.142748","918","3.142152","997","3.143392","926","3.14436","997","3.14004","1008","3.141832","1008","3.142832","997","3.141416","1009","3.140948","997","3.140888","997","3.144072","997","3.141972","1008","3.14146","924","3.139792","937","3.143856","1679","3.142276","1659","3.142308","1643","3.141168","1756","3.141332","1755","3.14178","1725","3.1403","1682","3.139684","1715","3.143764","1618","3.14084","1715","3.143232","1733","3.140956","1671","3.143144","1682","3.14284","1715","3.143628","1777","3.141148","1723","3.142132","1736","3.14116","1687","3.142864","1758","3.141416","1687","3.141268","1732","3.13836","1732","3.142868","1777","3.141728","1777","3.143672","1716","3.14404","1715","3.142276","1643","3.14288","1744","3.142588","1715","3.142508","1736","3.142128","1746","3.140968","1658","3.146184","1643","3.141548","1717","3.143592","1769","3.14232","1769","3.14064","1749","3.141796","1732","3.138228","1727","3.139744","1720","3.138804","1769","3.141408","1735","3.142992","1732","3.143556","1769","3.14148","1744","3.14146","1721","3.142684","1653","3.1407","1769","3.142644","1658","3.14244","1706","3.141272","1641","3.140572","1724","3.14136","1769","3.141452","1741","3.141712","1726","3.139484","1745","3.140364","1768","3.14412","1659","3.141504","1608","3.14054","1706","3.141352","1737","3.14198","1746","3.140096","1768","3.13868","1744","3.142744","1729","3.141324","1679","3.14264","1717","3.139896","1736","3.141452","1768","3.139368","1737","3.139256","1768","3.141876","1768","3.139948","1768","3.14344","1721","3.139532","1706","3.144392","1750","3.140824","1634","3.142484","1680","3.14388","1768","3.143344","1705","3.142056","1726","3.1399","1768","3.141432","1705","3.140416","1659","3.141756","1762","3.141702040000001","1604","1802"
"77","3.142772","1800","3.141292","1799","3.141908","1771","3.141348","1776","3.145528","1757","3.142788","1798","3.142216","1798","3.13924","1798","3.143812","1800","3.142488","1766","3.144544","1754","3.139856","1800","3.1416","1800","3.142448","1800","3.139532","1800","3.141476","1798","3.139048","1768","3.145012","1751","3.14158","1798","3.143044","1745","3.142188","1757","3.1429","1774","3.141608","1768","3.139432","1800","3.139728","1798","3.143672","1776","3.142408","1799","3.1401","1751","3.141604","1761","3.138256","1742","3.137988","1774","3.14136","1756","3.141292","1767","3.141612","1800","3.141012","1762","3.141752","1769","3.143924","1776","3.141388","1767","3.14042","1800","3.141244","1798","3.146888","1766","3.143248","1798","3.141932","1798","3.142448","1771","3.139728","1800","3.141604","1741","3.139836","1798","3.140704","1755","3.1393","1774","3.14224","1800","3.137988","1777","3.141776","1749","3.141","1798","3.145228","1777","3.142336","1799","3.144188","1800","3.140904","1798","3.141504","1777","3.141664","1800","3.141252","1749","3.144092","1798","3.142152","1799","3.14374","1797","3.144044","1759","3.142004","1798","3.139796","1797","3.137136","1753","3.137408","1773","3.139148","1762","3.142828","1798","3.14048","1777","3.142696","1774","3.141284","1777","3.141296","1774","3.1416","1776","3.13744","1775","3.140656","1776","3.14004","1776","3.1401","1776","3.143376","1775","3.139356","1775","3.141196","1775","3.139456","1775","3.140328","1777","3.140776","1777","3.140988","1776","3.141012","1738","3.142708","1776","3.142168","1775","3.1406","1776","3.141296","1776","3.143716","1776","3.139804","1774","3.143596","1774","3.13952","1776","3.142712","1774","3.143908","1774","3.141832","1774","3.14604","1775","3.141604","1742","3.1415512000000017","1778","1801"
"78","3.140912","105","3.138432","1687","3.1421","1714","3.144256","1743","3.142596","1692","3.137564","1711","3.139728","1744","3.143256","1711","3.141368","1748","3.139656","1711","3.142268","1670","3.142836","1746","3.14092","1745","3.141268","1740","3.141336","1711","3.141852","1728","3.140312","1753","3.142212","1754","3.140624","1712","3.144052","1711","3.142028","1755","3.14384","1711","3.141192","1733","3.142008","1736","3.142528","1751","3.141192","1711","3.142836","1745","3.14014","1751","3.1419","1714","3.141736","1664","3.138544","1729","3.139668","1711","3.142344","1744","3.139704","1731","3.137784","1678","3.140064","1711","3.14378","1715","3.14002","1726","3.141184","1712","3.144444","1757","3.141604","1711","3.142944","1723","3.144568","1711","3.143088","1734","3.14182","1735","3.145344","1738","3.138712","1687","3.14024","1721","3.14252","1712","3.139784","1721","3.144528","1717","3.14074","1757","3.140472","1711","3.143464","1658","3.142456","1733","3.140996","1716","3.143784","1726","3.138756","1724","3.145524","1727","3.14488","1674","3.14072","1756","3.140848","1710","3.143604","1735","3.138808","1754","3.141936","1658","3.142584","1740","3.140352","1742","3.139684","1753","3.142244","1710","3.141544","1710","3.14334","1710","3.143136","1751","3.141096","1689","3.141752","1728","3.140032","1741","3.139192","1740","3.141436","1755","3.13998","1654","3.142016","1742","3.140192","1749","3.140848","1748","3.1412","1714","3.143052","1752","3.139848","1748","3.141112","1736","3.14128","1707","3.14138","1685","3.143772","1708","3.142332","1748","3.141496","1716","3.14288","1745","3.13872","1748","3.14318","1684","3.1403","1748","3.14484","1747","3.139524","1736","3.142056","1707","3.144152","1748","3.140136","1717","3.14074","1707","3.1415805200000007","1707","1758"
"79","3.144256","412","3.142204","1715","3.14076","1210","3.138916","1686","3.140256","1715","3.138456","1341","3.139584","1631","3.142612","1704","3.142252","1666","3.140976","1686","3.140992","1702","3.138016","1702","3.140756","1712","3.139872","1713","3.142136","1649","3.140388","1650","3.140208","1683","3.141796","1722","3.142616","1713","3.143648","1635","3.141044","1713","3.142532","1702","3.141692","1722","3.14246","1627","3.139112","1713","3.141608","1713","3.140448","1649","3.1434","1724","3.140664","1694","3.140912","1686","3.140336","1695","3.142852","1672","3.141476","1675","3.138752","1695","3.139376","1698","3.143204","1696","3.142268","1724","3.141124","1695","3.13878","1691","3.1419","1697","3.14082","1655","3.138888","1691","3.141348","1687","3.141924","1681","3.141816","1686","3.145084","1703","3.142184","1703","3.142256","1724","3.14148","1723","3.140736","1694","3.142272","1720","3.142036","1672","3.141096","1688","3.141804","1671","3.142988","1691","3.144836","1700","3.138324","1673","3.142052","1694","3.139824","1710","3.141408","1710","3.139008","1710","3.139872","1710","3.14258","1688","3.14272","1684","3.142796","1710","3.139992","1710","3.14066","1710","3.14394","1710","3.141604","1710","3.143712","1710","3.137932","1652","3.142732","1710","3.14338","1710","3.139404","1710","3.141896","1687","3.143848","1655","3.141808","1710","3.143208","1710","3.141236","1685","3.141784","1710","3.142056","1710","3.141916","1709","3.145844","1689","3.139332","1659","3.141376","1667","3.145284","1682","3.141236","1652","3.140892","1682","3.142768","1680","3.140784","1681","3.142472","1681","3.141656","1657","3.1428","1681","3.14354","1680","3.141216","1648","3.140008","1653","3.139768","1681","3.143056","1680","3.143184","1680","3.13938","1681","3.1415049600000007","1669","1756"
"80","3.144148","333","3.142976","605","3.140948","924","3.141828","990","3.139908","990","3.141644","990","3.140736","865","3.141368","990","3.142752","924","3.140732","898","3.142212","924","3.141664","898","3.140248","896","3.139992","990","3.140664","923","3.141256","907","3.140788","1697","3.137992","1384","3.141144","1681","3.144328","1680","3.142472","1681","3.144164","1682","3.144712","1210","3.144236","1669","3.14002","1693","3.140232","1634","3.140288","1661","3.140368","1663","3.140308","1662","3.137516","1664","3.138428","1634","3.140116","1634","3.141884","1649","3.140156","1661","3.14266","1650","3.14284","1649","3.139788","1652","3.141544","1650","3.14342","1650","3.143292","1639","3.13988","1651","3.142172","1651","3.140972","1651","3.141324","1651","3.143516","1623","3.141844","1650","3.143468","1642","3.139672","1638","3.14458","1638","3.143296","1661","3.141228","1660","3.142212","1661","3.1401","1661","3.141016","1660","3.144252","1661","3.142528","1660","3.143624","1660","3.141732","1660","3.143632","1640","3.142712","1637","3.140076","1660","3.141884","1635","3.14304","1626","3.139628","1660","3.145464","1660","3.142036","1660","3.140844","1660","3.142724","1660","3.140304","1660","3.138492","1660","3.139848","1660","3.144648","1660","3.143916","1660","3.1393","1660","3.14058","1638","3.141776","1660","3.140656","1648","3.142256","1647","3.140208","1651","3.141308","1647","3.14308","1647","3.144492","1647","3.142616","1624","3.138276","1627","3.143872","1625","3.140848","1624","3.141888","1627","3.143128","1625","3.142044","1627","3.14358","1627","3.13836","1627","3.142124","1626","3.140968","1623","3.141704","1625","3.143492","1620","3.14078","1622","3.138968","1622","3.140932","1620","3.142924","1621","3.140804","1621","3.1416339999999985","1517","1749"
"81","3.140716","448","3.14054","1603","3.14192","1618","3.142992","1604","3.143084","1617","3.138684","1625","3.142972","1603","3.141564","1549","3.144088","1580","3.142356","1551","3.141952","1621","3.140108","1603","3.138464","1611","3.14372","1603","3.142244","1603","3.140776","1578","3.143656","1562","3.141564","1604","3.140756","1606","3.142952","1567","3.142536","1603","3.14036","1625","3.139832","1614","3.14186","1603","3.142536","1635","3.143028","1595","3.143412","1724","3.140492","1724","3.143152","1731","3.142188","1731","3.13934","1729","3.145024","1728","3.141768","1734","3.137412","1721","3.141716","1726","3.14188","1730","3.141468","1722","3.138908","1714","3.141644","1711","3.141312","1713","3.141508","1719","3.144456","1731","3.145","1711","3.14038","1710","3.143052","1728","3.14296","1735","3.13846","1728","3.144852","1716","3.14208","1727","3.140296","1721","3.141868","1720","3.139596","1711","3.143404","1726","3.142148","1723","3.1409","1720","3.140952","1688","3.142776","1719","3.141416","1726","3.14338","1710","3.140992","1719","3.143788","1711","3.141808","1719","3.140696","1731","3.13952","1710","3.139372","1731","3.142184","1722","3.140884","1712","3.140444","1723","3.141792","1726","3.143432","1717","3.142292","1725","3.14054","1719","3.140916","1721","3.139672","1727","3.144268","1714","3.140252","1698","3.14034","1720","3.141688","1691","3.141836","1692","3.140592","1689","3.139772","1692","3.143736","1681","3.143264","1688","3.139808","1685","3.140736","1692","3.141388","1691","3.144184","1688","3.141176","1689","3.14096","1691","3.140808","1692","3.14444","1686","3.143488","1676","3.14332","1669","3.138472","1669","3.14282","1665","3.141372","1682","3.140544","1683","3.140608","1679","3.140004","1662","3.140936","1682","3.1416360399999985","1668","1767"
"82","3.1422","44","3.141108","408","3.1425","407","3.14318","408","3.138484","408","3.141896","1130","3.14006","1152","3.14002","1195","3.1431","1144","3.14278","1143","3.139944","1144","3.144812","1141","3.144796","1195","3.14188","1195","3.140388","1195","3.143792","1195","3.142112","1143","3.141176","1151","3.14356","1194","3.142004","1141","3.141872","1142","3.142172","1151","3.144932","1194","3.144152","1194","3.143496","1128","3.139948","1136","3.143232","1135","3.142216","1663","3.143304","1104","3.143792","1104","3.141796","1093","3.1426","1135","3.141532","1652","3.141152","1652","3.140652","1310","3.142668","1628","3.140676","1373","3.140868","1626","3.14024","1626","3.1411","1396","3.141596","1367","3.142924","1615","3.141048","1615","3.1385","1633","3.143744","1592","3.142032","1611","3.140508","1616","3.14178","1633","3.144348","1633","3.139672","1633","3.139828","1596","3.138376","1633","3.141084","1633","3.14062","1633","3.140512","1633","3.14018","1590","3.140844","1611","3.140944","1633","3.143244","1633","3.139844","1633","3.138384","1633","3.143372","1611","3.14004","1633","3.141496","1593","3.143012","1612","3.141996","1632","3.140832","1633","3.14192","1633","3.142236","1597","3.141684","1633","3.143748","1633","3.142476","1632","3.138724","1632","3.142924","1633","3.13952","1633","3.142444","1633","3.13962","1633","3.140204","1633","3.14382","1633","3.142168","1633","3.140492","1633","3.144316","1632","3.141148","1632","3.143524","1628","3.143024","1616","3.142236","1617","3.141396","1617","3.140636","1617","3.143304","1617","3.139064","1616","3.142048","1617","3.140524","1592","3.140792","1592","3.140524","1616","3.143344","1596","3.1446","1616","3.1404","1617","3.14288","1617","3.142984","1617","3.142944","1616","3.1417462000000014","1426","1750"
"83","3.140408","1437","3.137608","1738","3.142008","1729","3.142064","1739","3.140132","1739","3.139088","1366","3.141148","1377","3.142512","1729","3.143044","1739","3.143208","1378","3.142836","1727","3.14138","1738","3.138104","1740","3.139304","1446","3.142176","1446","3.142864","1727","3.14112","1502","3.145976","1362","3.141528","1458","3.14018","1458","3.141336","1501","3.14088","1739","3.144376","1728","3.141804","1738","3.141808","1727","3.14392","1739","3.143576","1740","3.141512","1446","3.14272","1437","3.143036","1501","3.147492","1729","3.140864","1729","3.143428","1740","3.142508","1501","3.144108","1738","3.14366","1685","3.140972","1687","3.139704","1686","3.140224","1672","3.141188","1675","3.140908","1683","3.139588","1688","3.142716","1578","3.13972","1615","3.14288","1684","3.140184","1686","3.142488","1685","3.140264","1684","3.14072","1672","3.142624","1683","3.1397","1687","3.142468","1683","3.140272","1687","3.140784","1686","3.139248","1685","3.142392","1673","3.142308","1686","3.139892","1676","3.141464","1654","3.140836","1667","3.142152","1667","3.143272","1666","3.139768","1659","3.14076","1686","3.142048","1630","3.143476","1687","3.143008","1687","3.14078","1687","3.142008","1659","3.14176","1687","3.14072","1655","3.144124","1687","3.139048","1663","3.138456","1660","3.143556","1663","3.137528","1663","3.1412","1687","3.142176","1671","3.140944","1660","3.143108","1661","3.142196","1661","3.141616","1660","3.140532","1661","3.1432","1661","3.139896","1661","3.140484","1661","3.140464","1661","3.144188","1651","3.140732","1651","3.141168","1651","3.141092","1651","3.140024","1651","3.14184","1651","3.144144","1651","3.140556","1651","3.143524","1627","3.140324","1651","3.13838","1651","3.146508","1651","3.139704","1650","3.141577240000001","1646","1780"
"84","3.144524","448","3.14048","448","3.144548","1059","3.14094","1254","3.140532","1119","3.142024","1389","3.139396","1079","3.141576","1119","3.140916","1075","3.141428","1321","3.140292","1367","3.140892","1280","3.144072","1075","3.14268","1366","3.14132","1754","3.142712","1780","3.142952","1780","3.138324","1780","3.139916","1740","3.14328","1780","3.141836","1780","3.141372","1762","3.142624","1780","3.14308","1780","3.141588","1780","3.140352","1780","3.140348","1754","3.14268","1745","3.141784","1749","3.139456","1780","3.143084","1780","3.140016","1743","3.138944","1752","3.143496","1780","3.142808","1736","3.148232","1780","3.14104","1780","3.141948","1754","3.142296","1736","3.143112","1780","3.14416","1780","3.13858","1780","3.141348","1761","3.143756","1749","3.143072","1751","3.141724","1780","3.142224","1780","3.137684","1779","3.142372","1754","3.141952","1779","3.139984","1748","3.141308","1752","3.141252","1778","3.142072","1739","3.141924","1778","3.142876","1762","3.142368","1739","3.142176","1730","3.143992","1737","3.14216","1743","3.14254","1779","3.139656","1746","3.140528","1706","3.14188","1745","3.14066","1739","3.140904","1760","3.142136","1779","3.14368","1778","3.14172","1739","3.142376","1717","3.140744","1779","3.141816","1753","3.143192","1735","3.139192","1778","3.140412","1778","3.14104","1778","3.14168","1758","3.13924","1750","3.143224","1778","3.14278","1779","3.142736","1750","3.140652","1746","3.140608","1779","3.141376","1778","3.142508","1746","3.138592","1750","3.14206","1758","3.143304","1778","3.138508","1778","3.1447","1757","3.141044","1778","3.140812","1778","3.142632","1740","3.140968","1778","3.141704","1761","3.140692","1722","3.13946","1778","3.14308","1758","3.143412","1778","3.140312","1778","3.14168444","1669","1798"
"85","3.139012","1764","3.143376","1773","3.143468","1780","3.14194","1729","3.1415","1800","3.140044","1800","3.14048","1780","3.141172","1770","3.141304","1765","3.142568","1800","3.142032","1800","3.14108","1800","3.142068","1678","3.142696","1750","3.140296","1780","3.14214","1800","3.145396","1800","3.140836","1730","3.142416","1800","3.141128","1766","3.140048","1766","3.143544","1800","3.139516","1770","3.140608","1799","3.14236","1799","3.14058","1772","3.141508","1729","3.144428","1761","3.14136","1769","3.141452","1770","3.141332","1764","3.14142","1799","3.14236","1799","3.141056","1799","3.138896","1799","3.14224","1799","3.138996","1768","3.142292","1770","3.142708","1799","3.141992","1779","3.142372","1799","3.140788","1731","3.143976","1762","3.142064","1773","3.141876","1779","3.142528","1764","3.143944","1799","3.143996","1799","3.13954","1799","3.142116","1779","3.139328","1799","3.140188","1764","3.141128","1799","3.14112","1738","3.139748","1799","3.142816","1764","3.141564","1799","3.140896","1750","3.143644","1779","3.141216","1768","3.144908","1766","3.14202","1799","3.139464","1751","3.143144","1799","3.138812","1799","3.141756","1779","3.142368","1772","3.140884","1772","3.139952","1799","3.142876","1799","3.140912","1767","3.140504","1769","3.144692","1779","3.142704","1799","3.138224","1799","3.143256","1760","3.14256","1758","3.142112","1731","3.140976","1798","3.143872","1799","3.141884","1756","3.140908","1799","3.143676","1799","3.143528","1799","3.144184","1799","3.139668","1771","3.141292","1750","3.144292","1770","3.142172","1770","3.140544","1771","3.139844","1770","3.144804","1771","3.141504","1771","3.142308","1741","3.13984","1770","3.143304","1770","3.142928","1771","3.139956","1744","3.139964","1770","3.141836","1727","3.1417292800000003","1776","1800"
"86","3.139204","731","3.142204","731","3.140468","1766","3.141636","1766","3.140944","1751","3.141956","1766","3.140132","1752","3.141244","1752","3.14062","1756","3.142644","1766","3.137568","1752","3.139876","1752","3.139564","1751","3.140164","1751","3.14228","1752","3.1404","1769","3.141432","1752","3.14406","1752","3.141416","1751","3.139252","1751","3.14094","1755","3.141024","1716","3.14288","1764","3.140512","1767","3.14374","1751","3.142292","1763","3.142032","1749","3.140776","1753","3.1391","1749","3.14142","1763","3.142156","1768","3.140276","1719","3.143796","1763","3.1457","1749","3.140656","1766","3.13864","1706","3.141632","1756","3.141444","1763","3.139424","1764","3.140828","1749","3.142428","1762","3.142908","1763","3.13974","1765","3.142612","1753","3.141208","1750","3.1409","1749","3.140892","1750","3.143392","1765","3.14152","1763","3.143212","1751","3.139308","1763","3.144248","1767","3.14094","1763","3.138156","1718","3.14172","1748","3.143896","1674","3.141132","1766","3.14202","1767","3.143012","1748","3.138776","1748","3.141896","1763","3.142176","1752","3.143824","1749","3.140876","1765","3.138808","1749","3.140936","1675","3.142604","1757","3.141888","1749","3.139172","1749","3.140828","1749","3.141592","1753","3.142112","1753","3.141264","1723","3.141316","1754","3.139324","1738","3.142132","1751","3.142168","1755","3.141868","1757","3.14124","1756","3.139636","1738","3.140796","1755","3.139184","1750","3.142244","1738","3.141024","1740","3.142632","1757","3.142128","1752","3.14264","1744","3.140252","1738","3.145096","1755","3.141972","1755","3.141396","1742","3.1394","1738","3.141036","1754","3.138572","1753","3.142372","1745","3.1424","1757","3.14382","1735","3.139368","1739","3.142672","1735","3.141764","1739","3.141347800000002","1729","1772"
"87","3.142132","152","3.14142","1581","3.140116","1510","3.141772","1582","3.143512","1581","3.139604","1552","3.141312","1581","3.142416","1582","3.136952","1581","3.141424","1538","3.144076","1581","3.142284","1581","3.141388","1551","3.13878","1581","3.141152","1551","3.137316","1551","3.14282","1581","3.139896","1646","3.139736","1552","3.140836","1581","3.14216","1552","3.1425","1581","3.142816","1536","3.140788","1581","3.142068","1440","3.1426","1581","3.140828","1538","3.14398","1606","3.14104","1606","3.142328","1605","3.141412","1677","3.143016","1676","3.144432","1676","3.143532","1645","3.144476","1605","3.137032","1677","3.143584","1578","3.140256","1766","3.140832","1762","3.13944","1763","3.139668","1746","3.142792","1754","3.141776","1739","3.143908","1747","3.140172","1753","3.141456","1750","3.14288","1762","3.144204","1762","3.137916","1756","3.1434","1766","3.1416","1755","3.141588","1756","3.14116","1768","3.140792","1763","3.141236","1765","3.141576","1761","3.141144","1750","3.141272","1766","3.139728","1749","3.144268","1756","3.14256","1755","3.1415","1763","3.144016","1751","3.140504","1745","3.142528","1755","3.147048","1765","3.142792","1761","3.143228","1695","3.141128","1765","3.141896","1753","3.140384","1752","3.144276","1759","3.141892","1759","3.13704","1764","3.142416","1759","3.14106","1759","3.142712","1737","3.143436","1760","3.1423","1760","3.142112","1761","3.140956","1763","3.141504","1737","3.141572","1753","3.14158","1748","3.14154","1707","3.139976","1760","3.142836","1752","3.145008","1765","3.141776","1741","3.141708","1763","3.140144","1735","3.143476","1734","3.141968","1727","3.139072","1734","3.13886","1735","3.141716","1727","3.143588","1734","3.143124","1721","3.143204","1705","3.138556","1725","3.1416759200000013","1674","1818"
"88","3.138456","555","3.142692","1448","3.14082","1379","3.143008","1448","3.144216","1290","3.138752","1399","3.138952","1442","3.140764","1442","3.140944","1442","3.140508","1441","3.140992","1441","3.141876","1575","3.144044","1440","3.143196","1577","3.141204","1440","3.139768","1411","3.139884","1440","3.142632","1574","3.141352","1574","3.142684","1440","3.138852","1569","3.141684","1635","3.141144","1667","3.14276","1735","3.140828","1705","3.141564","1656","3.141936","1736","3.13956","1737","3.141164","1736","3.14222","1635","3.141324","1736","3.14082","1735","3.140816","1542","3.141644","1742","3.142404","1762","3.138028","1740","3.140524","1720","3.138368","1735","3.140872","1762","3.140048","1743","3.139652","1762","3.14206","1762","3.13912","1725","3.140392","1727","3.14418","1762","3.141588","1762","3.142228","1762","3.14134","1762","3.139164","1734","3.141864","1762","3.142072","1728","3.142904","1762","3.14136","1762","3.140588","1762","3.141124","1762","3.140316","1742","3.140488","1736","3.143252","1762","3.142192","1742","3.14322","1727","3.141496","1735","3.140904","1740","3.141948","1743","3.141916","1734","3.139856","1741","3.14086","1762","3.142048","1742","3.142668","1728","3.142392","1727","3.142708","1736","3.141188","1762","3.138644","1761","3.140792","1737","3.141404","1714","3.143424","1761","3.13902","1742","3.143372","1762","3.142816","1761","3.141032","1762","3.140304","1731","3.142052","1735","3.139932","1742","3.142088","1762","3.14176","1740","3.140716","1762","3.141784","1735","3.142992","1732","3.141664","1740","3.141864","1743","3.137668","1733","3.14432","1714","3.141144","1761","3.14418","1761","3.14242","1761","3.141692","1740","3.142512","1761","3.144084","1740","3.13982","1735","3.144656","1761","3.144752","1761","3.1414329999999997","1670","1790"
"89","3.13882","681","3.139544","681","3.14368","1569","3.142692","1569","3.13954","1432","3.141624","1375","3.142452","1568","3.142944","1569","3.138336","1569","3.14276","1529","3.142216","1569","3.140928","1536","3.141576","1777","3.140916","1760","3.141704","1766","3.144696","1715","3.140784","1759","3.142356","1763","3.142404","1772","3.142472","1737","3.138284","1774","3.140484","1783","3.140608","1777","3.141876","1725","3.141524","1772","3.13904","1725","3.142604","1777","3.140528","1728","3.142432","1761","3.145348","1699","3.141284","1762","3.141092","1761","3.14252","1782","3.140916","1763","3.140184","1709","3.140688","1724","3.142744","1773","3.143332","1724","3.141528","1762","3.143548","1760","3.142628","1724","3.13996","1760","3.143012","1759","3.13738","1778","3.139228","1767","3.141396","1760","3.141372","1772","3.140248","1760","3.141544","1772","3.139412","1779","3.140932","1710","3.141972","1782","3.140408","1778","3.142352","1759","3.14358","1761","3.145512","1759","3.139936","1767","3.143276","1777","3.142184","1780","3.140744","1775","3.141776","1777","3.142196","1778","3.141424","1760","3.141812","1778","3.141096","1736","3.141724","1765","3.140276","1766","3.14186","1773","3.140716","1759","3.140896","1766","3.14168","1760","3.140656","1772","3.140588","1760","3.14432","1781","3.144248","1759","3.139204","1772","3.14242","1767","3.141904","1777","3.14514","1773","3.145196","1775","3.142672","1765","3.143424","1760","3.14228","1766","3.142292","1780","3.142068","1759","3.140168","1759","3.142392","1760","3.143808","1713","3.140932","1761","3.143172","1760","3.141488","1759","3.13858","1690","3.145268","1771","3.142188","1778","3.140936","1759","3.141376","1696","3.1401","1779","3.141212","1767","3.144384","1720","3.141224","1759","3.1416918","1714","1803"
"90","3.140644","1270","3.140336","1303","3.142864","1304","3.143476","1304","3.137924","1299","3.13688","1162","3.140664","1304","3.142292","1303","3.140452","1331","3.142496","1304","3.140092","1298","3.139856","1303","3.14248","1303","3.138504","1304","3.142736","1307","3.139124","1271","3.139956","1310","3.142168","1278","3.142636","1303","3.141176","1299","3.1423","1299","3.141256","1295","3.140352","1295","3.141664","1624","3.140196","1625","3.141808","1633","3.142848","1642","3.140576","1677","3.143564","1625","3.13912","1676","3.14172","1616","3.141716","1650","3.142492","1676","3.142028","1676","3.14226","1625","3.14314","1730","3.139188","1730","3.143416","1709","3.142856","1711","3.140808","1731","3.141332","1737","3.141384","1696","3.144276","1732","3.140736","1684","3.140844","1703","3.141428","1738","3.136452","1710","3.139288","1730","3.140936","1665","3.14148","1676","3.143456","1695","3.142436","1730","3.140472","1730","3.141888","1677","3.142288","1685","3.142756","1685","3.14024","1667","3.142752","1730","3.140844","1667","3.142496","1703","3.142164","1686","3.142148","1678","3.14332","1695","3.143908","1725","3.140784","1687","3.140756","1725","3.142464","1725","3.141308","1696","3.140396","1690","3.1437","1727","3.14188","1671","3.137844","1681","3.140856","1725","3.142532","1725","3.141932","1725","3.142152","1724","3.138028","1680","3.1402","1724","3.141652","1687","3.141628","1725","3.140044","1665","3.146008","1706","3.142336","1709","3.142176","1701","3.140648","1661","3.143632","1701","3.141812","1701","3.140348","1701","3.142328","1701","3.14244","1701","3.139048","1707","3.143568","1693","3.141232","1687","3.14134","1687","3.141156","1687","3.138712","1691","3.1438","1653","3.137964","1658","3.140248","1659","3.14048","1654","3.141368200000001","1599","1789"
"91","3.140952","32","3.142004","1780","3.142828","1786","3.138636","1731","3.143152","1739","3.140688","1780","3.14318","1724","3.140208","1752","3.14284","1750","3.141052","1713","3.14016","1780","3.14068","1789","3.141552","1789","3.142568","1713","3.141264","1713","3.139112","1780","3.141524","1788","3.142052","1713","3.140924","1752","3.141044","1786","3.141816","1738","3.140964","1788","3.140564","1780","3.140504","1758","3.14002","1780","3.139272","1740","3.14246","1733","3.143224","1780","3.141292","1751","3.142028","1782","3.141548","1752","3.14142","1780","3.141652","1785","3.141696","1785","3.14144","1761","3.141364","1779","3.140376","1780","3.141816","1738","3.14408","1779","3.142588","1760","3.138528","1787","3.141028","1754","3.141568","1748","3.13912","1785","3.14028","1750","3.141876","1780","3.14146","1779","3.139096","1779","3.14174","1713","3.141628","1760","3.138632","1785","3.141536","1714","3.140404","1780","3.13886","1779","3.144524","1724","3.142696","1779","3.1412","1787","3.139884","1760","3.143456","1784","3.143052","1752","3.144192","1779","3.145068","1779","3.140116","1786","3.141044","1779","3.142676","1787","3.144344","1749","3.140908","1779","3.142992","1779","3.13964","1726","3.140816","1779","3.14144","1785","3.140944","1738","3.142116","1788","3.141088","1786","3.139068","1779","3.1407","1758","3.141312","1779","3.141252","1779","3.141136","1779","3.13952","1737","3.13872","1784","3.141452","1723","3.144692","1785","3.142256","1779","3.140436","1671","3.140552","1751","3.141196","1747","3.140908","1779","3.139332","1779","3.14502","1787","3.144692","1781","3.142164","1786","3.14398","1742","3.146248","1780","3.142848","1779","3.14128","1727","3.142108","1787","3.144636","1783","3.144724","1787","3.142112","1787","3.1415683999999997","1747","1790"
"92","3.14224","558","3.14188","558","3.14268","1688","3.144524","1688","3.140908","1634","3.143876","1688","3.143904","1568","3.139012","1531","3.141444","1559","3.142728","1531","3.142192","1649","3.14176","1582","3.140724","1688","3.141952","1582","3.142068","1688","3.142696","1624","3.141644","1553","3.146072","1561","3.141108","1688","3.14288","1561","3.142968","1494","3.145156","1567","3.143188","1688","3.14104","1560","3.142596","1560","3.143716","1567","3.142372","1647","3.141476","1581","3.144136","1485","3.141972","1567","3.140964","1452","3.142","1658","3.142092","1626","3.139904","1649","3.1413","1663","3.13918","1648","3.141236","1531","3.141392","1624","3.141428","1559","3.139884","1530","3.145548","1652","3.139604","1651","3.144308","1626","3.141616","1651","3.139588","1688","3.141728","1653","3.140464","1651","3.143928","1610","3.14206","1673","3.13954","1649","3.140716","1598","3.139592","1652","3.139816","1651","3.141644","1650","3.140964","1681","3.14068","1653","3.14326","1651","3.141256","1654","3.13922","1651","3.140928","1658","3.143068","1586","3.14156","1650","3.14086","1650","3.138952","1659","3.1408","1686","3.13772","1656","3.141952","1650","3.142384","1686","3.141136","1671","3.142268","1696","3.143332","1666","3.141184","1672","3.1388","1666","3.140004","1662","3.140464","1678","3.140096","1651","3.14028","1658","3.137776","1666","3.141824","1696","3.142124","1664","3.143328","1654","3.140348","1696","3.140552","1696","3.138092","1652","3.142136","1648","3.141716","1696","3.141008","1695","3.14414","1695","3.141112","1634","3.140056","1659","3.144324","1652","3.14084","1695","3.140784","1645","3.1428","1625","3.140204","1625","3.139996","1624","3.141552","1624","3.140188","1624","3.141012","1624","3.14216","1624","3.141536839999999","1611","1762"
"93","3.14096","895","3.143168","627","3.14234","1070","3.140884","1718","3.144552","1754","3.139072","1755","3.142636","1753","3.141512","1760","3.143992","1753","3.14202","1753","3.14012","1753","3.142736","1752","3.143776","1754","3.143036","1753","3.14136","1705","3.14368","1752","3.143536","1713","3.141776","1675","3.142552","1756","3.13944","1713","3.14172","1752","3.140728","1753","3.139848","1752","3.139584","1753","3.141612","1753","3.140992","1719","3.144284","1716","3.141972","1752","3.138756","1753","3.1408","1718","3.14002","1751","3.140964","1752","3.139856","1751","3.141484","1753","3.1405","1752","3.14196","1752","3.138476","1759","3.142192","1718","3.141584","1754","3.142044","1751","3.143488","1751","3.142","1692","3.141096","1753","3.140412","1753","3.139176","1752","3.14072","1751","3.139724","1724","3.143368","1753","3.143188","1759","3.14312","1751","3.141692","1759","3.143788","1753","3.14084","1752","3.139","1751","3.141144","1752","3.141244","1754","3.1419","1752","3.142064","1712","3.140376","1751","3.139352","1752","3.143532","1755","3.13892","1752","3.141024","1755","3.139444","1751","3.144132","1752","3.141052","1752","3.145924","1759","3.14328","1751","3.145136","1751","3.139868","1751","3.142256","1759","3.141844","1751","3.14094","1751","3.141868","1759","3.141728","1754","3.139172","1754","3.145024","1751","3.138656","1751","3.141816","1688","3.142664","1751","3.143492","1719","3.143228","1752","3.143208","1752","3.141192","1759","3.142696","1754","3.13996","1721","3.1423","1751","3.142256","1671","3.141856","1759","3.143104","1759","3.139292","1720","3.14064","1752","3.14256","1753","3.141836","1752","3.1408","1759","3.140864","1752","3.1443","1752","3.13824","1759","3.142136","1751","3.142892","1701","3.1416534800000004","1718","1761"
"94","3.143576","188","3.139668","1658","3.141364","1647","3.141112","1637","3.14052","1647","3.140476","1626","3.140508","1626","3.14194","1637","3.141104","1647","3.142356","1637","3.142688","1626","3.143628","1626","3.14078","1646","3.144028","1627","3.142188","1627","3.141652","1647","3.142292","1632","3.139152","1642","3.142916","1598","3.143284","1692","3.142884","1626","3.141604","1579","3.141752","1692","3.142136","1649","3.143764","1635","3.140768","1565","3.1411","1626","3.143384","1621","3.144028","1659","3.142028","1617","3.14246","1682","3.141528","1682","3.143148","1683","3.142048","1682","3.141516","1659","3.145616","1586","3.142892","1682","3.14264","1645","3.142336","1682","3.142472","1646","3.14198","1654","3.141096","1682","3.143048","1638","3.141812","1687","3.142536","1654","3.140744","1656","3.142268","1634","3.140744","1617","3.140876","1682","3.140032","1655","3.14086","1656","3.140284","1683","3.140908","1634","3.143504","1650","3.144724","1637","3.14108","1631","3.139704","1644","3.140472","1707","3.141644","1649","3.139108","1656","3.139556","1638","3.144232","1682","3.142276","1696","3.142368","1712","3.138536","1647","3.14158","1712","3.144396","1690","3.139492","1679","3.143148","1668","3.144168","1712","3.145764","1716","3.141068","1712","3.137232","1708","3.142204","1706","3.142388","1707","3.142144","1702","3.144736","1703","3.139136","1701","3.141988","1709","3.138564","1701","3.141036","1715","3.144804","1715","3.138528","1717","3.142108","1700","3.140456","1714","3.141544","1701","3.141436","1713","3.143136","1700","3.140576","1714","3.140156","1716","3.143008","1700","3.141696","1701","3.138908","1700","3.140844","1707","3.136964","1716","3.142224","1674","3.138448","1679","3.140548","1684","3.14146","1685","3.143072","1680","3.141686880000001","1652","1779"
"95","3.142852","276","3.141036","1716","3.143096","1768","3.141764","1768","3.1414","1768","3.142412","1768","3.141908","1769","3.141276","1768","3.139724","1768","3.143724","1768","3.14168","1605","3.139392","1768","3.14066","1716","3.141688","1716","3.145528","1768","3.140508","1768","3.13946","1696","3.144012","1696","3.14372","1768","3.140512","1698","3.141172","1768","3.140508","1768","3.142992","1768","3.144512","1768","3.137888","1768","3.141008","1768","3.142032","1768","3.142388","1768","3.142928","1768","3.141596","1768","3.139116","1696","3.145056","1768","3.14436","1726","3.140492","1732","3.143612","1726","3.144004","1726","3.14118","1730","3.141632","1726","3.141116","1744","3.144452","1726","3.143068","1668","3.142028","1735","3.14318","1725","3.13928","1734","3.142188","1737","3.139672","1743","3.139104","1726","3.140692","1726","3.142124","1738","3.140288","1729","3.145392","1730","3.142148","1725","3.14126","1737","3.141172","1743","3.14344","1736","3.140424","1725","3.14182","1735","3.140352","1736","3.142004","1731","3.143964","1725","3.141684","1743","3.140732","1743","3.139556","1731","3.140196","1725","3.139408","1735","3.1428","1743","3.141044","1725","3.143748","1725","3.141088","1728","3.14222","1735","3.139788","1731","3.141132","1737","3.140328","1729","3.140868","1731","3.1407","1734","3.14306","1743","3.14328","1725","3.139572","1739","3.139508","1728","3.138996","1725","3.1423","1651","3.14066","1742","3.14012","1725","3.141976","1739","3.1427","1713","3.143788","1713","3.1418","1713","3.14094","1713","3.141516","1708","3.141736","1703","3.141892","1704","3.140604","1705","3.1399","1713","3.14124","1706","3.144644","1713","3.145","1691","3.142296","1691","3.139652","1679","3.137892","1687","3.142132","1691","3.1416449200000005","1716","1788"
"96","3.139988","201","3.142284","646","3.141056","1732","3.141064","1712","3.140748","1674","3.141452","1672","3.13776","1732","3.14244","1732","3.142304","1732","3.141388","1732","3.144212","1732","3.13966","1711","3.143296","1732","3.140324","1712","3.140304","1732","3.141776","1732","3.143216","1663","3.141032","1671","3.141284","1732","3.140788","1732","3.139632","1732","3.140772","1732","3.144752","1732","3.142528","1711","3.142876","1711","3.142452","1664","3.141808","1732","3.140464","1732","3.145708","1732","3.141916","1710","3.141116","1711","3.141008","1712","3.14158","1573","3.141772","1702","3.138828","1702","3.139704","1703","3.142812","1702","3.1406","1701","3.141948","1683","3.142992","1702","3.14208","1701","3.139764","1702","3.141864","1702","3.141964","1646","3.142276","1702","3.143624","1702","3.141372","1699","3.14178","1690","3.142416","1659","3.140716","1690","3.141392","1690","3.14232","1701","3.142344","1696","3.141124","1697","3.141588","1696","3.143748","1690","3.141208","1659","3.143584","1695","3.140392","1696","3.14234","1689","3.141852","1690","3.141704","1708","3.142628","1650","3.14304","1705","3.142744","1701","3.141236","1697","3.141768","1638","3.139608","1687","3.141156","1704","3.140624","1704","3.14144","1693","3.139956","1684","3.144084","1691","3.1426","1678","3.13982","1692","3.141556","1692","3.143208","1688","3.140092","1677","3.139476","1693","3.140896","1689","3.141076","1670","3.142412","1674","3.140972","1673","3.144688","1668","3.144084","1674","3.141504","1672","3.1413","1666","3.139332","1673","3.141892","1672","3.144228","1671","3.141052","1669","3.1412","1671","3.143648","1668","3.140372","1673","3.142024","1671","3.13972","1672","3.143068","1674","3.142524","1671","3.142564","1664","3.144364","1672","3.14171052","1667","1757"
"97","3.14112","50","3.1402","1702","3.144072","1710","3.140516","1689","3.140988","1691","3.142376","1689","3.138968","1699","3.14356","1690","3.14104","1689","3.14122","1689","3.140692","1712","3.139676","1689","3.139248","1689","3.143008","1703","3.14186","1689","3.141264","1702","3.143948","1644","3.141804","1689","3.140652","1689","3.142488","1710","3.141176","1710","3.141788","1689","3.138324","1693","3.138144","1689","3.141008","1689","3.143032","1643","3.143772","1689","3.141324","1689","3.141904","1654","3.142392","1655","3.141492","1689","3.141968","1699","3.139544","1693","3.14382","1700","3.141316","1647","3.143248","1713","3.141628","1683","3.143796","1695","3.142504","1716","3.1471","1647","3.140104","1713","3.142292","1675","3.141328","1692","3.1404","1689","3.141748","1697","3.141448","1697","3.141492","1700","3.141144","1676","3.13956","1671","3.138472","1656","3.1438","1697","3.14266","1663","3.142508","1697","3.142436","1701","3.141672","1669","3.138424","1697","3.14312","1631","3.14474","1652","3.140112","1697","3.141776","1702","3.141564","1697","3.14278","1697","3.142168","1654","3.139644","1703","3.14432","1697","3.144916","1697","3.139812","1697","3.14228","1702","3.143688","1663","3.140476","1699","3.141388","1697","3.143032","1638","3.141164","1671","3.14248","1697","3.138656","1697","3.14092","1667","3.139712","1703","3.14236","1645","3.142744","1678","3.139676","1697","3.142896","1631","3.143504","1659","3.140772","1697","3.142004","1675","3.142764","1697","3.143296","1672","3.140444","1697","3.142072","1697","3.141792","1662","3.143508","1659","3.140388","1697","3.142496","1673","3.142364","1696","3.142836","1651","3.14158","1668","3.145348","1701","3.142688","1674","3.141748","1667","3.14386","1677","3.144612","1697","3.14181968","1668","1762"
"98","3.141232","1402","3.140724","1383","3.140228","1384","3.139432","1357","3.139768","1295","3.139168","1384","3.141736","1396","3.143496","1444","3.142584","1489","3.143728","1489","3.140232","1489","3.140488","1627","3.142748","1467","3.141772","1444","3.14032","1559","3.144156","1719","3.14234","1489","3.143128","1502","3.139404","1489","3.140712","1555","3.141088","1580","3.1414","1502","3.14286","1724","3.142296","1518","3.141588","1563","3.140544","1638","3.141032","1717","3.143544","1626","3.14034","1572","3.139924","1638","3.1395","1461","3.140528","1722","3.141676","1748","3.139192","1715","3.14036","1715","3.140312","1747","3.140588","1710","3.14392","1747","3.138476","1747","3.142436","1720","3.144116","1709","3.138804","1747","3.1396","1747","3.1428","1747","3.143508","1713","3.142688","1747","3.14314","1711","3.140472","1720","3.141132","1747","3.142564","1727","3.144772","1710","3.143792","1721","3.14092","1747","3.1403","1747","3.142628","1729","3.141476","1704","3.141188","1747","3.141864","1747","3.143136","1747","3.142736","1708","3.141696","1716","3.1415","1728","3.140264","1715","3.142844","1747","3.145016","1655","3.140952","1727","3.140388","1747","3.141052","1747","3.143612","1747","3.142848","1733","3.14372","1733","3.142516","1694","3.141628","1697","3.141976","1733","3.14108","1733","3.1412","1733","3.143","1733","3.141436","1703","3.142576","1733","3.138636","1732","3.142376","1732","3.142304","1733","3.141676","1708","3.139228","1733","3.139448","1713","3.142144","1698","3.138352","1733","3.139372","1698","3.139668","1733","3.13976","1706","3.144264","1733","3.141908","1712","3.143588","1732","3.142012","1733","3.138684","1733","3.140748","1733","3.139324","1712","3.138728","1732","3.142196","1732","3.14072","1705","3.1414507599999992","1660","1771"
"99","3.145204","315","3.140024","1732","3.146512","1756","3.143588","1745","3.139072","1760","3.142564","1761","3.14184","1762","3.139492","1761","3.139208","1728","3.141276","1763","3.141532","1755","3.145272","1756","3.14176","1760","3.143192","1743","3.140648","1760","3.141564","1739","3.141204","1758","3.143344","1746","3.140784","1731","3.143072","1755","3.142916","1756","3.142788","1759","3.141224","1762","3.138828","1764","3.1416","1761","3.143864","1762","3.14226","1757","3.140768","1784","3.14098","1742","3.141988","1735","3.140568","1728","3.144468","1757","3.14074","1755","3.141244","1717","3.143644","1762","3.142508","1715","3.141816","1757","3.141956","1755","3.144188","1763","3.141452","1763","3.14136","1726","3.139396","1758","3.14166","1763","3.139812","1730","3.1423","1757","3.144008","1679","3.141772","1761","3.140472","1755","3.140708","1731","3.141028","1764","3.140908","1739","3.1418","1759","3.140264","1760","3.141624","1715","3.14212","1742","3.143516","1740","3.140368","1717","3.143292","1746","3.140376","1759","3.141556","1743","3.140476","1732","3.140516","1762","3.139972","1727","3.140876","1758","3.14102","1751","3.141584","1758","3.143664","1757","3.139312","1744","3.141768","1760","3.143244","1756","3.140096","1740","3.141948","1715","3.142732","1740","3.139948","1695","3.140236","1695","3.141","1686","3.143304","1686","3.141204","1685","3.140932","1685","3.141536","1686","3.144396","1685","3.141792","1685","3.140412","1686","3.142108","1686","3.140248","1662","3.142708","1685","3.137944","1685","3.14238","1654","3.13918","1685","3.141036","1685","3.143044","1685","3.14028","1685","3.141692","1685","3.141204","1686","3.141488","1685","3.145564","1685","3.142144","1685","3.140988","1685","3.14056","1685","3.140488","1662","3.141643159999999","1716","1786"
"100","3.141012","338","3.138168","1678","3.1396","1754","3.142628","1677","3.14188","1677","3.143536","1133","3.144092","1743","3.141108","1728","3.140076","1756","3.141744","1313","3.144444","1728","3.14034","1665","3.143328","1743","3.140624","1755","3.142844","1754","3.142744","1314","3.140912","1690","3.142336","1313","3.14188","1702","3.140052","1229","3.139976","1701","3.140516","1678","3.141316","1689","3.142008","1666","3.140272","1701","3.144632","1701","3.142776","1684","3.142256","1700","3.14132","1715","3.13924","1702","3.138064","1685","3.142996","1711","3.141472","1678","3.143232","1689","3.141464","1666","3.144524","1695","3.14428","1700","3.143296","1700","3.142488","1691","3.143116","1687","3.140904","1700","3.143152","1688","3.14276","1656","3.141856","1695","3.142748","1674","3.14432","1682","3.140504","1700","3.141752","1694","3.140976","1671","3.142848","1700","3.139196","1655","3.139308","1695","3.143732","1688","3.142844","1683","3.142444","1700","3.140408","1686","3.143116","1677","3.140852","1689","3.143824","1674","3.141584","1701","3.14322","1685","3.141476","1677","3.141404","1689","3.139648","1682","3.142852","1690","3.1408","1694","3.141904","1699","3.140576","1616","3.141396","1695","3.142752","1693","3.14114","1671","3.1414","1653","3.13954","1675","3.141156","1686","3.141188","1675","3.143168","1685","3.142244","1676","3.141904","1676","3.140852","1670","3.138576","1685","3.14296","1683","3.140464","1683","3.140868","1680","3.141296","1685","3.141516","1686","3.1398","1677","3.141032","1680","3.14252","1656","3.139496","1675","3.14052","1683","3.143512","1680","3.138252","1678","3.142224","1684","3.14156","1686","3.144256","1684","3.141592","1679","3.142332","1671","3.140132","1682","3.142036","1676","3.14224","1680","3.1416752400000005","1653","1777"
"Averages","3.14148172","533","3.1416513599999987","1352","3.141750839999998","1471","3.141747800000001","1501","3.1415149599999994","1525","3.14119056","1528","3.1415157199999992","1565","3.141595399999998","1594","3.141452239999999","1590","3.14157432","1573","3.14169168","1588","3.1414539599999993","1604","3.1417538400000007","1625","3.1415642399999992","1607","3.1413395999999993","1618","3.14153232","1632","3.1413757199999996","1642","3.1416827199999995","1659","3.14174968","1665","3.1418296399999996","1660","3.1415039999999994","1670","3.1413073600000008","1669","3.141645879999999","1680","3.1414171600000005","1679","3.1415837600000005","1682","3.14142252","1676","3.1417306799999993","1692","3.14187144","1696","3.1416405199999997","1691","3.141585319999999","1688","3.1415039199999986","1695","3.14173484","1705","3.1413571200000003","1706","3.1419071999999995","1711","3.1414539999999986","1705","3.141503280000001","1714","3.1417106400000008","1708","3.1416788","1713","3.1414573600000004","1712","3.141625840000001","1710","3.14186272","1712","3.141513039999999","1714","3.1416853999999996","1714","3.141828040000001","1714","3.14168276","1712","3.1416884","1713","3.1414659999999994","1713","3.141541679999999","1716","3.1413870000000026","1711","3.1416993600000014","1714","3.1414979200000004","1708","3.141586119999999","1713","3.14159324","1716","3.1415017599999993","1710","3.141715599999999","1715","3.1419147999999995","1710","3.141521200000002","1709","3.141360239999999","1716","3.141795880000002","1714","3.1412276799999996","1712","3.14189436","1716","3.141666080000001","1712","3.1413478400000012","1713","3.1416970000000015","1715","3.1416061600000007","1715","3.141629999999999","1714","3.1414168799999986","1713","3.1418028000000002","1713","3.1419306399999996","1711","3.1417198","1717","3.1417586399999995","1715","3.14150488","1711","3.1415580400000005","1711","3.1413596400000006","1710","3.1410770399999994","1711","3.1413711199999996","1709","3.141429800000002","1710","3.1414312399999993","1707","3.1414126799999997","1710","3.1414014400000014","1708","3.1414387599999984","1704","3.141724920000001","1703","3.1415430400000015","1706","3.1415487599999987","1707","3.141632760000001","1701","3.1415181199999993","1702","3.14148996","1704","3.141869439999999","1700","3.1415305600000014","1701","3.1415542399999996","1699","3.1417574799999994","1698","3.1414441200000027","1698","3.141555079999999","1694","3.1418897600000015","1698","3.1417945599999997","1697","3.1417833999999996","1695","3.1414548000000013","1696","3.1413444399999992","1693","3.1417659599999994","1691","3.141486160000001","1691","3.1415830120000003","1669","1830"
