"Iteration Count","Job[1] Result","Job[1] Runtime (ms)","Job[2] Result","Job[2] Runtime (ms)","Job[3] Result","Job[3] Runtime (ms)","Job[4] Result","Job[4] Runtime (ms)","Job[5] Result","Job[5] Runtime (ms)","Job[6] Result","Job[6] Runtime (ms)","Job[7] Result","Job[7] Runtime (ms)","Job[8] Result","Job[8] Runtime (ms)","Job[9] Result","Job[9] Runtime (ms)","Job[10] Result","Job[10] Runtime (ms)","Job[11] Result","Job[11] Runtime (ms)","Job[12] Result","Job[12] Runtime (ms)","Job[13] Result","Job[13] Runtime (ms)","Job[14] Result","Job[14] Runtime (ms)","Job[15] Result","Job[15] Runtime (ms)","Job[16] Result","Job[16] Runtime (ms)","Job[17] Result","Job[17] Runtime (ms)","Job[18] Result","Job[18] Runtime (ms)","Job[19] Result","Job[19] Runtime (ms)","Job[20] Result","Job[20] Runtime (ms)","Job[21] Result","Job[21] Runtime (ms)","Job[22] Result","Job[22] Runtime (ms)","Job[23] Result","Job[23] Runtime (ms)","Job[24] Result","Job[24] Runtime (ms)","Job[25] Result","Job[25] Runtime (ms)","Job[26] Result","Job[26] Runtime (ms)","Job[27] Result","Job[27] Runtime (ms)","Job[28] Result","Job[28] Runtime (ms)","Job[29] Result","Job[29] Runtime (ms)","Job[30] Result","Job[30] Runtime (ms)","Job[31] Result","Job[31] Runtime (ms)","Job[32] Result","Job[32] Runtime (ms)","Job[33] Result","Job[33] Runtime (ms)","Job[34] Result","Job[34] Runtime (ms)","Job[35] Result","Job[35] Runtime (ms)","Job[36] Result","Job[36] Runtime (ms)","Job[37] Result","Job[37] Runtime (ms)","Job[38] Result","Job[38] Runtime (ms)","Job[39] Result","Job[39] Runtime (ms)","Job[40] Result","Job[40] Runtime (ms)","Job[41] Result","Job[41] Runtime (ms)","Job[42] Result","Job[42] Runtime (ms)","Job[43] Result","Job[43] Runtime (ms)","Job[44] Result","Job[44] Runtime (ms)","Job[45] Result","Job[45] Runtime (ms)","Job[46] Result","Job[46] Runtime (ms)","Job[47] Result","Job[47] Runtime (ms)","Job[48] Result","Job[48] Runtime (ms)","Job[49] Result","Job[49] Runtime (ms)","Job[50] Result","Job[50] Runtime (ms)","Job[51] Result","Job[51] Runtime (ms)","Job[52] Result","Job[52] Runtime (ms)","Job[53] Result","Job[53] Runtime (ms)","Job[54] Result","Job[54] Runtime (ms)","Job[55] Result","Job[55] Runtime (ms)","Job[56] Result","Job[56] Runtime (ms)","Job[57] Result","Job[57] Runtime (ms)","Job[58] Result","Job[58] Runtime (ms)","Job[59] Result","Job[59] Runtime (ms)","Job[60] Result","Job[60] Runtime (ms)","Job[61] Result","Job[61] Runtime (ms)","Job[62] Result","Job[62] Runtime (ms)","Job[63] Result","Job[63] Runtime (ms)","Job[64] Result","Job[64] Runtime (ms)","Job[65] Result","Job[65] Runtime (ms)","Job[66] Result","Job[66] Runtime (ms)","Job[67] Result","Job[67] Runtime (ms)","Job[68] Result","Job[68] Runtime (ms)","Job[69] Result","Job[69] Runtime (ms)","Job[70] Result","Job[70] Runtime (ms)","Job[71] Result","Job[71] Runtime (ms)","Job[72] Result","Job[72] Runtime (ms)","Job[73] Result","Job[73] Runtime (ms)","Job[74] Result","Job[74] Runtime (ms)","Job[75] Result","Job[75] Runtime (ms)","Job[76] Result","Job[76] Runtime (ms)","Job[77] Result","Job[77] Runtime (ms)","Job[78] Result","Job[78] Runtime (ms)","Job[79] Result","Job[79] Runtime (ms)","Job[80] Result","Job[80] Runtime (ms)","Job[81] Result","Job[81] Runtime (ms)","Job[82] Result","Job[82] Runtime (ms)","Job[83] Result","Job[83] Runtime (ms)","Job[84] Result","Job[84] Runtime (ms)","Job[85] Result","Job[85] Runtime (ms)","Job[86] Result","Job[86] Runtime (ms)","Job[87] Result","Job[87] Runtime (ms)","Job[88] Result","Job[88] Runtime (ms)","Job[89] Result","Job[89] Runtime (ms)","Job[90] Result","Job[90] Runtime (ms)","Job[91] Result","Job[91] Runtime (ms)","Job[92] Result","Job[92] Runtime (ms)","Job[93] Result","Job[93] Runtime (ms)","Job[94] Result","Job[94] Runtime (ms)","Job[95] Result","Job[95] Runtime (ms)","Job[96] Result","Job[96] Runtime (ms)","Job[97] Result","Job[97] Runtime (ms)","Job[98] Result","Job[98] Runtime (ms)","Job[99] Result","Job[99] Runtime (ms)","Job[100] Result","Job[100] Runtime (ms)","Average Result","Average Runtime (ms)","Total Runtime (ms)"
"1","3.141428","379","3.145012","564","3.14206","846","3.142636","1350","3.143832","1033","3.140196","1320","3.14182","1320","3.142548","1320","3.137712","1502","3.140792","1355","3.144736","1419","3.141936","1319","3.141004","1469","3.140492","1353","3.13916","1387","3.143784","1319","3.1454","1354","3.14358","1445","3.141632","1501","3.139212","1416","3.139116","1467","3.139856","1473","3.140544","1758","3.142444","1758","3.138372","1758","3.14294","1741","3.140076","1758","3.140988","1740","3.141472","1758","3.141916","1757","3.14106","1740","3.14142","1739","3.141092","1757","3.139076","1757","3.13982","1740","3.139244","1740","3.141704","1739","3.140816","1757","3.144416","1740","3.139256","1732","3.139768","1732","3.140028","1749","3.139844","1748","3.1432","1748","3.139152","1748","3.141024","1747","3.14114","1691","3.14104","1674","3.141616","1673","3.142684","1674","3.141852","1674","3.138984","1690","3.139496","1690","3.142392","1690","3.140228","1690","3.142668","1673","3.14328","1690","3.143092","1690","3.144016","1690","3.141152","1690","3.140964","1689","3.141744","1671","3.142576","1690","3.14378","1689","3.141172","1672","3.142284","1672","3.14098","1672","3.140588","1671","3.143036","1661","3.141728","1677","3.141416","1678","3.142124","1677","3.142","1660","3.141508","1677","3.14268","1660","3.139116","1660","3.14346","1660","3.13934","1677","3.141296","1659","3.140088","1677","3.1443","1677","3.141544","1659","3.1394","1677","3.140084","1676","3.13992","1676","3.140392","1676","3.141416","1677","3.14026","1676","3.14212","1676","3.13996","1659","3.13838","1658","3.14028","1659","3.144468","1657","3.140124","1675","3.141268","1675","3.141192","1461","3.143904","1461","3.1413","1461","3.140844","1461","3.142608","1461","3.141369000000001","1592","6757"
"2","3.14114","59","3.143608","1073","3.140956","769","3.141212","797","3.146288","1051","3.140392","1114","3.14158","905","3.141664","946","3.14416","1096","3.139664","1050","3.143256","1049","3.144796","1073","3.13978","770","3.139296","844","3.141624","868","3.14152","1096","3.1422","796","3.141908","1050","3.140292","1095","3.141944","905","3.141336","1055","3.142652","1014","3.141188","1014","3.14324","1013","3.141004","1013","3.14226","1012","3.142208","1013","3.142972","1013","3.140444","1013","3.14154","1012","3.143028","1013","3.14096","1013","3.140524","1013","3.139984","1013","3.14002","1013","3.143192","1013","3.144424","1013","3.13996","1012","3.144304","1012","3.14288","1013","3.142816","1013","3.141732","1013","3.142528","1012","3.14208","1013","3.141396","1013","3.139856","995","3.139952","995","3.139972","1013","3.141928","1013","3.143412","1012","3.14432","1012","3.144728","1012","3.142556","1013","3.140696","1013","3.139168","1012","3.138532","1012","3.144296","1012","3.138984","1012","3.141156","1012","3.142944","1012","3.143204","1011","3.142864","1012","3.14094","1012","3.14218","994","3.141176","1012","3.14054","1012","3.138908","1011","3.146812","1012","3.139848","1011","3.140608","1011","3.143628","1012","3.142412","1011","3.142156","1011","3.139636","1011","3.140188","1011","3.141284","1011","3.137704","1012","3.14034","1011","3.145792","1011","3.139648","1011","3.138824","992","3.142744","991","3.140784","939","3.14278","927","3.141364","927","3.137892","927","3.141944","927","3.139064","927","3.141852","927","3.141092","927","3.140556","927","3.143356","927","3.14302","927","3.143336","923","3.141244","921","3.143008","915","3.139284","915","3.141812","915","3.14112","914","3.143632","914","3.14167028","977","1116"
"3","3.143756","91","3.14182","90","3.143624","102","3.141628","1178","3.142792","1179","3.138944","1155","3.141932","1155","3.140216","1178","3.138964","1179","3.140796","1178","3.14078","1106","3.139532","1177","3.140616","1178","3.14112","1178","3.140196","1178","3.140304","1177","3.141112","1178","3.141016","1177","3.139268","1155","3.143208","1155","3.140356","1177","3.140644","1177","3.143812","1154","3.143852","1177","3.137616","1154","3.142492","1155","3.14088","1155","3.143092","1177","3.142712","1177","3.142596","1178","3.140464","1178","3.142756","1177","3.140468","1154","3.1422","1178","3.140412","1154","3.14388","1178","3.142328","1177","3.143028","1178","3.14236","1178","3.143212","1176","3.14512","1177","3.141436","1155","3.144212","1177","3.14358","1178","3.138844","1176","3.142512","1153","3.143848","1177","3.141564","1178","3.140704","1176","3.140792","1176","3.139608","1176","3.140248","1176","3.14176","1154","3.143432","1176","3.144164","1113","3.139788","1094","3.141212","1095","3.14304","1093","3.141412","1094","3.140028","1093","3.140336","1093","3.141984","1093","3.14028","1094","3.143832","1093","3.142652","1093","3.1421","1094","3.144136","1094","3.14172","1094","3.140604","1094","3.143244","1093","3.141796","1093","3.141324","1092","3.137336","1094","3.139748","1093","3.139048","1093","3.14172","1092","3.142248","1093","3.142652","1093","3.141712","1093","3.142724","1094","3.14084","1093","3.14272","1094","3.141724","1093","3.140704","1094","3.145024","1094","3.141048","1093","3.143828","1093","3.138368","1093","3.139372","1093","3.142668","1092","3.143356","1094","3.140368","1092","3.140208","1094","3.13788","1093","3.141584","1093","3.14016","1093","3.143204","1092","3.145036","1092","3.141628","1079","3.142524","1078","3.141615280000001","1102","1186"
"4","3.140112","25","3.14278","1305","3.140704","1325","3.139424","1325","3.141292","1284","3.144476","1304","3.142824","1304","3.145044","1304","3.141756","1325","3.141204","1301","3.1438","1322","3.142432","1321","3.143772","1321","3.139296","1321","3.14166","1321","3.138792","1299","3.141492","1299","3.142252","1322","3.139268","1281","3.143768","1321","3.1397","1321","3.142168","1300","3.14412","1300","3.1423","1322","3.142184","1286","3.139644","1307","3.14182","1308","3.143232","1286","3.142016","1307","3.138236","1306","3.143608","1307","3.141004","1307","3.140628","1306","3.141372","1265","3.140628","1306","3.13904","1306","3.142912","1306","3.14052","1304","3.138784","1305","3.144028","1305","3.142808","1305","3.14272","1304","3.14508","1304","3.140644","1305","3.14274","1284","3.140888","1305","3.140728","1292","3.140676","1291","3.14288","1292","3.140924","1292","3.141628","1291","3.139288","1292","3.13862","1292","3.141448","1291","3.142244","1290","3.140188","1291","3.1407","1292","3.13946","1291","3.141096","1291","3.139356","1291","3.141784","1269","3.14112","1291","3.143216","1270","3.141052","1290","3.145","1291","3.140996","1291","3.138532","1291","3.139892","1291","3.14026","1292","3.142132","1291","3.14274","1291","3.141524","1290","3.136516","1291","3.145432","1291","3.140936","1290","3.143268","1269","3.141076","1291","3.144904","1290","3.143","1291","3.137936","1291","3.138896","1291","3.140832","1291","3.14094","1291","3.139132","1287","3.140316","1286","3.142196","1286","3.142156","1286","3.142208","1286","3.140196","1285","3.14264","1286","3.144312","1286","3.141432","1276","3.143224","1259","3.139764","1260","3.141032","1259","3.144572","1260","3.13872","1251","3.138692","1245","3.141092","1244","3.141984","1235","3.1414386000000003","1280","1327"
"5","3.139708","768","3.140532","766","3.142972","1120","3.1412","1086","3.139272","1258","3.140884","1116","3.142392","1259","3.14362","1086","3.143336","1258","3.140852","1116","3.13818","1138","3.141992","1062","3.139396","1116","3.142912","1115","3.144072","1257","3.142884","1101","3.144048","1244","3.144196","1243","3.14024","1244","3.142488","1243","3.141616","1101","3.141436","1243","3.14568","1208","3.143536","1244","3.14406","1243","3.142504","1243","3.142656","1243","3.141752","1243","3.1436","1243","3.144676","1243","3.141676","1225","3.143376","1224","3.141256","1261","3.140868","1218","3.141464","1255","3.138428","1255","3.140596","1255","3.143004","1255","3.141952","1255","3.142324","1218","3.143556","1219","3.14126","1255","3.141524","1219","3.142276","1255","3.14058","1218","3.140036","1255","3.138948","1255","3.141596","1255","3.141548","1218","3.142376","1255","3.142104","1255","3.141132","1218","3.139812","1255","3.143176","1255","3.138624","1254","3.14188","1255","3.14212","1255","3.143696","1255","3.13938","1218","3.14224","1218","3.14314","1218","3.141528","1255","3.14178","1255","3.142672","1218","3.142456","1218","3.14038","1218","3.141188","1218","3.142728","1218","3.142052","1218","3.140824","1254","3.141652","1254","3.140732","1218","3.139872","1215","3.1406","1178","3.139384","1178","3.140424","1214","3.141352","1214","3.14194","1178","3.14278","1214","3.139976","1214","3.141052","1214","3.142592","1214","3.141104","1178","3.143112","1178","3.139668","1214","3.139","1214","3.142124","1215","3.14172","1214","3.142","1214","3.141336","1177","3.139676","1214","3.143136","1178","3.143264","1177","3.14064","1214","3.143712","1214","3.140684","1214","3.14224","1214","3.142876","1214","3.142024","1214","3.139996","1214","3.1416891600000008","1205","1301"
"6","3.143468","1032","3.138696","1037","3.142716","1044","3.139988","1033","3.1426","1041","3.140772","1042","3.141452","1062","3.144872","1043","3.13808","1062","3.142944","1062","3.144208","1043","3.139388","1044","3.14162","1040","3.140488","1037","3.141296","1039","3.14092","1033","3.142364","1033","3.142056","1039","3.13876","1042","3.139224","1033","3.142472","1039","3.14528","1062","3.138216","1032","3.14316","1034","3.141648","1044","3.142076","1044","3.139612","1033","3.142964","1032","3.139348","1041","3.141876","1043","3.14228","1032","3.141732","1042","3.144","1040","3.14086","1032","3.141848","1032","3.142952","1062","3.142908","1032","3.142532","1045","3.140708","1045","3.139948","1044","3.142128","1033","3.141428","1062","3.14046","1033","3.14308","1062","3.14468","1003","3.140496","1039","3.141172","1044","3.143844","1062","3.141952","1032","3.140884","1032","3.145584","1044","3.140628","1032","3.142288","1041","3.141356","1039","3.141128","1042","3.140168","1062","3.140964","1036","3.144312","1062","3.14172","1031","3.14218","1039","3.140848","1044","3.14252","1042","3.139916","1039","3.138668","1040","3.141844","1062","3.142208","1039","3.142412","1042","3.144176","1040","3.141892","1061","3.145008","1042","3.13806","1032","3.146248","1043","3.141244","1061","3.140636","1033","3.14288","1032","3.140916","1038","3.1415","1043","3.141484","1043","3.143636","1044","3.14158","1062","3.143072","1040","3.141812","1031","3.141356","1036","3.142392","1032","3.138708","1032","3.144468","1036","3.144048","1032","3.14252","1042","3.142948","1040","3.140652","1041","3.14272","1039","3.14366","1032","3.14056","1042","3.14062","1042","3.13874","1040","3.140636","1044","3.14018","1042","3.140056","1061","3.145308","1038","3.143552","1032","3.141784679999999","1041","1063"
"7","3.143064","494","3.138312","1000","3.142692","974","3.137384","819","3.142328","819","3.141192","871","3.143976","871","3.141856","1139","3.142424","1140","3.142344","966","3.142088","1139","3.142056","1136","3.14382","1136","3.14072","1157","3.14216","1133","3.13912","1132","3.143312","1111","3.136632","1133","3.14134","1155","3.141804","1132","3.140832","1133","3.146756","1133","3.141616","1160","3.140752","1146","3.139928","1147","3.140248","1125","3.141356","1147","3.14136","1147","3.139804","1151","3.143608","1146","3.141256","1159","3.142168","1159","3.142428","1147","3.138424","1125","3.14168","1148","3.142288","1124","3.14016","1145","3.144504","1146","3.140008","1124","3.143036","1150","3.141052","1124","3.142304","1146","3.1428","1159","3.138736","1146","3.141776","1147","3.139424","1124","3.138832","1146","3.138996","1152","3.142464","1155","3.142832","1125","3.140984","1156","3.143812","1159","3.142124","1124","3.141308","1146","3.1415","1124","3.141028","1157","3.14328","1124","3.1425","1158","3.14074","1148","3.138556","1148","3.137996","1140","3.140312","1141","3.14502","1140","3.139536","1145","3.142532","1149","3.14282","1151","3.142","1142","3.138184","1147","3.144284","1141","3.138648","1143","3.140672","1119","3.142288","1152","3.142124","1154","3.142472","1141","3.141648","1154","3.140772","1140","3.14136","1145","3.142364","1142","3.14342","1141","3.140772","1154","3.14048","1142","3.141152","1141","3.144272","1140","3.140524","1119","3.139404","1119","3.143068","1120","3.141984","1085","3.142644","1120","3.144676","1114","3.14188","1113","3.140932","1120","3.141452","1119","3.141724","1118","3.143492","1120","3.141504","1106","3.141212","1114","3.141584","1107","3.141704","1117","3.140104","1119","3.144124","1120","3.14153024","1114","1183"
"8","3.142688","377","3.14044","1093","3.1452","1100","3.141164","1049","3.141144","1121","3.140112","1070","3.142544","1121","3.1411","1121","3.142408","1092","3.143656","1121","3.140308","1094","3.141112","1121","3.141716","1121","3.13968","1121","3.14156","1121","3.143504","1093","3.141364","1100","3.139956","1091","3.143244","1121","3.138988","1121","3.141516","1093","3.144416","1092","3.14306","1098","3.143036","1093","3.143524","1091","3.13934","1120","3.142688","1091","3.143292","1121","3.13998","1120","3.145216","1120","3.142416","1121","3.141216","1093","3.141832","1091","3.142656","1067","3.144068","1092","3.140344","1101","3.139836","1099","3.140856","1120","3.142196","1093","3.144104","1096","3.140628","1092","3.140216","1092","3.142208","1102","3.139304","1091","3.143472","1120","3.144304","1091","3.141788","1070","3.140436","1069","3.141764","1070","3.142512","1120","3.140652","1120","3.14054","1120","3.14266","1120","3.141944","1095","3.139544","1092","3.143116","1120","3.142336","1120","3.142176","1069","3.141028","1092","3.140384","1120","3.14324","1120","3.141736","1098","3.141552","1120","3.143824","1091","3.142984","1091","3.137964","1120","3.141104","1092","3.14068","1099","3.142012","1069","3.140456","1091","3.141848","1120","3.142888","1094","3.142888","1092","3.140528","1120","3.141516","1098","3.143468","1120","3.138028","1096","3.142332","1120","3.140084","1120","3.14368","1092","3.138248","1092","3.140716","1120","3.141644","1070","3.137312","1070","3.143752","1068","3.138184","1096","3.143808","1092","3.145028","1120","3.142392","1101","3.140744","1096","3.141344","1093","3.143632","1092","3.143408","1091","3.141636","1120","3.139256","1120","3.140888","1095","3.14076","1091","3.139924","1120","3.141508","1067","3.141284","1069","3.141667720000001","1093","1125"
"9","3.143188","247","3.138008","1268","3.14202","1235","3.138276","1268","3.13894","1267","3.142976","1268","3.142596","1267","3.14134","1266","3.140784","1268","3.142548","1268","3.142108","1235","3.140152","1266","3.144824","1266","3.141408","1235","3.139432","1268","3.142456","1266","3.142388","1268","3.140404","1268","3.140812","1267","3.14126","1268","3.142032","1267","3.139448","1266","3.141436","1235","3.138492","1235","3.143328","1235","3.145224","1235","3.14134","1268","3.14288","1266","3.141728","1268","3.143772","1265","3.144196","1235","3.140748","1268","3.14262","1266","3.141532","1234","3.13954","1266","3.141376","1267","3.140144","1268","3.143416","1217","3.142908","1266","3.141628","1235","3.141284","1235","3.139848","1265","3.142108","1266","3.143364","1268","3.142732","1265","3.141572","1267","3.140656","1234","3.141336","1265","3.142296","1268","3.139852","1267","3.141304","1267","3.141448","1265","3.13952","1268","3.143392","1235","3.141904","1265","3.141756","1268","3.141608","1265","3.141896","1265","3.140828","1265","3.14492","1233","3.140348","1267","3.144272","1267","3.141536","1268","3.139404","1268","3.139008","1268","3.140904","1267","3.13978","1267","3.14276","1267","3.140616","1265","3.13966","1267","3.142436","1234","3.144276","1267","3.142456","1268","3.140156","1267","3.14282","1265","3.140008","1266","3.140892","1265","3.145488","1234","3.142848","1267","3.142836","1267","3.141588","1234","3.143148","1268","3.141732","1267","3.140512","1265","3.144284","1234","3.142876","1267","3.13868","1267","3.14284","1249","3.141436","1248","3.14154","1248","3.14186","1248","3.142028","1207","3.142512","1208","3.141004","1187","3.143012","1186","3.143788","1169","3.138428","1169","3.141564","1168","3.139096","1166","3.139692","1165","3.14161456","1241","1270"
"10","3.140184","1120","3.142452","1145","3.141028","1281","3.140588","1119","3.140876","1117","3.143992","1246","3.141804","1281","3.141168","1313","3.141424","1312","3.14052","1313","3.142152","1312","3.142124","1312","3.145808","1312","3.141112","1313","3.143492","1293","3.141624","1313","3.14218","1313","3.141384","1313","3.13944","1312","3.1403","1311","3.138848","1313","3.142076","1312","3.142744","1312","3.142992","1311","3.143268","1313","3.142572","1313","3.142296","1312","3.142076","1312","3.142316","1312","3.1388","1313","3.14322","1312","3.141348","1312","3.139788","1312","3.143524","1312","3.142144","1311","3.144556","1312","3.143944","1312","3.143076","1293","3.138888","1312","3.143072","1311","3.143872","1312","3.143252","1312","3.142116","1311","3.141296","1312","3.142844","1312","3.140836","1312","3.142332","1311","3.140744","1312","3.143464","1312","3.142436","1312","3.143148","1312","3.14246","1312","3.142068","1312","3.14","1313","3.139856","1312","3.143296","1313","3.142832","1312","3.143084","1311","3.144088","1312","3.143664","1311","3.141284","1312","3.13932","1312","3.141252","1311","3.141912","1311","3.140624","1311","3.137872","1311","3.14226","1312","3.14176","1311","3.14052","1311","3.14222","1311","3.142204","1312","3.140228","1311","3.143824","1312","3.142768","1312","3.14332","1311","3.142964","1311","3.14086","1312","3.141796","1312","3.141036","1311","3.139736","1311","3.14174","1312","3.14262","1311","3.141736","1311","3.142576","1312","3.143668","1312","3.140112","1311","3.14318","1311","3.1446","1312","3.140128","1312","3.14184","1311","3.142896","1311","3.139708","1312","3.14338","1311","3.142892","1312","3.141232","1311","3.142088","1311","3.141528","1311","3.142072","1310","3.139892","1311","3.139756","1311","3.141882919999999","1302","1322"
"11","3.140628","69","3.141204","1176","3.139488","1219","3.140604","1242","3.145044","1242","3.141324","1242","3.144376","1242","3.141192","1242","3.142748","1242","3.143204","1221","3.141596","1198","3.141632","1197","3.141192","1242","3.142144","1197","3.140536","1242","3.141968","1150","3.145188","1242","3.14406","1242","3.142184","1242","3.142476","1242","3.141656","1242","3.143244","1242","3.138384","1242","3.141148","1242","3.143696","1242","3.141376","1241","3.14012","1242","3.141768","1198","3.14062","1242","3.140688","1241","3.1416","1197","3.140652","1242","3.140588","1242","3.144324","1242","3.140516","1199","3.141152","1242","3.14184","1242","3.13944","1241","3.13988","1242","3.142","1241","3.142448","1242","3.139364","1241","3.139204","1220","3.14288","1241","3.142552","1241","3.14044","1220","3.140972","1242","3.14166","1242","3.141876","1242","3.138712","1242","3.139624","1241","3.140636","1241","3.139984","1241","3.142704","1241","3.14128","1198","3.138456","1242","3.141276","1241","3.14378","1241","3.139596","1196","3.144084","1242","3.143356","1242","3.14214","1219","3.140712","1241","3.13736","1241","3.140872","1241","3.14106","1215","3.14204","1162","3.138744","1162","3.141976","1162","3.140604","1162","3.140492","1162","3.142596","1162","3.141496","1162","3.140972","1162","3.144332","1162","3.14182","1162","3.142908","1162","3.142004","1162","3.143936","1162","3.143184","1162","3.139016","1162","3.143788","1162","3.140352","1162","3.143388","1162","3.142672","1162","3.142648","1162","3.14414","1162","3.143352","1162","3.138024","1161","3.14312","1162","3.142208","1162","3.140716","1162","3.142924","1162","3.14162","1161","3.14058","1162","3.142356","1162","3.142276","1162","3.141448","1162","3.142404","1162","3.14146","1162","3.1416010399999994","1196","1244"
"12","3.139752","114","3.142152","1133","3.142676","1133","3.143124","1155","3.138476","1155","3.140072","1175","3.144072","1176","3.139776","1155","3.140288","1156","3.141204","1112","3.139504","1113","3.140984","1155","3.140564","1155","3.140356","1133","3.142956","1155","3.143532","1112","3.142616","1133","3.143532","1133","3.140796","1154","3.140788","1087","3.142004","1155","3.14142","1176","3.140828","1154","3.143928","1155","3.142996","1154","3.146572","1133","3.14024","1154","3.14368","1154","3.1417","1113","3.141968","1112","3.140704","1133","3.140376","1154","3.141564","1133","3.139492","1154","3.140564","1154","3.143436","1175","3.142792","1131","3.140724","1130","3.142436","1128","3.141376","1111","3.139104","1111","3.141688","1110","3.141856","1111","3.144308","1111","3.142128","1111","3.139856","1111","3.144152","1111","3.13998","1111","3.1399","1111","3.140044","1110","3.14224","1110","3.140384","1091","3.14184","1110","3.143516","1110","3.141184","1110","3.143448","1110","3.143236","1109","3.14076","1110","3.14178","1109","3.13946","1109","3.144396","1110","3.143264","1110","3.142564","1110","3.145172","1109","3.140572","1110","3.143732","1110","3.1437","1110","3.141624","1110","3.139468","1109","3.14162","1109","3.141224","1110","3.139964","1110","3.14024","1110","3.141848","1110","3.144308","1110","3.141096","1109","3.14186","1109","3.140972","1109","3.144472","1109","3.14122","1109","3.143536","1109","3.143144","1109","3.137404","1110","3.142248","1109","3.142644","1109","3.139644","1109","3.143584","1110","3.140864","1109","3.141752","1109","3.142728","1109","3.14334","1109","3.142444","1109","3.142548","1109","3.13994","1109","3.14124","1109","3.143416","1109","3.1436","1109","3.140912","1109","3.139988","1109","3.140408","1109","3.14175584","1112","1177"
"13","3.13736","753","3.140952","1102","3.142192","1102","3.140968","1011","3.143224","1055","3.13894","1006","3.142172","1097","3.139552","1167","3.143184","1187","3.143612","1186","3.14168","1168","3.145152","1169","3.142144","1188","3.13976","1188","3.143388","1186","3.144836","1094","3.1396","1168","3.141844","1187","3.140468","1186","3.139476","1093","3.14154","1167","3.142248","1167","3.14236","1168","3.144512","1187","3.139068","1167","3.142468","1187","3.140236","1186","3.13892","1186","3.143012","1186","3.144332","1187","3.141512","1186","3.141416","1187","3.13942","1145","3.141708","1186","3.140364","1186","3.141288","1187","3.141792","1187","3.140224","1187","3.144764","1168","3.143576","1168","3.140432","1167","3.14234","1186","3.142932","1159","3.141624","1159","3.139964","1159","3.142788","1156","3.140956","1155","3.143616","1156","3.141112","1156","3.137072","1157","3.140116","1155","3.143628","1157","3.140204","1157","3.139496","1156","3.140944","1157","3.14202","1157","3.139448","1157","3.142408","1157","3.140748","1156","3.141964","1157","3.143616","1137","3.140128","1157","3.13804","1157","3.14038","1151","3.141308","1153","3.14004","1153","3.142508","1153","3.139644","1150","3.14156","1150","3.141172","1149","3.141636","1150","3.139964","1149","3.14044","1150","3.142712","1147","3.141464","1147","3.14048","1148","3.138456","1148","3.144096","1147","3.146092","1148","3.140784","1147","3.141192","1147","3.141016","1146","3.143252","1146","3.143124","1148","3.143384","1148","3.141496","1146","3.140668","1147","3.141928","1148","3.143044","1146","3.143144","1147","3.141892","1147","3.142928","1147","3.142892","1147","3.14478","1147","3.140556","1147","3.140368","1147","3.14008","1147","3.143992","1147","3.1412","1146","3.1437","1147","3.1415823200000017","1149","1198"
"14","3.143144","206","3.141968","1049","3.139784","1009","3.139628","1009","3.14024","965","3.141328","1029","3.138708","1009","3.140456","942","3.138532","1009","3.140296","1009","3.143188","988","3.145864","1033","3.141168","1125","3.14154","1125","3.14164","1126","3.141556","1126","3.14484","1141","3.143844","1126","3.141368","1126","3.141516","1126","3.144276","1126","3.143704","1125","3.14004","1126","3.140896","1125","3.139","1126","3.141248","1125","3.139","1125","3.141252","1125","3.141952","1125","3.139932","1107","3.141284","1126","3.142064","1141","3.140832","1125","3.139212","1141","3.141352","1125","3.140428","1125","3.141744","1125","3.143172","1124","3.139544","1125","3.142212","1125","3.140932","1126","3.143424","1125","3.144112","1125","3.141048","1125","3.14336","1125","3.13984","1126","3.14268","1107","3.141048","1125","3.144052","1126","3.142308","1125","3.142596","1125","3.141592","1141","3.14104","1141","3.140792","1126","3.141176","1126","3.141656","1125","3.14176","1107","3.142616","1125","3.14216","1125","3.138516","1141","3.139652","1125","3.14098","1124","3.142888","1141","3.143468","1125","3.13934","1125","3.140636","1125","3.146128","1126","3.143852","1141","3.140376","1126","3.146348","1141","3.14208","1125","3.141264","1125","3.143284","1087","3.142368","1119","3.14088","1104","3.140656","1119","3.143196","1104","3.141488","1119","3.144852","1119","3.14304","1119","3.143132","1103","3.13922","1103","3.140432","1104","3.140832","1103","3.139152","1119","3.142288","1103","3.140196","1104","3.14102","1104","3.13768","1103","3.145108","1103","3.139016","1118","3.1406","1103","3.14262","1103","3.142348","1103","3.14126","1119","3.143472","1114","3.14082","1114","3.137976","1114","3.13952","1114","3.1413","1099","3.1415522800000026","1099","1158"
"15","3.139504","365","3.140056","892","3.140276","891","3.140712","986","3.139904","891","3.140468","983","3.13954","1036","3.141024","960","3.14116","960","3.141268","960","3.143228","960","3.142252","892","3.136652","961","3.139716","892","3.141688","960","3.139128","892","3.141672","891","3.142192","891","3.140712","892","3.143312","891","3.139684","960","3.142712","892","3.144248","892","3.142892","960","3.138872","907","3.140436","982","3.141352","931","3.140892","907","3.139592","931","3.142432","931","3.142828","982","3.142836","899","3.140788","924","3.1428","950","3.1426","898","3.142976","971","3.142828","949","3.143168","971","3.139384","949","3.14196","971","3.14006","899","3.141072","899","3.140704","950","3.140992","899","3.143876","920","3.141476","899","3.144276","890","3.140684","814","3.143404","912","3.143208","891","3.14226","890","3.140548","879","3.14402","944","3.144444","948","3.144592","943","3.143636","943","3.140324","950","3.141136","942","3.1412","944","3.139752","942","3.140496","944","3.142664","944","3.142864","943","3.140692","942","3.141856","941","3.138068","944","3.141068","950","3.140668","944","3.141352","950","3.141436","948","3.142948","921","3.141348","948","3.14054","944","3.143316","943","3.1416","943","3.143244","948","3.142932","943","3.142096","944","3.141268","944","3.137816","944","3.14006","943","3.140208","940","3.140844","948","3.142468","944","3.140948","948","3.142068","947","3.141596","942","3.14232","943","3.141052","943","3.143344","949","3.1432","941","3.142968","943","3.141844","948","3.141624","948","3.142472","948","3.140572","941","3.140804","943","3.143228","950","3.14182","943","3.142972","949","3.141560919999999","928","1108"
"16","3.140128","1155","3.138856","1128","3.14408","1155","3.141504","1195","3.1416","1195","3.14178","1195","3.141092","1195","3.142536","1195","3.141636","1023","3.140284","1155","3.141896","1155","3.141656","1216","3.139856","1194","3.142668","1194","3.142504","1180","3.139544","1221","3.142172","1241","3.144336","1241","3.138184","1201","3.141068","1241","3.14142","1180","3.14326","1221","3.142192","1221","3.141416","1201","3.142936","1181","3.139652","1180","3.1406","1121","3.143272","1241","3.1422","1180","3.14338","1220","3.141284","1220","3.142248","1201","3.138996","1241","3.140716","1193","3.14258","1206","3.140048","1203","3.143176","1204","3.14232","1204","3.14316","1204","3.14012","1203","3.144084","1204","3.143708","1203","3.141736","1203","3.142344","1203","3.142496","1203","3.144244","1203","3.143116","1203","3.138756","1203","3.14058","1204","3.139384","1203","3.143096","1204","3.140276","1203","3.141576","1203","3.143056","1203","3.141136","1203","3.13768","1184","3.140468","1197","3.142912","1177","3.141512","1197","3.139","1196","3.140376","1196","3.139964","1194","3.13982","1194","3.142092","1194","3.145188","1195","3.14276","1194","3.140384","1194","3.142048","1194","3.140316","1195","3.143244","1195","3.143432","1194","3.141164","1193","3.141268","1194","3.140932","1194","3.14098","1194","3.14228","1194","3.141312","1194","3.143092","1194","3.14002","1194","3.141016","1194","3.13924","1194","3.142752","1194","3.1403","1194","3.142796","1194","3.143164","1194","3.140264","1194","3.139808","1194","3.143408","1194","3.142628","1194","3.142116","1194","3.142448","1175","3.141624","1194","3.14146","1194","3.141044","1194","3.141","1194","3.141016","1194","3.142764","1194","3.13992","1194","3.141296","1193","3.1434","1193","3.1415765199999997","1194","1278"
"17","3.140044","345","3.142456","343","3.141004","1147","3.140468","833","3.142236","834","3.142524","1147","3.14262","833","3.140228","1125","3.142064","1143","3.143028","1144","3.141172","1144","3.13976","1104","3.142216","1144","3.144364","1143","3.142672","1144","3.140856","1124","3.1422","1143","3.142828","1143","3.137228","1143","3.14168","1125","3.14026","1144","3.142448","1143","3.143056","1144","3.140516","1143","3.138636","1144","3.140756","1144","3.142868","1144","3.139688","1125","3.140468","1144","3.143716","1125","3.141","1143","3.1421","1143","3.14256","1144","3.140052","1143","3.14052","1104","3.143216","1125","3.141084","1143","3.139968","1124","3.143836","1123","3.142568","1143","3.138056","1143","3.140712","1144","3.14246","1143","3.141352","1143","3.142004","1144","3.143684","1143","3.140788","1143","3.139764","1143","3.142844","1143","3.140444","1143","3.143496","1143","3.140612","1105","3.13968","1143","3.141548","1143","3.140656","1144","3.143364","1143","3.141732","1136","3.14102","1132","3.14254","1132","3.139412","1111","3.141532","1110","3.14484","1111","3.140072","1110","3.141196","1111","3.14368","1111","3.14116","1110","3.1405","1111","3.14016","1111","3.143012","1110","3.141492","1110","3.14458","1110","3.144364","1110","3.139436","1110","3.1399","1110","3.142664","1110","3.140944","1111","3.140184","1111","3.139472","1110","3.142428","1110","3.141876","1110","3.142108","1110","3.139472","1110","3.140724","1110","3.14262","1110","3.14102","1110","3.140384","1107","3.14146","1108","3.142868","1107","3.140868","1107","3.140292","1107","3.142596","1108","3.140032","1107","3.140568","1107","3.142444","1107","3.142352","1107","3.142592","1107","3.14464","1107","3.140572","1107","3.142144","1107","3.141396","1107","3.1415177600000006","1101","1173"
"18","3.140416","1102","3.141128","1023","3.14132","1159","3.141596","1159","3.139996","1180","3.139056","1179","3.140176","1160","3.141372","1160","3.144152","1141","3.14156","1160","3.13714","1141","3.14026","1120","3.142744","1150","3.143792","1131","3.145016","1150","3.14428","1131","3.137532","1150","3.142436","1170","3.143864","1170","3.144828","1171","3.14262","1170","3.1398","1170","3.141256","1170","3.14334","1150","3.138252","1131","3.143208","1149","3.140344","1131","3.14174","1170","3.13798","1131","3.141276","1170","3.140928","1170","3.139748","1170","3.141412","1170","3.143236","1170","3.140936","1170","3.141004","1150","3.14018","1170","3.139488","1170","3.143284","1170","3.144612","1150","3.14222","1150","3.141644","1170","3.142952","1170","3.142048","1150","3.143128","1170","3.143212","1170","3.139432","1170","3.14188","1150","3.139564","1149","3.140552","1169","3.143196","1156","3.14156","1156","3.143436","1156","3.141632","1136","3.143396","1156","3.13976","1136","3.138616","1156","3.14214","1156","3.142304","1156","3.13862","1156","3.1404","1156","3.141096","1156","3.1426","1156","3.142096","1156","3.14132","1136","3.141424","1156","3.136904","1136","3.143724","1155","3.142212","1156","3.139224","1156","3.141556","1156","3.142836","1155","3.141928","1156","3.140004","1156","3.142824","1086","3.139712","1086","3.14462","1086","3.14194","1086","3.14402","1086","3.14142","1086","3.142396","1085","3.143188","1086","3.142244","1086","3.144108","1063","3.142604","1043","3.142652","1042","3.139424","1042","3.140372","1035","3.140648","1035","3.143436","1035","3.14042","1035","3.142876","1035","3.142284","1034","3.1405","1034","3.141976","1034","3.140704","1031","3.144516","1031","3.142452","1028","3.14122","1028","3.140856","1028","3.1415933600000003","1127","1201"
"19","3.14004","495","3.140252","596","3.14404","774","3.143024","774","3.14352","773","3.141896","691","3.14198","774","3.143168","748","3.14044","774","3.142476","774","3.142856","774","3.144224","748","3.141048","748","3.141128","857","3.142012","748","3.14306","774","3.140016","836","3.14146","990","3.142492","988","3.140376","991","3.13864","954","3.139004","967","3.141048","967","3.143256","989","3.140296","990","3.142664","966","3.142568","967","3.140628","961","3.143412","990","3.144036","969","3.141124","968","3.143636","961","3.141432","960","3.141836","988","3.14028","990","3.141388","961","3.143132","968","3.139276","964","3.139492","965","3.142432","982","3.141904","990","3.142844","1021","3.138292","981","3.1408","980","3.139536","1014","3.142216","981","3.141416","987","3.140708","1012","3.1419","981","3.141696","1012","3.145004","991","3.140204","987","3.144308","1013","3.142532","992","3.143492","989","3.142268","981","3.14168","1014","3.142076","987","3.14026","1014","3.141384","1012","3.140648","1013","3.141468","980","3.14456","987","3.143512","1012","3.143496","1014","3.13788","981","3.138488","983","3.141024","962","3.143356","980","3.14162","968","3.141932","942","3.14298","966","3.139652","975","3.143316","973","3.139872","960","3.13968","969","3.143596","968","3.142956","972","3.144836","960","3.144716","956","3.140704","958","3.143912","961","3.142208","967","3.141212","960","3.140172","967","3.140668","963","3.142744","964","3.143316","966","3.140272","953","3.14142","964","3.140304","953","3.140984","964","3.142676","967","3.144128","963","3.145048","951","3.141704","960","3.141164","960","3.14354","960","3.143628","953","3.141152","956","3.1418415199999985","937","1101"
"20","3.141952","1093","3.139092","1014","3.139596","1013","3.1429","1034","3.14444","1032","3.142648","1034","3.140204","1014","3.139784","1014","3.143348","1013","3.141428","1014","3.141472","1014","3.139632","1012","3.142548","1093","3.141872","1034","3.137488","1014","3.141996","1033","3.140736","1034","3.143388","1012","3.141984","1014","3.141716","1059","3.142704","974","3.144396","1012","3.139176","1033","3.141116","1034","3.142244","1033","3.141452","1015","3.143908","1014","3.14338","1014","3.1428","1014","3.142052","1014","3.143564","1014","3.141568","1014","3.140056","1034","3.14062","1014","3.140756","1012","3.142208","1033","3.141136","1034","3.141748","1032","3.1394","1014","3.142608","1014","3.1415","1064","3.14366","1033","3.141832","1013","3.141684","1014","3.137516","1031","3.145012","1054","3.140212","1021","3.140756","1047","3.139684","1023","3.141072","1045","3.139948","1047","3.139168","1048","3.141324","1047","3.142396","1045","3.142672","1047","3.141296","1048","3.144456","1047","3.136836","1023","3.140104","1054","3.144688","1046","3.140728","1050","3.142284","1055","3.145032","1018","3.140984","1062","3.145344","1047","3.141328","1080","3.142188","1020","3.143784","1045","3.141384","1045","3.143344","1045","3.140772","1023","3.142384","1048","3.14042","1046","3.143584","1046","3.140184","1026","3.140196","1020","3.140256","1045","3.14408","1048","3.144952","1020","3.1446","1046","3.141856","1044","3.142228","1046","3.140316","1080","3.142348","1022","3.143812","1045","3.144092","1047","3.142028","1053","3.140372","1046","3.142908","1047","3.141736","1080","3.14092","1046","3.14346","1051","3.142756","1011","3.141792","1009","3.13968","1009","3.140712","1009","3.140852","1009","3.138488","1009","3.138944","993","3.143288","1009","3.1417134799999995","1032","1093"
"21","3.143472","65","3.14252","651","3.14378","1021","3.13972","1017","3.143592","1016","3.137944","1017","3.143224","1021","3.140848","990","3.147188","994","3.144044","987","3.141888","1019","3.144956","1026","3.1423","1016","3.143548","1017","3.143176","1016","3.14118","1016","3.140592","1016","3.144424","1016","3.141608","1016","3.13862","1017","3.139896","993","3.142372","1017","3.141932","1023","3.143176","1016","3.13974","1017","3.140844","1017","3.137568","1015","3.139844","1023","3.143616","1014","3.144372","1018","3.14502","1020","3.142264","1013","3.140312","1013","3.141044","1013","3.1419","1013","3.140104","1017","3.141928","1013","3.141628","1013","3.1419","1041","3.142716","1013","3.141248","1015","3.141636","1013","3.141292","1012","3.138728","1015","3.141724","1012","3.140748","1013","3.142824","1013","3.141964","1013","3.143508","1015","3.140896","983","3.14382","1013","3.140792","1013","3.139548","1013","3.14034","1017","3.140876","1013","3.140244","1012","3.141084","1013","3.141944","1016","3.141904","1013","3.141772","1013","3.14004","1018","3.138752","1013","3.144264","1013","3.141108","1012","3.140928","972","3.142352","990","3.141912","1017","3.139136","1013","3.139056","1040","3.14066","983","3.142048","982","3.142708","980","3.13978","980","3.139772","980","3.142488","980","3.144044","982","3.143884","980","3.141332","980","3.140984","982","3.141376","980","3.137876","983","3.14198","980","3.139868","980","3.14218","982","3.14148","980","3.14254","975","3.138672","974","3.144028","975","3.141444","975","3.140292","975","3.145788","973","3.142984","972","3.140988","972","3.142932","973","3.140012","975","3.143516","974","3.143936","973","3.143496","975","3.140984","961","3.138888","959","3.141681999999999","988","1049"
"22","3.141856","1126","3.14294","1148","3.142328","1149","3.1401","1149","3.139692","1090","3.143004","1149","3.14306","1149","3.13962","1021","3.141364","1183","3.13996","1089","3.142284","1089","3.138916","1149","3.141036","1072","3.142632","1149","3.143872","1089","3.141832","1090","3.140212","1149","3.142644","1148","3.14108","1149","3.139752","1120","3.142728","1120","3.140008","1119","3.141276","1119","3.143996","1097","3.140452","1120","3.14102","1119","3.140408","1120","3.142424","1119","3.13904","1153","3.143804","1119","3.141664","1120","3.143756","1111","3.142876","1145","3.143324","1145","3.140932","1111","3.1401","1145","3.141668","1111","3.139432","1145","3.140416","1145","3.14318","1111","3.141536","1111","3.143144","1128","3.14194","1128","3.139724","1128","3.140688","1145","3.140276","1145","3.142308","1145","3.139092","1145","3.14446","1128","3.142636","1145","3.138396","1145","3.143036","1145","3.141004","1145","3.142492","1145","3.1419","1145","3.14126","1145","3.142268","1127","3.13958","1145","3.140776","1145","3.13742","1111","3.140496","1144","3.139876","1145","3.14432","1145","3.142624","1145","3.143168","1145","3.140936","1145","3.143672","1127","3.140804","1144","3.143756","1145","3.143308","1110","3.142248","1145","3.14232","1145","3.14248","1145","3.141088","1144","3.142388","1144","3.142152","1145","3.141396","1127","3.135936","1144","3.13798","1145","3.140664","1141","3.14212","1110","3.13824","1110","3.14114","1110","3.143416","1110","3.142856","1110","3.13832","1110","3.141948","1110","3.141816","1109","3.143004","1110","3.143864","1110","3.142156","1110","3.141592","1094","3.141804","1095","3.14042","1091","3.141864","1091","3.144464","1079","3.1439","1080","3.142016","1080","3.141988","1080","3.140252","1080","3.141534160000001","1124","1185"
"23","3.142548","472","3.143196","724","3.142224","724","3.14344","1023","3.14064","724","3.142216","1023","3.138528","830","3.142844","724","3.141424","1001","3.142972","849","3.139464","981","3.142792","1012","3.14206","1035","3.138996","1012","3.142","970","3.142064","1035","3.141468","990","3.141812","1010","3.13872","990","3.143252","1011","3.140648","1012","3.143148","1012","3.14414","1035","3.139944","1011","3.13942","1035","3.141316","1035","3.142816","1035","3.142064","990","3.140008","1035","3.14226","1012","3.142256","990","3.141532","1010","3.1419","1033","3.142652","1033","3.1442","990","3.141112","1012","3.14192","1012","3.14346","1011","3.141448","1011","3.138236","1009","3.140688","990","3.140364","1011","3.138652","1010","3.142352","1009","3.142452","1012","3.142488","1033","3.140044","1012","3.14606","1012","3.141248","1012","3.141264","1035","3.141324","1035","3.142576","1011","3.141204","1010","3.144616","989","3.14096","1010","3.14052","1011","3.140896","1006","3.142044","1011","3.14118","1017","3.142912","1009","3.142224","1017","3.142436","1018","3.14312","1016","3.140496","1018","3.142836","1012","3.138768","1012","3.140632","1006","3.142956","1013","3.13994","1017","3.142224","1006","3.140804","1017","3.143188","1006","3.140932","1006","3.143596","1018","3.13904","982","3.138524","1006","3.141532","1006","3.144632","1018","3.1397","1016","3.140164","1006","3.141404","1006","3.143268","1006","3.14408","1016","3.143164","1018","3.141296","1018","3.143008","986","3.139852","1016","3.142192","1018","3.139888","1006","3.141648","1017","3.142104","1017","3.141216","1006","3.141948","1008","3.142516","1014","3.139496","1006","3.141168","1016","3.14184","1006","3.141128","1006","3.143636","1005","3.144864","1016","3.14168444","991","1085"
"24","3.143164","444","3.141444","949","3.143736","926","3.139604","925","3.14058","949","3.140764","949","3.141828","951","3.140284","926","3.140408","998","3.1426","950","3.140384","925","3.141728","925","3.1422","949","3.142308","926","3.143028","949","3.142564","903","3.148412","997","3.141692","949","3.14206","949","3.13946","925","3.138092","925","3.141608","949","3.1394","949","3.139476","926","3.141888","971","3.14306","954","3.139424","907","3.140908","954","3.141936","955","3.142184","955","3.143844","953","3.140384","947","3.142096","948","3.143712","946","3.143492","948","3.142348","949","3.142108","922","3.141084","948","3.14458","949","3.143852","946","3.137748","944","3.142076","923","3.141424","948","3.142908","922","3.140704","944","3.142412","968","3.143176","924","3.14012","948","3.141764","944","3.141936","903","3.143632","950","3.140884","950","3.13972","949","3.140536","928","3.142032","973","3.140972","1003","3.142844","977","3.142344","1003","3.140328","1003","3.141532","1002","3.139412","1003","3.141348","1003","3.143144","1003","3.141836","969","3.142776","1002","3.14082","1003","3.143544","1002","3.141932","1003","3.144908","986","3.1427","1002","3.141532","970","3.138548","1002","3.141204","986","3.140496","979","3.141528","1002","3.143192","1002","3.142916","973","3.14096","1002","3.14118","1003","3.142908","940","3.142228","1002","3.141372","1003","3.14156","988","3.143808","1002","3.140608","1002","3.135784","1002","3.1376","1002","3.14284","982","3.142192","1002","3.140576","1002","3.14174","1002","3.147316","981","3.139832","988","3.142932","1002","3.14138","985","3.141448","975","3.141936","1002","3.140844","985","3.141952","980","3.142324","1002","3.14169972","960","1083"
"25","3.14056","1116","3.142468","1235","3.139832","1254","3.14226","1254","3.14468","1254","3.141932","1254","3.141132","1254","3.14268","1254","3.144356","1253","3.14246","1254","3.141304","1235","3.142244","1254","3.141736","1253","3.140008","1254","3.142732","1253","3.141724","1254","3.137868","1253","3.143888","1254","3.144868","1253","3.140884","1254","3.143184","1253","3.137352","1254","3.14222","1253","3.140908","1253","3.141","1254","3.14002","1253","3.141812","1254","3.143136","1254","3.143692","1254","3.144544","1253","3.141992","1254","3.14316","1254","3.141476","1253","3.142516","1234","3.140328","1254","3.141816","1254","3.143788","1253","3.144632","1254","3.138728","1232","3.141772","1253","3.143028","1233","3.14216","1253","3.142592","1253","3.141312","1253","3.143472","1234","3.141544","1233","3.140204","1254","3.141216","1253","3.13904","1254","3.142768","1249","3.142428","1249","3.14228","1249","3.142732","1250","3.139916","1249","3.142252","1249","3.14068","1249","3.143688","1249","3.141076","1230","3.140376","1249","3.1415","1249","3.141944","1249","3.140344","1249","3.142008","1249","3.14138","1227","3.140916","1249","3.143088","1250","3.139148","1249","3.141836","1249","3.144012","1249","3.141196","1249","3.142312","1249","3.140204","1249","3.141972","1249","3.139808","1249","3.141","1248","3.1411","1249","3.1415","1249","3.14008","1249","3.13938","1249","3.140504","1248","3.140652","1249","3.140428","1248","3.142532","1248","3.143944","1248","3.139736","1249","3.138728","1248","3.140556","1248","3.14292","1249","3.140084","1248","3.14296","1249","3.141824","1249","3.140888","1248","3.141236","1249","3.140696","1248","3.144428","1249","3.142132","1249","3.140968","1248","3.14064","1249","3.141876","1249","3.14634","1249","3.1416925600000014","1247","1255"
"26","3.14194","1242","3.143804","1223","3.14012","1203","3.14296","1146","3.138604","1223","3.138972","1203","3.142096","1181","3.142036","1202","3.143484","1223","3.142172","1203","3.14324","1202","3.142128","1181","3.141272","1223","3.14148","1249","3.139656","1231","3.140076","1231","3.140024","1231","3.139768","1231","3.141552","1213","3.13992","1213","3.142816","1249","3.14462","1213","3.143164","1248","3.140764","1249","3.141008","1230","3.139116","1249","3.143828","1249","3.14002","1231","3.13966","1249","3.143096","1249","3.142212","1249","3.142856","1230","3.14066","1212","3.142548","1230","3.140248","1231","3.139464","1249","3.139776","1249","3.1409","1230","3.140556","1230","3.143896","1248","3.140316","1249","3.140588","1248","3.14096","1231","3.143188","1249","3.141152","1213","3.142392","1230","3.142028","1213","3.142568","1248","3.141844","1245","3.143316","1245","3.14232","1227","3.14034","1245","3.13954","1227","3.141312","1245","3.1417","1227","3.140328","1227","3.143412","1227","3.141044","1226","3.139276","1245","3.140744","1209","3.144688","1227","3.138276","1245","3.141924","1227","3.142392","1246","3.142708","1245","3.143092","1245","3.141864","1244","3.141712","1245","3.143052","1226","3.141276","1239","3.14148","1239","3.142836","1240","3.142512","1221","3.142804","1221","3.1408","1240","3.141532","1221","3.142968","1221","3.142272","1239","3.140304","1221","3.14146","1239","3.140204","1221","3.141904","1239","3.139012","1221","3.138892","1240","3.141344","1239","3.14204","1239","3.141688","1221","3.14258","1203","3.14014","1240","3.141496","1225","3.1448","1225","3.144288","1206","3.144584","1225","3.139744","1225","3.14088","1224","3.14376","1225","3.140216","1224","3.141228","1224","3.142564","1225","3.143516","1224","3.1415971200000006","1229","1261"
"27","3.142308","1047","3.145624","1046","3.142232","1195","3.142864","1195","3.140664","1193","3.13864","1195","3.141236","1195","3.140588","1195","3.140684","1194","3.142072","1194","3.141804","1193","3.144228","1195","3.142856","1195","3.141492","1194","3.141212","1194","3.141672","1193","3.142184","1195","3.140948","1194","3.140436","1194","3.144992","1196","3.141224","1195","3.141664","1194","3.143648","1194","3.14202","1193","3.142552","1195","3.143508","1195","3.141796","1194","3.140352","1195","3.142716","1194","3.141052","1194","3.140892","1193","3.14402","1195","3.140216","1194","3.141836","1193","3.141604","1195","3.139036","1193","3.142968","1194","3.140328","1192","3.1413","1195","3.142364","1194","3.14098","1175","3.144996","1194","3.138264","1195","3.142008","1194","3.14012","1195","3.144916","1194","3.141784","1195","3.142788","1194","3.141908","1176","3.141748","1193","3.141956","1195","3.13854","1195","3.142604","1195","3.142168","1195","3.141844","1195","3.143148","1194","3.142888","1193","3.142108","1195","3.142216","1194","3.138916","1195","3.14056","1194","3.1411","1194","3.140692","1194","3.139136","1195","3.14138","1193","3.141792","1194","3.144752","1195","3.143852","1192","3.140736","1194","3.140748","1176","3.1418","1176","3.14052","1192","3.142056","1194","3.139628","1193","3.1394","1195","3.141584","1195","3.141784","1195","3.143772","1195","3.14222","1195","3.146216","1194","3.142692","1194","3.14146","1195","3.142092","1195","3.143","1194","3.14006","1175","3.141808","1193","3.14106","1194","3.142716","1193","3.143192","1193","3.14244","1194","3.142268","1193","3.141508","1192","3.140456","1195","3.1409","1176","3.141416","1192","3.141312","1193","3.141244","1193","3.143232","1193","3.139904","1194","3.142452","1194","3.1417867200000003","1190","1197"
"28","3.139072","66","3.144104","880","3.141004","227","3.143612","881","3.141108","198","3.142644","227","3.142884","227","3.140732","823","3.140684","1189","3.143016","1171","3.142932","1190","3.14158","1189","3.143688","1172","3.140128","1189","3.141044","1172","3.143616","1189","3.142844","1171","3.139132","1189","3.139264","1172","3.143036","1189","3.142372","1190","3.141792","1171","3.139172","1189","3.138272","1189","3.138956","1189","3.139836","1189","3.141224","1190","3.142544","1189","3.138468","1189","3.141644","1189","3.140592","1171","3.14222","1171","3.141144","1172","3.142916","1189","3.142632","1171","3.14094","1189","3.142316","1171","3.139324","1171","3.143352","1189","3.142636","1171","3.141008","1189","3.138756","1189","3.140696","1190","3.140216","1189","3.139988","1189","3.140912","1171","3.144204","1170","3.140604","1189","3.14204","1171","3.139076","1189","3.14328","1171","3.143492","1171","3.1432","1171","3.142156","1189","3.142984","1189","3.138884","1171","3.14312","1189","3.141432","1171","3.140232","1170","3.141808","1171","3.14384","1189","3.140028","1189","3.141748","1171","3.143432","1189","3.143744","1171","3.143068","1170","3.138512","1189","3.1386","1189","3.141336","1188","3.140788","1171","3.1404","1171","3.142388","1189","3.139016","1171","3.141336","1171","3.141176","1171","3.14414","1189","3.141976","1170","3.140996","1189","3.141076","1189","3.141264","1189","3.144504","1170","3.140976","1171","3.140132","1188","3.1386","1189","3.147416","1171","3.14174","1171","3.13954","1170","3.14116","1169","3.142336","1188","3.14076","1171","3.140728","1170","3.141952","1171","3.142092","1189","3.140948","1188","3.141792","1188","3.141624","1104","3.142236","1121","3.14552","1122","3.140696","1121","3.140308","1122","3.1415048800000007","1118","1213"
"29","3.14242","1096","3.140868","1237","3.14272","1095","3.140316","1163","3.140384","1234","3.14196","1252","3.139304","1252","3.142264","1233","3.143696","1181","3.142676","1161","3.139712","1160","3.14418","1252","3.139428","1234","3.142012","1234","3.14018","1234","3.14264","1234","3.141668","1234","3.145992","1233","3.143828","1181","3.140976","1234","3.141812","1233","3.14486","1233","3.144132","1252","3.139808","1233","3.14352","1198","3.141536","1233","3.141988","1234","3.139808","1214","3.142628","1160","3.140868","1307","3.14344","1233","3.141876","1234","3.141668","1233","3.141896","1232","3.142064","1215","3.141176","1233","3.137896","1234","3.139692","1233","3.14386","1234","3.140396","1233","3.14172","1238","3.139028","1238","3.143132","1238","3.139168","1238","3.138672","1220","3.14112","1219","3.142928","1217","3.142224","1217","3.141784","1218","3.143288","1217","3.146608","1218","3.142992","1217","3.143104","1217","3.14242","1217","3.139768","1217","3.1408","1217","3.142096","1207","3.144152","1207","3.142744","1207","3.140236","1207","3.141548","1207","3.141132","1189","3.14196","1197","3.140248","1197","3.142864","1196","3.141776","1196","3.140012","1196","3.143236","1196","3.140712","1196","3.13874","1189","3.141016","1189","3.140244","1243","3.144024","1171","3.140468","1171","3.14368","1171","3.142724","1171","3.144036","1171","3.139672","1171","3.142832","1170","3.140788","1225","3.140364","1171","3.142412","1171","3.139264","1171","3.142916","1171","3.141888","1171","3.144876","1170","3.137324","1171","3.14232","1170","3.14358","1171","3.140972","1170","3.142016","1171","3.142188","1170","3.141352","1171","3.1402","1171","3.14254","1170","3.14304","1171","3.142992","1171","3.141444","1171","3.14252","1170","3.14224","1171","3.141782919999999","1203","1311"
"30","3.1426","30","3.139632","1195","3.141952","1195","3.145136","977","3.143612","1195","3.139072","1058","3.141076","1058","3.13954","1116","3.139644","1136","3.143212","1116","3.14274","1189","3.141508","1136","3.142872","1171","3.14346","1116","3.138816","1136","3.14298","1189","3.143104","1116","3.141264","1135","3.142304","1189","3.141584","1136","3.141904","1154","3.142716","1154","3.142264","1154","3.14238","1189","3.143412","1160","3.142416","1161","3.13972","1162","3.139172","1161","3.142696","1161","3.141404","1161","3.142396","1143","3.141788","1161","3.139864","1160","3.139724","1161","3.140968","1161","3.14296","1161","3.144036","1161","3.140016","1161","3.140892","1161","3.140896","1156","3.141424","1156","3.14212","1157","3.139836","1157","3.140608","1157","3.144024","1157","3.141876","1156","3.140944","1157","3.141268","1157","3.142188","1157","3.141976","1156","3.143144","1139","3.143384","1139","3.142808","1157","3.141824","1157","3.139836","1156","3.139448","1139","3.140712","1157","3.142972","1156","3.139528","1139","3.139516","1157","3.14084","1157","3.139788","1139","3.141428","1157","3.141936","1139","3.139848","1156","3.142836","1146","3.14132","1146","3.143448","1127","3.144716","1118","3.142612","1118","3.13966","1118","3.144744","1118","3.138624","1119","3.142612","1118","3.139196","1118","3.142608","1118","3.13986","1119","3.139632","1119","3.141236","1119","3.13996","1118","3.138356","1118","3.142204","1118","3.142856","1118","3.141968","1118","3.142864","1118","3.139984","1118","3.142848","1119","3.13846","1118","3.143504","1118","3.145488","1117","3.143896","1103","3.142164","1102","3.14404","1102","3.143316","1103","3.140668","1103","3.14426","1102","3.138888","1102","3.139632","1103","3.142592","1102","3.14238","1103","3.1416444","1126","1198"
"31","3.140824","298","3.143216","738","3.142568","814","3.141776","814","3.140064","788","3.140556","814","3.139656","684","3.142428","813","3.143656","814","3.138584","788","3.14126","813","3.139884","1084","3.141456","1103","3.144384","1104","3.139516","1103","3.141788","1104","3.1421","1103","3.139636","1104","3.144644","1104","3.144104","1104","3.145428","1007","3.14102","1103","3.141244","1104","3.143128","1104","3.14346","1104","3.14168","1104","3.142488","1104","3.140928","1104","3.13922","1104","3.141692","1104","3.140756","1104","3.145148","1028","3.14056","1104","3.140264","1104","3.142576","1102","3.145304","1104","3.139868","1104","3.14198","1062","3.140484","1028","3.14086","1104","3.140964","1029","3.140496","1104","3.14232","1083","3.142836","1104","3.141184","1028","3.141856","1104","3.141788","1006","3.141752","1103","3.143164","1104","3.141752","1102","3.141392","1103","3.141316","1104","3.14076","1104","3.14232","1104","3.139888","1046","3.14152","1067","3.139228","1066","3.142292","1038","3.140308","1013","3.143236","1028","3.14044","1029","3.14028","1023","3.140084","1024","3.140024","1024","3.141276","1017","3.145804","1019","3.144648","1018","3.140728","1019","3.1404","1018","3.141568","1019","3.141672","1018","3.142436","1019","3.143452","1019","3.137664","1019","3.143172","1018","3.14122","1019","3.140412","1018","3.143812","1018","3.14154","1018","3.141932","1018","3.141484","1018","3.139316","1017","3.14084","1009","3.141796","999","3.141156","993","3.141008","992","3.141404","993","3.142452","993","3.139216","993","3.142452","992","3.142288","993","3.139448","993","3.141748","992","3.141808","992","3.145084","993","3.138848","992","3.144028","992","3.140404","992","3.139808","993","3.141804","992","3.141595160000001","1016","1120"
"32","3.1413","529","3.14206","594","3.138828","585","3.139184","584","3.142164","855","3.142376","829","3.139544","855","3.141696","855","3.141292","806","3.143292","1032","3.141028","1051","3.144728","1032","3.142156","1033","3.142136","1051","3.143316","1010","3.140756","1011","3.140932","1033","3.14168","1051","3.142224","1033","3.140112","1070","3.14118","1070","3.14044","1033","3.139888","1070","3.142636","1070","3.139904","1009","3.141","1009","3.138724","1011","3.138612","1011","3.139936","1011","3.140184","1010","3.140924","1010","3.140704","1010","3.140644","1010","3.144056","1010","3.142112","1010","3.139692","1010","3.140456","973","3.143572","1010","3.140364","973","3.141752","1010","3.138392","1010","3.139344","1010","3.144088","1010","3.143304","1010","3.142976","1006","3.140672","1005","3.141504","1006","3.142276","1002","3.141972","1003","3.14148","1002","3.144888","1002","3.14296","1003","3.142076","1002","3.14012","1003","3.14182","1003","3.139392","1003","3.14234","1002","3.143376","1002","3.142948","1002","3.141364","1003","3.14106","1002","3.14026","1002","3.139208","1002","3.138924","1001","3.14152","1002","3.140732","1002","3.141228","1003","3.143096","1002","3.14004","1001","3.13988","979","3.140236","997","3.142408","996","3.138812","996","3.141448","997","3.143432","997","3.142264","997","3.144036","997","3.142528","997","3.140624","997","3.143196","996","3.140216","997","3.141024","997","3.13966","997","3.141828","997","3.141912","997","3.138284","997","3.143028","997","3.139932","997","3.141048","997","3.142656","997","3.141632","997","3.140864","996","3.138908","996","3.14198","997","3.139756","997","3.142792","965","3.14494","957","3.143068","957","3.139604","957","3.141012","957","3.1413395200000007","980","1086"
"33","3.143348","260","3.143332","1102","3.143064","1081","3.141588","1101","3.140128","1100","3.138328","1102","3.141988","1102","3.142536","1101","3.141832","1101","3.138724","1101","3.14086","1102","3.141508","1102","3.14056","1101","3.140464","1102","3.141944","1100","3.140892","1100","3.143352","1102","3.13896","1101","3.1395","1100","3.1399","1078","3.1424","1102","3.14032","1102","3.14038","1118","3.140336","1100","3.140784","1101","3.139572","1101","3.142232","1100","3.14062","1102","3.139236","1080","3.141276","1102","3.14364","1101","3.141948","1101","3.141924","1099","3.142156","1101","3.140896","1100","3.138048","1101","3.14102","1102","3.138736","1100","3.14188","1100","3.142276","1101","3.141768","1118","3.142464","1097","3.141876","1096","3.142472","1095","3.141808","1114","3.140336","1097","3.14348","1097","3.140356","1076","3.140876","1097","3.140088","1097","3.144336","1097","3.140172","1096","3.14222","1114","3.144696","1114","3.140304","1097","3.141828","1095","3.13976","1114","3.143592","1114","3.141888","1114","3.138716","1097","3.142628","1097","3.141272","1095","3.143576","1096","3.140312","1113","3.140952","1096","3.141148","1096","3.141908","1096","3.143728","1075","3.142816","1113","3.142492","1095","3.142188","1096","3.144252","1095","3.139976","1095","3.14228","1095","3.14302","1094","3.138716","1096","3.142152","1096","3.14008","1096","3.139448","1095","3.1394","1113","3.139032","1096","3.140396","1096","3.143164","1096","3.14216","1096","3.139224","1113","3.142588","1075","3.142316","1096","3.142572","1096","3.139852","1096","3.141096","1096","3.140468","1095","3.14254","1096","3.142492","1095","3.13962","1053","3.143756","1096","3.143356","1096","3.140804","1095","3.139112","1096","3.141624","1096","3.142172","1108","3.141362119999999","1090","1119"
"34","3.137508","1216","3.141392","1235","3.140924","1253","3.139184","1216","3.138636","1235","3.141992","1235","3.139996","1253","3.141604","1254","3.138632","1215","3.140844","1254","3.141536","1234","3.140436","1235","3.139904","1254","3.140624","1234","3.142676","1234","3.141584","1254","3.140092","1234","3.141056","1235","3.139872","1235","3.142848","1235","3.140836","1234","3.140468","1215","3.138664","1235","3.142868","1234","3.142888","1234","3.141368","1235","3.138768","1254","3.142196","1253","3.138508","1234","3.142396","1253","3.141812","1234","3.141576","1253","3.138736","1243","3.140644","1243","3.142832","1243","3.144176","1242","3.141336","1259","3.140448","1242","3.142112","1233","3.14348","1234","3.141716","1234","3.139616","1214","3.141068","1228","3.14242","1228","3.141068","1212","3.139984","1212","3.145384","1228","3.141704","1228","3.144744","1228","3.142312","1228","3.14084","1228","3.143064","1212","3.140792","1212","3.139384","1228","3.142364","1212","3.139744","1228","3.138784","1228","3.143048","1228","3.142056","1211","3.143116","1212","3.145252","1228","3.139852","1211","3.139264","1228","3.140116","1228","3.140172","1228","3.14368","1228","3.143816","1228","3.1398","1211","3.143392","1227","3.14262","1212","3.141984","1211","3.140404","1212","3.142236","1210","3.141692","1207","3.145844","1195","3.140228","1195","3.143104","1194","3.142376","1194","3.141152","1195","3.143012","1195","3.141504","1195","3.140188","1195","3.139904","1178","3.141324","1189","3.141388","1189","3.141536","1179","3.142396","1178","3.142428","1179","3.14428","1179","3.139976","1179","3.145772","1173","3.139496","1173","3.1407","1173","3.140732","1173","3.141404","1173","3.144888","1173","3.143592","1173","3.14268","1173","3.141572","1173","3.141928","1173","3.1414834399999996","1218","1271"
"35","3.142412","65","3.14356","66","3.138452","66","3.13774","718","3.142988","777","3.141584","718","3.140688","846","3.141828","800","3.140564","745","3.142084","777","3.141728","745","3.14406","717","3.140216","718","3.138592","717","3.14126","1057","3.142208","1074","3.141048","1047","3.140764","1074","3.141308","1057","3.142384","1046","3.1442","1057","3.141892","1074","3.142916","1054","3.1405","1053","3.14582","1074","3.139992","1074","3.142184","1073","3.143392","1057","3.139992","1056","3.143844","1074","3.143412","1073","3.1408","1073","3.144192","1051","3.14334","1053","3.14348","1073","3.141752","1050","3.143012","1048","3.141124","1074","3.142628","1046","3.142964","1055","3.14208","1057","3.14058","1074","3.138956","1054","3.144208","1074","3.14092","1047","3.142964","1056","3.13734","1073","3.14008","1049","3.144616","1073","3.143172","1074","3.1398","1052","3.13834","1073","3.142504","1073","3.141284","1073","3.139796","1073","3.142568","1054","3.142588","1055","3.139752","1055","3.141324","1074","3.140316","1054","3.142036","1052","3.141424","1073","3.143268","1073","3.141772","1073","3.14056","1056","3.141636","1053","3.141612","1044","3.142368","1054","3.141168","1073","3.144988","1052","3.142272","1073","3.142012","1018","3.141896","1074","3.145016","1057","3.141836","1043","3.141052","1055","3.142268","1048","3.142376","1073","3.142688","1073","3.142296","1053","3.140804","1050","3.140724","1073","3.14166","1051","3.141352","1057","3.142336","1043","3.138392","1048","3.140728","1053","3.142472","1052","3.14222","1073","3.140692","1054","3.143868","1052","3.140968","1043","3.141776","1054","3.14032","1052","3.140784","1073","3.143748","1055","3.142196","1073","3.14174","1073","3.14226","1045","3.139064","1045","3.1417274000000015","996","1133"
"36","3.141552","780","3.140508","808","3.14388","834","3.143152","780","3.143232","833","3.144984","999","3.140848","999","3.143192","1000","3.140304","907","3.139212","977","3.138568","1045","3.140008","998","3.141056","934","3.143556","1065","3.143664","977","3.140084","977","3.143444","1065","3.14206","976","3.14288","998","3.143668","977","3.135756","998","3.142912","976","3.139556","1065","3.142068","998","3.142256","1045","3.143488","976","3.14176","1065","3.140084","999","3.141996","999","3.14168","999","3.141324","998","3.142132","997","3.142076","997","3.14104","1065","3.139012","998","3.1414","976","3.141712","1032","3.14032","1012","3.14024","1032","3.141084","966","3.143708","1032","3.141468","989","3.14032","1027","3.14166","1027","3.141576","1007","3.140988","1005","3.143408","1026","3.142972","984","3.141208","998","3.14262","1018","3.141888","1018","3.140408","1019","3.14094","1018","3.140808","1018","3.142704","1018","3.140976","1018","3.141432","1034","3.140408","1018","3.14032","976","3.14126","1018","3.140692","1034","3.142732","997","3.142488","1018","3.143816","1034","3.137836","1017","3.143388","1018","3.14378","998","3.143056","1013","3.13878","993","3.139728","989","3.143788","989","3.142492","990","3.140384","991","3.141616","991","3.144464","1006","3.142536","990","3.140596","1002","3.139912","1001","3.140024","987","3.143244","1002","3.142704","1001","3.142992","1001","3.140864","1001","3.142552","1001","3.14138","1001","3.140136","987","3.142836","1002","3.1391","1001","3.13786","1001","3.1411","984","3.140676","1001","3.14398","1001","3.143748","977","3.142948","992","3.141352","976","3.139828","992","3.139744","991","3.140996","991","3.142472","976","3.1412","989","3.1415664","993","1086"
"37","3.140084","1022","3.14124","979","3.143372","1050","3.143548","956","3.145752","1073","3.13902","1129","3.141564","1073","3.141908","1072","3.143128","979","3.14114","1131","3.142392","1023","3.141228","1023","3.140596","1113","3.14208","1073","3.141492","978","3.143348","1022","3.141812","1022","3.143804","1131","3.14056","1113","3.138804","1093","3.1413","1022","3.142332","1073","3.14212","1094","3.141068","1072","3.142936","1093","3.141764","1050","3.144184","1050","3.142716","1090","3.140124","1090","3.142692","1107","3.14012","1107","3.140836","1091","3.142896","1090","3.142704","1106","3.142536","1107","3.139844","1091","3.141096","1090","3.140108","1074","3.143372","1107","3.1421","1091","3.140752","1106","3.14366","1090","3.1411","1107","3.13836","1107","3.142592","1107","3.141512","1090","3.141628","1106","3.141652","1106","3.1411","1106","3.141664","1106","3.14182","1107","3.14272","1091","3.142888","1106","3.140572","1107","3.141196","1073","3.14034","1106","3.141292","1089","3.141136","1106","3.138112","1106","3.141588","1082","3.141528","1066","3.139652","1081","3.140584","1082","3.142308","1082","3.142768","1082","3.139692","1082","3.138792","1081","3.141852","1081","3.142864","1066","3.139676","1082","3.13922","1082","3.141864","1081","3.139944","1081","3.141744","1066","3.141136","1065","3.142972","1081","3.144696","1081","3.141244","1081","3.141428","1066","3.141132","1081","3.138304","1081","3.142632","1081","3.143748","1081","3.140468","1065","3.141192","1081","3.14084","1081","3.14374","1081","3.141556","1081","3.137244","1065","3.138828","1081","3.141416","1081","3.141304","1055","3.142596","1042","3.140976","1042","3.139916","1032","3.144076","1016","3.14154","1031","3.140824","1032","3.14236","1032","3.143544","1031","3.1415160400000004","1074","1147"
"38","3.141872","1054","3.14222","1121","3.141208","1162","3.142572","1098","3.142884","1053","3.138784","1031","3.138448","1120","3.142628","1054","3.141884","1142","3.14496","1183","3.140248","1183","3.142556","1142","3.142808","1031","3.141772","1162","3.140488","1142","3.142168","1054","3.140832","1162","3.141328","1142","3.141564","1162","3.14136","1162","3.141888","1053","3.14146","1142","3.141988","1055","3.14012","1120","3.139968","1054","3.138816","1139","3.140888","1139","3.143144","1159","3.141368","1127","3.143444","1168","3.140756","1148","3.138904","1147","3.1435","1105","3.141352","1147","3.143108","1105","3.14282","1147","3.141648","1147","3.1436","1108","3.143992","1107","3.14404","1108","3.14244","1107","3.140168","1107","3.143156","1107","3.146108","1107","3.143248","1122","3.1426","1087","3.14006","1106","3.140528","1107","3.14164","1107","3.14058","1106","3.142404","1107","3.14416","1107","3.142708","1099","3.141348","1099","3.142804","1114","3.13798","1112","3.14168","1112","3.14094","1097","3.142404","1112","3.138724","1097","3.14262","1112","3.140748","1097","3.144168","1097","3.140604","1097","3.144356","1097","3.139756","1096","3.143868","1112","3.145156","1097","3.14144","1097","3.144704","1097","3.141812","1111","3.142136","1096","3.142716","1096","3.140712","1097","3.139744","1111","3.143276","1111","3.14436","1097","3.142104","1097","3.14336","1097","3.140932","1097","3.143632","1111","3.140696","1096","3.142832","1097","3.140736","1111","3.144184","1097","3.139176","1096","3.143908","1096","3.140596","1096","3.143312","1096","3.141632","1096","3.140028","1096","3.141916","1096","3.143036","1096","3.138468","1096","3.14196","1096","3.14222","1096","3.141724","1096","3.143516","1096","3.141328","1095","3.143076","1074","3.141916159999999","1108","1199"
"39","3.143452","967","3.142768","1221","3.140012","1116","3.139","1221","3.141856","1222","3.138524","1221","3.143324","1221","3.143868","1222","3.138804","1249","3.140644","1220","3.1437","1221","3.14146","1222","3.140368","1221","3.141612","1222","3.143292","1221","3.139308","1220","3.14204","1220","3.141652","1220","3.14114","1219","3.140932","1197","3.140728","1194","3.14134","1194","3.142428","1175","3.142912","1222","3.140544","1195","3.142184","1222","3.140972","1194","3.142508","1222","3.139084","1194","3.13934","1194","3.140268","1222","3.141776","1222","3.142912","1222","3.141076","1194","3.1435","1222","3.141792","1194","3.14296","1221","3.142088","1222","3.142828","1221","3.14128","1222","3.141568","1222","3.141416","1221","3.14282","1194","3.139836","1194","3.13922","1218","3.13944","1218","3.141292","1190","3.140536","1218","3.143844","1217","3.1423","1218","3.14322","1190","3.141052","1218","3.141764","1218","3.140364","1218","3.140844","1190","3.143544","1218","3.14312","1171","3.141596","1218","3.141008","1217","3.14048","1218","3.141084","1218","3.13844","1213","3.138964","1200","3.139328","1192","3.142432","1186","3.1421","1186","3.13884","1186","3.139352","1186","3.142204","1186","3.140692","1186","3.14078","1186","3.143936","1186","3.142728","1186","3.141584","1186","3.141044","1186","3.142876","1186","3.14426","1186","3.140216","1186","3.13822","1179","3.139076","1179","3.142892","1179","3.138924","1179","3.140488","1179","3.141292","1179","3.140028","1179","3.143056","1166","3.143808","1166","3.142176","1165","3.144596","1166","3.14106","1166","3.141408","1165","3.1415","1166","3.141416","1156","3.13994","1156","3.14292","1155","3.139772","1156","3.143072","1156","3.143552","1156","3.141568","1156","3.138812","1156","3.141399759999999","1195","1251"
"40","3.1425","1150","3.142092","1130","3.14244","1129","3.138268","1150","3.143272","1150","3.143828","1150","3.143236","1129","3.140244","1167","3.140168","1167","3.141132","1130","3.143488","1129","3.142588","1149","3.143304","1129","3.143632","1149","3.141256","1095","3.138836","1167","3.142456","1167","3.140448","1167","3.142972","1150","3.138892","1129","3.144468","1095","3.13876","1167","3.141944","1095","3.140276","1144","3.141328","1161","3.142124","1124","3.143504","1144","3.14068","1144","3.143264","1161","3.142528","1144","3.14082","1123","3.138636","1162","3.139956","1161","3.137584","1144","3.139936","1124","3.144356","1144","3.139012","1124","3.142708","1162","3.139532","1124","3.142008","1162","3.14172","1144","3.142276","1102","3.141552","1101","3.141456","1102","3.139476","1101","3.141164","1101","3.141996","1101","3.139584","1101","3.143132","1090","3.143616","1089","3.140796","1091","3.13934","1090","3.143128","1090","3.14236","1090","3.139544","1090","3.1432","1090","3.14","1089","3.144196","1089","3.141596","1080","3.1394","1080","3.142772","1080","3.138576","1080","3.142044","1080","3.145404","1080","3.1416","1080","3.145172","1080","3.141916","1080","3.140928","1080","3.142332","1080","3.142396","1080","3.141596","1079","3.140552","1079","3.14094","1077","3.140128","1078","3.139472","1077","3.140996","1077","3.140944","1077","3.139876","1077","3.144696","1077","3.142908","1077","3.141748","1077","3.141976","1077","3.143368","1077","3.144688","1076","3.139428","1077","3.141664","1077","3.143332","1077","3.141276","1076","3.139828","1077","3.145448","1077","3.141872","1077","3.143408","1076","3.140708","1077","3.141972","1076","3.140504","1077","3.140872","1077","3.143524","1076","3.140436","1076","3.144468","1076","3.14186","1076","3.1416563600000016","1107","1169"
"41","3.140356","918","3.143252","1083","3.139356","1081","3.141276","1242","3.141924","1242","3.141844","1175","3.139244","915","3.14106","1238","3.142544","1154","3.141512","1097","3.1425","1170","3.142844","1097","3.13954","1076","3.14174","1234","3.143228","1199","3.142184","1234","3.139564","1233","3.141668","1234","3.140344","1235","3.138804","1234","3.141572","1235","3.139924","1217","3.142536","1198","3.140252","1233","3.140492","1234","3.141288","1230","3.140992","1229","3.140756","1230","3.14224","1230","3.14194","1230","3.142488","1230","3.14136","1229","3.141612","1229","3.143172","1229","3.139592","1229","3.140384","1229","3.143292","1229","3.142908","1229","3.142636","1229","3.139332","1230","3.142372","1229","3.141528","1229","3.143088","1229","3.14102","1229","3.140072","1229","3.140216","1229","3.139924","1229","3.141876","1229","3.140364","1229","3.143104","1229","3.143128","1229","3.143292","1229","3.143064","1229","3.141576","1229","3.140224","1229","3.142044","1229","3.141","1229","3.141452","1229","3.142472","1229","3.143088","1227","3.139356","1227","3.144468","1227","3.141464","1227","3.14038","1227","3.140584","1227","3.138324","1227","3.139524","1227","3.1411","1227","3.143508","1227","3.142792","1227","3.141968","1227","3.144208","1227","3.142104","1227","3.13858","1227","3.141968","1226","3.142336","1227","3.141728","1226","3.143048","1227","3.13992","1227","3.140936","1227","3.143896","1227","3.138884","1226","3.144264","1227","3.142448","1227","3.138884","1227","3.141156","1227","3.142328","1227","3.143776","1227","3.138032","1226","3.142228","1226","3.143384","1227","3.140804","1227","3.141296","1227","3.143288","1226","3.140616","1227","3.142024","1227","3.141104","1227","3.141464","1227","3.140632","1226","3.143308","1227","3.14150568","1213","1247"
"42","3.141244","486","3.140584","1056","3.137708","791","3.14018","1030","3.140528","1030","3.139024","992","3.14394","1030","3.141404","1030","3.14352","992","3.141924","912","3.141992","992","3.145044","930","3.138812","972","3.143048","972","3.139468","1078","3.140988","1091","3.144388","1091","3.141876","1091","3.1426","1091","3.142096","1039","3.139584","1092","3.140796","1038","3.1403","1091","3.141504","1090","3.144628","1091","3.139724","1091","3.14266","1039","3.139732","1091","3.141392","1064","3.142992","1065","3.14284","1071","3.139364","1067","3.143232","1014","3.139352","1066","3.14144","1066","3.1421","1079","3.141692","1080","3.14104","1063","3.141368","1061","3.14144","1079","3.140452","1080","3.1403","1079","3.14134","1079","3.141604","1062","3.141536","1079","3.141176","1079","3.143188","1079","3.140088","1079","3.14376","1079","3.140752","1079","3.14096","1062","3.141484","1061","3.14254","1062","3.140024","1062","3.139248","1062","3.138836","1036","3.140492","1079","3.143212","1063","3.143976","1079","3.141152","1078","3.140212","1062","3.141308","1078","3.142228","1061","3.141632","1079","3.14286","1079","3.140688","1079","3.142752","1062","3.143692","1078","3.138652","1062","3.143484","1062","3.142208","1062","3.138352","1079","3.139376","1079","3.142624","1062","3.141744","1079","3.144288","1062","3.141832","1062","3.142988","1078","3.140816","1079","3.140268","1078","3.140508","1072","3.146948","1072","3.141876","1072","3.140976","1072","3.140084","1071","3.141068","1071","3.141744","1072","3.139512","1072","3.141472","1071","3.141312","1072","3.140164","1054","3.142964","1071","3.139852","1054","3.141896","1071","3.142208","1072","3.145352","1071","3.14454","1071","3.138208","1071","3.138588","1071","3.139896","1071","3.141448400000003","1053","1126"
"43","3.141032","308","3.14086","1121","3.142772","1027","3.143028","1122","3.140292","1121","3.139392","1122","3.142696","1121","3.140932","1121","3.144644","984","3.139688","1027","3.142008","1141","3.138676","1086","3.144204","1121","3.141116","1141","3.143556","984","3.144232","1121","3.142596","1122","3.140292","1027","3.141036","1121","3.142508","1121","3.141584","1121","3.140356","1084","3.144412","1103","3.142756","1103","3.142652","1103","3.143276","1067","3.142532","1103","3.141828","1103","3.140132","1084","3.139772","1103","3.139464","1103","3.1435","1084","3.143344","1103","3.142036","1103","3.145128","1103","3.141624","1103","3.143656","1084","3.141288","1103","3.140272","1102","3.141968","1083","3.141744","1103","3.140912","1084","3.141988","1084","3.142292","1103","3.14282","1102","3.143388","1103","3.142324","1103","3.139568","1084","3.138824","1102","3.144016","1103","3.143328","1083","3.142112","1084","3.144148","1102","3.141472","1103","3.142192","1084","3.138412","1102","3.14248","1103","3.1412","1103","3.13974","1102","3.142064","1067","3.144076","1103","3.140892","1102","3.139612","1102","3.143092","1058","3.140228","1058","3.14286","1058","3.143272","1055","3.140204","1054","3.140236","1054","3.13942","1051","3.142776","1051","3.13874","1051","3.145236","1051","3.142516","1052","3.14172","1051","3.143028","1051","3.14096","1048","3.140932","1048","3.140836","1048","3.142564","1048","3.14126","1048","3.144692","1043","3.14062","1043","3.14336","1043","3.142308","1043","3.141852","1043","3.140892","1043","3.141576","1043","3.142524","1023","3.139036","1043","3.13996","1043","3.142112","1043","3.142676","1043","3.141064","1043","3.137232","1043","3.13952","1043","3.142592","1043","3.138452","1043","3.1421","1042","3.141368","1042","3.1417055999999985","1069","1143"
"44","3.143964","124","3.14088","843","3.142792","730","3.138064","863","3.14078","793","3.14368","946","3.141984","861","3.139692","946","3.143896","985","3.142484","946","3.14324","863","3.140584","946","3.142728","861","3.14152","946","3.13946","862","3.141356","946","3.1431","861","3.143328","946","3.142448","861","3.142268","946","3.140076","862","3.1413","946","3.140488","946","3.142244","862","3.144752","946","3.142148","888","3.140032","946","3.142272","861","3.143292","792","3.145492","861","3.140328","960","3.143344","933","3.143676","972","3.140512","967","3.144928","950","3.143944","975","3.141508","968","3.141804","968","3.14212","966","3.13986","966","3.138928","944","3.14056","944","3.14346","943","3.141616","971","3.140724","984","3.14394","968","3.143396","956","3.140656","957","3.142596","984","3.138644","984","3.14154","968","3.140564","984","3.144412","958","3.14308","965","3.141848","954","3.142992","964","3.139116","961","3.14196","964","3.143132","964","3.143248","979","3.143212","979","3.140312","980","3.142624","963","3.14216","949","3.145204","979","3.140724","964","3.145816","961","3.144424","961","3.145324","950","3.142884","977","3.142724","950","3.1383","961","3.140688","977","3.1415","947","3.143424","961","3.142884","955","3.143992","977","3.14274","977","3.142032","977","3.140996","977","3.141228","961","3.141256","977","3.1443","977","3.141864","977","3.143012","976","3.141852","977","3.14054","977","3.139452","977","3.140372","977","3.138004","961","3.14084","977","3.14044","977","3.140124","954","3.142924","951","3.1423","956","3.142444","977","3.140272","976","3.140612","977","3.142668","957","3.139872","945","3.1419512000000016","936","1042"
"45","3.139692","632","3.144","898","3.143104","971","3.140132","1018","3.142","996","3.141008","1018","3.13876","1044","3.14168","995","3.141856","1017","3.142308","1017","3.141636","996","3.14218","1018","3.143188","993","3.14064","1017","3.143256","1044","3.13934","995","3.142364","1019","3.142308","971","3.141156","995","3.142568","995","3.139796","993","3.141408","1017","3.140784","1044","3.140932","993","3.141836","995","3.1411","1019","3.143404","1019","3.142652","1044","3.141028","1018","3.141796","1044","3.141132","1018","3.141336","1019","3.145804","1018","3.141772","1065","3.140168","1017","3.141788","972","3.143324","1017","3.141784","972","3.14456","971","3.139436","995","3.141216","995","3.141328","1064","3.142216","970","3.139904","1018","3.140284","995","3.142624","1043","3.141308","945","3.143872","964","3.139792","961","3.144356","982","3.141112","982","3.140136","980","3.139848","960","3.141732","941","3.143768","957","3.142852","956","3.141308","1004","3.139336","977","3.142452","978","3.143924","956","3.139936","977","3.143316","977","3.141056","956","3.138728","977","3.139128","977","3.142564","977","3.141328","1004","3.142984","985","3.141636","985","3.139152","984","3.1424","984","3.1386","984","3.141992","958","3.138936","965","3.139632","957","3.143448","960","3.140396","963","3.140996","956","3.141684","960","3.140376","957","3.139156","936","3.145116","959","3.142684","936","3.140212","959","3.14156","931","3.139608","958","3.142952","958","3.142428","958","3.141244","958","3.140112","958","3.144076","958","3.141728","958","3.143288","958","3.1414","958","3.14062","958","3.143284","948","3.142584","921","3.142332","947","3.141432","947","3.13954","947","3.141560279999999","979","1115"
"46","3.14042","1052","3.141716","1082","3.138436","1090","3.139316","1082","3.142012","1090","3.13958","1091","3.141908","1081","3.139916","1086","3.13928","1081","3.14016","1083","3.141808","1082","3.14148","1083","3.142208","1090","3.141664","1089","3.142368","1047","3.140472","1080","3.14368","1080","3.141648","1080","3.14152","1082","3.139836","1090","3.141864","1040","3.139028","1083","3.140556","1110","3.140092","1046","3.137184","1044","3.144404","1081","3.14142","1083","3.139088","1040","3.14128","1086","3.141328","1084","3.143232","1090","3.141352","1110","3.142144","1086","3.141956","1082","3.137768","1081","3.142648","1081","3.14294","1081","3.140424","1088","3.142768","1085","3.139744","1081","3.141828","1082","3.141876","1081","3.143612","1081","3.140588","1086","3.141564","1082","3.140004","1082","3.140692","1083","3.141132","1082","3.141832","1080","3.142652","1081","3.140368","1090","3.144248","1081","3.140288","1080","3.141132","1091","3.143608","1052","3.14132","1044","3.143304","1081","3.138632","1080","3.140312","1080","3.14196","1110","3.141556","1086","3.14028","1080","3.141436","1041","3.143448","1080","3.141876","1082","3.139508","1079","3.139652","1110","3.141084","1081","3.140468","1092","3.145088","1047","3.142596","1083","3.140492","1083","3.139104","1081","3.140796","1092","3.13962","1081","3.140788","1110","3.141304","1110","3.141696","1080","3.140756","1053","3.142092","1110","3.143012","1082","3.144208","1086","3.140412","1090","3.13822","1079","3.143608","1092","3.144788","1110","3.140884","1086","3.142392","1091","3.142184","1082","3.143772","1082","3.143772","1081","3.143452","1057","3.141696","1087","3.140904","1092","3.140504","1086","3.141132","1052","3.14066","1082","3.142304","1080","3.139628","1080","3.140532","1040","3.1413330400000006","1080","1111"
"47","3.142472","447","3.142768","755","3.14014","969","3.138876","756","3.141184","756","3.14392","822","3.143364","969","3.140716","706","3.143436","888","3.142292","888","3.140652","930","3.14136","756","3.142336","970","3.140068","706","3.140636","888","3.144324","1012","3.13876","1011","3.141416","1011","3.145188","992","3.14204","992","3.143708","1012","3.139988","970","3.139176","1011","3.141464","971","3.140708","1010","3.141572","971","3.13968","992","3.139724","971","3.141432","971","3.142788","992","3.143036","969","3.138724","1011","3.143468","1012","3.142488","1011","3.141844","971","3.14298","1012","3.142244","1011","3.139604","1011","3.13896","1011","3.139952","992","3.14128","990","3.14074","1011","3.140048","1011","3.144016","1011","3.139044","971","3.139528","1010","3.140452","991","3.1417","1010","3.141924","970","3.142552","1011","3.142736","1011","3.14088","1001","3.142452","1002","3.143536","999","3.13998","958","3.140592","999","3.143776","999","3.142296","979","3.141528","999","3.142604","999","3.14106","999","3.142844","999","3.141972","998","3.141176","999","3.1438","998","3.142996","919","3.13848","918","3.145172","919","3.143996","918","3.14074","941","3.140636","941","3.1411","918","3.14176","941","3.145516","940","3.138032","918","3.137076","941","3.143088","918","3.142324","941","3.14372","919","3.139096","941","3.142192","919","3.143132","918","3.141216","919","3.141912","923","3.139208","941","3.1398","917","3.142092","911","3.143708","913","3.141908","925","3.140716","898","3.14036","899","3.143256","921","3.141948","900","3.142768","921","3.141632","898","3.14296","905","3.14286","905","3.14112","875","3.141308","897","3.14246","897","3.1416229199999997","941","1056"
"48","3.142908","1011","3.140492","1009","3.138248","1033","3.1425","997","3.14","1045","3.144344","1037","3.142836","1033","3.143728","1064","3.140768","1004","3.141072","999","3.141648","1032","3.141752","1038","3.140496","1033","3.13966","960","3.144496","1033","3.141196","972","3.142088","1033","3.142788","998","3.140796","1009","3.142536","962","3.14398","1010","3.141412","1001","3.139572","1045","3.144168","1033","3.143708","1033","3.139568","1002","3.139172","974","3.14292","1033","3.141576","1042","3.141656","1035","3.142496","1064","3.144288","1064","3.143212","1036","3.142176","1036","3.141184","1013","3.141352","1002","3.141044","1064","3.14046","997","3.13904","1035","3.14214","1037","3.140616","1032","3.14278","1033","3.143028","1032","3.140648","997","3.141064","996","3.141356","1032","3.144404","997","3.143132","1033","3.14316","996","3.143368","1036","3.140316","1033","3.139532","997","3.141348","1034","3.14296","1033","3.138792","1042","3.140148","1011","3.137604","959","3.142744","1033","3.141924","1034","3.141864","997","3.142548","997","3.141428","1032","3.142508","1038","3.1424","1033","3.142276","1033","3.1431","1033","3.1431","1010","3.140388","1033","3.142876","1044","3.14076","1033","3.142028","1004","3.144892","1011","3.142232","1037","3.140064","1063","3.142068","1018","3.141892","1027","3.142212","1044","3.144044","1044","3.1413","1044","3.13988","950","3.142564","1014","3.14408","1044","3.142024","1044","3.143756","1023","3.142068","1023","3.142208","1044","3.137824","1044","3.142588","1044","3.140684","1044","3.143696","1027","3.140792","1027","3.141896","1025","3.141744","1023","3.140128","1044","3.1425","1025","3.142692","1014","3.137044","1044","3.13994","1044","3.140376","1022","3.14182","1013","3.14172684","1023","1064"
"49","3.14368","740","3.142","708","3.140896","853","3.14228","1169","3.139276","1190","3.141104","1092","3.143376","1189","3.142916","1169","3.1416","1048","3.142508","1092","3.1409","1112","3.143156","1112","3.14342","1190","3.14234","1190","3.140572","1111","3.14104","1169","3.13868","1111","3.141676","1169","3.13858","1169","3.142008","1169","3.14014","1190","3.139768","1169","3.144112","1148","3.142136","1169","3.143104","1169","3.142236","1169","3.14034","1177","3.144428","1136","3.14042","1177","3.141136","1176","3.143124","1177","3.140664","1176","3.14212","1175","3.14346","1175","3.142932","1176","3.139724","1176","3.143448","1177","3.137424","1177","3.13944","1155","3.142844","1176","3.14142","1176","3.14174","1176","3.1417","1176","3.143568","1176","3.142756","1176","3.139412","1176","3.140224","1176","3.141528","1155","3.142832","1176","3.141252","1176","3.142108","1175","3.141224","1176","3.142876","1176","3.142972","1176","3.138784","1155","3.140284","1176","3.141468","1176","3.140152","1176","3.139784","1176","3.141932","1176","3.142724","1176","3.141552","1176","3.140968","1176","3.141884","1176","3.1423","1175","3.141464","1176","3.142732","1155","3.143864","1176","3.143168","1176","3.140608","1176","3.143128","1176","3.142412","1154","3.142348","1176","3.1416","1175","3.141696","1176","3.140324","1176","3.139208","1176","3.14282","1176","3.142188","1176","3.142908","1176","3.141376","1176","3.139988","1175","3.14358","1175","3.138956","1176","3.138392","1176","3.139448","1175","3.141412","1176","3.140856","1176","3.140412","1155","3.140132","1155","3.14084","1176","3.143324","1176","3.142452","1155","3.14128","1150","3.141748","1076","3.14222","1076","3.141212","1071","3.14288","1070","3.141348","1070","3.14034","1069","3.1415511599999992","1149","1192"
"50","3.141088","442","3.140524","969","3.138884","903","3.142604","1013","3.142836","1081","3.139784","1104","3.140912","1083","3.141112","1127","3.14258","1126","3.141596","1080","3.142532","1080","3.14246","1106","3.140932","1126","3.141272","1126","3.143204","1126","3.145068","1106","3.14182","1061","3.144172","1125","3.140224","1082","3.141144","1038","3.141508","1126","3.145664","1126","3.140264","1125","3.143268","1110","3.140896","1110","3.140764","1112","3.145048","1110","3.141148","1110","3.143328","1112","3.143044","1110","3.143676","1111","3.141028","1111","3.141636","1110","3.139828","1111","3.140488","1111","3.140572","1110","3.142296","1111","3.141488","1111","3.139608","1110","3.140324","1109","3.143976","1109","3.144768","1109","3.141592","1108","3.141688","1088","3.142112","1107","3.142884","1107","3.14318","1108","3.1386","1107","3.142628","1087","3.141288","1109","3.139084","1108","3.141864","1109","3.142016","1109","3.14094","1109","3.145276","1109","3.141356","1109","3.142456","1109","3.141116","1109","3.142808","1109","3.142976","1107","3.13936","1108","3.14632","1108","3.14122","1107","3.142244","1108","3.142448","1125","3.140596","1107","3.13854","1108","3.142328","1107","3.140352","1107","3.144832","1108","3.144124","1109","3.140728","1109","3.140404","1107","3.141024","1107","3.1434","1107","3.141912","1109","3.140628","1107","3.139552","1107","3.142976","1108","3.142256","1108","3.14398","1108","3.143524","1109","3.139728","1106","3.14356","1107","3.141044","1108","3.14458","1107","3.142172","1107","3.141104","1108","3.141112","1108","3.14088","1107","3.14094","1108","3.143872","1107","3.13812","1030","3.141368","1047","3.14256","1047","3.142428","1004","3.143128","1020","3.141124","1004","3.14154","1004","3.143592","1020","3.141888320000001","1089","1145"
"51","3.14248","1105","3.143392","1105","3.146952","1106","3.137748","1105","3.141068","1105","3.141624","1105","3.140752","1081","3.143272","1104","3.142556","1105","3.139428","1106","3.14268","1104","3.1394","1106","3.14006","1104","3.141624","1080","3.14662","1080","3.143132","1105","3.141096","1105","3.142464","1082","3.1416","1080","3.142452","1105","3.140088","1105","3.140308","1105","3.14092","1105","3.1411","1104","3.140712","1105","3.14472","1106","3.143348","1082","3.1407","1104","3.14204","1105","3.139464","1104","3.143216","1105","3.140076","1105","3.140052","1105","3.140176","1080","3.140064","1106","3.143072","1105","3.142872","1105","3.140324","1105","3.141492","1104","3.140364","1104","3.143752","1061","3.141672","1104","3.141552","1038","3.141404","1104","3.140972","1105","3.143292","1106","3.141132","1105","3.14242","1105","3.139484","1082","3.14116","1104","3.146944","1082","3.142148","1104","3.143928","1105","3.143068","1105","3.141296","1105","3.142632","1104","3.141116","1106","3.141944","1082","3.142988","1106","3.141788","1104","3.139164","1094","3.139892","1078","3.143636","1074","3.139996","1074","3.139556","1055","3.143492","1073","3.142316","1074","3.14092","1073","3.143484","1073","3.14112","1054","3.141448","1074","3.14002","1074","3.13934","1074","3.141236","1074","3.141648","1074","3.141816","1074","3.140476","1074","3.145512","1074","3.142132","1073","3.14004","1074","3.14276","1073","3.141468","1074","3.141424","1074","3.145624","1074","3.140436","1074","3.14104","1074","3.140972","1074","3.142196","1073","3.140668","1073","3.139816","1072","3.138696","1054","3.140108","1054","3.144064","1073","3.141928","1073","3.141728","1055","3.142316","1055","3.141452","1055","3.143028","1054","3.142036","1029","3.141612","1029","3.1417081599999994","1086","1126"
"52","3.143948","686","3.13948","772","3.14148","1007","3.141712","1007","3.143084","1007","3.14188","868","3.140392","1004","3.143196","824","3.1415","868","3.14076","1005","3.1409","1005","3.137876","1004","3.142212","1005","3.139996","868","3.14108","1004","3.140156","1004","3.144552","868","3.144736","1005","3.14354","1004","3.141624","1004","3.142792","982","3.140432","1067","3.140104","1045","3.141796","1044","3.140556","1045","3.142384","1044","3.143416","1067","3.14026","1086","3.14116","1067","3.14228","1045","3.138896","1062","3.1386","1043","3.142736","1039","3.140008","1077","3.143564","1077","3.140144","1077","3.139572","1076","3.144228","1077","3.141596","1058","3.14144","1058","3.142288","1039","3.143348","1077","3.139396","1076","3.140564","1076","3.139764","1076","3.140556","1039","3.139364","1057","3.142196","1076","3.14206","1048","3.14294","1049","3.140164","1063","3.142996","1064","3.136964","1049","3.139944","1050","3.142888","1049","3.1413","1049","3.141","1050","3.138088","1049","3.142","1049","3.141256","1063","3.141312","1049","3.141204","1049","3.14154","1063","3.140108","1049","3.139644","1049","3.14292","1049","3.1419","1049","3.143096","1049","3.140624","1049","3.140076","1063","3.140964","1049","3.13896","1049","3.142232","1063","3.140084","1049","3.142228","1049","3.138892","1049","3.141852","1049","3.141596","1063","3.139316","1049","3.142604","1049","3.141976","1049","3.139484","1063","3.142164","1049","3.141656","1049","3.140972","1063","3.140724","1049","3.142008","1063","3.139052","1063","3.141096","1049","3.141968","1049","3.142892","1049","3.142428","1063","3.141924","1063","3.136476","1063","3.141436","1049","3.140552","1049","3.143328","1063","3.142792","1049","3.138812","1049","3.139948","1049","3.1412198399999998","1032","1147"
"53","3.14218","570","3.14002","1023","3.141448","1130","3.14104","986","3.140536","1045","3.1425","1023","3.142448","1022","3.14276","1023","3.14198","986","3.140832","986","3.145932","1085","3.140748","1087","3.143048","985","3.14198","1023","3.140932","985","3.139508","1086","3.138856","1120","3.14148","1122","3.14222","1143","3.142616","1122","3.142428","1120","3.14158","1107","3.140572","1116","3.142936","1114","3.141972","1143","3.141892","1110","3.141656","1115","3.142152","1143","3.145152","1143","3.14154","1121","3.143604","1113","3.140984","1143","3.139812","1123","3.14494","1143","3.14336","1143","3.141988","1122","3.144856","1143","3.14338","1119","3.14076","1122","3.141088","1142","3.142508","1143","3.142384","1143","3.138608","1108","3.14102","1118","3.145308","1119","3.139996","1143","3.140628","1143","3.141576","1109","3.141044","1108","3.143824","1109","3.142692","1142","3.146532","1143","3.143636","1122","3.143292","1143","3.14114","1119","3.141708","1142","3.144204","1120","3.143268","1143","3.143088","1114","3.144236","1120","3.144156","1143","3.141756","1116","3.142964","1143","3.144484","1115","3.145064","1142","3.140796","1143","3.139084","1107","3.139904","1142","3.141336","1117","3.141412","1118","3.138412","1118","3.141316","1118","3.143088","1118","3.1398","1118","3.141152","1118","3.142272","1118","3.14204","1093","3.139764","1118","3.141952","1118","3.143396","1118","3.141132","1095","3.141864","1118","3.143752","1118","3.139636","1118","3.14428","1118","3.14112","1118","3.1406","1118","3.141972","1117","3.139184","1118","3.141928","1118","3.1433","1118","3.144384","1118","3.142924","1118","3.14124","1117","3.141828","1118","3.141228","1118","3.138908","1093","3.142944","1118","3.144384","1118","3.141896","1117","3.1420306","1103","1160"
"54","3.140948","324","3.14366","326","3.141276","326","3.138988","326","3.144688","326","3.141832","458","3.142944","1101","3.140764","1014","3.141672","989","3.143184","1038","3.14234","1038","3.141512","1059","3.140616","1039","3.14088","1014","3.142364","943","3.143868","991","3.142216","1014","3.142748","1038","3.142348","994","3.139196","1018","3.141536","923","3.141508","970","3.142952","1018","3.140776","970","3.142076","1018","3.14026","970","3.141296","1018","3.140404","1017","3.140268","991","3.140752","970","3.142236","1018","3.14312","1080","3.1402","1018","3.138556","1035","3.140944","1053","3.139748","1054","3.139492","1034","3.139636","1035","3.141604","1035","3.141356","991","3.142096","1054","3.14162","1012","3.140816","1034","3.1401","1011","3.140912","1035","3.140272","1054","3.144456","1053","3.143172","992","3.141764","1053","3.1413","1054","3.139244","1053","3.144392","973","3.14148","953","3.141464","950","3.138576","973","3.140036","952","3.137976","973","3.143052","973","3.141424","953","3.140252","952","3.142468","952","3.140416","952","3.141152","973","3.139276","973","3.142268","973","3.139688","953","3.14222","973","3.142928","973","3.142096","952","3.142136","973","3.142088","973","3.141492","973","3.140908","952","3.138436","952","3.140912","950","3.145028","973","3.138392","973","3.14128","973","3.140508","973","3.141672","973","3.139732","973","3.139648","973","3.14046","952","3.142616","973","3.141224","952","3.140008","951","3.141904","952","3.142916","973","3.143644","972","3.142568","973","3.140948","952","3.142412","973","3.140316","972","3.139724","951","3.141376","952","3.138476","951","3.144396","949","3.143644","972","3.142336","952","3.14282","972","3.141377","952","1133"
"55","3.143016","202","3.144092","1085","3.141516","1088","3.142896","1090","3.140672","1026","3.142016","1091","3.141204","1087","3.14224","1065","3.14078","1033","3.13974","1086","3.142972","1064","3.139996","1033","3.139944","1064","3.140448","1086","3.142192","1086","3.143116","1086","3.13988","1054","3.141908","1086","3.142004","1065","3.14414","1055","3.1412","1090","3.142132","1091","3.141264","1034","3.141276","1065","3.142992","1085","3.14032","1100","3.141128","1061","3.143108","1054","3.14128","1088","3.13872","1026","3.140816","1055","3.140828","1054","3.139884","1087","3.13904","1086","3.137852","1090","3.14286","1085","3.138312","1085","3.1429","1085","3.140144","1061","3.144872","1054","3.140752","1085","3.137492","1091","3.14262","1084","3.142328","1063","3.145396","1084","3.140912","1054","3.14066","1084","3.144012","1053","3.142392","1085","3.141244","1085","3.142176","1084","3.13838","1088","3.139176","1093","3.139044","1091","3.140796","1102","3.14466","1088","3.139864","1084","3.139704","1060","3.14226","1063","3.142644","1085","3.14138","1089","3.143176","1085","3.141044","1098","3.141392","1092","3.145236","1098","3.14368","1064","3.14152","1089","3.14092","1099","3.144028","1085","3.141048","1101","3.139904","1087","3.140852","1084","3.14508","1033","3.141956","1063","3.142284","1053","3.142084","1063","3.140724","1090","3.14244","981","3.140892","960","3.139632","960","3.142156","956","3.143004","960","3.140376","980","3.14376","960","3.1432","963","3.1399","960","3.14124","963","3.142008","981","3.140984","980","3.141036","960","3.144064","960","3.140252","980","3.14162","960","3.141348","960","3.142764","980","3.140016","980","3.141976","980","3.145176","957","3.142324","980","3.142752","980","3.141614399999998","1042","1121"
"56","3.139148","767","3.139564","740","3.139868","674","3.140628","766","3.141472","739","3.142612","761","3.14012","1273","3.1453","1242","3.139016","1233","3.141604","1271","3.141072","1272","3.1415","1273","3.139904","1273","3.140956","1273","3.14092","1271","3.143244","1273","3.13788","1272","3.143156","1273","3.142068","1272","3.140032","1273","3.137888","1276","3.141976","1272","3.142096","1296","3.140896","1273","3.14272","1273","3.141704","1273","3.14008","1296","3.140712","1273","3.137952","1273","3.14066","1273","3.143188","1273","3.13944","1296","3.142476","1273","3.1441","1273","3.14276","1273","3.141524","1271","3.141316","1273","3.142952","1273","3.1413","1274","3.143404","1273","3.140604","1241","3.139812","1274","3.140496","1272","3.1367","1273","3.141756","1273","3.141068","1272","3.141712","1272","3.140812","1272","3.140328","1275","3.139848","1273","3.143084","1240","3.143432","1271","3.139668","1271","3.141292","1271","3.140896","1272","3.142516","1296","3.14184","1276","3.14142","1272","3.138152","1274","3.14096","1271","3.144176","1276","3.1422","1296","3.140284","1272","3.1407","1273","3.14094","1242","3.142316","1271","3.142168","1273","3.141924","1272","3.140984","1296","3.143096","1276","3.13972","1239","3.142172","1272","3.13996","1271","3.145588","1272","3.142472","1296","3.140492","1272","3.141944","1272","3.141056","1295","3.140864","1296","3.14014","1272","3.1412","1272","3.139468","1272","3.139412","1296","3.139856","1296","3.140584","1274","3.1442","1241","3.142556","1271","3.145468","1272","3.140728","1296","3.141188","1272","3.143544","1296","3.1409","1272","3.141392","1295","3.139192","1277","3.139476","1272","3.14142","1271","3.140352","1233","3.142548","1295","3.141488","1295","3.143432","1276","3.1412720399999996","1241","1302"
"57","3.139388","994","3.142492","1017","3.13916","1078","3.141084","1143","3.140748","1038","3.139296","1038","3.142316","1039","3.142172","1016","3.140368","1016","3.142612","1077","3.144088","1122","3.14096","1114","3.139988","1114","3.144068","1092","3.140864","1092","3.142048","1114","3.14404","985","3.141548","1114","3.140016","1070","3.144348","1140","3.139816","1156","3.143368","1156","3.13944","1139","3.142224","1140","3.141364","1156","3.13808","1156","3.139404","1156","3.14386","1121","3.141072","1156","3.142796","1156","3.142536","1139","3.139496","1140","3.143744","1156","3.141724","1156","3.143448","1140","3.14194","1156","3.140348","1156","3.144448","1140","3.141932","1155","3.141456","1155","3.141876","1156","3.140632","1140","3.144264","1156","3.141936","1120","3.14132","1155","3.141252","1155","3.140292","1156","3.13966","1140","3.13802","1156","3.139924","1156","3.142024","1140","3.141396","1139","3.140972","1156","3.143336","1156","3.1423","1140","3.142468","1155","3.141716","1140","3.142076","1077","3.140588","1155","3.142412","1155","3.143044","1155","3.142728","1140","3.141412","1140","3.142512","1155","3.140916","1140","3.142988","1140","3.143388","1155","3.141832","1140","3.140548","1156","3.139228","1155","3.140684","1138","3.1437","1139","3.140456","1155","3.138956","1056","3.139644","1056","3.141904","1056","3.142364","1056","3.144976","1056","3.140572","1056","3.140436","1040","3.1417","1056","3.142516","1056","3.14174","1056","3.1415","1056","3.141856","1056","3.142784","1056","3.13984","1056","3.142708","1056","3.13988","1056","3.141568","1056","3.14144","1051","3.142456","1051","3.14254","1051","3.141436","1051","3.1407","1051","3.142136","1051","3.144756","1051","3.142136","1051","3.142008","1051","3.140944","1051","3.14161496","1106","1180"
"58","3.141076","1152","3.142144","1151","3.140096","1130","3.138368","1130","3.140752","1130","3.138172","1130","3.14096","1130","3.14294","926","3.14104","1130","3.141612","1151","3.14014","1151","3.144776","980","3.139104","1090","3.142592","1130","3.139804","1151","3.140872","1151","3.142772","1151","3.143136","1151","3.142608","1151","3.141032","1151","3.144232","1130","3.13838","1150","3.143864","980","3.141968","1107","3.140336","1124","3.142004","1107","3.142352","1124","3.142468","1106","3.140616","1122","3.142148","1104","3.141592","1122","3.142504","1104","3.142608","1104","3.143016","1104","3.142632","1104","3.140976","1104","3.142808","1104","3.141852","1121","3.142832","1103","3.141508","1104","3.142744","1121","3.14044","1104","3.141512","1104","3.14286","1083","3.143304","1122","3.140516","1104","3.139392","1104","3.143612","1104","3.143156","1121","3.142188","1112","3.145144","1102","3.142256","1096","3.139524","1095","3.1411","1096","3.139904","1096","3.139636","1096","3.141372","1096","3.139848","1096","3.144984","1095","3.141104","1096","3.14342","1095","3.142356","1083","3.141828","1082","3.141136","1082","3.138728","1082","3.14162","1082","3.141764","1082","3.139432","1082","3.14372","1081","3.141936","1082","3.140696","1077","3.142944","1077","3.14384","1077","3.141564","1072","3.138804","1072","3.143132","1072","3.142456","1070","3.140656","1070","3.140924","1070","3.141848","1070","3.140896","1070","3.146176","1070","3.143724","1070","3.142528","1070","3.142272","1070","3.1389","1070","3.142564","1070","3.14092","1070","3.14214","1070","3.142116","1070","3.140776","1069","3.140048","1070","3.13796","1070","3.141372","1070","3.138884","1070","3.142648","1070","3.143804","1069","3.14146","1070","3.141276","1070","3.144972","1070","3.14167528","1095","1171"
"59","3.141432","978","3.140616","1082","3.141128","1082","3.142508","1103","3.140624","1082","3.139968","1103","3.139244","1082","3.140196","1082","3.13922","1060","3.141932","1060","3.14038","1103","3.140672","1090","3.141824","1130","3.143488","1068","3.142512","1068","3.141468","1171","3.142108","1151","3.141292","1129","3.140256","1151","3.139092","1189","3.141224","1151","3.142184","1189","3.13978","1171","3.143928","1209","3.14236","1208","3.141044","1208","3.143964","1148","3.142256","1148","3.141804","1169","3.142032","1126","3.14156","1205","3.139536","1186","3.141564","1168","3.141376","1187","3.137616","1205","3.14104","1205","3.142576","1148","3.140344","1148","3.141708","1147","3.142108","1191","3.141232","1186","3.140896","1186","3.143532","1168","3.142732","1186","3.141976","1186","3.142244","1186","3.144344","1186","3.138696","1186","3.139832","1186","3.142972","1186","3.141752","1186","3.142612","1186","3.143036","1186","3.142268","1186","3.141284","1186","3.140868","1186","3.1418","1186","3.142","1186","3.139676","1186","3.14014","1186","3.14354","1168","3.140112","1186","3.138776","1167","3.142564","1186","3.142828","1186","3.142904","1186","3.144888","1186","3.142364","1185","3.141984","1186","3.140812","1186","3.140772","1186","3.140676","1064","3.14088","1064","3.142012","1049","3.143396","1049","3.142636","1048","3.140116","1045","3.142652","1045","3.140684","1044","3.144396","1045","3.141436","1045","3.141276","1044","3.143484","1044","3.142208","1044","3.13952","1045","3.14126","1044","3.143836","1045","3.14364","1044","3.142008","1045","3.145752","1044","3.139616","1044","3.14334","1045","3.142376","1044","3.14006","1044","3.139816","1045","3.141052","1044","3.14172","1044","3.141956","1045","3.140764","1044","3.138696","1044","3.1415666399999997","1125","1225"
"60","3.141604","751","3.141168","1098","3.141912","1076","3.141964","1097","3.141432","1114","3.140052","1097","3.13862","1098","3.137884","1097","3.1413","1114","3.13834","1097","3.14054","1097","3.146244","1076","3.14138","1097","3.144244","1055","3.140344","1076","3.142024","1097","3.140956","1113","3.140408","1096","3.141592","1114","3.13904","1097","3.142044","1075","3.14232","1097","3.142736","1097","3.141516","1076","3.140784","1097","3.144956","1097","3.13972","1097","3.140968","1097","3.140876","1097","3.143772","1114","3.13902","1097","3.143388","1096","3.13986","1097","3.13894","1087","3.143116","1087","3.141644","1103","3.141016","1087","3.146928","1087","3.139508","1091","3.141148","1092","3.139768","1075","3.14352","1075","3.141488","1075","3.141196","1075","3.141684","1075","3.140228","1075","3.13976","1091","3.141352","1075","3.143444","1091","3.142312","1075","3.144092","1091","3.141144","1091","3.144808","1075","3.145128","1075","3.140324","1092","3.142168","1074","3.1421","1091","3.13866","1092","3.141224","1075","3.141908","1066","3.142148","1082","3.14298","1083","3.142184","1082","3.13734","1083","3.144888","1083","3.138504","1066","3.140268","1066","3.140116","1083","3.140468","1051","3.13972","1051","3.141168","1051","3.141376","1051","3.141292","1042","3.137788","1024","3.140312","1041","3.143156","1025","3.143204","1041","3.141396","1041","3.139324","1041","3.138892","1029","3.141336","1029","3.141792","1024","3.141484","1021","3.141212","1020","3.142576","1021","3.140112","1020","3.140712","1016","3.143196","1015","3.142124","1015","3.14096","1015","3.143048","1014","3.14098","1015","3.13882","1010","3.14016","1009","3.142276","1009","3.1437","1009","3.144784","1005","3.14124","1005","3.143456","1000","3.141304","999","3.14143412","1064","1115"
"61","3.143668","1174","3.140856","1153","3.141832","1192","3.14358","1136","3.142228","1132","3.14044","1132","3.141256","1169","3.144224","1131","3.14082","1169","3.139012","1126","3.139796","1126","3.143444","1126","3.139484","1125","3.144368","1121","3.14242","1177","3.139372","1121","3.142668","1177","3.14208","1158","3.139832","1158","3.139716","1177","3.142152","1169","3.142592","1170","3.14032","1168","3.141888","1150","3.140572","1168","3.142248","1113","3.139996","1113","3.139552","1169","3.1427","1169","3.143416","1202","3.14484","1150","3.142116","1150","3.142688","1160","3.141148","1142","3.144204","1195","3.142972","1194","3.140652","1194","3.138624","1195","3.143524","1189","3.138732","1189","3.140952","1189","3.141012","1189","3.14172","1188","3.14168","1155","3.141512","1188","3.14216","1155","3.141632","1189","3.140956","1189","3.142252","1189","3.14216","1188","3.142888","1154","3.139152","1189","3.145684","1189","3.14136","1136","3.141004","1188","3.1437","1189","3.14078","1130","3.14202","1151","3.140064","1184","3.14326","1184","3.14374","1175","3.14306","1174","3.14142","1174","3.139504","1174","3.138748","1175","3.140072","1175","3.142308","1175","3.139708","1174","3.139424","1175","3.144372","1175","3.147096","1175","3.1385","1174","3.1421","1174","3.142636","1173","3.141968","1175","3.142436","1174","3.142828","1173","3.139712","1174","3.140792","1173","3.13928","1175","3.14458","1174","3.142992","1170","3.143204","1170","3.137896","1169","3.139392","1170","3.142244","1169","3.142732","1170","3.14282","1169","3.143408","1170","3.143232","1169","3.140692","1170","3.141796","1121","3.144144","1121","3.140468","1087","3.14322","1120","3.142884","1120","3.140448","1121","3.141284","1112","3.140684","1114","3.141892","1113","3.14171696","1162","1227"
"62","3.143436","1059","3.141564","1152","3.14102","1193","3.14432","993","3.14158","1058","3.140976","1170","3.139548","1152","3.142264","1115","3.141756","1152","3.14252","1058","3.139412","1170","3.143624","1193","3.140376","1181","3.140288","1158","3.14032","1139","3.139216","981","3.141768","1085","3.14252","1140","3.139104","1084","3.139264","1181","3.138884","1119","3.139616","1181","3.1414","1103","3.138372","1140","3.140396","1135","3.142128","1134","3.146808","1175","3.141308","1175","3.141776","1134","3.143012","1160","3.140212","1118","3.140076","1119","3.146108","1160","3.139008","1160","3.143084","1118","3.144268","1161","3.142032","1160","3.138116","1161","3.14108","1160","3.14194","1160","3.139672","1118","3.139528","1148","3.14306","1147","3.144664","1148","3.141612","1148","3.143036","1148","3.143292","1147","3.141464","1148","3.141892","1148","3.142216","1148","3.140264","1148","3.142128","1148","3.141872","1147","3.14304","1148","3.143568","1147","3.14132","1148","3.140424","1148","3.140568","1106","3.141732","1146","3.144596","1148","3.141132","1149","3.139064","1148","3.140532","1105","3.14326","1124","3.1428","1123","3.142072","1123","3.142376","1122","3.140984","1099","3.140224","1122","3.141616","1094","3.142728","1118","3.140792","1115","3.143224","1115","3.140672","1115","3.14152","1114","3.143644","1115","3.14046","1115","3.142428","1115","3.140648","1115","3.143192","1115","3.144236","1115","3.140448","1115","3.139568","1114","3.142136","1115","3.144868","1115","3.138656","1115","3.143472","1115","3.142512","1115","3.142428","1115","3.14062","1114","3.14326","1112","3.14374","1112","3.142044","1112","3.143336","1112","3.138328","1112","3.141988","1112","3.142584","1111","3.1395","1111","3.143072","1111","3.137828","1112","3.1416244000000004","1128","1196"
"63","3.143464","1081","3.141272","1045","3.139512","858","3.141752","1077","3.14142","1077","3.141992","1109","3.14016","1111","3.140088","1109","3.139968","1120","3.14146","1108","3.143752","1109","3.141008","1109","3.14044","1108","3.140872","1108","3.144324","1109","3.141192","1110","3.13804","1109","3.140096","1108","3.140508","1074","3.141452","1108","3.144224","1110","3.144096","1108","3.144216","1111","3.138932","1077","3.141692","1108","3.142432","1077","3.141308","1108","3.1421","1108","3.140524","1074","3.140452","1114","3.14286","1108","3.141192","1108","3.140396","1108","3.14032","1079","3.141604","1108","3.143348","1108","3.140636","1108","3.14118","1108","3.141844","1115","3.141844","1108","3.143","1108","3.143168","1107","3.139928","1114","3.141196","1073","3.144016","1107","3.141276","1106","3.141596","1106","3.141356","1114","3.142424","1111","3.143072","1072","3.141956","1107","3.14166","1107","3.141856","1108","3.145356","1106","3.141068","1142","3.141292","1109","3.138496","1106","3.142568","1079","3.140736","1118","3.139856","1108","3.141408","1106","3.141628","1077","3.139588","1094","3.140784","1061","3.142608","1093","3.14036","1058","3.13964","1068","3.143224","1098","3.142052","1092","3.14226","1093","3.135956","1096","3.141876","1120","3.143292","1094","3.143852","1097","3.142116","1120","3.144252","1096","3.142348","1099","3.142956","1100","3.141944","1100","3.13938","1120","3.142092","1092","3.137948","1120","3.14182","1091","3.14076","1120","3.139984","1096","3.140212","1120","3.137772","1101","3.140576","1096","3.14258","1093","3.141764","1094","3.1415","1120","3.14368","1120","3.142696","1091","3.141204","1092","3.139332","1097","3.143092","1120","3.139016","1092","3.142432","1093","3.140388","1097","3.141872","1093","3.1414609200000005","1098","1176"
"64","3.140572","1079","3.14148","960","3.141064","985","3.14246","1107","3.142064","984","3.138268","1080","3.143816","985","3.144336","935","3.141572","1032","3.141904","933","3.142364","985","3.143812","985","3.140136","1127","3.140564","1107","3.14342","1079","3.142204","1009","3.139396","1107","3.142792","985","3.1433","1187","3.139124","1156","3.143308","1187","3.143152","1135","3.14474","1187","3.142412","1156","3.1398","1068","3.137748","1141","3.140708","1089","3.142392","1140","3.142784","1109","3.141708","1141","3.14208","1107","3.13928","1138","3.14224","1139","3.142904","1139","3.14176","1139","3.14154","1139","3.14022","1138","3.140276","1138","3.14108","1138","3.13914","1138","3.142284","1107","3.137124","1139","3.143456","1138","3.13904","1138","3.14348","1138","3.140972","1139","3.143036","1139","3.140652","1138","3.140008","1138","3.143928","1138","3.140676","1138","3.138776","1138","3.1388","1138","3.141672","1138","3.145936","1138","3.142256","1138","3.1433","1106","3.142532","1137","3.144012","1137","3.141372","1085","3.143476","1137","3.141632","1104","3.139368","1106","3.143388","1137","3.141504","1137","3.142844","1137","3.14394","1137","3.141076","1137","3.141676","1137","3.142184","1137","3.141228","1137","3.141056","1137","3.140528","1136","3.140088","1136","3.14286","1136","3.14426","1136","3.140828","1137","3.14098","1080","3.13772","1049","3.1407","1048","3.142188","1048","3.140872","1048","3.141","1038","3.14502","1038","3.140172","1037","3.139936","1038","3.141184","1036","3.14102","1032","3.140464","1001","3.141048","1031","3.139088","1031","3.143212","1032","3.143152","1030","3.141604","1031","3.140644","1032","3.140284","1031","3.142544","1031","3.140512","1031","3.141768","1031","3.142248","1031","3.14156528","1092","1202"
"65","3.141608","79","3.139884","1241","3.14348","1241","3.140308","1240","3.138228","1240","3.141108","1240","3.142988","1240","3.144","1239","3.14302","1240","3.144536","1240","3.143676","1239","3.141708","1241","3.140256","1240","3.140676","1240","3.142712","1240","3.142568","1241","3.140832","1241","3.140284","1239","3.140184","1240","3.141056","1241","3.14044","1240","3.1398","1239","3.13918","1239","3.1391","1240","3.140228","1239","3.14112","1240","3.141188","1239","3.139172","1240","3.142296","1240","3.141404","1240","3.141708","1240","3.141208","1240","3.142708","1240","3.144364","1240","3.144292","1240","3.139388","1240","3.1427","1240","3.142792","1238","3.143296","1240","3.14104","1240","3.142116","1240","3.142448","1240","3.141824","1240","3.141592","1239","3.143488","1240","3.13988","1240","3.144284","1238","3.141436","1239","3.138844","1240","3.144748","1240","3.140644","1239","3.138636","1240","3.14338","1238","3.140748","1240","3.141576","1239","3.141316","1239","3.142044","1218","3.142744","1239","3.140616","1239","3.141316","1240","3.142468","1239","3.142028","1239","3.14468","1239","3.143844","1240","3.1424","1239","3.139604","1240","3.138708","1240","3.142196","1240","3.14148","1240","3.143716","1240","3.141284","1218","3.142392","1240","3.139856","1240","3.138356","1240","3.14112","1238","3.138632","1239","3.1427","1240","3.14372","1239","3.141996","1239","3.13982","1239","3.142944","1240","3.140368","1198","3.143848","1208","3.140948","1240","3.144896","1218","3.1418","1239","3.139716","1238","3.139868","1240","3.143356","1240","3.142936","1239","3.144432","1239","3.143388","1239","3.144368","1239","3.139556","1240","3.141168","1238","3.14094","1239","3.142208","1240","3.142952","1240","3.140456","1238","3.14236","1240","3.1416772399999995","1226","1242"
"66","3.1414","531","3.139968","1076","3.140704","1045","3.139212","1077","3.140404","1077","3.141532","1057","3.14088","1087","3.138124","1076","3.142408","1057","3.14114","1077","3.143644","1080","3.142572","1087","3.143164","1037","3.141204","1077","3.143768","1050","3.140588","1051","3.140804","1077","3.140356","1076","3.142188","1079","3.138744","1087","3.138804","1076","3.138984","1076","3.14274","1076","3.144312","1051","3.140604","1077","3.143472","1077","3.142172","1082","3.141248","1076","3.143772","1087","3.138672","1039","3.143644","1087","3.145132","1082","3.14142","1087","3.143016","1083","3.137308","1086","3.143152","1047","3.141872","1077","3.13984","1086","3.140856","1075","3.144388","1076","3.141264","1053","3.139736","1080","3.14372","1081","3.140432","1079","3.141524","1081","3.140808","1078","3.141008","1079","3.141668","1087","3.14188","1057","3.143792","1085","3.14288","1087","3.138448","1051","3.147172","1079","3.142612","1077","3.14054","1085","3.141464","1086","3.140688","1083","3.142652","1077","3.139412","1051","3.142564","1081","3.141024","1080","3.143704","1076","3.138364","1046","3.1435","1080","3.14032","1051","3.144016","1077","3.14064","1086","3.141444","1078","3.140128","1080","3.143","1055","3.140788","1077","3.14278","1075","3.144056","1084","3.141296","1076","3.143492","1075","3.139492","1076","3.143404","1076","3.140924","1075","3.141692","1085","3.143048","1075","3.140332","1076","3.143776","1053","3.141116","1076","3.141796","1036","3.142264","1085","3.141076","1085","3.14224","1076","3.14252","1086","3.142092","1076","3.141924","1081","3.140732","1085","3.139924","1085","3.141988","1086","3.141356","1081","3.142192","1075","3.142464","1072","3.1426","1069","3.140976","1068","3.141672","1072","3.143056","1056","3.141656840000002","1068","1088"
"67","3.142928","147","3.141804","1013","3.142176","1019","3.1421","1044","3.137908","1012","3.139056","1018","3.138956","970","3.14354","1016","3.145124","1012","3.143396","1010","3.141084","1042","3.143336","1010","3.141148","1010","3.141284","1010","3.141844","1040","3.141712","1010","3.139196","1016","3.140872","1010","3.142408","1009","3.1414","1009","3.140496","1040","3.140552","1010","3.141736","1009","3.140136","1009","3.141428","1075","3.143332","1098","3.142572","1099","3.142912","1109","3.142724","1162","3.143316","1102","3.14152","1100","3.141284","1099","3.139608","1065","3.141364","1132","3.142268","1100","3.140552","1132","3.14064","1099","3.14018","1160","3.141552","1102","3.142248","1100","3.142544","1133","3.141076","1065","3.140108","1100","3.14212","1099","3.142096","1102","3.143764","1133","3.141772","1109","3.14252","1065","3.14192","1069","3.141748","1100","3.137816","1097","3.142624","1115","3.139172","1144","3.14296","1149","3.140296","1172","3.1394","1173","3.14078","1139","3.142468","1181","3.14268","1186","3.142236","1152","3.141244","1172","3.142672","1190","3.142052","1178","3.140356","1187","3.14252","1190","3.139692","1172","3.139788","1186","3.142104","1184","3.13942","1174","3.14178","1180","3.139504","1175","3.1419","1172","3.142416","1174","3.140868","1175","3.142796","1174","3.140592","1195","3.14202","1178","3.141596","1195","3.14162","1195","3.142112","1173","3.140812","1172","3.14238","1179","3.141276","1195","3.139644","1167","3.14144","1195","3.143752","1174","3.139592","1195","3.141672","1195","3.143452","1195","3.137728","1175","3.139056","1165","3.14184","1177","3.14104","1195","3.140784","1195","3.139336","1173","3.140852","1195","3.139972","1177","3.141608","1195","3.142984","1160","3.14112","1178","3.1413918399999994","1109","1257"
"68","3.13932","946","3.142608","1315","3.139356","1295","3.143484","1316","3.137492","1316","3.139056","1315","3.140128","1315","3.144092","1316","3.14252","1315","3.141176","1295","3.142748","1316","3.140656","1316","3.141868","1316","3.139244","1316","3.139568","1316","3.14074","1316","3.139016","1316","3.139324","1295","3.138656","1316","3.14072","1316","3.142428","1315","3.1429","1316","3.141792","1316","3.13976","1316","3.143684","1295","3.139468","1295","3.139776","1316","3.137896","1316","3.14312","1316","3.140932","1316","3.139592","1315","3.142328","1316","3.141768","1316","3.141656","1316","3.143196","1316","3.1453","1315","3.13918","1316","3.141504","1315","3.139996","1316","3.14472","1316","3.142116","1315","3.144976","1315","3.142404","1315","3.139324","1316","3.140648","1315","3.14322","1315","3.140096","1316","3.1396","1316","3.143808","1293","3.140276","1316","3.142396","1315","3.142724","1315","3.142072","1315","3.138848","1315","3.141156","1315","3.14204","1295","3.14396","1315","3.140452","1316","3.139864","1315","3.1431","1315","3.1413","1315","3.142736","1316","3.142444","1315","3.141416","1294","3.140636","1294","3.143632","1315","3.14066","1316","3.142248","1315","3.139876","1315","3.140136","1315","3.13822","1315","3.141636","1295","3.141196","1315","3.142572","1315","3.139568","1315","3.142572","1316","3.143352","1316","3.140484","1315","3.141424","1315","3.14032","1315","3.14222","1294","3.144028","1315","3.13988","1315","3.142988","1315","3.14136","1315","3.142184","1294","3.143888","1315","3.141592","1315","3.143148","1315","3.14362","1315","3.143264","1294","3.142908","1315","3.143284","1314","3.140288","1315","3.143","1315","3.142872","1315","3.141856","1315","3.141956","1315","3.142076","1294","3.140576","1314","3.1414926399999996","1308","1317"
"69","3.145236","75","3.140056","1142","3.140168","1076","3.144768","1142","3.143896","1098","3.142704","1195","3.14342","1249","3.141856","1195","3.141052","1175","3.140268","1249","3.14434","1142","3.140564","1214","3.144048","1098","3.13842","1142","3.140492","1142","3.141456","1248","3.141768","1214","3.14228","1142","3.13984","1214","3.141292","1214","3.140032","1175","3.142956","1142","3.1428","1142","3.142208","1186","3.139276","1168","3.141884","1168","3.140576","1186","3.143268","1186","3.145212","1169","3.144292","1168","3.143748","1168","3.144024","1186","3.142864","1186","3.141508","1168","3.140456","1169","3.13914","1169","3.14348","1186","3.141456","1168","3.141872","1169","3.142064","1169","3.140268","1169","3.141056","1168","3.143828","1186","3.140764","1169","3.140616","1169","3.138568","1169","3.14032","1186","3.139444","1169","3.140208","1169","3.139932","1169","3.14242","1168","3.141164","1168","3.142488","1168","3.141484","1168","3.142404","1186","3.140492","1169","3.1413","1168","3.139276","1163","3.141396","1144","3.14118","1144","3.140816","1144","3.140212","1144","3.140016","1144","3.1447","1127","3.140964","1118","3.142512","1118","3.145012","1118","3.14058","1118","3.139704","1101","3.14086","1118","3.141516","1118","3.141012","1118","3.140472","1118","3.140732","1101","3.145248","1118","3.14176","1099","3.139976","1118","3.14034","1118","3.141216","1118","3.137216","1118","3.144376","1118","3.145356","1118","3.143112","1118","3.142628","1101","3.141084","1118","3.14232","1117","3.14186","1095","3.144004","1112","3.141384","1112","3.143912","1112","3.141632","1112","3.143168","1112","3.1427","1112","3.140632","1112","3.142572","1112","3.144112","1112","3.142808","1095","3.142656","1099","3.143028","1099","3.143804","1100","3.1418165999999985","1137","1268"
"70","3.143592","1037","3.140824","1108","3.142576","1262","3.13804","1262","3.140012","1233","3.143024","1128","3.141484","1233","3.143152","1262","3.140052","1262","3.144224","1213","3.140636","1190","3.14322","1191","3.142208","1191","3.142948","1191","3.142396","1213","3.14242","1213","3.139572","1190","3.142764","1191","3.139864","1233","3.139328","1240","3.145128","1240","3.140964","1211","3.141132","1169","3.141564","1240","3.139312","1210","3.142252","1211","3.142496","1211","3.140796","1240","3.141696","1211","3.14132","1211","3.142008","1240","3.14036","1211","3.143872","1228","3.140572","1227","3.140664","1227","3.1415","1227","3.143772","1227","3.14384","1227","3.139384","1227","3.139728","1228","3.142648","1227","3.142536","1228","3.140456","1227","3.143148","1227","3.142724","1226","3.139396","1227","3.141428","1227","3.140628","1227","3.14106","1227","3.143628","1227","3.140644","1227","3.140884","1227","3.13974","1227","3.142196","1227","3.142996","1227","3.141196","1227","3.140528","1227","3.142464","1227","3.139308","1227","3.1414","1227","3.139596","1227","3.139292","1227","3.141864","1227","3.141104","1227","3.14212","1228","3.138852","1226","3.139036","1227","3.143316","1227","3.141212","1227","3.141328","1227","3.142704","1227","3.14254","1227","3.140912","1227","3.142456","1227","3.141","1227","3.142324","1227","3.143356","1198","3.142544","1226","3.13924","1227","3.141188","1227","3.141712","1227","3.136732","1227","3.14576","1227","3.14236","1226","3.139548","1227","3.143828","1226","3.141624","1227","3.142832","1227","3.13706","1226","3.14242","1227","3.14198","1227","3.1405","1221","3.139244","1221","3.143216","1221","3.140968","1221","3.141324","1221","3.139384","1221","3.142076","1221","3.140152","1221","3.144256","1221","3.141466639999999","1219","1264"
"71","3.142724","947","3.142816","653","3.139884","941","3.140496","983","3.139208","1082","3.140756","1062","3.140788","1111","3.141532","1111","3.141788","1112","3.141804","1131","3.140992","1146","3.142948","1147","3.13886","1147","3.14324","1147","3.142008","1147","3.141584","1146","3.139416","1146","3.139324","1147","3.141196","1147","3.142336","1146","3.143308","1146","3.142476","1147","3.141276","1147","3.138468","1146","3.141916","1147","3.142108","1147","3.14414","1147","3.142228","1146","3.141164","1147","3.139596","1147","3.142812","1147","3.138492","1147","3.1412","1127","3.142324","1147","3.139824","1147","3.141148","1145","3.142072","1146","3.145544","1146","3.141388","1146","3.139516","1146","3.141848","1128","3.140324","1147","3.140772","1146","3.14356","1146","3.139464","1146","3.14056","1147","3.141276","1146","3.139916","1147","3.140948","1147","3.14116","1146","3.139048","1147","3.142096","1147","3.145228","1146","3.143328","1146","3.140608","1146","3.142544","1146","3.142872","1127","3.144712","1146","3.143376","1146","3.142088","1147","3.140996","1145","3.1406","1146","3.13928","1145","3.144168","1145","3.141348","1146","3.142556","1146","3.141708","1145","3.140352","1126","3.140056","1145","3.141944","1146","3.143996","1146","3.138576","1145","3.141652","1145","3.142116","1146","3.140156","1146","3.140652","1143","3.14256","1142","3.142916","1143","3.142208","1142","3.141856","1141","3.139016","1142","3.140732","1142","3.14068","1142","3.143484","1142","3.140648","1142","3.140828","1143","3.142888","1141","3.140612","1142","3.142044","1142","3.139592","1143","3.143088","1142","3.140984","1142","3.141912","1142","3.141944","1141","3.13962","1142","3.14236","1142","3.139632","1142","3.14256","1142","3.142028","1142","3.142448","1142","3.1414722399999992","1131","1158"
"72","3.142096","348","3.14354","986","3.142032","986","3.142948","1046","3.138464","986","3.138944","1008","3.143212","1046","3.141516","1109","3.139888","1046","3.141092","1047","3.141504","1109","3.141056","1046","3.140128","1046","3.143404","1046","3.139316","1007","3.140428","986","3.139748","986","3.144728","1028","3.144256","986","3.140424","1109","3.140796","1046","3.142588","1008","3.143792","1003","3.141132","964","3.14426","1043","3.141964","1062","3.141656","1061","3.141836","1062","3.142556","1061","3.141864","1062","3.141136","1061","3.139812","1061","3.140424","1061","3.142884","1061","3.143984","1061","3.137572","1061","3.142744","1061","3.13844","1062","3.140928","1061","3.140388","1060","3.142616","1062","3.143148","1061","3.141964","1062","3.140836","1061","3.137688","1062","3.142672","1062","3.143296","1061","3.14382","1060","3.14604","1062","3.141464","1061","3.14364","1062","3.142224","1061","3.141688","1062","3.142316","1062","3.140784","1061","3.141244","1061","3.144624","1061","3.141304","1061","3.142016","1062","3.140764","1061","3.140784","1062","3.142808","1061","3.137168","1061","3.14158","1061","3.145076","1062","3.139064","1062","3.140244","1062","3.14106","1061","3.141288","1061","3.137884","1043","3.141512","1061","3.143208","1061","3.139364","1043","3.142252","1061","3.141328","1043","3.142832","1061","3.140396","1062","3.142376","1061","3.142784","1061","3.141872","1061","3.14304","1061","3.142324","1061","3.139996","1061","3.139864","1061","3.14366","1062","3.141552","1061","3.141048","1043","3.142912","1061","3.139164","1061","3.14158","1061","3.141356","1061","3.142416","1061","3.140884","1062","3.140956","1061","3.142732","1061","3.140496","1061","3.143956","1061","3.139516","1061","3.14226","1061","3.144192","1060","3.141624120000001","1045","1111"
"73","3.142388","104","3.141376","937","3.143592","890","3.142172","937","3.140556","995","3.145152","914","3.143364","994","3.14192","937","3.14218","914","3.141044","914","3.143396","914","3.14286","914","3.141864","866","3.14078","995","3.14156","842","3.143336","994","3.141736","935","3.142492","914","3.143956","914","3.142232","937","3.141288","957","3.140324","937","3.139716","914","3.141792","889","3.140336","914","3.140632","914","3.143212","897","3.140936","874","3.139888","895","3.14386","954","3.140824","916","3.141416","872","3.145312","985","3.141808","948","3.139956","985","3.139292","986","3.139596","985","3.141644","985","3.14","986","3.146284","986","3.144108","986","3.141156","986","3.143176","985","3.141272","970","3.141312","985","3.142848","1005","3.140252","1005","3.139844","1008","3.142076","1007","3.141672","1005","3.1411","1005","3.141508","1005","3.140208","1005","3.14128","1013","3.139524","987","3.142548","976","3.141296","982","3.143084","983","3.141312","975","3.1423","1012","3.140412","1006","3.142112","1005","3.142432","1013","3.140224","1009","3.14042","1008","3.142028","1005","3.14454","1005","3.143188","1005","3.136756","1005","3.141268","1005","3.139792","1005","3.144236","1013","3.140676","980","3.14282","1005","3.142556","1014","3.145204","1005","3.14132","1014","3.142604","1005","3.142212","977","3.143008","1011","3.140144","1005","3.142248","1005","3.14076","1005","3.142032","1005","3.139344","1011","3.140276","1008","3.14314","1005","3.142964","1014","3.143528","1009","3.143316","1009","3.140548","1004","3.142608","1009","3.14038","977","3.139848","1008","3.138528","1005","3.14188","1005","3.142652","916","3.145864","913","3.143172","915","3.143348","912","3.141823360000001","962","1073"
"74","3.142388","1023","3.144844","712","3.143132","934","3.14332","1018","3.143368","1018","3.142752","999","3.143472","1018","3.14314","1018","3.141608","999","3.146024","1018","3.140316","1017","3.142076","933","3.138864","913","3.139948","978","3.140424","1017","3.140436","999","3.137736","1018","3.142592","1018","3.14304","999","3.140664","998","3.140568","1018","3.141804","1018","3.1437","1018","3.144724","998","3.142136","1018","3.142284","987","3.139956","968","3.144084","987","3.141952","987","3.14156","987","3.139836","1027","3.140996","1027","3.143376","1027","3.141632","1027","3.141968","1027","3.141476","1027","3.142564","1026","3.13948","1027","3.142772","1027","3.141572","1027","3.140076","1026","3.141","1027","3.13966","1027","3.140288","1027","3.139876","1027","3.140816","1027","3.142304","1027","3.142224","1027","3.137288","1027","3.143756","1026","3.141324","1027","3.142088","1027","3.13712","1026","3.138552","1026","3.140152","1027","3.142948","1026","3.141684","1027","3.140544","1027","3.141632","1027","3.141188","1026","3.13942","1027","3.143288","1026","3.14074","1026","3.141604","1027","3.140492","1027","3.140352","1027","3.142948","1027","3.14066","1027","3.139624","1027","3.142972","1027","3.136048","1026","3.140232","1027","3.144264","1026","3.142084","1026","3.14066","1026","3.14392","1026","3.141964","1027","3.141092","1026","3.138788","1026","3.140032","1026","3.14034","1027","3.141088","1027","3.142144","1026","3.142216","1026","3.14044","1026","3.141968","1027","3.139736","1026","3.143008","1027","3.142188","1026","3.140236","1026","3.138584","1026","3.140736","1026","3.14354","1027","3.14282","1027","3.139348","1026","3.145856","1026","3.138828","1026","3.143148","1026","3.14166","1027","3.1421","1026","3.141442719999999","1014","1085"
"75","3.141976","489","3.143376","861","3.143088","837","3.14108","837","3.14266","789","3.138716","836","3.1428","789","3.143688","836","3.14236","837","3.14386","837","3.141336","836","3.143268","837","3.141444","789","3.1439","836","3.142568","836","3.140252","836","3.140896","836","3.140504","836","3.138688","836","3.144168","809","3.1393","809","3.140844","762","3.143264","958","3.144832","830","3.143356","855","3.141864","957","3.142428","954","3.140816","830","3.141812","854","3.141752","954","3.1405","954","3.141392","853","3.142468","853","3.143648","921","3.140864","930","3.144448","921","3.141208","923","3.140712","955","3.140404","920","3.141684","923","3.143228","859","3.143384","922","3.139372","860","3.143888","863","3.140416","893","3.14016","890","3.142948","889","3.143856","922","3.141928","889","3.142276","922","3.138872","922","3.140568","889","3.142556","945","3.139584","945","3.141532","944","3.139116","948","3.143376","948","3.142768","949","3.142136","915","3.140828","926","3.14042","950","3.139412","944","3.142368","922","3.140048","947","3.138896","948","3.1402","919","3.14178","949","3.141044","947","3.14268","944","3.141236","944","3.143676","949","3.141512","914","3.144904","944","3.139032","944","3.14102","944","3.142208","943","3.140284","944","3.138896","925","3.14018","944","3.141952","947","3.1433","947","3.142216","943","3.140876","947","3.139984","949","3.142596","943","3.140712","944","3.143032","944","3.142392","947","3.142164","944","3.13972","913","3.143536","949","3.142516","950","3.144448","943","3.141368","947","3.140964","943","3.140892","913","3.140872","948","3.137464","947","3.14084","947","3.141952","922","3.1416460800000006","900","1093"
"76","3.14058","327","3.141904","880","3.143488","773","3.139484","880","3.140952","881","3.140412","839","3.141708","674","3.14322","839","3.143776","880","3.139964","880","3.141328","861","3.139764","861","3.144288","1050","3.139924","1057","3.141768","1053","3.1421","1058","3.143604","1050","3.145508","1025","3.141904","1010","3.140772","1054","3.140196","1012","3.143452","1051","3.142932","1051","3.143484","1009","3.141716","1054","3.14316","1051","3.141668","1024","3.14118","1052","3.14422","1050","3.139376","1009","3.141624","1050","3.139904","1053","3.142512","1050","3.139588","1057","3.141264","1051","3.143484","1058","3.142504","1050","3.139364","1051","3.141852","1057","3.146088","1050","3.144384","1009","3.14232","1051","3.14344","1057","3.14026","1050","3.141788","1048","3.143136","1055","3.141004","1050","3.144932","1053","3.141012","1050","3.143924","1055","3.141368","1050","3.139488","1050","3.141944","1052","3.139096","1007","3.14358","1050","3.143096","1024","3.141996","1049","3.14354","1056","3.141956","1050","3.14234","1009","3.144172","1057","3.142212","1058","3.140884","1054","3.142068","1050","3.141428","1008","3.1422","1050","3.1406","1050","3.14114","1053","3.148384","1050","3.140124","1050","3.142464","1050","3.141004","1056","3.142184","1050","3.14204","1008","3.14092","1024","3.141008","1053","3.143744","1021","3.140296","1050","3.143736","1011","3.139988","1050","3.140532","1007","3.14034","1057","3.143664","1053","3.14178","1051","3.142632","1058","3.142148","1050","3.1436","1049","3.139452","1049","3.142124","1050","3.138852","1050","3.13956","1050","3.141664","1056","3.143672","1053","3.142212","1049","3.142192","1050","3.1402","1053","3.143476","1056","3.140376","1049","3.14162","1052","3.141504","1027","3.14192816","1015","1079"
"77","3.142544","741","3.142748","670","3.1397","1005","3.14228","1048","3.141664","1047","3.14252","1005","3.14142","943","3.141292","937","3.141244","1020","3.140224","1041","3.140324","999","3.14138","1021","3.14258","1041","3.1399","1020","3.140224","980","3.144944","1041","3.143756","1000","3.142376","1040","3.141488","1021","3.142216","998","3.142488","1041","3.140936","999","3.14142","1040","3.140128","1021","3.144372","1021","3.141288","1021","3.14552","1020","3.140276","1041","3.143044","1041","3.140196","999","3.141196","1020","3.140824","1020","3.139556","1021","3.141192","1021","3.140456","998","3.140556","1021","3.141288","1041","3.139724","999","3.14094","1040","3.140996","1019","3.140472","1040","3.141412","1020","3.141576","1021","3.142648","1020","3.143496","1040","3.140784","1040","3.139024","1041","3.140204","1040","3.142264","1020","3.14174","999","3.142296","1020","3.14324","1021","3.13938","1044","3.14304","1045","3.140524","1044","3.139368","1044","3.139128","1044","3.141824","1044","3.140044","1024","3.141384","1031","3.142956","1031","3.140572","1031","3.141956","1029","3.142108","1030","3.139272","1030","3.142168","1030","3.140364","1030","3.144492","1031","3.139652","1029","3.144456","1029","3.142068","1030","3.141036","1029","3.141488","1031","3.141548","1031","3.139384","1031","3.140316","1030","3.14152","1031","3.141816","1030","3.139968","1030","3.142348","1031","3.141796","1030","3.14252","1031","3.140992","1031","3.13964","1030","3.14178","1030","3.141596","1030","3.14092","1024","3.141088","1013","3.139216","1014","3.140044","1013","3.142652","1013","3.141628","1013","3.14186","1014","3.14052","1004","3.142124","1004","3.143768","1004","3.145308","1003","3.141356","1004","3.13992","1004","3.144392","1004","3.1414767600000006","1016","1073"
"78","3.142984","124","3.142804","184","3.142876","187","3.141204","818","3.142896","792","3.1431","792","3.147236","934","3.140768","768","3.139692","934","3.14342","842","3.140208","1062","3.141492","1062","3.142792","1063","3.13962","1063","3.139336","1080","3.14522","1080","3.143012","1045","3.145804","999","3.144904","1063","3.140956","1081","3.139212","1022","3.1417","1045","3.140592","1021","3.142992","1062","3.13976","1063","3.141252","999","3.142864","1080","3.142412","1045","3.141284","1022","3.140976","1022","3.142164","1062","3.136348","1022","3.144808","1062","3.137608","1102","3.14144","1044","3.144464","1022","3.141692","1045","3.142036","1063","3.142756","1063","3.141892","999","3.141492","1080","3.138708","1045","3.143592","1063","3.141824","1080","3.14136","1044","3.13942","1080","3.140216","1049","3.140824","1064","3.14444","1064","3.1408","1064","3.139948","1064","3.139952","1064","3.139308","1064","3.142276","1064","3.141336","1064","3.14158","1049","3.13942","1064","3.141928","1064","3.144508","1064","3.13894","1064","3.143876","1049","3.138948","1063","3.141112","1063","3.141532","1064","3.1427","1063","3.140748","1063","3.142916","1063","3.140984","1063","3.138916","1064","3.14038","1063","3.142104","1063","3.14244","1064","3.138156","1063","3.140888","1063","3.13708","1063","3.142116","1048","3.140176","1063","3.142088","1064","3.139616","1063","3.139236","1063","3.140356","1063","3.140732","1063","3.142344","1048","3.141916","1063","3.143156","1063","3.140612","1048","3.13982","1063","3.141788","1063","3.144204","1063","3.137416","1063","3.140824","1063","3.14058","1063","3.142104","1063","3.140784","1063","3.143276","1060","3.140008","1050","3.140588","1048","3.142532","1048","3.139668","1048","3.145124","1048","3.1414429200000002","1014","1165"
"79","3.141532","1090","3.142184","1090","3.14412","1061","3.1409","1090","3.14156","1091","3.140556","1066","3.13894","1091","3.141628","1068","3.142244","1092","3.140764","1091","3.140516","1096","3.140156","1093","3.14242","1091","3.141892","1090","3.142952","1091","3.141664","1091","3.141376","1091","3.137892","1090","3.13912","1091","3.14056","1090","3.14244","1029","3.140944","1059","3.143156","1089","3.141012","1089","3.141284","1066","3.142924","1090","3.141196","1060","3.145012","1090","3.13854","1091","3.143716","1092","3.142096","1067","3.14048","1063","3.139152","1094","3.142172","1034","3.142708","1090","3.140168","1028","3.139496","1094","3.143548","1090","3.142768","1090","3.142172","1068","3.143936","1090","3.141848","1057","3.142588","1066","3.142276","1092","3.144176","1064","3.144728","1069","3.143132","1058","3.141616","1061","3.141452","1058","3.141292","1090","3.138908","1096","3.1384","1090","3.143432","1095","3.143404","1070","3.142216","1027","3.140356","1095","3.140596","1064","3.141008","1091","3.137184","1090","3.144148","1095","3.139724","1094","3.141632","1090","3.142888","1090","3.14172","1059","3.142496","1092","3.140708","1091","3.143336","1090","3.139576","1092","3.142832","1090","3.13992","1091","3.140604","1059","3.141288","1091","3.141112","1095","3.145572","1090","3.138164","1095","3.13854","1066","3.14","1057","3.13946","1060","3.141376","1089","3.142316","1002","3.139784","1090","3.140412","1090","3.140064","1092","3.145704","1091","3.140808","1060","3.141564","1090","3.14064","1092","3.141868","1093","3.143432","1092","3.141616","1064","3.142904","1090","3.13922","1069","3.143164","1089","3.14352","1094","3.141388","1093","3.141332","1089","3.140604","1089","3.13942","1059","3.143492","1092","3.142076","1094","3.1415093199999986","1080","1096"
"80","3.141668","114","3.1405","1008","3.142048","1051","3.14286","903","3.140136","903","3.140808","1050","3.143268","1030","3.138448","963","3.138716","1070","3.143164","1070","3.142412","1062","3.141436","1062","3.142504","1041","3.14132","1041","3.139612","970","3.141536","991","3.139056","1033","3.141932","1033","3.14112","1046","3.142912","1047","3.141344","1027","3.143844","1028","3.14066","1028","3.141088","985","3.142556","857","3.138556","1027","3.144032","1028","3.140112","985","3.145104","1027","3.140416","1047","3.142608","984","3.139548","964","3.141296","1013","3.141472","1052","3.141172","994","3.140696","971","3.142668","993","3.14244","1052","3.14172","1032","3.142692","1052","3.14252","1033","3.140212","1013","3.1418","1013","3.143488","1033","3.141408","994","3.140056","1032","3.141844","1013","3.140048","1032","3.144128","1032","3.142008","994","3.141056","1052","3.143712","1033","3.140844","1052","3.141832","1052","3.139492","1022","3.141872","1006","3.142792","1005","3.1411","1005","3.142168","1006","3.14268","1006","3.14062","1005","3.140464","1004","3.143744","1005","3.141764","1005","3.142428","1004","3.143336","1005","3.142552","1005","3.14016","1005","3.140112","1005","3.144292","1004","3.141408","1004","3.138456","1005","3.140472","1005","3.140576","1005","3.142812","1004","3.140376","1005","3.140676","1004","3.139224","1005","3.141336","1004","3.14262","1004","3.14052","1004","3.142508","1004","3.14112","1004","3.139804","1004","3.143312","1004","3.140548","1004","3.138588","1004","3.141612","1004","3.143308","1004","3.143016","1004","3.140532","1004","3.142704","1004","3.141512","1004","3.138668","1002","3.143224","1001","3.139348","958","3.14168","958","3.141328","929","3.140056","929","3.145636","929","3.14150992","999","1090"
"81","3.13858","863","3.142144","863","3.142804","1133","3.143408","1195","3.143108","1172","3.14212","1194","3.141072","1309","3.144172","1132","3.142996","1213","3.14096","1309","3.14204","1224","3.144608","1225","3.141496","1225","3.142744","1138","3.140256","1179","3.141348","1293","3.142988","1217","3.139804","1274","3.139228","1273","3.14134","1273","3.138608","1236","3.142292","1275","3.142212","1292","3.139248","1236","3.142116","1236","3.141644","1236","3.138656","1293","3.1442","1288","3.140808","1288","3.143628","1269","3.139264","1288","3.141872","1288","3.143144","1269","3.140456","1270","3.140056","1269","3.142788","1288","3.140776","1270","3.140484","1270","3.141952","1270","3.141364","1288","3.142436","1288","3.141848","1269","3.140144","1288","3.143872","1231","3.141872","1288","3.139812","1288","3.142208","1288","3.14034","1288","3.14312","1288","3.143912","1269","3.142412","1288","3.141788","1287","3.140652","1270","3.143056","1269","3.142376","1288","3.140616","1288","3.140768","1269","3.137936","1270","3.140792","1269","3.141964","1287","3.143528","1269","3.142508","1288","3.139068","1269","3.140412","1287","3.144636","1287","3.14002","1269","3.140912","1288","3.141856","1287","3.141604","1269","3.139524","1268","3.141724","1288","3.145696","1288","3.140848","1288","3.143664","1288","3.14164","1269","3.141492","1269","3.141524","1269","3.143192","1288","3.141224","1287","3.141652","1287","3.145628","1287","3.14092","1288","3.143416","1269","3.141336","1269","3.141188","1269","3.144044","1269","3.1384","1269","3.142384","1269","3.139436","1269","3.142096","1269","3.1391","1269","3.145376","1269","3.14018","1269","3.140588","1269","3.140608","1269","3.142984","1268","3.138128","1269","3.142156","1269","3.139032","1269","3.141128","1268","3.1415955999999996","1257","1313"
"82","3.143064","1023","3.140876","1080","3.143028","1165","3.142728","1080","3.142776","1080","3.14292","1122","3.141156","1122","3.13924","1122","3.141304","1044","3.143616","1103","3.139824","1080","3.141828","1103","3.140836","1080","3.140632","1176","3.14242","1154","3.139612","1175","3.139944","1112","3.14184","1112","3.141156","1175","3.142188","1176","3.139448","1175","3.139848","1192","3.142872","1112","3.142628","1133","3.139236","1176","3.14084","1112","3.1421","1112","3.142288","1112","3.142196","1176","3.140112","1134","3.142584","1112","3.13772","1112","3.142724","1175","3.14474","1175","3.141812","1175","3.140796","1112","3.140304","1112","3.142016","1155","3.140152","1176","3.142892","1170","3.13842","1171","3.144208","1171","3.146","1160","3.139488","1160","3.13932","1160","3.14056","1156","3.14088","1163","3.141984","1147","3.14108","1163","3.142764","1147","3.138552","1146","3.143276","1162","3.142876","1160","3.141836","1159","3.140728","1159","3.142024","1160","3.141972","1144","3.142964","1159","3.140328","1160","3.143496","1161","3.138884","1160","3.140616","1160","3.141864","1159","3.14274","1160","3.140668","1144","3.141156","1160","3.142224","1160","3.141012","1159","3.142872","1159","3.142128","1151","3.140548","1121","3.140852","1118","3.1412","1119","3.142156","1118","3.141828","1118","3.142992","1117","3.14128","1118","3.13992","1117","3.14184","1117","3.141312","1118","3.13982","1117","3.140228","1118","3.140752","1117","3.141624","1117","3.139908","1117","3.143016","1117","3.140396","1117","3.142272","1117","3.14464","1117","3.142316","1110","3.1394","1108","3.141256","1104","3.139796","1101","3.140436","1101","3.141556","1101","3.144","1101","3.140824","1101","3.142032","1101","3.142796","1100","3.138076","1100","3.1414428799999983","1132","1204"
"83","3.141796","982","3.14332","982","3.142756","982","3.142392","944","3.142012","982","3.141744","944","3.143196","982","3.141312","982","3.13982","982","3.140464","982","3.143968","982","3.140708","982","3.142948","982","3.142336","1092","3.140296","1091","3.139344","1092","3.140376","1092","3.139636","1092","3.143116","1091","3.142772","1091","3.145028","1091","3.142504","1091","3.13768","1075","3.138976","1091","3.141788","1092","3.140828","1092","3.143732","1092","3.14022","1122","3.14294","1092","3.136928","1091","3.140264","1091","3.139532","1091","3.139916","1092","3.141552","1091","3.138996","1090","3.142468","1091","3.140724","1091","3.141812","1091","3.14444","1092","3.141088","1091","3.143036","1091","3.140944","1090","3.142416","1091","3.143248","1091","3.142004","1091","3.142224","1121","3.142072","1092","3.140444","1091","3.142064","1091","3.141924","1122","3.141456","1091","3.14158","1091","3.142748","1091","3.143752","1091","3.139976","1092","3.142888","1091","3.14238","1091","3.140308","1091","3.1414","1091","3.13988","1091","3.1423","1092","3.141192","1091","3.143004","1090","3.143012","1074","3.140868","1092","3.142412","1091","3.141568","1090","3.14384","1092","3.145148","1092","3.13946","1091","3.1448","1090","3.139528","1121","3.139244","1092","3.143016","1091","3.141832","1091","3.140392","1091","3.140384","1091","3.141532","1091","3.142312","1090","3.141328","1092","3.141128","1091","3.141716","1091","3.143904","1091","3.143268","1090","3.141328","1091","3.139132","1121","3.1411","1091","3.142104","1090","3.142168","1091","3.141372","1091","3.140476","1091","3.141948","1091","3.13984","1091","3.14454","1091","3.140932","1091","3.145268","1091","3.142668","1121","3.144112","1090","3.141212","1091","3.14026","1091","3.1416812000000016","1077","1137"
"84","3.142192","531","3.140992","801","3.1413","825","3.141688","779","3.142344","825","3.140244","826","3.141924","802","3.140616","849","3.14162","801","3.142284","958","3.140844","825","3.143284","802","3.142628","801","3.140908","824","3.141744","799","3.141696","822","3.143664","847","3.140844","798","3.138736","880","3.139784","1004","3.1433","1021","3.142492","1042","3.142428","1021","3.139768","1041","3.143092","1042","3.141972","1022","3.142068","1017","3.141236","1016","3.140844","1016","3.139816","1041","3.144048","1017","3.139116","1014","3.140556","1015","3.141456","1041","3.142136","1009","3.14298","1041","3.140816","1015","3.142176","1013","3.143656","1021","3.143208","1005","3.14166","1020","3.139528","1014","3.143064","1041","3.141236","1039","3.13888","1004","3.141412","1016","3.141844","1017","3.143056","1041","3.141844","1020","3.139464","1017","3.141708","1014","3.141992","1009","3.14142","1014","3.140032","1004","3.140936","1016","3.139912","1041","3.139928","1041","3.14354","1021","3.139944","1041","3.139192","1015","3.141224","1041","3.139328","1038","3.139492","1034","3.14088","1031","3.141276","1042","3.141252","1000","3.141768","1031","3.141532","1031","3.144704","1061","3.142972","1007","3.142828","1033","3.138816","1031","3.140752","1031","3.139376","1038","3.13998","998","3.142516","986","3.141028","1009","3.140108","991","3.142184","1009","3.14272","988","3.13976","980","3.140872","984","3.14388","979","3.140828","981","3.142752","1009","3.143048","980","3.140116","991","3.143152","992","3.141528","980","3.139592","990","3.139292","993","3.138532","1009","3.142768","1009","3.144072","1009","3.141856","982","3.140532","999","3.143412","999","3.144592","999","3.141236","999","3.14234","999","3.1414598799999993","976","1106"
"85","3.14178","857","3.144664","1109","3.139912","1157","3.140164","1157","3.141588","1073","3.142936","1156","3.140836","1157","3.14126","1157","3.140648","1072","3.142172","1157","3.141136","1156","3.139816","1128","3.141288","1010","3.142216","1156","3.143756","1157","3.141376","1050","3.142092","1111","3.141488","1156","3.143828","1091","3.145556","1111","3.141868","1156","3.14334","1156","3.143496","1119","3.144888","1117","3.139644","1088","3.14158","1118","3.139996","1089","3.141052","1115","3.139636","1115","3.144276","1116","3.141516","1115","3.142088","1115","3.14226","1116","3.142908","1116","3.14126","1115","3.140892","1115","3.140304","1116","3.14076","1113","3.142316","1113","3.142828","1113","3.143456","1112","3.141532","1112","3.141088","1113","3.138868","1114","3.141504","1113","3.145488","1113","3.143052","1112","3.142588","1113","3.140452","1113","3.143352","1112","3.140572","1113","3.140024","1112","3.141908","1112","3.1378","1113","3.139908","1112","3.144868","1112","3.141528","1112","3.141368","1112","3.141484","1084","3.14264","1112","3.141392","1113","3.140884","1113","3.141436","1112","3.14078","1113","3.140648","1113","3.138936","1112","3.1391","1113","3.140344","1113","3.143964","1113","3.142268","1112","3.140592","1113","3.141988","1112","3.143196","1113","3.140656","1112","3.140124","1113","3.144296","1112","3.141368","1112","3.139672","1112","3.140556","1113","3.139924","1112","3.142912","1112","3.142932","1113","3.143116","1113","3.140132","1111","3.141884","1083","3.141728","1112","3.140332","1112","3.141528","1112","3.142632","1112","3.142236","1113","3.141892","1084","3.141248","1113","3.142724","1113","3.140016","1112","3.144584","1113","3.140908","1111","3.14178","1113","3.14278","1113","3.141056","1112","3.14382","1113","3.14171264","1111","1158"
"86","3.139824","67","3.13954","1070","3.139712","1051","3.142896","1051","3.142408","829","3.1421","1000","3.143848","951","3.142848","1046","3.14288","1046","3.140372","951","3.141972","978","3.142248","951","3.141072","928","3.140472","1003","3.143668","978","3.138644","1046","3.139712","1111","3.144736","1112","3.140672","1090","3.139656","1089","3.140956","1112","3.1407","1111","3.141248","1089","3.142688","1089","3.138908","1120","3.139948","1088","3.141248","1088","3.140268","1087","3.141628","1110","3.141564","1120","3.141","1117","3.141072","1090","3.142728","1087","3.139792","1116","3.140072","1112","3.141856","1109","3.141108","1117","3.142912","1120","3.143416","1118","3.142636","1091","3.142164","1109","3.141016","1116","3.142752","1089","3.139512","1111","3.144676","1135","3.144872","1109","3.141032","1086","3.144232","1116","3.141452","1109","3.142736","1120","3.140524","1087","3.14222","1118","3.141884","1086","3.13876","1086","3.140816","1087","3.142296","1088","3.1452","1120","3.141324","1108","3.139552","1109","3.1402","1086","3.143088","1108","3.144204","1120","3.140456","1135","3.142416","1113","3.140344","1108","3.139764","1109","3.141668","1110","3.141992","1109","3.142152","1109","3.139896","1119","3.137896","1087","3.142408","1111","3.139596","1086","3.140032","1109","3.141084","1120","3.140384","1109","3.142072","1108","3.140664","1113","3.141992","1109","3.143108","1110","3.142056","1117","3.141236","1114","3.144032","1116","3.144052","1134","3.140296","1109","3.141968","1116","3.140964","1116","3.14158","1117","3.144852","1120","3.143952","1112","3.141812","1113","3.140964","1108","3.14152","1086","3.139964","1109","3.139952","1111","3.141624","1116","3.141708","1118","3.140976","1108","3.141696","1119","3.139856","1109","3.141525240000001","1079","1169"
"87","3.140492","275","3.140572","1137","3.138928","1157","3.14218","1137","3.142072","1109","3.137488","1109","3.139644","1136","3.14276","1197","3.142512","1157","3.14024","1197","3.138876","1136","3.139572","1084","3.142176","1216","3.145392","1136","3.14316","1157","3.141408","1193","3.14304","1193","3.14066","1193","3.142816","1154","3.142348","1193","3.141184","1193","3.139036","1193","3.140372","1173","3.14224","1193","3.142652","1192","3.144348","1193","3.139656","1154","3.140952","1193","3.1419","1154","3.141544","1174","3.14092","1193","3.143692","1174","3.141688","1173","3.13926","1154","3.142384","1193","3.139592","1193","3.140164","1193","3.144808","1192","3.141124","1193","3.139284","1192","3.141868","1193","3.141204","1182","3.141064","1183","3.142616","1183","3.142496","1183","3.141352","1182","3.139376","1183","3.141452","1183","3.14374","1183","3.140376","1182","3.145672","1183","3.141848","1183","3.141744","1164","3.142876","1182","3.141256","1183","3.14298","1183","3.139328","1183","3.141832","1183","3.138836","1183","3.13864","1183","3.140216","1182","3.139848","1183","3.143532","1182","3.143144","1183","3.138284","1183","3.141368","1183","3.139988","1182","3.139856","1182","3.13922","1183","3.1436","1183","3.1415","1182","3.14178","1182","3.141456","1182","3.138996","1182","3.142016","1183","3.141584","1182","3.143348","1182","3.141924","1183","3.14364","1183","3.142348","1182","3.141888","1182","3.141352","1182","3.141396","1182","3.141644","1157","3.144824","1156","3.140492","1156","3.141348","1157","3.141036","1157","3.138768","1157","3.144632","1157","3.141068","1157","3.140392","1156","3.141752","1157","3.140528","1156","3.140716","1157","3.144616","1157","3.142924","1157","3.142264","1157","3.140856","1157","3.144016","1157","3.14147852","1164","1217"
"88","3.140232","94","3.140984","961","3.141464","958","3.141696","1119","3.140824","1119","3.139188","1118","3.14086","1128","3.142428","1147","3.143624","1147","3.142148","1126","3.1419","1128","3.141292","1147","3.138584","1121","3.142816","1147","3.139292","1112","3.142112","1147","3.144016","1147","3.14178","1147","3.13904","1124","3.14224","1121","3.13974","1079","3.143488","1120","3.139816","1147","3.145836","1123","3.142852","1129","3.14138","1114","3.14112","1125","3.14474","1147","3.143228","1147","3.140896","1083","3.141184","1115","3.140892","1147","3.141664","1119","3.139972","1126","3.141856","1147","3.138908","1147","3.140212","1147","3.142516","1127","3.142532","1147","3.142144","1090","3.137088","1128","3.140548","1127","3.141944","1147","3.139416","1123","3.141116","1115","3.142404","1091","3.142684","1118","3.14272","1111","3.14314","1146","3.141952","1114","3.142072","1129","3.139628","1146","3.139128","1146","3.141296","1146","3.142908","1147","3.14386","1146","3.143372","1146","3.142236","1146","3.13834","1146","3.141648","1124","3.141544","1086","3.142528","1146","3.141684","1147","3.14094","1146","3.14274","1111","3.139272","1113","3.140872","1111","3.139828","1123","3.141684","1120","3.144","1146","3.138872","1112","3.137464","1146","3.142848","1146","3.141656","1091","3.139908","1086","3.14034","1146","3.141288","1129","3.14134","1125","3.139268","1146","3.140568","1111","3.142584","1146","3.13964","1089","3.13868","1146","3.140336","1123","3.139052","1118","3.141824","1111","3.140948","1076","3.140816","1110","3.141272","1128","3.141448","1146","3.141396","1089","3.14408","1146","3.140496","1083","3.13958","1110","3.139996","1077","3.139552","1128","3.146048","1146","3.141332","1110","3.139712","1146","3.1424","1124","3.1412883199999992","1112","1152"
"89","3.143484","30","3.142168","41","3.143588","1068","3.1406","1090","3.139692","1090","3.141576","1092","3.140732","1069","3.14016","1091","3.142288","1065","3.144388","1063","3.141428","1064","3.141864","1066","3.140712","1091","3.142","1092","3.139964","1069","3.143412","1069","3.142228","1061","3.140416","1090","3.141572","1062","3.143404","1061","3.142484","1090","3.141116","1091","3.137176","1090","3.139844","1061","3.140428","1090","3.140332","1090","3.143072","1090","3.139508","1091","3.140888","1067","3.142028","1062","3.141672","1064","3.141744","1067","3.142884","1091","3.14032","1061","3.140888","1091","3.14246","1068","3.142696","1064","3.143524","1025","3.140592","1061","3.140868","1090","3.141184","1070","3.140704","1090","3.141108","1090","3.143536","1061","3.139684","1090","3.14358","1090","3.13922","1062","3.142124","1061","3.143768","1061","3.14248","1062","3.142964","1090","3.1432","1090","3.142076","1090","3.141536","1061","3.141648","1061","3.143072","1069","3.140704","1069","3.144052","1062","3.144216","1091","3.13796","1089","3.143468","1061","3.1392","1090","3.143332","1090","3.144264","1090","3.143788","1024","3.139704","1090","3.1439","1061","3.139476","1060","3.143224","1052","3.143924","1051","3.144304","1052","3.140724","1022","3.139532","1027","3.139712","1052","3.139204","1052","3.140552","1052","3.141356","1025","3.142844","1050","3.140976","1048","3.1413","1049","3.1403","1050","3.137768","1023","3.142128","1050","3.141444","1050","3.141432","1050","3.143688","1050","3.141668","1048","3.142448","1050","3.142684","1050","3.143428","1050","3.14234","1050","3.142888","1050","3.142672","1050","3.139816","1050","3.142956","1050","3.143332","1050","3.142824","1048","3.141228","1048","3.142072","1050","3.142264","1023","3.1417318","1044","1094"
"90","3.14298","138","3.141512","1116","3.14028","1151","3.141444","1118","3.140828","1116","3.137584","1094","3.141276","1121","3.141392","1115","3.138612","1116","3.142044","1151","3.142604","1117","3.14108","1151","3.142792","1115","3.145488","1126","3.140788","1151","3.142056","1151","3.141688","1151","3.144868","1115","3.143172","1116","3.138072","1116","3.137544","1078","3.14148","1116","3.142632","1115","3.14392","1116","3.143768","1115","3.141084","1122","3.13998","1115","3.14262","1116","3.1435","1078","3.13994","1115","3.141812","1078","3.142112","1150","3.140988","1116","3.145328","1087","3.140844","1116","3.13904","1089","3.142652","1115","3.142192","1150","3.143088","1114","3.142904","1125","3.14062","1115","3.140956","1150","3.138436","1115","3.141616","1115","3.138356","1078","3.138976","1151","3.140688","1115","3.140964","1122","3.140672","1122","3.141844","1151","3.137404","1093","3.142356","1115","3.14086","1115","3.142256","1114","3.139448","1115","3.141132","1115","3.140096","1150","3.14434","1117","3.142224","1093","3.138564","1142","3.141428","1142","3.140568","1143","3.14388","1107","3.14348","1142","3.142976","1142","3.139392","1070","3.143856","1142","3.140024","1143","3.144012","1142","3.139264","1142","3.141064","1107","3.146104","1142","3.1402","1142","3.141432","1142","3.138768","1142","3.140716","1111","3.142872","1142","3.1412","1142","3.13972","1108","3.143076","1142","3.14088","1142","3.14104","1141","3.138648","1109","3.139288","1142","3.142792","1142","3.142244","1141","3.142116","1141","3.14126","1142","3.141016","1121","3.141032","1142","3.140616","1142","3.142516","1121","3.140352","1141","3.139364","1142","3.139248","1142","3.139592","1142","3.139096","1142","3.143584","1120","3.14232","1142","3.141676","1115","3.14132508","1115","1152"
"91","3.138044","1098","3.1435","1098","3.144472","1081","3.143064","1098","3.14104","1068","3.141752","974","3.140212","1076","3.143652","1097","3.14106","1068","3.142176","1067","3.140372","1067","3.140448","1000","3.14002","1098","3.141456","1067","3.139152","1076","3.141388","1098","3.138048","1073","3.140924","1069","3.140788","1097","3.14338","1081","3.142952","998","3.139956","1068","3.142464","1098","3.14096","1070","3.14186","1067","3.142352","1098","3.14246","1074","3.1423","1098","3.142356","1034","3.143916","1098","3.1386","1067","3.141328","1067","3.142508","1097","3.142372","1068","3.139312","1078","3.142436","1067","3.139896","1068","3.141812","1098","3.140436","1034","3.141948","1078","3.143028","1067","3.139956","1038","3.142688","1068","3.141376","1068","3.14042","1072","3.139052","1068","3.145452","1097","3.14226","1067","3.142444","1068","3.139956","1046","3.139676","1036","3.139896","1077","3.142672","1097","3.14118","1032","3.14032","1045","3.142044","1067","3.14074","999","3.14306","1098","3.144184","1097","3.143016","1098","3.1437","1077","3.144296","1068","3.14194","1097","3.142212","1045","3.141796","1068","3.140932","1098","3.1431","1098","3.140396","1070","3.1391","1068","3.1436","1037","3.140196","1073","3.142284","1067","3.141464","1098","3.1424","1033","3.139684","1080","3.144","1068","3.142748","1068","3.143532","1097","3.143356","1006","3.141852","1097","3.139444","1097","3.1426","1077","3.139164","1068","3.142724","1097","3.142872","1042","3.142784","1097","3.14108","1067","3.139928","1097","3.142672","1076","3.137532","1077","3.140548","1076","3.142892","1097","3.142208","1097","3.139876","1066","3.141888","1097","3.14046","1097","3.143244","1097","3.139584","1097","3.141316","1076","3.140112","1080","3.1415610800000007","1072","1098"
"92","3.14042","835","3.142848","924","3.143636","962","3.140248","1012","3.142296","1012","3.141404","1115","3.138836","1067","3.141372","1115","3.1407","1115","3.141328","980","3.145772","1174","3.142772","1012","3.14328","1134","3.144728","1134","3.142152","1012","3.1416","1114","3.139056","1114","3.143624","1092","3.1434","1114","3.143588","1115","3.140624","1092","3.140048","1114","3.143224","1173","3.142708","1111","3.142912","1150","3.138352","1159","3.144352","1159","3.142876","1142","3.143264","1159","3.140688","1159","3.140952","1142","3.140572","1159","3.141472","1160","3.14204","1159","3.14082","1141","3.143584","1160","3.139612","1141","3.142144","1142","3.143904","1141","3.139396","1159","3.14404","1160","3.14082","1159","3.142568","1159","3.142736","1159","3.143484","1159","3.141512","1142","3.14136","1159","3.139544","1159","3.142972","1158","3.141464","1159","3.140584","1141","3.143308","1159","3.143796","1159","3.144844","1159","3.140624","1158","3.144664","1157","3.141796","1157","3.14098","1157","3.139604","1139","3.143484","1157","3.143016","1157","3.14308","1157","3.143508","1157","3.14094","1156","3.14126","1139","3.141232","1157","3.140556","1140","3.139232","1157","3.14074","1157","3.14376","1139","3.1411","1157","3.142768","1157","3.143272","1157","3.14162","1157","3.13758","1157","3.14078","1157","3.14206","1156","3.140868","1139","3.140716","1157","3.140736","1157","3.142212","1157","3.142196","1156","3.140264","1156","3.142388","1157","3.1423","1157","3.142052","1156","3.142308","1157","3.141356","1157","3.143732","1140","3.141444","1156","3.143348","1157","3.1428","1140","3.13926","1157","3.140292","1157","3.1449","1157","3.140844","1140","3.142664","1157","3.14114","1140","3.143252","1157","3.142824","1157","3.1419118799999994","1133","1193"
"93","3.141156","106","3.14398","128","3.14252","952","3.142824","1167","3.143896","1020","3.142676","1167","3.143048","1167","3.141192","1083","3.143148","1123","3.14438","1123","3.140312","1102","3.139224","1122","3.14392","1152","3.141892","1019","3.141608","1167","3.141696","999","3.142464","1167","3.137664","1167","3.140488","1167","3.14158","1040","3.139572","1167","3.141628","1152","3.14504","1062","3.138924","1167","3.140884","1121","3.142084","1167","3.138392","1040","3.138788","1121","3.139688","1167","3.140604","1019","3.141508","1122","3.142468","1122","3.14256","1121","3.140136","1152","3.14544","1082","3.141644","1019","3.140008","973","3.141832","1040","3.13994","1019","3.143508","1121","3.143724","1123","3.140084","1152","3.141528","1121","3.141332","1167","3.141092","1152","3.142568","1167","3.142364","1152","3.142816","1167","3.139496","1122","3.141084","1151","3.139284","1167","3.141936","1167","3.142348","1167","3.139364","1152","3.144084","1101","3.143268","1122","3.139172","974","3.14062","1040","3.142652","1122","3.138764","1121","3.14676","1122","3.141416","1123","3.139332","1167","3.141872","1150","3.142052","1083","3.141164","1151","3.142724","1040","3.14266","1012","3.14176","1011","3.14146","987","3.14222","986","3.14038","986","3.141616","986","3.140948","986","3.144288","986","3.141436","986","3.140624","987","3.139852","987","3.141508","971","3.140796","986","3.140288","986","3.142892","986","3.14162","944","3.137808","944","3.139008","944","3.141412","944","3.141568","944","3.139464","944","3.14094","944","3.140564","944","3.142484","942","3.140216","942","3.140152","941","3.1427","941","3.139156","923","3.14084","924","3.141804","923","3.141528","923","3.140556","923","3.13948","923","3.141412439999999","1042","1169"
"94","3.143756","630","3.14178","832","3.141524","805","3.141072","1055","3.14098","1047","3.14032","1061","3.141176","1045","3.14444","1082","3.138792","1082","3.1429","1062","3.140024","1046","3.140268","1055","3.142108","1060","3.143004","1053","3.138492","1058","3.140784","1057","3.14192","1083","3.145908","1050","3.145244","1055","3.141028","1052","3.141272","1045","3.1418","1061","3.140992","1061","3.140144","1044","3.144324","1052","3.140452","1050","3.144276","1044","3.1434","1051","3.145644","1047","3.140724","1047","3.141464","1052","3.142184","1045","3.142812","1082","3.141512","1082","3.142076","1056","3.142664","1062","3.14264","1082","3.139512","1052","3.141412","1055","3.142356","1049","3.139764","1082","3.140904","1055","3.140212","1054","3.140964","1051","3.1404","1058","3.13864","1082","3.139968","1060","3.14356","1082","3.140136","1082","3.141772","1044","3.14204","1044","3.141116","1057","3.141248","1055","3.141264","1054","3.14262","1044","3.141868","1060","3.139208","1046","3.140456","1056","3.142728","1059","3.143948","1061","3.138408","1053","3.137344","1082","3.139204","1082","3.143056","1048","3.142144","1043","3.140304","1053","3.140924","1082","3.141168","1060","3.14152","1045","3.141988","1082","3.142704","1061","3.140128","1009","3.141104","1028","3.142452","1028","3.141816","1028","3.14414","1028","3.143448","999","3.13946","1028","3.141796","1028","3.139392","1028","3.140396","1027","3.141636","1028","3.14558","991","3.14174","1028","3.141524","1028","3.141364","1027","3.139588","1027","3.14028","1028","3.142908","1028","3.141216","1027","3.143436","1028","3.14176","1028","3.142512","1028","3.142932","1027","3.141952","1028","3.14202","1027","3.140592","1001","3.138684","1027","3.140588","1027","3.14242","1022","3.141556240000001","1039","1087"
"95","3.141316","892","3.140604","668","3.140388","829","3.1408","829","3.143832","829","3.140384","742","3.142728","1024","3.13988","1024","3.13944","1023","3.142296","1024","3.141396","1024","3.139036","1024","3.14086","1023","3.141076","1024","3.137708","1023","3.142788","1023","3.13904","1023","3.137508","1024","3.144092","1023","3.143648","1023","3.140708","1023","3.140904","1006","3.141156","1024","3.14332","1023","3.142804","1024","3.140612","1024","3.141708","1023","3.14032","1023","3.141064","1024","3.143052","1023","3.14258","1024","3.1432","1022","3.141288","1023","3.139996","1023","3.142496","1023","3.141956","1024","3.140716","1023","3.138916","1023","3.143332","1022","3.141412","1022","3.144188","1005","3.13998","1023","3.141164","1023","3.144404","1022","3.143628","1023","3.141872","1023","3.143892","1022","3.14222","1023","3.137488","1023","3.142028","1023","3.14356","1022","3.14288","1023","3.138236","1022","3.139044","1023","3.141588","1023","3.142816","1023","3.140768","1023","3.13824","1022","3.142992","1022","3.142596","1023","3.144128","1023","3.140256","1022","3.143684","1023","3.141776","1023","3.140948","1023","3.143192","1023","3.142916","1023","3.142216","1021","3.140356","1022","3.142928","1023","3.141432","1023","3.140876","1023","3.14726","987","3.141736","1022","3.140568","1021","3.14092","1023","3.1413","1023","3.141164","1023","3.136896","1023","3.139304","1022","3.140736","1023","3.141256","1022","3.139524","1021","3.140968","1023","3.14246","1023","3.140708","1023","3.140688","1023","3.141664","1023","3.142608","1023","3.143028","1023","3.143208","1023","3.140732","1022","3.139448","1021","3.143012","1023","3.143104","1023","3.140636","1021","3.143536","1005","3.141156","1022","3.139232","1022","3.142388","1021","3.1414789200000013","1008","1030"
"96","3.141872","949","3.141796","1029","3.139148","1029","3.139496","1029","3.141648","1010","3.142164","990","3.141876","1050","3.142948","1031","3.143092","1011","3.140908","1009","3.139684","1031","3.138172","1029","3.14184","1029","3.14186","969","3.142792","1049","3.141468","1009","3.14286","1007","3.139404","1008","3.141504","1028","3.144044","1008","3.138876","1067","3.141768","1047","3.141884","1027","3.141388","1047","3.141848","1026","3.141064","1047","3.140568","1047","3.144112","1047","3.141368","1064","3.13904","1073","3.141428","1056","3.140892","1073","3.139712","1035","3.13948","1055","3.139912","1055","3.145452","1035","3.143068","1072","3.13888","1057","3.141432","1056","3.138676","1056","3.143312","1035","3.143044","1056","3.143484","1034","3.13944","1056","3.141296","1057","3.141352","1072","3.143","1035","3.1433","1055","3.13756","1056","3.144348","1072","3.140592","1072","3.141632","1072","3.142344","1056","3.142468","1072","3.138956","1055","3.14264","1011","3.138944","1033","3.142004","1033","3.143072","1012","3.142364","1032","3.143532","1025","3.143268","1043","3.14218","1027","3.141496","1027","3.1432","1043","3.142152","1006","3.142772","1043","3.136132","1027","3.140712","1026","3.141316","1043","3.142448","1027","3.141476","1026","3.143508","1026","3.141116","1027","3.140552","1043","3.139428","1043","3.14306","1043","3.140788","1027","3.140516","1027","3.140512","1043","3.142496","1027","3.143016","1025","3.14464","1027","3.139928","1027","3.14218","1026","3.141916","1043","3.141644","1027","3.141504","1026","3.142864","1027","3.14356","1027","3.141168","1043","3.143192","1026","3.142224","1027","3.141884","1043","3.141672","1027","3.143252","1027","3.143436","1026","3.143544","1043","3.144704","1027","3.142824","1043","3.1416638800000003","1035","1089"
"97","3.143136","1166","3.140316","1146","3.144212","1166","3.137936","1166","3.142996","1166","3.140924","1147","3.138652","1166","3.139792","1165","3.14076","1164","3.141132","1166","3.141908","1165","3.14318","1166","3.141704","1164","3.142796","1128","3.139672","1164","3.145024","1166","3.140268","1165","3.142008","1165","3.140024","1165","3.138804","1166","3.141212","1166","3.141288","1166","3.143868","1165","3.140872","1167","3.141428","1146","3.142244","1146","3.142664","1165","3.145388","1165","3.14374","1165","3.14112","1146","3.141828","1166","3.14006","1165","3.141564","1166","3.142564","1165","3.142096","1166","3.14124","1164","3.141776","1147","3.142528","1165","3.143296","1164","3.141096","1146","3.142408","1146","3.140536","1166","3.141332","1164","3.14186","1165","3.139476","1165","3.141364","1164","3.140084","1164","3.140832","1164","3.143492","1165","3.13848","1165","3.14104","1108","3.142468","1166","3.140408","1128","3.141016","1165","3.139716","1164","3.1406","1164","3.140672","1165","3.14046","1151","3.141952","1141","3.142052","1136","3.14206","1136","3.143856","1136","3.137844","1136","3.1418","1136","3.147004","1136","3.142288","1134","3.141952","1136","3.14134","1135","3.13922","1136","3.14592","1135","3.143652","1136","3.139944","1135","3.141052","1135","3.139588","1136","3.14258","1136","3.141256","1135","3.143504","1134","3.140808","1135","3.142696","1136","3.141132","1136","3.140804","1134","3.142644","1135","3.14352","1136","3.142088","1091","3.142128","1092","3.142872","1092","3.139856","1091","3.142452","1092","3.140856","1090","3.141684","1092","3.140308","1091","3.14092","1091","3.142532","1090","3.14242","1091","3.141856","1092","3.141288","1092","3.141876","1091","3.142976","1091","3.144208","1090","3.142884","1070","3.1416703200000007","1142","1167"
"98","3.139776","1001","3.140804","1024","3.14436","1023","3.1404","931","3.140884","931","3.145308","1024","3.141672","1023","3.1428","909","3.14142","889","3.14352","1022","3.140376","888","3.145372","867","3.14122","1024","3.143696","1024","3.141772","1001","3.142484","931","3.14224","1022","3.142032","1001","3.139596","1024","3.140648","954","3.141232","1024","3.138936","952","3.140968","1024","3.138988","1001","3.139808","888","3.142212","996","3.143792","1039","3.142144","995","3.141276","995","3.1389","1004","3.140832","1001","3.141632","1001","3.1423","1000","3.141836","1001","3.143376","978","3.140444","1000","3.142392","1000","3.141756","1001","3.142124","1003","3.140428","1003","3.14148","1000","3.142756","1000","3.141452","1001","3.140892","1000","3.14286","956","3.140948","977","3.13868","1000","3.142144","978","3.141212","1000","3.141948","1000","3.142196","993","3.141408","989","3.14038","992","3.138856","989","3.13894","990","3.142436","967","3.141464","1012","3.141168","989","3.140844","1012","3.140232","992","3.142916","988","3.1396","1012","3.14136","1012","3.14336","990","3.14148","989","3.144196","992","3.141144","990","3.142936","993","3.142384","993","3.144408","1011","3.140584","992","3.14288","989","3.140556","989","3.141652","966","3.13742","1012","3.140484","989","3.139856","1011","3.14202","959","3.141728","957","3.14196","955","3.142052","955","3.145748","955","3.142968","953","3.141664","951","3.140604","950","3.141068","931","3.140464","951","3.143576","950","3.140192","952","3.139448","950","3.139572","950","3.140236","950","3.140676","950","3.142128","949","3.142876","951","3.142476","951","3.142184","952","3.142992","950","3.140536","950","3.141144","950","3.1415358","980","1093"
"99","3.143752","898","3.14334","828","3.14014","1118","3.141156","988","3.142168","898","3.142216","1117","3.144432","1009","3.139088","1118","3.143656","969","3.138544","1030","3.141416","1117","3.14382","944","3.140388","898","3.141456","944","3.14188","1030","3.143588","944","3.142008","1098","3.13996","944","3.14054","1031","3.14066","1033","3.14028","1033","3.141092","1033","3.141424","1033","3.143276","1057","3.143036","1098","3.140424","1090","3.145036","1071","3.139792","1048","3.141472","1048","3.141148","1088","3.140368","1070","3.143468","1047","3.142208","1070","3.140132","1089","3.14278","1089","3.14226","1068","3.145592","1048","3.143188","1056","3.141824","1038","3.141216","1038","3.139992","1059","3.141148","1032","3.1421","1033","3.142584","1077","3.140968","1077","3.141544","1051","3.144324","1032","3.143488","1051","3.14112","1049","3.145656","1050","3.142912","1051","3.14002","1032","3.140824","1049","3.141608","1031","3.144024","1050","3.1428","1032","3.14006","1023","3.145704","1042","3.141084","1047","3.145732","1024","3.13774","1042","3.14374","1068","3.143724","1035","3.141444","1061","3.144996","1061","3.142928","1043","3.142616","1040","3.141496","1035","3.14184","1061","3.1426","1061","3.141664","1060","3.141128","1062","3.13634","1036","3.143156","1061","3.143332","1061","3.141696","1060","3.141304","1034","3.143568","1042","3.141844","1060","3.14408","1061","3.13878","1063","3.140256","1043","3.141548","1060","3.144448","1041","3.140504","1034","3.139896","1060","3.141992","1064","3.144004","1060","3.138348","1060","3.140804","1034","3.141788","1059","3.141352","1060","3.144024","1059","3.139188","1060","3.138684","1040","3.142016","1039","3.140512","1040","3.139944","1041","3.139916","1041","3.141244","1039","3.141824","1041","1149"
"100","3.141324","701","3.142324","846","3.140812","1253","3.141484","1248","3.1396","1152","3.141216","1226","3.14182","1227","3.143456","1248","3.140704","1226","3.139024","1249","3.14088","1202","3.14204","1152","3.140272","1241","3.14298","1241","3.141568","1218","3.144364","1241","3.1433","1242","3.141428","1193","3.141656","1241","3.14116","1241","3.142136","1194","3.140112","1241","3.143348","1217","3.140708","1241","3.142828","1241","3.140092","1240","3.142832","1240","3.1409","1241","3.1401","1241","3.13884","1242","3.14344","1218","3.142328","1241","3.140852","1241","3.14442","1218","3.143608","1218","3.1406","1240","3.141848","1220","3.14296","1219","3.139696","1219","3.140536","1219","3.143384","1219","3.144864","1219","3.143408","1219","3.140812","1217","3.142972","1219","3.140744","1220","3.137944","1219","3.1434","1219","3.141992","1219","3.14148","1218","3.141972","1219","3.14172","1218","3.141572","1219","3.141428","1219","3.139788","1219","3.14314","1219","3.142772","1219","3.139036","1219","3.142368","1219","3.141256","1219","3.138608","1219","3.141428","1219","3.138776","1218","3.144312","1219","3.143464","1219","3.140348","1219","3.144228","1218","3.140984","1219","3.140508","1219","3.143632","1219","3.141824","1219","3.142844","1219","3.144532","1218","3.1446","1219","3.142236","1218","3.1429","1219","3.141608","1219","3.139844","1219","3.14304","1219","3.141408","1219","3.141376","1219","3.141856","1219","3.13884","1217","3.14048","1219","3.140516","1218","3.143076","1219","3.142808","1218","3.14346","1219","3.138196","1219","3.140616","1219","3.141832","1219","3.143212","1218","3.142956","1219","3.139868","1219","3.141348","1219","3.140172","1219","3.141988","1219","3.142264","1219","3.138136","1218","3.140212","1218","3.141639840000002","1213","1254"
"Averages","3.1416365200000014","636","3.1417694","938","3.141611079999999","993","3.1412368799999997","1039","3.1415217199999987","1029","3.1411286400000007","1050","3.141573799999999","1064","3.141774","1068","3.1415621600000003","1079","3.141709600000001","1079","3.14166384","1086","3.1418388399999997","1079","3.141493199999999","1088","3.14165868","1090","3.1416022000000003","1092","3.1417578","1097","3.1415465999999994","1103","3.141833559999999","1108","3.1413432799999996","1111","3.1413952800000002","1110","3.14128408","1107","3.1416023599999985","1113","3.14168272","1115","3.1417037200000006","1113","3.1415349600000013","1114","3.1415319600000005","1116","3.141660800000002","1116","3.14163056","1117","3.1415639200000016","1116","3.1417705999999996","1118","3.141799240000001","1119","3.1413680399999993","1118","3.1417467999999995","1120","3.1414996399999984","1123","3.141559679999999","1119","3.1416126","1120","3.1416611600000004","1120","3.1414910400000013","1121","3.1416049200000007","1118","3.141834399999999","1118","3.14168824","1117","3.14142136","1120","3.1417775600000004","1118","3.141614039999999","1118","3.141554119999999","1118","3.1414731599999994","1121","3.1416043599999997","1116","3.141485359999999","1117","3.14175964","1117","3.1418599199999995","1119","3.141803839999999","1118","3.14148116","1118","3.141628119999999","1120","3.1417091200000002","1118","3.1412838","1116","3.1414928","1117","3.141458039999999","1114","3.1417029999999992","1115","3.141374519999999","1115","3.1414354","1114","3.141704200000001","1116","3.1413931999999996","1117","3.141575840000001","1116","3.141706679999999","1115","3.141915839999998","1113","3.1413855200000014","1112","3.1416757999999994","1111","3.141586800000001","1111","3.1415950399999986","1111","3.1418234800000007","1109","3.1415304399999986","1106","3.141609719999999","1107","3.141390240000001","1105","3.1414092399999998","1103","3.1413575199999997","1103","3.1417061200000007","1103","3.1417534000000003","1102","3.1416186400000017","1103","3.1415425200000002","1101","3.141355","1101","3.1413835600000004","1099","3.1417226799999995","1100","3.141614","1098","3.141710039999999","1097","3.141574799999999","1096","3.1413350000000007","1097","3.1414334799999994","1096","3.141895119999999","1098","3.141502719999999","1096","3.141616120000001","1095","3.141668800000001","1095","3.141960840000001","1094","3.1418715999999995","1091","3.1412322000000006","1092","3.141368600000001","1090","3.1419322800000002","1086","3.1418840400000003","1085","3.14166816","1085","3.1414448799999986","1083","3.1419137600000018","1081","3.1415977576","1096","1220"
