"Iteration Count","Job[1] Result","Job[1] Runtime (ms)","Job[2] Result","Job[2] Runtime (ms)","Job[3] Result","Job[3] Runtime (ms)","Job[4] Result","Job[4] Runtime (ms)","Job[5] Result","Job[5] Runtime (ms)","Job[6] Result","Job[6] Runtime (ms)","Job[7] Result","Job[7] Runtime (ms)","Job[8] Result","Job[8] Runtime (ms)","Job[9] Result","Job[9] Runtime (ms)","Job[10] Result","Job[10] Runtime (ms)","Job[11] Result","Job[11] Runtime (ms)","Job[12] Result","Job[12] Runtime (ms)","Job[13] Result","Job[13] Runtime (ms)","Job[14] Result","Job[14] Runtime (ms)","Job[15] Result","Job[15] Runtime (ms)","Job[16] Result","Job[16] Runtime (ms)","Job[17] Result","Job[17] Runtime (ms)","Job[18] Result","Job[18] Runtime (ms)","Job[19] Result","Job[19] Runtime (ms)","Job[20] Result","Job[20] Runtime (ms)","Job[21] Result","Job[21] Runtime (ms)","Job[22] Result","Job[22] Runtime (ms)","Job[23] Result","Job[23] Runtime (ms)","Job[24] Result","Job[24] Runtime (ms)","Job[25] Result","Job[25] Runtime (ms)","Job[26] Result","Job[26] Runtime (ms)","Job[27] Result","Job[27] Runtime (ms)","Job[28] Result","Job[28] Runtime (ms)","Job[29] Result","Job[29] Runtime (ms)","Job[30] Result","Job[30] Runtime (ms)","Job[31] Result","Job[31] Runtime (ms)","Job[32] Result","Job[32] Runtime (ms)","Job[33] Result","Job[33] Runtime (ms)","Job[34] Result","Job[34] Runtime (ms)","Job[35] Result","Job[35] Runtime (ms)","Job[36] Result","Job[36] Runtime (ms)","Job[37] Result","Job[37] Runtime (ms)","Job[38] Result","Job[38] Runtime (ms)","Job[39] Result","Job[39] Runtime (ms)","Job[40] Result","Job[40] Runtime (ms)","Job[41] Result","Job[41] Runtime (ms)","Job[42] Result","Job[42] Runtime (ms)","Job[43] Result","Job[43] Runtime (ms)","Job[44] Result","Job[44] Runtime (ms)","Job[45] Result","Job[45] Runtime (ms)","Job[46] Result","Job[46] Runtime (ms)","Job[47] Result","Job[47] Runtime (ms)","Job[48] Result","Job[48] Runtime (ms)","Job[49] Result","Job[49] Runtime (ms)","Job[50] Result","Job[50] Runtime (ms)","Job[51] Result","Job[51] Runtime (ms)","Job[52] Result","Job[52] Runtime (ms)","Job[53] Result","Job[53] Runtime (ms)","Job[54] Result","Job[54] Runtime (ms)","Job[55] Result","Job[55] Runtime (ms)","Job[56] Result","Job[56] Runtime (ms)","Job[57] Result","Job[57] Runtime (ms)","Job[58] Result","Job[58] Runtime (ms)","Job[59] Result","Job[59] Runtime (ms)","Job[60] Result","Job[60] Runtime (ms)","Job[61] Result","Job[61] Runtime (ms)","Job[62] Result","Job[62] Runtime (ms)","Job[63] Result","Job[63] Runtime (ms)","Job[64] Result","Job[64] Runtime (ms)","Job[65] Result","Job[65] Runtime (ms)","Job[66] Result","Job[66] Runtime (ms)","Job[67] Result","Job[67] Runtime (ms)","Job[68] Result","Job[68] Runtime (ms)","Job[69] Result","Job[69] Runtime (ms)","Job[70] Result","Job[70] Runtime (ms)","Job[71] Result","Job[71] Runtime (ms)","Job[72] Result","Job[72] Runtime (ms)","Job[73] Result","Job[73] Runtime (ms)","Job[74] Result","Job[74] Runtime (ms)","Job[75] Result","Job[75] Runtime (ms)","Job[76] Result","Job[76] Runtime (ms)","Job[77] Result","Job[77] Runtime (ms)","Job[78] Result","Job[78] Runtime (ms)","Job[79] Result","Job[79] Runtime (ms)","Job[80] Result","Job[80] Runtime (ms)","Job[81] Result","Job[81] Runtime (ms)","Job[82] Result","Job[82] Runtime (ms)","Job[83] Result","Job[83] Runtime (ms)","Job[84] Result","Job[84] Runtime (ms)","Job[85] Result","Job[85] Runtime (ms)","Job[86] Result","Job[86] Runtime (ms)","Job[87] Result","Job[87] Runtime (ms)","Job[88] Result","Job[88] Runtime (ms)","Job[89] Result","Job[89] Runtime (ms)","Job[90] Result","Job[90] Runtime (ms)","Job[91] Result","Job[91] Runtime (ms)","Job[92] Result","Job[92] Runtime (ms)","Job[93] Result","Job[93] Runtime (ms)","Job[94] Result","Job[94] Runtime (ms)","Job[95] Result","Job[95] Runtime (ms)","Job[96] Result","Job[96] Runtime (ms)","Job[97] Result","Job[97] Runtime (ms)","Job[98] Result","Job[98] Runtime (ms)","Job[99] Result","Job[99] Runtime (ms)","Job[100] Result","Job[100] Runtime (ms)","Average Result","Average Runtime (ms)","Total Runtime (ms)"
"1","3.141344","1594","3.144236","2371","3.138792","2370","3.139024","2364","3.14266","2365","3.140468","2362","3.140468","2349","3.140956","2348","3.139412","2349","3.143712","2339","3.140932","2363","3.14106","2337","3.144008","2362","3.1457","2312","3.139824","2197","3.143232","2248","3.140112","2227","3.144916","2227","3.143264","2227","3.143284","2227","3.13898","2226","3.141232","2227","3.138276","2243","3.139812","2167","3.140792","2168","3.143172","2139","3.144016","2138","3.144888","2137","3.141292","2138","3.143028","2137","3.139428","2136","3.144884","2161","3.137408","2137","3.141908","2137","3.142844","2136","3.142544","2137","3.139932","2137","3.140568","2136","3.14214","2136","3.143696","2160","3.142208","2135","3.14026","2136","3.143096","2135","3.140844","2159","3.140016","2135","3.141412","2109","3.142152","2106","3.143744","2106","3.139592","2105","3.140172","2105","3.140196","2130","3.141732","2105","3.143988","2105","3.14206","2079","3.14124","2104","3.142044","2104","3.141752","2104","3.139868","2066","3.140092","1889","3.142512","1889","3.14252","1889","3.1444","1887","3.14388","1887","3.143284","1862","3.141804","1854","3.142876","1873","3.14268","1873","3.142652","1838","3.144316","1838","3.143752","1861","3.140804","1838","3.143204","1838","3.139912","1861","3.143172","1861","3.14202","1861","3.140288","1861","3.141248","1861","3.14156","1837","3.141908","1860","3.141708","1860","3.138704","1860","3.14008","1837","3.138028","1860","3.141356","1860","3.141824","1836","3.14098","1860","3.141448","1859","3.142388","1836","3.143392","1859","3.140896","1859","3.14174","1859","3.14112","1835","3.141368","1859","3.143168","1612","3.137056","1612","3.138164","1612","3.141568","1611","3.14018","1598","3.139032","1599","3.139708","1599","3.14157412","2029","4236"
"2","3.141156","292","3.140788","1039","3.14144","1039","3.140248","1038","3.141048","1002","3.142328","1038","3.142244","1038","3.140556","1272","3.141472","1035","3.14262","1271","3.142276","1053","3.140752","1076","3.140376","1272","3.143528","1272","3.144088","1271","3.14106","1076","3.142404","1271","3.142676","1117","3.142604","1270","3.140476","1236","3.140268","1237","3.142516","1236","3.141744","1237","3.145764","1041","3.138732","1237","3.142016","1237","3.140836","1236","3.141256","1080","3.140416","1207","3.142092","1228","3.142956","1206","3.142636","1247","3.144432","1246","3.142428","1224","3.138516","1224","3.14216","1202","3.143676","1224","3.143716","1246","3.138616","1202","3.144512","1223","3.142216","1223","3.143668","1223","3.142204","1244","3.139784","1244","3.141272","1222","3.14426","1222","3.143088","1222","3.141252","1201","3.1418","1200","3.141676","1202","3.1405","1222","3.1409","1223","3.142904","1236","3.139824","1215","3.14228","1235","3.141596","1213","3.14422","1234","3.138592","1211","3.143188","1232","3.1449","1230","3.141104","1230","3.142832","1208","3.141432","1207","3.139064","1206","3.140864","1227","3.14242","1206","3.145196","1222","3.142072","1202","3.140656","1223","3.138792","1202","3.137268","1223","3.1416","1201","3.142488","1222","3.143796","1222","3.143152","1201","3.142288","1222","3.143156","1221","3.14294","1222","3.141284","1221","3.143244","1221","3.141296","1222","3.14232","1200","3.142772","1221","3.142288","1200","3.14028","1221","3.141372","1221","3.144716","1221","3.140064","1221","3.142","1221","3.141464","1221","3.140976","1200","3.142152","1200","3.140524","1220","3.143508","1221","3.141288","1221","3.142552","1173","3.1418","1173","3.139124","1173","3.1422","1173","3.141088","1172","3.14182984","1190","1305"
"3","3.13878","816","3.140596","933","3.14112","1088","3.141192","933","3.1452","1002","3.143048","1002","3.142004","905","3.139284","905","3.142612","1002","3.14378","905","3.14108","905","3.14184","989","3.139168","919","3.142588","902","3.142648","1211","3.143264","1335","3.140672","1290","3.142412","1291","3.144136","1230","3.141548","1290","3.140508","1230","3.139956","1230","3.141148","1443","3.142344","1290","3.140624","1443","3.140244","1308","3.140592","1370","3.141576","1229","3.141404","1278","3.142572","1376","3.1415","1357","3.139008","1335","3.142512","1407","3.139784","1398","3.144164","1347","3.142724","1397","3.14374","1393","3.141932","1393","3.142188","1393","3.143336","1392","3.142404","1360","3.1406","1392","3.142876","1359","3.139764","1384","3.141324","1352","3.141948","1363","3.142568","1363","3.14132","1363","3.142996","1363","3.14158","1363","3.141968","1363","3.142268","1363","3.143248","1378","3.139608","1363","3.142064","1363","3.141408","1363","3.141548","1346","3.141408","1363","3.140604","1358","3.139136","1374","3.140576","1342","3.13704","1359","3.141256","1373","3.141108","1357","3.141096","1358","3.141984","1358","3.138436","1373","3.141032","1372","3.139848","1372","3.143504","1357","3.144756","1353","3.142308","1353","3.145828","1337","3.140896","1348","3.142332","1347","3.139088","1348","3.144096","1348","3.14108","1348","3.139304","1348","3.143356","1348","3.141592","1348","3.142164","1347","3.142312","1348","3.142064","1347","3.138844","1348","3.141724","1347","3.142272","1347","3.13918","1348","3.140728","1348","3.138104","1347","3.1435","1347","3.141552","1348","3.138624","1348","3.140904","1348","3.139028","1347","3.14036","1347","3.141568","1348","3.143336","1347","3.142396","1347","3.136892","1347","3.1414553600000015","1292","1480"
"4","3.142568","1528","3.144796","1528","3.143208","1528","3.140092","1529","3.142228","1448","3.141892","1529","3.143408","1529","3.145852","1528","3.141148","1529","3.140492","1529","3.141252","1529","3.140796","1447","3.14188","1373","3.13742","1448","3.140636","1528","3.143364","1528","3.139544","1447","3.140812","1512","3.137752","1512","3.138568","1512","3.140508","1512","3.142932","1558","3.141632","1432","3.140888","1512","3.143128","1432","3.139276","1507","3.141236","1501","3.140252","1501","3.144624","1501","3.140652","1442","3.14176","1501","3.141448","1526","3.13992","1542","3.142916","1542","3.141596","1496","3.145764","1542","3.14034","1496","3.142904","1542","3.140424","1496","3.14154","1542","3.140796","1542","3.141528","1542","3.141768","1496","3.141652","1530","3.139604","1529","3.139452","1529","3.147396","1483","3.144","1528","3.144372","1482","3.1425","1529","3.143024","1528","3.141288","1527","3.143008","1527","3.142116","1527","3.139732","1511","3.14432","1527","3.14528","1506","3.141084","1521","3.138804","1521","3.142708","1520","3.143576","1520","3.14192","1502","3.139348","1502","3.142032","1518","3.14376","1518","3.142996","1518","3.140792","1517","3.141976","1518","3.139836","1517","3.14402","1517","3.1388","1512","3.140964","1496","3.140596","1511","3.143952","1511","3.141932","1507","3.139964","1507","3.138532","1507","3.14102","1504","3.14254","1503","3.14384","1504","3.142276","1504","3.141628","1504","3.141948","1503","3.14694","1503","3.13858","1503","3.141384","1503","3.143628","1504","3.141232","1504","3.138888","1504","3.141772","1503","3.14008","1504","3.140164","1504","3.13766","1504","3.145012","1503","3.14194","1503","3.143388","1504","3.141928","1504","3.141564","1503","3.141932","1504","3.137876","1503","3.141680960000001","1508","1576"
"5","3.13956","1346","3.143564","1417","3.140636","1398","3.137172","1398","3.13844","1398","3.14366","1416","3.138268","1398","3.140224","1398","3.140428","1416","3.139956","1416","3.141316","1417","3.14214","1416","3.140968","1398","3.141536","1365","3.141488","1365","3.141188","1398","3.142452","1365","3.144896","1398","3.1391","1398","3.141708","1398","3.14302","1398","3.144444","1416","3.142608","1398","3.14076","1365","3.140948","1398","3.14232","1398","3.141356","1417","3.1457","1398","3.142696","1416","3.141572","1416","3.138664","1408","3.142268","1389","3.141852","1405","3.13858","1376","3.141932","1376","3.144248","1376","3.144232","1375","3.143124","1376","3.144296","1375","3.142132","1376","3.140336","1376","3.139372","1376","3.14458","1376","3.143856","1376","3.140692","1376","3.142848","1375","3.14082","1375","3.141496","1376","3.142976","1375","3.139664","1376","3.142812","1375","3.141564","1357","3.14218","1375","3.140084","1357","3.1402","1375","3.139432","1375","3.143488","1375","3.141064","1375","3.141748","1375","3.143288","1356","3.145248","1375","3.141488","1375","3.142744","1375","3.143072","1357","3.138908","1375","3.144264","1375","3.14158","1375","3.141664","1375","3.140596","1375","3.14018","1374","3.141292","1374","3.142084","1374","3.140672","1375","3.14136","1374","3.142292","1356","3.139896","1375","3.139632","1375","3.141508","1374","3.141332","1374","3.142836","1374","3.143112","1374","3.14376","1374","3.141392","1374","3.143704","1374","3.145412","1374","3.141016","1374","3.141536","1356","3.14132","1374","3.144268","1355","3.143676","1374","3.143032","1374","3.143076","1374","3.141964","1374","3.141956","1374","3.140016","1355","3.142128","1373","3.140728","1374","3.139232","1355","3.143004","1374","3.141952","1373","3.1417688399999997","1380","1417"
"6","3.141832","118","3.13954","445","3.143932","1165","3.140784","1121","3.142788","825","3.142064","796","3.14332","823","3.13952","848","3.141756","1017","3.141752","970","3.142192","970","3.14138","896","3.139176","1121","3.142948","1121","3.141084","970","3.142464","952","3.141252","848","3.144224","896","3.14128","1017","3.142056","970","3.140248","970","3.140172","951","3.142876","927","3.140644","1122","3.142796","1078","3.141592","1121","3.141672","1291","3.141188","1292","3.142032","1022","3.140268","1087","3.140024","1021","3.144464","1110","3.14448","1181","3.143852","1291","3.140388","1291","3.144284","1111","3.142488","1111","3.1417","1273","3.139888","1097","3.143344","1207","3.143404","1097","3.14058","1097","3.141916","1207","3.14292","1204","3.142032","1203","3.1403","1203","3.143664","1203","3.13998","1204","3.141736","1204","3.142832","1203","3.142768","1203","3.143336","1203","3.139876","1204","3.145412","1203","3.141516","1203","3.142892","1203","3.144088","1203","3.144348","1203","3.143216","1203","3.141604","1203","3.142924","1202","3.140216","1203","3.141304","1203","3.139276","1203","3.139632","1203","3.142228","1203","3.143916","1203","3.144972","1203","3.14396","1203","3.139816","1203","3.143908","1203","3.140812","1203","3.13906","1203","3.141368","1202","3.142432","1202","3.14128","1202","3.140924","1203","3.14366","1203","3.141572","1202","3.145012","1202","3.14334","1202","3.141272","1203","3.139496","1202","3.14226","1203","3.141196","1203","3.143912","1202","3.141148","1203","3.142","1203","3.14516","1203","3.143824","1202","3.14136","1202","3.142424","1202","3.14224","1202","3.142472","1202","3.14106","1203","3.139712","1202","3.139556","1203","3.144008","1202","3.139868","1202","3.140832","1202","3.14197576","1124","1366"
"7","3.1446","349","3.142544","349","3.142812","503","3.142696","1383","3.140276","1379","3.140836","1378","3.142516","1379","3.139304","1379","3.1409","1379","3.142388","1383","3.141364","1378","3.139784","1383","3.14278","1383","3.139268","1381","3.143404","1383","3.142652","1383","3.140256","1382","3.140352","1383","3.140892","1379","3.142168","1381","3.141364","1378","3.140952","1378","3.142556","1383","3.143084","1379","3.13864","1378","3.142504","1380","3.140124","1378","3.142404","1378","3.14064","1379","3.14332","1378","3.141236","1378","3.139444","1383","3.142908","1383","3.141636","1383","3.141576","1383","3.141176","1380","3.142024","1382","3.143404","1382","3.1401","1378","3.141884","1378","3.140428","1334","3.143956","1383","3.140844","1382","3.142788","1382","3.140824","1378","3.138796","1382","3.138656","1378","3.140036","1378","3.142096","1378","3.143412","1382","3.1453","1381","3.139764","1383","3.140848","1378","3.142392","1382","3.142924","1382","3.144972","1378","3.143184","1382","3.142688","1378","3.140832","1380","3.141956","1382","3.142004","1382","3.139628","1378","3.139904","1378","3.14128","1378","3.143224","1352","3.13828","1378","3.143876","1382","3.141364","1377","3.14186","1352","3.139148","1377","3.1421","1378","3.14004","1378","3.14108","1380","3.140092","1382","3.143148","1378","3.142456","1382","3.138808","1380","3.143144","1377","3.143724","1377","3.1427","1377","3.14042","1378","3.139808","1352","3.143736","1381","3.142748","1378","3.144428","1378","3.138864","1378","3.143884","1382","3.14162","1377","3.139956","1377","3.139872","1377","3.144176","1377","3.142068","1377","3.143304","1378","3.139904","1382","3.142224","1381","3.138536","1377","3.141564","1381","3.141416","1382","3.140416","1377","3.142952","1378","3.1415922000000007","1349","1389"
"8","3.139384","143","3.141","119","3.138944","1173","3.144852","1156","3.142476","1135","3.142852","1193","3.138636","1156","3.142584","1193","3.13938","1193","3.142676","1193","3.14204","1171","3.14072","1171","3.143008","1193","3.143584","1157","3.141376","1131","3.142136","1163","3.136864","1169","3.139368","1157","3.142928","1167","3.142824","1170","3.141776","1157","3.140824","1170","3.14168","1193","3.140488","1131","3.140052","1135","3.139276","1193","3.143984","1131","3.138988","1193","3.143608","1193","3.1384","1169","3.139468","1193","3.142592","1193","3.141384","1131","3.146124","1131","3.142492","1193","3.136368","1162","3.138832","1193","3.14326","1170","3.145316","1131","3.142344","1166","3.140776","1157","3.140776","1158","3.137976","1157","3.141308","1158","3.142796","1157","3.139648","1158","3.140196","1158","3.140788","1158","3.14354","1157","3.141056","1157","3.137424","1157","3.14394","1157","3.139908","1157","3.14144","1157","3.139464","1135","3.141636","1132","3.140556","1136","3.142172","1120","3.141072","1135","3.143704","1157","3.141724","1158","3.144036","1133","3.139668","1157","3.140976","1157","3.139576","1157","3.139908","1157","3.1399","1158","3.140232","1157","3.140068","1157","3.14182","1157","3.144616","1157","3.141372","1157","3.140732","1157","3.140364","1157","3.139156","1157","3.141088","1156","3.144244","1157","3.141316","1158","3.144188","1157","3.142256","1157","3.140768","1157","3.142436","1135","3.141228","1157","3.140652","1157","3.141288","1157","3.139872","1156","3.144296","1157","3.14106","1157","3.144664","1135","3.139904","1157","3.13888","1157","3.1404","1121","3.143032","1157","3.141196","1156","3.141824","1157","3.141004","1127","3.145124","1157","3.143732","1156","3.143076","1156","3.142496","1156","3.141392359999999","1137","1197"
"9","3.141436","1399","3.141364","1322","3.143124","1430","3.13972","1189","3.139664","1361","3.1424","1400","3.139388","1422","3.14102","1426","3.14404","1396","3.142368","1448","3.140288","1448","3.143792","1446","3.139492","1448","3.14078","1448","3.140516","1448","3.140384","1448","3.141972","1421","3.140716","1449","3.142108","1449","3.144188","1449","3.140496","1447","3.140708","1448","3.139392","1448","3.141448","1448","3.144492","1449","3.143632","1449","3.142376","1447","3.142472","1448","3.142328","1449","3.140336","1448","3.1391","1449","3.140772","1447","3.141284","1448","3.140292","1449","3.141132","1448","3.140152","1447","3.138064","1447","3.142192","1447","3.140936","1449","3.142108","1447","3.138368","1446","3.142216","1449","3.140496","1446","3.140576","1448","3.138108","1447","3.142604","1446","3.140504","1449","3.139264","1448","3.139336","1449","3.139308","1447","3.142744","1448","3.141616","1447","3.142196","1449","3.142152","1447","3.1411","1447","3.143296","1449","3.143516","1447","3.14206","1448","3.137584","1448","3.143284","1446","3.142496","1448","3.140284","1447","3.140068","1449","3.140748","1448","3.141728","1448","3.14132","1448","3.138964","1421","3.144896","1447","3.141008","1447","3.144552","1448","3.139208","1448","3.14044","1448","3.13798","1449","3.14008","1448","3.1419","1448","3.140008","1448","3.140116","1447","3.141296","1448","3.143044","1447","3.14316","1448","3.141608","1449","3.139956","1447","3.138532","1448","3.144004","1448","3.142836","1448","3.139744","1448","3.139864","1449","3.14084","1447","3.138424","1447","3.142364","1447","3.141376","1447","3.142504","1447","3.142052","1446","3.139944","1448","3.139328","1447","3.141376","1447","3.144404","1447","3.143472","1446","3.139144","1447","3.137928","1448","3.141157959999999","1440","1458"
"10","3.1419","101","3.138484","378","3.140576","378","3.141288","378","3.139592","377","3.144392","377","3.14054","348","3.142788","378","3.140892","378","3.139772","371","3.14156","319","3.142808","499","3.141376","311","3.140144","499","3.141592","1067","3.14136","1068","3.143656","1068","3.141984","1040","3.142424","1040","3.138544","1067","3.141968","1039","3.143656","1047","3.141868","1067","3.142212","1068","3.142444","1041","3.142268","1067","3.141744","1016","3.1389","1068","3.143028","1067","3.138888","1017","3.139048","1039","3.141972","1041","3.143212","1067","3.142048","1067","3.139892","1041","3.138728","1033","3.140356","1061","3.141576","1060","3.141392","1032","3.142312","1061","3.140808","1034","3.1421","1060","3.142056","1060","3.138692","1032","3.1415","1060","3.145116","1032","3.14236","1060","3.141308","1061","3.14248","1035","3.13902","1035","3.144544","1040","3.142288","1060","3.14302","1060","3.143768","1039","3.144592","1033","3.1437","1061","3.141044","1033","3.14014","1032","3.140248","1060","3.140148","1034","3.140828","1033","3.141548","1060","3.139276","1033","3.138196","1035","3.139828","1038","3.142256","1034","3.140152","1061","3.140488","1037","3.139572","1032","3.142852","1060","3.14078","1032","3.141872","1032","3.144488","1060","3.141","1032","3.141232","1033","3.141444","1032","3.140932","1033","3.141828","1005","3.143136","1060","3.144612","1033","3.1413","1033","3.140412","1034","3.137268","1037","3.139008","1033","3.14302","1060","3.141452","1038","3.14182","1039","3.14156","1022","3.14336","994","3.14358","1021","3.141212","1022","3.140032","1022","3.140872","1022","3.141888","1022","3.141592","1022","3.140888","1022","3.138592","1022","3.139596","1022","3.143404","1022","3.143608","1022","3.141429","946","1177"
"11","3.140964","640","3.143136","1153","3.140412","1198","3.142068","1177","3.142688","1179","3.141616","1179","3.143072","1153","3.140268","1179","3.14058","1152","3.141148","1179","3.13976","1153","3.141208","1198","3.142172","1179","3.142792","1178","3.140772","1197","3.142128","1179","3.140752","1198","3.140668","1198","3.141708","1153","3.139568","1198","3.13972","1197","3.142548","1179","3.142252","1152","3.140596","1179","3.140284","1176","3.142908","1179","3.141036","1178","3.141456","1179","3.140852","1150","3.141328","1179","3.1403","1152","3.143636","1179","3.141944","1179","3.140084","1179","3.14072","1198","3.143416","1177","3.142288","1175","3.139744","1197","3.142936","1176","3.141384","1152","3.1419","1197","3.13936","1197","3.1433","1197","3.140436","1178","3.14214","1197","3.142344","1176","3.138904","1179","3.141392","1179","3.142768","1178","3.140892","1197","3.143144","1183","3.1441","1119","3.14252","1183","3.141696","1164","3.139444","1164","3.143084","1183","3.140488","1165","3.144016","1164","3.141232","1165","3.13934","1182","3.142584","1163","3.14014","1182","3.143888","1162","3.139736","1163","3.141996","1181","3.141144","1182","3.141952","1182","3.141424","1162","3.138392","1154","3.143808","1174","3.140728","1173","3.140248","1153","3.141432","1173","3.14174","1173","3.14338","1173","3.139504","1173","3.1395","1174","3.140104","1173","3.140848","1174","3.140688","1173","3.140104","1173","3.140752","1173","3.139572","1173","3.142124","1154","3.140952","1173","3.13924","1173","3.14162","1153","3.14002","1173","3.143212","1173","3.14078","1173","3.144732","1173","3.14404","1173","3.140688","1173","3.140968","1173","3.142708","1173","3.141472","1154","3.141924","1173","3.141048","1173","3.142724","1173","3.144084","1152","3.141454120000002","1168","1199"
"12","3.143308","705","3.141276","1051","3.14146","1007","3.14316","1073","3.142228","1218","3.142364","1097","3.141596","1073","3.144136","1239","3.138224","1214","3.142564","1233","3.142212","1235","3.14168","1235","3.140264","1235","3.139868","1214","3.143652","1234","3.14054","1235","3.141948","1214","3.140376","1234","3.142052","1213","3.141976","1234","3.143244","1234","3.145304","1213","3.143192","1234","3.143092","1179","3.141876","1234","3.142444","1234","3.140432","1234","3.14112","1214","3.142992","1213","3.14162","1234","3.140536","1234","3.139492","1234","3.143204","1213","3.143148","1235","3.141212","1138","3.14074","1138","3.139716","1234","3.14094","1214","3.143368","1234","3.13984","1234","3.142276","1234","3.140648","1234","3.14512","1234","3.140116","1213","3.142388","1234","3.14354","1234","3.143192","1099","3.138592","1099","3.139608","1099","3.143768","1089","3.142844","1089","3.140292","1091","3.141728","1089","3.141524","1091","3.139748","1091","3.143976","1090","3.140356","1089","3.141428","1090","3.141468","1090","3.141124","1089","3.142072","1091","3.142624","1091","3.13992","1090","3.140908","1091","3.13784","1091","3.142644","1091","3.141608","1089","3.139724","1091","3.142936","1090","3.13924","1091","3.142812","1090","3.14042","1091","3.141184","1090","3.142724","1089","3.143612","1089","3.141352","1089","3.140484","1090","3.143476","1090","3.141684","1091","3.13854","1090","3.141344","1088","3.140732","1091","3.140072","1090","3.13986","1082","3.13986","1082","3.14298","1082","3.140744","1083","3.142608","1081","3.141296","1082","3.138196","1081","3.142124","1082","3.1431","1082","3.138972","1081","3.139888","1081","3.141424","1081","3.144028","1080","3.141064","1082","3.142124","1083","3.14204","1082","3.142324","1082","3.1415671599999992","1136","1241"
"13","3.140648","192","3.139064","975","3.144824","835","3.140344","935","3.143172","835","3.144648","835","3.142288","931","3.141504","1031","3.144248","1031","3.142156","931","3.14002","1031","3.145056","1030","3.141932","931","3.1408","859","3.139944","1031","3.144016","969","3.141844","931","3.142448","1030","3.141096","1030","3.145376","858","3.144056","1030","3.139668","1030","3.141148","1030","3.139968","1030","3.141004","1030","3.142148","974","3.141148","966","3.142468","866","3.143192","866","3.14452","966","3.142888","867","3.141488","966","3.139028","966","3.142292","843","3.142644","966","3.142016","867","3.143984","966","3.14062","966","3.139732","966","3.14046","966","3.142236","1049","3.140968","1049","3.142412","990","3.142744","990","3.141424","1048","3.140916","990","3.140176","1049","3.137732","1048","3.141408","1049","3.138972","1047","3.139316","1048","3.139356","1048","3.143436","1032","3.141084","1048","3.140476","1032","3.141508","1048","3.139572","1048","3.141724","1048","3.139948","1049","3.144672","1049","3.14204","1014","3.141596","1032","3.138924","1048","3.13942","1048","3.141456","1048","3.142428","1048","3.139536","1048","3.141412","1032","3.143256","1048","3.142224","1048","3.142928","1048","3.14236","1048","3.14344","1048","3.145048","1032","3.141224","1048","3.141844","1048","3.140236","1042","3.14268","1043","3.14198","1043","3.1411","1042","3.140836","1043","3.14004","1043","3.140504","1043","3.14126","1042","3.13932","1043","3.142648","1042","3.141048","1043","3.142488","1042","3.141088","1042","3.14028","1042","3.142548","883","3.14188","849","3.14288","849","3.140564","849","3.140992","849","3.141836","849","3.139584","849","3.140188","849","3.13738","844","3.141684","844","3.141541600000001","979","1152"
"14","3.142764","657","3.14368","818","3.142832","818","3.141876","815","3.145008","909","3.142364","1133","3.143712","1133","3.141968","1116","3.14334","1133","3.141452","1097","3.139704","1076","3.141448","1133","3.14304","1134","3.143032","1016","3.139804","1143","3.14338","1143","3.143476","1143","3.139408","1124","3.141388","1142","3.141804","1142","3.142812","1142","3.141232","1142","3.13952","1142","3.140872","1142","3.138632","1142","3.141228","1142","3.1439","1142","3.141024","1142","3.143016","1142","3.14052","1142","3.142796","1105","3.141928","1142","3.14106","1142","3.141728","1142","3.13956","1123","3.140864","1122","3.141708","1142","3.142272","1123","3.14074","1142","3.14282","1142","3.141084","1142","3.141208","1142","3.143264","1142","3.1419","1142","3.143624","1142","3.141148","1142","3.14536","1142","3.14406","1123","3.1412","1142","3.139692","1142","3.143728","1142","3.143352","1142","3.140616","1142","3.142516","1142","3.139984","1142","3.142312","1142","3.143136","1123","3.137992","1142","3.142476","1142","3.143632","1123","3.143528","1141","3.141708","1141","3.138256","1141","3.140352","1141","3.140288","1141","3.139568","1141","3.140028","1141","3.141304","1141","3.141728","1122","3.143188","1141","3.143028","1122","3.140936","1141","3.14308","1141","3.142272","1141","3.141852","1141","3.141336","1141","3.141148","1141","3.142472","1141","3.138976","1125","3.1388","1125","3.142884","1126","3.141888","1125","3.142772","1125","3.142616","1125","3.142468","1125","3.144852","1126","3.142336","1125","3.14274","1125","3.142844","1107","3.142836","1107","3.1427","1125","3.140912","1106","3.144692","1088","3.141436","1085","3.142368","1085","3.141164","1085","3.141784","1085","3.1414","1085","3.143548","1085","3.143864","1085","3.141919479999999","1112","1157"
"15","3.141684","621","3.142112","1105","3.138908","1126","3.145604","1106","3.1413","1106","3.14554","1106","3.143136","1222","3.139968","1222","3.1407","1241","3.145476","1242","3.138932","1222","3.13922","1279","3.143048","1223","3.142252","1260","3.142536","1204","3.144084","1260","3.141392","1222","3.143284","1241","3.140748","1241","3.142124","1241","3.142028","1222","3.140744","1241","3.140916","1241","3.140608","1241","3.1407","1260","3.142264","1164","3.13922","1145","3.142816","1222","3.142616","1241","3.142764","1066","3.141944","1233","3.14054","1208","3.140976","1189","3.141656","1188","3.1454","1208","3.142468","1224","3.1395","1224","3.140256","1224","3.141332","1223","3.141868","1223","3.142068","1224","3.1423","1224","3.140512","1224","3.141892","1223","3.14082","1223","3.140504","1223","3.14358","1223","3.140604","1224","3.140672","1223","3.139372","1223","3.142728","1204","3.142476","1223","3.139964","1224","3.143304","1223","3.141","1223","3.142312","1224","3.143212","1223","3.142848","1223","3.142124","1224","3.144624","1223","3.138528","1223","3.13904","1224","3.139568","1223","3.142244","1203","3.139876","1223","3.141416","1223","3.142496","1223","3.144572","1204","3.139352","1223","3.139476","1204","3.143184","1224","3.14196","1224","3.14066","1223","3.141936","1223","3.142188","1223","3.141432","1224","3.139896","1223","3.140184","1223","3.142172","1204","3.141788","1223","3.14216","1203","3.140272","1223","3.14028","1223","3.141164","1203","3.142648","1223","3.140656","1223","3.139716","1223","3.139048","1204","3.141696","1223","3.14136","1223","3.14342","1223","3.144028","1223","3.139992","1222","3.143616","1223","3.1413","1223","3.142056","1222","3.142004","1223","3.141328","1223","3.143044","1222","3.143172","1223","3.1416450799999995","1209","1282"
"16","3.140948","1104","3.14224","895","3.139712","869","3.142824","895","3.142192","894","3.141448","1035","3.141092","916","3.145904","1036","3.141836","890","3.141064","1196","3.142164","1180","3.143292","1180","3.143328","1196","3.14126","1196","3.140292","1196","3.143596","1196","3.141564","1180","3.143584","1195","3.14258","1196","3.142028","1195","3.143688","1195","3.143156","1180","3.13992","1195","3.142712","1196","3.1405","1196","3.143056","1180","3.141412","1196","3.14312","1196","3.141608","1196","3.143512","1180","3.141416","1196","3.140416","1180","3.142472","1196","3.144132","1180","3.13882","1179","3.143544","1196","3.14016","1196","3.141812","1195","3.14052","1195","3.140968","1195","3.1439","1179","3.140352","1196","3.142036","1180","3.142684","1180","3.142752","1180","3.141516","1196","3.142644","1195","3.14216","1179","3.143596","1195","3.141592","1195","3.140696","1179","3.142748","1180","3.142772","1179","3.139552","1179","3.141996","1179","3.139532","1195","3.139824","1196","3.140008","1195","3.142848","1179","3.143292","1180","3.142332","1180","3.142628","1195","3.140876","1179","3.144652","1196","3.143596","1180","3.141928","1179","3.141716","1195","3.142592","1161","3.136908","1196","3.137768","1195","3.13894","1179","3.14286","1179","3.139704","1195","3.138968","1195","3.144796","1180","3.14024","1195","3.141692","1195","3.14226","1179","3.139556","1196","3.14186","1179","3.138612","1179","3.140372","1179","3.142856","1180","3.14132","1179","3.143956","1195","3.138044","1195","3.139972","1195","3.141608","1179","3.138288","1195","3.141684","1195","3.142976","1179","3.14298","1195","3.139204","1195","3.14116","1179","3.141816","1195","3.1407","1179","3.140864","1179","3.140088","1179","3.140248","1195","3.139152","1195","3.141581640000001","1166","1207"
"17","3.141264","1046","3.144112","1136","3.140764","1046","3.142048","1137","3.142272","1094","3.14234","1137","3.14056","952","3.142884","1136","3.140192","1182","3.142156","1094","3.141876","1094","3.140472","1094","3.140096","1137","3.14236","1136","3.138344","1136","3.138716","1203","3.140624","1162","3.1425","924","3.145268","1046","3.141808","1182","3.143108","1072","3.141684","1202","3.140788","1046","3.140848","998","3.14012","1202","3.14552","1181","3.141792","1137","3.14128","997","3.138156","1094","3.1405","1047","3.140684","1071","3.139328","1136","3.14326","1094","3.140036","1071","3.139596","1136","3.139032","1094","3.142588","1102","3.1413","1038","3.139836","971","3.139712","1036","3.141936","1054","3.141508","1036","3.140912","1054","3.140692","1053","3.1419","1054","3.140124","1054","3.139876","1054","3.143848","1053","3.142944","1015","3.143284","1036","3.142368","1036","3.140324","1053","3.14152","1036","3.140196","1036","3.142688","1053","3.141044","1054","3.141124","1053","3.1383","1053","3.140832","1036","3.14236","1053","3.140172","1053","3.143148","1035","3.143948","1036","3.142904","1053","3.137416","1053","3.143588","1053","3.13862","1053","3.143816","1053","3.140616","1011","3.140608","1028","3.1438","1028","3.14234","1029","3.140312","1029","3.140604","1028","3.14302","1028","3.143132","1029","3.141388","1028","3.143996","1029","3.137508","1028","3.142584","1011","3.142184","1019","3.1421","1019","3.141372","1019","3.142548","1002","3.142208","1001","3.139292","1018","3.141772","1019","3.143356","1019","3.142356","1019","3.142544","1019","3.14178","1019","3.14266","1019","3.144212","1019","3.140172","1019","3.142376","1019","3.143588","1019","3.1412","1019","3.14196","1019","3.143044","1019","3.141216","1019","3.141530639999997","1057","1221"
"18","3.140416","1278","3.142968","1123","3.139556","1194","3.141672","1194","3.140296","1150","3.142776","1151","3.140164","1295","3.138456","1233","3.140952","1194","3.141044","1194","3.143944","1124","3.143148","1276","3.142088","1268","3.1399","1287","3.142344","1287","3.1383","1268","3.14266","1287","3.141792","1268","3.141024","1287","3.139752","1287","3.141724","1287","3.141744","1287","3.139604","1268","3.139664","1248","3.144736","1268","3.143232","1268","3.140356","1287","3.142048","1287","3.140684","1268","3.139408","1287","3.142416","1287","3.140836","1267","3.143464","1287","3.142608","1268","3.144324","1287","3.139496","1267","3.14306","1287","3.14306","1268","3.142236","1287","3.138076","1251","3.142544","1251","3.144036","1251","3.14306","1243","3.140108","1236","3.143888","1217","3.137372","1235","3.138892","1217","3.141172","1236","3.142304","1230","3.144376","1230","3.1409","1231","3.142896","1230","3.139716","1230","3.14112","1230","3.140276","1230","3.144468","1230","3.141612","1230","3.141456","1220","3.1427","1220","3.14144","1201","3.138064","1200","3.144496","1219","3.139384","1215","3.145524","1215","3.141508","1215","3.14362","1215","3.139888","1215","3.142384","1215","3.13972","1215","3.141584","1215","3.141692","1215","3.139768","1211","3.139736","1208","3.140848","1204","3.141228","1204","3.138988","1203","3.14414","1204","3.139928","1204","3.142468","1204","3.143128","1204","3.14022","1204","3.142552","1204","3.14192","1203","3.139472","1203","3.140248","1203","3.138932","1203","3.144176","1199","3.144312","1200","3.142036","1199","3.142288","1199","3.144412","1199","3.138604","1199","3.140536","1199","3.1399","1199","3.14122","1199","3.142096","1199","3.14176","1199","3.140956","1199","3.141984","1199","3.139584","1199","3.14145668","1229","1297"
"19","3.143536","410","3.141008","537","3.140684","1057","3.143912","1148","3.141684","1082","3.141212","1125","3.139956","1148","3.141756","1148","3.14256","1148","3.139616","1125","3.13926","1127","3.144008","1083","3.141264","1148","3.144444","1148","3.140936","1081","3.144572","1105","3.143124","1148","3.14292","1124","3.138852","1148","3.14034","1105","3.14258","1148","3.140596","1125","3.141168","1148","3.138992","1083","3.141676","1127","3.140396","1125","3.142204","1057","3.141696","1148","3.14142","1125","3.139504","1106","3.143524","1124","3.141872","1148","3.142028","1148","3.142692","1127","3.140692","1148","3.139516","1081","3.140864","1105","3.140064","1105","3.142288","1123","3.141104","1141","3.140652","1140","3.142124","1140","3.138572","1097","3.1427","1119","3.140408","1096","3.141044","1117","3.141728","1140","3.141848","1140","3.144368","1139","3.143544","1119","3.142584","1140","3.14146","1119","3.139928","1140","3.142252","1140","3.143656","1140","3.141704","1140","3.140512","1140","3.142464","1118","3.142136","1140","3.141108","1140","3.143316","1140","3.141984","1140","3.142788","1140","3.13858","1140","3.137996","1140","3.139876","1140","3.141744","1140","3.143856","1139","3.141188","1117","3.141508","1140","3.138544","1140","3.141364","1140","3.141604","1119","3.143132","1140","3.140052","1139","3.14386","1139","3.142092","1140","3.138684","1139","3.13904","1140","3.141664","1140","3.141104","1139","3.144032","1140","3.143468","1140","3.143064","1140","3.143232","1117","3.142568","1139","3.140104","1140","3.143796","1139","3.139696","1078","3.142284","1067","3.1429","1067","3.140564","1067","3.140176","1067","3.142932","1067","3.1416","1066","3.139884","1066","3.140524","1066","3.142108","1066","3.143904","1066","3.142528","1066","3.1415865199999997","1108","1153"
"20","3.142888","1253","3.139888","1253","3.142684","1253","3.13986","1253","3.142404","1252","3.141268","1253","3.143608","1253","3.141084","1252","3.14064","1253","3.142832","1253","3.141696","1253","3.142052","1252","3.142292","1232","3.145376","1253","3.141428","1252","3.142732","1252","3.143712","1252","3.140412","1252","3.142012","1253","3.141472","1252","3.141716","1253","3.141476","1252","3.141024","1253","3.140432","1253","3.141344","1253","3.139448","1252","3.14036","1252","3.143468","1253","3.1401","1252","3.142492","1252","3.141988","1252","3.142072","1252","3.13686","1252","3.141152","1253","3.139032","1252","3.142576","1253","3.141156","1252","3.141176","1252","3.139292","1252","3.142292","1253","3.143332","1253","3.141592","1252","3.139908","1253","3.142204","1252","3.142396","1252","3.1428","1252","3.139716","1252","3.144152","1252","3.14322","1252","3.139896","1253","3.143824","1252","3.138464","1252","3.143568","1252","3.13932","1252","3.14154","1252","3.140588","1253","3.14176","1252","3.142156","1252","3.141816","1252","3.142164","1252","3.142116","1252","3.142604","1252","3.143304","1252","3.13996","1252","3.141324","1251","3.143012","1252","3.143076","1252","3.143168","1252","3.14032","1252","3.141108","1252","3.143536","1252","3.143644","1252","3.139996","1232","3.143388","1252","3.142372","1252","3.141536","1252","3.140868","1252","3.142808","1252","3.143444","1251","3.142804","1252","3.141532","1251","3.142508","1252","3.1432","1252","3.14276","1252","3.142164","1252","3.140904","1252","3.14244","1252","3.145316","1252","3.142272","1252","3.14246","1251","3.141368","1252","3.141952","1252","3.141676","1252","3.139752","1252","3.144348","1252","3.141744","1252","3.139808","1252","3.140284","1238","3.140024","1238","3.1432","1238","3.1417831199999995","1251","1253"
"21","3.142108","102","3.141748","1214","3.142312","1214","3.141928","1102","3.141916","1214","3.141048","1214","3.139856","939","3.136768","963","3.14212","928","3.137504","1219","3.143744","1119","3.142636","1237","3.140464","1255","3.139584","1187","3.140152","1145","3.140468","1220","3.142292","1186","3.139464","1165","3.144612","1236","3.141736","1166","3.137368","1220","3.142428","1249","3.141932","1249","3.140236","1249","3.14106","1182","3.141212","1249","3.142884","1231","3.141892","1249","3.140768","1249","3.14106","1249","3.141416","1249","3.140944","1249","3.142748","1249","3.141864","1215","3.141364","1181","3.139452","1249","3.142164","1249","3.139248","1249","3.141288","1161","3.13938","1230","3.13986","1230","3.140832","1250","3.139016","1214","3.142","1224","3.14072","1224","3.139592","1224","3.143616","1224","3.14194","1225","3.144052","1206","3.14142","1224","3.14222","1223","3.139128","1223","3.140628","1224","3.139216","1223","3.141128","1223","3.142644","1223","3.142536","1223","3.137356","1223","3.140492","1223","3.141768","1223","3.143048","1223","3.142956","1204","3.141028","1223","3.138932","1175","3.144492","1175","3.143352","1174","3.1381","1175","3.140052","1175","3.142016","1175","3.143","1175","3.140576","1173","3.143844","1169","3.145956","1168","3.142344","1169","3.139364","1168","3.140056","1167","3.14116","1168","3.143044","1168","3.142168","1169","3.142148","1168","3.143308","1168","3.142916","1168","3.140392","1168","3.142008","1169","3.141472","1168","3.139388","1169","3.14224","1168","3.138548","1168","3.140752","1168","3.142004","1168","3.142548","1169","3.142996","1168","3.13966","1168","3.143396","1168","3.143452","1168","3.14336","1168","3.140032","1168","3.142004","1167","3.142112","1167","3.141712","1168","3.14135268","1180","1283"
"22","3.140848","939","3.144124","1168","3.141876","1196","3.141844","1196","3.14324","1245","3.140048","1245","3.140764","1245","3.142272","1328","3.139916","1306","3.140092","1167","3.145148","1222","3.141916","1196","3.142072","1305","3.139948","1168","3.143884","1245","3.142632","1246","3.140932","1329","3.140476","1292","3.142624","1329","3.143716","1291","3.142744","1313","3.141188","1329","3.142796","1329","3.140472","1291","3.140356","1290","3.14004","1230","3.140004","1291","3.141716","1291","3.139856","1291","3.141388","1252","3.141008","1309","3.142964","1309","3.142536","1329","3.14754","1329","3.142992","1308","3.14088","1329","3.142884","1309","3.142708","1329","3.141276","1328","3.1416","1328","3.141616","1292","3.141388","1328","3.138268","1329","3.141736","1328","3.140092","1329","3.141976","1328","3.145124","1328","3.14196","1329","3.145136","1329","3.139492","1328","3.139212","1328","3.14304","1328","3.140656","1328","3.141052","1309","3.138724","1328","3.141048","1308","3.144428","1309","3.14186","1328","3.141208","1328","3.140904","1328","3.139508","1328","3.140012","1308","3.143488","1328","3.143888","1308","3.137376","1328","3.140052","1328","3.14018","1328","3.141128","1328","3.142992","1308","3.14296","1308","3.143524","1308","3.139108","1328","3.1426","1328","3.144124","1328","3.1407","1308","3.142568","1308","3.140544","1308","3.142832","1308","3.140572","1328","3.141792","1308","3.13686","1328","3.14012","1308","3.142156","1328","3.14348","1328","3.142268","1308","3.13984","1328","3.144936","1328","3.142628","1308","3.142748","1328","3.14302","1327","3.141444","1328","3.142032","1328","3.139904","1308","3.139424","1328","3.143256","1328","3.140796","1307","3.14214","1308","3.145228","1328","3.142044","1327","3.14228","1328","3.1417079200000004","1300","1365"
"23","3.13922","1226","3.140552","1227","3.142668","1227","3.143196","1226","3.142976","1227","3.140024","1227","3.142284","1227","3.1405","1227","3.141308","1209","3.145048","1227","3.142388","1226","3.143","1227","3.142724","1208","3.141408","1226","3.143076","1227","3.141604","1227","3.142","1226","3.1401","1227","3.140896","1227","3.138264","1227","3.14358","1227","3.140304","1227","3.140016","1209","3.141676","1227","3.142108","1227","3.14242","1227","3.142016","1227","3.141988","1227","3.14384","1227","3.140184","1227","3.142308","1227","3.143704","1208","3.142332","1226","3.139124","1226","3.14212","1227","3.142184","1227","3.141268","1226","3.1433","1226","3.142252","1227","3.142208","1226","3.142936","1227","3.141392","1227","3.142624","1226","3.13906","1226","3.138796","1209","3.13708","1208","3.137956","1189","3.141272","1226","3.14176","1208","3.138724","1226","3.142368","1227","3.142308","1226","3.140744","1226","3.144004","1226","3.139948","1208","3.142112","1227","3.140036","1226","3.139544","1227","3.139468","1226","3.1398","1226","3.14002","1227","3.139016","1227","3.142772","1227","3.140548","1226","3.143964","1226","3.142056","1227","3.143644","1226","3.141516","1226","3.140064","1226","3.14","1226","3.142048","1226","3.143552","1226","3.14212","1226","3.1447","1227","3.140808","1226","3.140484","1226","3.14022","1208","3.142112","1226","3.141432","1226","3.142536","1226","3.141516","1225","3.1435","1226","3.1415","1226","3.144624","1208","3.144032","1225","3.141792","1201","3.141216","1200","3.14444","1095","3.141336","1096","3.141976","1096","3.143048","1095","3.143372","1095","3.142428","1095","3.142872","1095","3.14154","1096","3.139284","1095","3.141708","1095","3.138684","1095","3.141148","1095","3.142688","1095","3.14160416","1206","1228"
"24","3.143392","475","3.140368","852","3.137932","820","3.138952","1181","3.14204","1161","3.141884","1199","3.143856","1180","3.146112","1218","3.139616","1218","3.142748","1218","3.14146","1180","3.142248","1199","3.14288","1218","3.14324","1180","3.14148","1161","3.138328","1199","3.141104","1160","3.141684","1218","3.141496","1180","3.141368","1199","3.141736","1218","3.139604","1160","3.143144","1180","3.140804","1218","3.142528","1161","3.143144","1218","3.141244","1198","3.142224","1218","3.14174","1180","3.139616","1161","3.13726","1198","3.1414","1218","3.140756","1198","3.139828","1211","3.144296","1210","3.141788","1211","3.14082","1211","3.144928","1211","3.14136","1211","3.14312","1211","3.13968","1191","3.141688","1210","3.143808","1211","3.138768","1210","3.143832","1211","3.13954","1210","3.142616","1211","3.142004","1211","3.143152","1211","3.141884","1210","3.145588","1228","3.139608","1211","3.141012","1173","3.142912","1211","3.141176","1210","3.141728","1210","3.142992","1186","3.142232","1205","3.14076","1206","3.142588","1168","3.140864","1173","3.141304","1156","3.142652","1173","3.142156","1173","3.141848","1156","3.141296","1156","3.140592","1173","3.145464","1149","3.143212","1148","3.144112","1128","3.142948","1127","3.141228","1124","3.142436","1124","3.140272","1124","3.139396","1106","3.140496","1124","3.143764","1119","3.143972","1119","3.139832","1119","3.140176","1119","3.1422","1119","3.142396","1112","3.141688","1113","3.139676","1112","3.138152","1113","3.139628","1112","3.143136","1112","3.143152","1111","3.14266","1104","3.141076","1104","3.144416","1104","3.140704","1104","3.14416","1103","3.139784","1102","3.141964","1101","3.14112","1101","3.140784","1084","3.143244","1097","3.141132","1097","3.14058","1097","3.1417076800000006","1154","1240"
"25","3.142384","156","3.14514","421","3.142596","484","3.13988","548","3.140704","511","3.140544","548","3.142092","548","3.142092","825","3.143192","1165","3.145156","1165","3.141808","1165","3.142368","1146","3.142068","1165","3.1404","1147","3.140704","1147","3.14086","1165","3.142768","1165","3.141676","1146","3.143184","1146","3.140956","1146","3.14222","1146","3.139784","1165","3.14218","1165","3.143564","1165","3.140152","1146","3.138864","1146","3.13974","1146","3.140192","1143","3.137916","1142","3.141596","1142","3.144948","1143","3.143328","1142","3.140024","1142","3.142432","1142","3.141228","1161","3.142284","1142","3.142176","1142","3.141788","1142","3.141856","1142","3.142888","1142","3.142484","1161","3.139684","1161","3.140968","1142","3.142404","1161","3.14022","1142","3.142216","1161","3.140664","1160","3.138712","1160","3.142524","1141","3.141788","1141","3.14306","1160","3.139764","1160","3.139844","1160","3.14248","1160","3.13976","1141","3.141888","1160","3.140592","1160","3.14034","1160","3.142148","1160","3.142912","1141","3.140356","1159","3.141512","1160","3.142612","1159","3.141768","1160","3.143048","1160","3.139916","1141","3.144564","1160","3.141576","1160","3.143588","1160","3.145024","1141","3.142556","1160","3.141496","1141","3.141908","1160","3.141456","1131","3.14388","1149","3.143196","1150","3.142068","1150","3.143796","1150","3.14086","1150","3.140832","1131","3.138348","1150","3.14082","1149","3.142012","1149","3.1414","1149","3.14142","1149","3.141628","1131","3.141152","1149","3.139404","1150","3.142824","1150","3.141116","1149","3.143532","1149","3.14148","1149","3.140448","1149","3.140152","1131","3.135436","1093","3.138868","1074","3.141736","1093","3.138632","1093","3.141172","1093","3.141916","1093","3.141536919999999","1095","1171"
"26","3.139636","567","3.1429","1236","3.14202","1236","3.13982","1151","3.145872","1197","3.140528","1058","3.140632","1236","3.13938","1150","3.141868","1258","3.143868","1150","3.142136","1257","3.143376","1236","3.138364","1235","3.141004","1150","3.143656","1257","3.141336","1196","3.142292","1205","3.143392","1126","3.140036","1256","3.14206","1150","3.140612","1236","3.139464","1257","3.141512","1258","3.141684","1204","3.140992","1204","3.143964","1257","3.140188","1236","3.142652","1150","3.140108","1126","3.142112","1170","3.144724","1197","3.14262","1258","3.143392","1197","3.141144","1235","3.138732","1196","3.141752","1236","3.141764","1196","3.137956","1256","3.142136","1257","3.143636","1235","3.142024","1170","3.141272","1236","3.139408","1204","3.143144","1256","3.140516","1150","3.144008","1256","3.14348","1204","3.14416","1246","3.139908","1191","3.144524","1188","3.14268","1188","3.142332","1187","3.144488","1188","3.141752","1187","3.139488","1187","3.143184","1187","3.137824","1187","3.141788","1187","3.141164","1187","3.139836","1187","3.14018","1187","3.143028","1186","3.142","1186","3.139408","1186","3.141036","1186","3.140392","1187","3.142","1188","3.141824","1187","3.141404","1187","3.137992","1187","3.139156","1186","3.144036","1187","3.140404","1187","3.140252","1187","3.14254","1187","3.143128","1188","3.144772","1187","3.139324","1188","3.143268","1187","3.137892","1187","3.141548","1186","3.141796","1187","3.143804","1187","3.141012","1187","3.143388","1186","3.144548","1186","3.140924","1187","3.143932","1186","3.143352","1187","3.139988","1187","3.139804","1187","3.140396","1187","3.141652","1186","3.143636","1187","3.142332","1187","3.143932","1187","3.142652","1187","3.140356","1186","3.143632","1187","3.141096","1187","3.14170116","1191","1259"
"27","3.141992","382","3.140524","1306","3.143452","1307","3.142536","1306","3.140584","1244","3.14084","1306","3.140448","1286","3.141816","1243","3.140004","1264","3.139544","1286","3.143092","1244","3.140156","1306","3.14618","1286","3.14286","1286","3.141","1287","3.140604","1306","3.1422","1307","3.138932","1306","3.141628","1307","3.144584","1265","3.140356","1306","3.141936","1280","3.141824","1238","3.144788","1260","3.142268","1280","3.143496","1281","3.139364","1260","3.1439","1280","3.144304","1238","3.14514","1226","3.139852","1247","3.139732","1205","3.140896","1246","3.143484","1245","3.1395","1225","3.139872","1246","3.139816","1246","3.141756","1245","3.142452","1246","3.141364","1246","3.141404","1247","3.137404","1230","3.141172","1229","3.14198","1230","3.139184","1230","3.141384","1229","3.14232","1229","3.1405","1230","3.14132","1230","3.141408","1229","3.141244","1229","3.14234","1229","3.143184","1230","3.140068","1229","3.140472","1228","3.139856","1228","3.14134","1229","3.14392","1230","3.142108","1229","3.143384","1229","3.14402","1228","3.14144","1228","3.142068","1228","3.14002","1229","3.141844","1229","3.140076","1230","3.141612","1229","3.14352","1229","3.140248","1229","3.139704","1228","3.140588","1229","3.141128","1229","3.143748","1230","3.141668","1228","3.14128","1229","3.140616","1229","3.143052","1228","3.141552","1225","3.143084","1224","3.140464","1224","3.143104","1223","3.140716","1223","3.142492","1223","3.13912","1220","3.142336","1220","3.143464","1219","3.141728","1220","3.139704","1220","3.141624","1219","3.142956","1219","3.143036","1219","3.139128","1219","3.142628","1219","3.141344","1219","3.142016","1220","3.139008","1220","3.140588","1220","3.142408","1219","3.139732","1219","3.13992","1219","3.14153852","1234","1309"
"28","3.140092","155","3.140056","1177","3.14118","1138","3.143948","1177","3.14214","1159","3.144308","1177","3.142892","1138","3.14192","1177","3.141608","1139","3.141496","1177","3.141912","1117","3.141932","1195","3.141784","1176","3.141432","1116","3.14316","1177","3.142572","1177","3.140736","1139","3.142396","1186","3.141912","1167","3.140372","1167","3.14234","1185","3.142284","1185","3.140492","1167","3.139608","1148","3.140712","1166","3.144296","1166","3.141468","1147","3.141172","1166","3.145236","1147","3.141444","1166","3.14324","1166","3.1389","1148","3.141152","1166","3.14252","1166","3.142072","1166","3.141212","1148","3.139708","1148","3.142444","1166","3.143716","1147","3.139048","1147","3.141744","1148","3.138488","1166","3.143396","1166","3.142948","1166","3.13862","1166","3.142512","1147","3.139388","1166","3.141876","1166","3.142004","1148","3.141292","1166","3.143288","1166","3.140276","1166","3.144464","1167","3.140536","1166","3.14116","1166","3.142248","1147","3.140384","1148","3.145036","1165","3.142704","1166","3.140872","1166","3.141184","1147","3.143924","1147","3.140256","1166","3.140808","1166","3.139496","1148","3.1414","1147","3.141652","1130","3.14092","1138","3.142144","1137","3.140448","1138","3.14194","1138","3.140268","1138","3.142892","1138","3.142224","1138","3.143344","1137","3.141404","1138","3.140832","1138","3.144104","1137","3.13886","1138","3.140932","1136","3.142416","1136","3.13892","1136","3.14","1134","3.140464","1134","3.14148","1135","3.1429","1134","3.142676","1116","3.140864","1135","3.140992","1135","3.1407","1135","3.140736","1135","3.139872","1135","3.141168","1116","3.138836","1134","3.139988","1130","3.140644","1129","3.138324","1129","3.145564","1129","3.143052","1128","3.14272","1129","3.1415549599999997","1141","1197"
"29","3.1419","453","3.140048","1194","3.14194","1134","3.14198","1251","3.143424","1251","3.139864","1251","3.144136","1231","3.141684","1251","3.142056","1251","3.143448","1232","3.141612","1214","3.141376","1251","3.143732","1214","3.1425","1094","3.139856","1251","3.1397","1219","3.14148","1182","3.1424","1181","3.140864","1181","3.14022","1182","3.143308","1180","3.14306","1181","3.14298","1180","3.143448","1181","3.139384","1181","3.1423","1181","3.139568","1180","3.143264","1181","3.14026","1200","3.139552","1180","3.142668","1174","3.142928","1174","3.139112","1157","3.139412","1192","3.142896","1173","3.1418","1173","3.143648","1174","3.13896","1156","3.140712","1158","3.14092","1157","3.14214","1157","3.14072","1157","3.1404","1152","3.138504","1151","3.14134","1151","3.140444","1151","3.138544","1169","3.1415","1150","3.14124","1150","3.142728","1150","3.1428","1150","3.140532","1145","3.14428","1146","3.139944","1145","3.142464","1163","3.143852","1145","3.14232","1144","3.14054","1145","3.14084","1163","3.141784","1163","3.14266","1145","3.14228","1145","3.14146","1144","3.142716","1163","3.142924","1163","3.141008","1144","3.139248","1145","3.139944","1145","3.140508","1145","3.142396","1163","3.138752","1145","3.142236","1144","3.141612","1144","3.14254","1163","3.136964","1145","3.142588","1163","3.139032","1163","3.143752","1163","3.144876","1144","3.142124","1163","3.142428","1144","3.142232","1145","3.142892","1145","3.14154","1163","3.142868","1163","3.141404","1144","3.141956","1144","3.141988","1145","3.137272","1144","3.138376","1163","3.142164","1163","3.142","1162","3.142484","1145","3.140964","1162","3.14306","1162","3.140256","1144","3.14302","1145","3.144684","1163","3.140708","1162","3.1393","1162","3.1415253200000013","1161","1252"
"30","3.138408","1048","3.140604","1192","3.139996","1192","3.140748","1255","3.142028","1255","3.14024","1255","3.139364","1305","3.1397","1305","3.141616","1255","3.14094","1233","3.142936","1233","3.140576","1233","3.14244","1254","3.141152","1297","3.140904","1297","3.140996","1246","3.13986","1297","3.1433","1246","3.14224","1247","3.140996","1296","3.144308","1296","3.143344","1297","3.143864","1269","3.14134","1296","3.139776","1297","3.142804","1296","3.139512","1296","3.139324","1247","3.14292","1297","3.141948","1247","3.13918","1297","3.140708","1297","3.142464","1269","3.141468","1296","3.139292","1282","3.14016","1282","3.14418","1282","3.141488","1282","3.140572","1232","3.144616","1282","3.144144","1282","3.139324","1282","3.141124","1282","3.141528","1232","3.140868","1282","3.14348","1282","3.145516","1282","3.14118","1282","3.140948","1278","3.142196","1278","3.143452","1278","3.142144","1278","3.141024","1278","3.140796","1278","3.138876","1278","3.141664","1278","3.13874","1278","3.144432","1278","3.14226","1278","3.144212","1278","3.142596","1278","3.141204","1278","3.14178","1278","3.14216","1277","3.139584","1277","3.140292","1278","3.143228","1278","3.142888","1228","3.141464","1277","3.142108","1278","3.143372","1278","3.138524","1277","3.139144","1249","3.141796","1277","3.140796","1277","3.141684","1278","3.141428","1278","3.143796","1277","3.14222","1278","3.141928","1277","3.138956","1277","3.143044","1249","3.142792","1275","3.141644","1274","3.141628","1274","3.140892","1275","3.141136","1274","3.141924","1274","3.142428","1274","3.141796","1274","3.141828","1274","3.142216","1274","3.13806","1274","3.139916","1274","3.140416","1274","3.143744","1246","3.141672","1274","3.141036","1273","3.14186","1274","3.141028","1274","3.14150228","1270","1307"
"31","3.140752","95","3.140364","95","3.143532","418","3.143336","1056","3.139116","1056","3.14104","385","3.144856","385","3.141052","418","3.140608","968","3.141064","382","3.14","1104","3.140804","1104","3.142932","1084","3.140188","1105","3.142036","1104","3.14314","1104","3.141536","1104","3.1424","1104","3.140364","1104","3.143196","1104","3.14342","1104","3.142852","1083","3.140136","1104","3.144616","1104","3.138952","1083","3.140092","1104","3.140204","1084","3.141996","1104","3.144908","1104","3.140888","1104","3.14084","1104","3.141624","1084","3.143584","1104","3.140872","1104","3.14136","1104","3.142128","1104","3.142808","1083","3.141488","1104","3.14152","1104","3.143128","1084","3.141032","1104","3.140512","1084","3.140688","1083","3.140924","1083","3.143124","1104","3.142028","1105","3.142652","1083","3.141352","1104","3.143364","1105","3.142044","1084","3.14364","1104","3.143408","1103","3.143848","1105","3.142248","1083","3.142124","1103","3.140772","1104","3.14218","1104","3.142812","1040","3.138712","1039","3.141496","1040","3.142528","1040","3.140388","1040","3.141192","1040","3.140504","1039","3.143068","1039","3.143444","1039","3.142984","1040","3.144696","1039","3.14266","1040","3.140744","1039","3.140208","1040","3.142036","1039","3.142688","1039","3.141988","1040","3.140244","1039","3.14006","1040","3.14064","1040","3.142684","1015","3.143428","1015","3.139932","1015","3.142008","1015","3.138572","1015","3.14524","1009","3.142192","1009","3.14238","994","3.140656","994","3.142156","964","3.140276","964","3.141008","964","3.142312","964","3.142204","952","3.140256","953","3.141456","953","3.1421","953","3.139268","953","3.141844","952","3.141676","953","3.141592","953","3.14264","952","3.139912","953","3.1417455600000004","1001","1137"
"32","3.141132","122","3.142188","233","3.138796","121","3.141176","178","3.142288","230","3.141028","230","3.144796","229","3.141624","1094","3.142888","1093","3.141344","1093","3.140508","1073","3.143","1093","3.142056","1093","3.143024","1093","3.141508","1093","3.141448","1094","3.1425","1093","3.142648","1093","3.140916","1073","3.142092","1073","3.142552","1094","3.141036","1073","3.141336","1093","3.142016","1093","3.141548","1057","3.14214","1093","3.141784","1093","3.14036","1093","3.143948","1092","3.141744","1093","3.139528","1093","3.139604","1073","3.141364","1093","3.14194","1093","3.140556","1093","3.141744","1093","3.143768","1073","3.140436","1093","3.139224","1093","3.144352","1092","3.142028","1093","3.144248","1093","3.143096","1093","3.140584","1092","3.14048","1093","3.141712","1093","3.13938","1093","3.142996","1092","3.143084","1093","3.14422","1093","3.144068","1093","3.141888","1093","3.13692","1093","3.140944","1093","3.141284","1093","3.143088","1093","3.141192","1073","3.14056","1093","3.140348","1092","3.139448","1093","3.140548","1093","3.142096","1093","3.143572","1092","3.143852","1092","3.14102","1093","3.139984","1092","3.14354","1072","3.142676","1092","3.13956","1093","3.142908","1092","3.141912","1092","3.140352","1092","3.142988","1092","3.141128","1072","3.144044","1072","3.14154","1093","3.140148","1093","3.141264","1072","3.141588","1093","3.138444","1093","3.139692","1092","3.144704","1072","3.14276","1092","3.141128","1092","3.144792","1092","3.14068","1092","3.141128","1092","3.143972","1093","3.140124","1092","3.142228","1092","3.142624","1093","3.140792","1092","3.141884","1092","3.142484","1092","3.142252","1092","3.140396","1092","3.143932","1092","3.1424","1092","3.144104","1092","3.140056","1092","3.14174804","1026","1114"
"33","3.141412","1069","3.142748","1069","3.141916","1069","3.141016","1068","3.144288","1068","3.142768","1068","3.138964","1068","3.142192","1068","3.143168","1068","3.14504","1069","3.141872","1068","3.140676","1069","3.143652","1069","3.139932","1068","3.14284","1068","3.14314","1068","3.143","1068","3.138916","1068","3.14316","1038","3.141152","1068","3.143004","1009","3.138816","1068","3.140732","1068","3.142228","1068","3.141172","1067","3.144864","1069","3.141044","1069","3.14412","1068","3.1394","1068","3.141144","1068","3.141892","1068","3.142948","1069","3.143584","1067","3.140256","1068","3.142772","1068","3.139608","1068","3.142652","1068","3.139932","1068","3.138664","1042","3.1398","1069","3.140248","1038","3.14124","1068","3.140868","1068","3.142064","1068","3.141756","1068","3.141044","1068","3.143604","1069","3.142516","1068","3.14296","1039","3.142868","1068","3.139376","1068","3.140856","1068","3.140356","1068","3.143296","1068","3.140588","1068","3.1411","1067","3.141964","1068","3.137396","1069","3.140668","1069","3.14086","1068","3.142396","1067","3.141672","1067","3.141704","1068","3.140612","1068","3.143568","1067","3.14132","1068","3.140948","1067","3.14294","1067","3.14044","1067","3.142156","1067","3.14304","1067","3.141932","1067","3.139328","1067","3.14404","1068","3.144572","1067","3.137484","1067","3.140576","1068","3.143568","1068","3.143744","1038","3.142304","1042","3.138352","1067","3.140192","1067","3.141864","1067","3.140136","1067","3.142184","1067","3.144392","1039","3.143908","1067","3.141124","1067","3.143532","1067","3.141932","1067","3.139916","1067","3.139572","1067","3.141496","1067","3.14236","1067","3.142316","1066","3.142452","1041","3.143896","1038","3.147004","1042","3.139228","1067","3.14278","1062","3.14173092","1064","1069"
"34","3.141696","1156","3.141556","1156","3.141232","1112","3.14016","1113","3.141764","1113","3.142128","1072","3.140484","1112","3.139312","1070","3.141836","1073","3.141084","1046","3.142788","1112","3.142848","1156","3.140676","1045","3.143376","1112","3.141824","1071","3.142636","1111","3.142748","1071","3.138972","1111","3.14128","1020","3.142444","1072","3.142152","1111","3.140736","1046","3.143304","1135","3.142972","1156","3.142276","1135","3.141624","1135","3.13882","1111","3.143924","1135","3.144796","1127","3.144272","1103","3.139408","1147","3.14236","1127","3.140648","1125","3.141484","1125","3.14314","1125","3.140728","1125","3.141908","1126","3.142104","1126","3.13874","1126","3.145208","1146","3.141924","1102","3.1417","1126","3.141744","1125","3.139692","1146","3.14206","1126","3.139608","1146","3.140352","1146","3.144396","1146","3.140244","1118","3.144232","1118","3.145128","1118","3.142656","1118","3.142568","1117","3.142532","1117","3.139644","1134","3.140132","1133","3.140856","1133","3.140576","1117","3.141344","1118","3.142252","1133","3.144664","1133","3.142468","1133","3.140276","1133","3.1424","1097","3.142516","1098","3.142452","1133","3.142952","1118","3.142432","1118","3.1418","1117","3.143248","1133","3.143792","1133","3.140612","1133","3.13846","1117","3.14238","1133","3.139368","1117","3.143708","1118","3.142716","1133","3.140308","1133","3.141652","1133","3.14182","1133","3.141664","1133","3.141632","1133","3.141376","1117","3.143248","1117","3.139108","1133","3.140372","1117","3.141492","1117","3.140724","1133","3.140616","1133","3.139624","1133","3.1402","1133","3.14114","1133","3.141184","1117","3.140936","1133","3.140296","1133","3.138984","1133","3.144268","1133","3.140652","1117","3.14254","1117","3.139816","1117","3.14164984","1119","1172"
"35","3.141748","1208","3.141908","1257","3.139024","1303","3.142712","1286","3.141404","1286","3.142396","1286","3.143396","1304","3.145464","1286","3.137868","1303","3.139796","1303","3.140764","1304","3.141648","1303","3.141648","1304","3.140588","1303","3.141516","1303","3.14374","1303","3.140644","1286","3.141256","1304","3.144912","1303","3.139916","1303","3.141352","1304","3.141784","1304","3.141984","1303","3.1402","1304","3.14066","1303","3.139212","1303","3.13802","1303","3.1387","1303","3.140516","1303","3.14168","1303","3.141924","1303","3.138752","1303","3.141604","1303","3.139648","1303","3.140068","1303","3.143852","1285","3.140868","1303","3.139732","1303","3.137916","1285","3.13992","1303","3.142956","1285","3.143412","1303","3.141796","1302","3.141384","1303","3.136912","1302","3.143988","1302","3.143092","1285","3.145876","1285","3.141548","1303","3.141488","1302","3.141976","1302","3.139612","1303","3.141532","1302","3.141244","1303","3.141496","1302","3.143324","1303","3.143808","1303","3.14202","1285","3.1462","1285","3.14052","1285","3.139304","1285","3.139316","1285","3.1431","1303","3.141096","1303","3.140524","1285","3.142836","1285","3.143012","1302","3.139756","1284","3.137852","1285","3.139652","1285","3.13868","1302","3.14184","1302","3.142976","1302","3.139872","1302","3.141796","1302","3.14108","1285","3.141936","1303","3.141356","1303","3.142932","1285","3.142592","1285","3.141704","1285","3.1442","1257","3.142288","1303","3.140372","1302","3.141424","1285","3.13916","1302","3.143608","1303","3.143028","1302","3.14284","1249","3.141024","1252","3.140204","1252","3.141936","1252","3.14416","1253","3.139316","1235","3.140304","1233","3.141656","1233","3.143524","1225","3.141804","1224","3.14022","1224","3.14448","1224","3.14143684","1288","1304"
"36","3.143944","1153","3.143964","1218","3.141916","1302","3.140196","1322","3.142732","1281","3.143856","1300","3.140936","1298","3.139588","1298","3.13906","1281","3.138964","1281","3.14106","1299","3.13996","1298","3.137056","1281","3.13992","1256","3.143788","1256","3.141964","1299","3.14082","1299","3.142964","1300","3.141604","1299","3.142196","1281","3.14492","1298","3.140868","1298","3.141336","1281","3.142696","1281","3.14248","1281","3.14276","1262","3.141252","1281","3.141512","1280","3.142316","1281","3.141208","1280","3.144144","1263","3.141944","1262","3.140476","1280","3.142004","1280","3.141952","1253","3.141452","1253","3.14208","1252","3.143004","1253","3.1394","1253","3.142488","1253","3.13998","1253","3.140152","1254","3.143632","1253","3.141516","1252","3.14332","1253","3.14298","1253","3.141244","1253","3.141564","1253","3.13974","1253","3.14104","1253","3.141596","1253","3.139828","1253","3.141528","1240","3.144336","1239","3.141832","1240","3.140472","1239","3.138672","1240","3.14122","1240","3.14096","1232","3.142448","1251","3.14374","1233","3.140116","1233","3.142308","1232","3.1423","1232","3.139308","1233","3.141084","1232","3.142348","1232","3.140052","1233","3.140184","1232","3.1395","1232","3.139864","1232","3.140616","1232","3.141268","1232","3.141696","1233","3.141488","1232","3.140876","1232","3.14066","1233","3.142832","1232","3.141448","1230","3.143216","1231","3.140176","1231","3.141852","1231","3.14112","1244","3.14346","1226","3.142428","1227","3.139412","1226","3.143796","1227","3.14118","1227","3.141136","1244","3.13906","1244","3.142508","1227","3.14528","1244","3.139792","1227","3.141172","1227","3.140336","1227","3.141204","1223","3.143312","1194","3.141224","1213","3.141264","1213","3.14144","1193","3.14150896","1251","1322"
"37","3.1407","268","3.142596","1112","3.139656","1207","3.143064","1205","3.140888","1140","3.141136","1205","3.141684","1212","3.139012","1177","3.140832","1205","3.141044","1181","3.141032","1205","3.141176","1181","3.142504","1170","3.143956","1203","3.13948","1207","3.142744","1140","3.142536","1170","3.142208","1212","3.140092","1204","3.143836","1207","3.139492","1204","3.141544","1213","3.143924","1171","3.141072","1170","3.140816","1203","3.141592","1204","3.143656","1204","3.140792","1204","3.138832","1203","3.141988","1182","3.143508","1205","3.142352","1204","3.141192","1181","3.141108","1204","3.141424","1212","3.141584","1212","3.141916","1170","3.13998","1212","3.142892","1203","3.141564","1176","3.142348","1204","3.14128","1208","3.143352","1170","3.143968","1143","3.1407","1212","3.14198","1204","3.141192","1203","3.1419","1170","3.143128","1203","3.138488","1205","3.140804","1212","3.14156","1212","3.140668","1176","3.14208","1112","3.140676","1204","3.142916","1178","3.140968","1212","3.140368","1212","3.136712","1212","3.143332","1212","3.141716","1203","3.140952","1212","3.141316","1204","3.139932","1202","3.142068","1145","3.1438","1202","3.143344","1147","3.142592","1204","3.141904","1204","3.14002","1203","3.14256","1142","3.139908","1203","3.141732","1207","3.139504","1181","3.140044","1203","3.1394","1206","3.143508","1169","3.140836","1206","3.142888","1204","3.142036","1175","3.142252","1204","3.144476","1204","3.143484","1212","3.143428","1177","3.140028","1211","3.142656","1206","3.142376","1204","3.1419","1212","3.14298","1204","3.145696","1204","3.140368","1203","3.142212","1175","3.140476","1212","3.14226","1178","3.141704","1212","3.140348","1175","3.144108","1203","3.143928","1206","3.143892","1203","3.142948","1204","3.14171404","1184","1214"
"38","3.14058","50","3.141228","1262","3.140872","1261","3.139284","1262","3.14074","1261","3.140628","1262","3.14412","1261","3.143688","1262","3.13932","1261","3.141132","1262","3.140672","1241","3.142372","1262","3.140988","1262","3.143716","1262","3.138008","1261","3.139048","1262","3.143712","1261","3.145324","1262","3.143276","1261","3.143092","1262","3.141464","1261","3.141796","1261","3.139452","1241","3.140336","1262","3.143032","1262","3.142552","1262","3.139688","1262","3.142732","1262","3.14244","1241","3.13854","1262","3.141136","1262","3.145476","1262","3.141208","1262","3.138864","1262","3.142756","1261","3.14242","1262","3.140076","1261","3.143764","1261","3.13908","1262","3.138692","1261","3.143204","1261","3.142912","1262","3.143068","1261","3.138912","1261","3.140292","1262","3.143148","1240","3.140232","1241","3.141956","1261","3.142372","1262","3.138688","1262","3.141996","1262","3.139592","1261","3.139888","1261","3.14012","1262","3.140488","1262","3.143032","1262","3.141096","1261","3.14186","1260","3.142812","1261","3.13984","1257","3.145608","1257","3.143996","1257","3.142748","1256","3.142088","1257","3.143952","1257","3.143116","1256","3.140056","1257","3.14298","1257","3.1417","1257","3.143024","1256","3.142484","1257","3.140696","1256","3.139476","1257","3.142384","1257","3.141896","1256","3.141356","1257","3.14388","1257","3.142864","1257","3.140768","1256","3.140832","1256","3.140568","1257","3.142056","1257","3.142884","1255","3.14266","1257","3.141188","1257","3.141976","1255","3.140348","1257","3.141976","1256","3.141648","1256","3.141776","1256","3.14338","1235","3.142304","1257","3.141904","1256","3.140688","1256","3.136984","1256","3.139","1256","3.14126","1256","3.144192","1256","3.1418","1257","3.140128","1256","3.1415743599999995","1246","1263"
"39","3.140836","167","3.140296","956","3.142172","830","3.142468","956","3.140296","1061","3.141604","951","3.14398","1034","3.142092","1147","3.139992","1153","3.144496","1177","3.140536","1176","3.139008","1100","3.138932","1176","3.143912","1152","3.142068","1176","3.141252","1125","3.142804","1151","3.140872","1127","3.139544","1151","3.145292","1158","3.141484","1151","3.144276","1176","3.141108","1176","3.136604","1122","3.142748","1152","3.140304","1152","3.140952","1150","3.138568","1151","3.14234","1176","3.143116","1151","3.14188","1151","3.141268","1124","3.144132","1150","3.13944","1176","3.142072","1099","3.141384","1151","3.143076","1149","3.144084","1097","3.144432","1149","3.141768","1151","3.14248","1176","3.139336","1151","3.141864","1153","3.14252","1149","3.140508","1176","3.142732","1125","3.138868","1099","3.142424","1151","3.141636","1157","3.142548","1124","3.143308","1151","3.143632","1151","3.142312","1176","3.143076","1152","3.139888","1150","3.142188","1149","3.140248","1149","3.144756","1148","3.142492","1145","3.141588","1149","3.144996","1096","3.141028","1123","3.140832","1149","3.14416","1174","3.141308","1149","3.139548","1149","3.140336","1155","3.140152","1121","3.140932","1095","3.142688","1149","3.1433","1150","3.141704","1149","3.143372","1149","3.1396","1122","3.137956","1156","3.142268","1149","3.140576","1149","3.14074","1147","3.141084","1149","3.138564","1122","3.14132","1156","3.143388","1174","3.141532","1174","3.14412","1122","3.14116","1121","3.142632","1174","3.143908","1149","3.139004","1156","3.141012","1174","3.142668","1145","3.142668","1149","3.142","1124","3.144164","1120","3.143308","1149","3.142532","1149","3.142076","1149","3.141056","1096","3.146728","1149","3.144892","1174","3.141428","1147","3.1418263200000007","1126","1182"
"40","3.143816","189","3.141852","822","3.141832","1131","3.13908","871","3.1421","1005","3.139748","1092","3.142316","1130","3.142892","1213","3.14258","1213","3.140984","1213","3.143156","1214","3.143264","1212","3.142552","1214","3.14372","1214","3.139732","1191","3.139076","1214","3.143184","1214","3.139712","1214","3.144696","1213","3.141464","1212","3.141064","1214","3.144032","1214","3.14016","1212","3.141928","1213","3.142964","1213","3.141492","1214","3.143388","1213","3.140388","1214","3.143712","1213","3.140488","1191","3.140176","1212","3.139456","1213","3.14452","1212","3.140864","1213","3.142996","1214","3.141736","1214","3.144692","1213","3.141544","1213","3.14086","1213","3.141212","1213","3.139696","1214","3.14158","1213","3.14172","1212","3.145156","1191","3.142472","1212","3.14184","1191","3.142616","1213","3.140764","1212","3.14398","1213","3.136604","1213","3.141944","1213","3.141756","1212","3.139796","1213","3.14184","1213","3.139216","1213","3.145216","1212","3.139696","1213","3.140992","1213","3.143136","1213","3.141072","1190","3.138652","1213","3.139504","1213","3.140476","1212","3.140104","1212","3.1455","1213","3.14074","1213","3.138124","1213","3.142352","1213","3.14238","1213","3.141772","1191","3.143536","1212","3.141872","1213","3.140392","1212","3.141268","1213","3.145096","1213","3.141168","1213","3.142488","1213","3.142696","1213","3.142452","1210","3.140864","1210","3.140044","1209","3.139304","1210","3.145576","1210","3.141064","1209","3.140176","1209","3.142356","1209","3.143304","1210","3.140768","1209","3.141412","1209","3.141672","1210","3.140608","1209","3.140176","1209","3.142196","1188","3.142736","1209","3.139788","1209","3.14362","1209","3.140844","1188","3.142472","1209","3.139","1209","3.139152","1209","3.1416422400000013","1187","1225"
"41","3.138328","251","3.142284","1289","3.137748","1289","3.142948","1308","3.140728","1308","3.14018","1289","3.137532","1289","3.141104","1265","3.14","1287","3.140192","1289","3.145148","1289","3.140956","1307","3.143428","1289","3.141248","1307","3.141416","1289","3.140616","1265","3.141312","1288","3.141048","1263","3.142588","1306","3.141396","1287","3.140952","1264","3.140532","1307","3.141344","1287","3.142","1286","3.141664","1305","3.142524","1288","3.141768","1281","3.14454","1280","3.140108","1281","3.142788","1273","3.145072","1272","3.143864","1272","3.141308","1272","3.141204","1273","3.143892","1272","3.141536","1272","3.14222","1273","3.13858","1272","3.14438","1272","3.14152","1272","3.140076","1253","3.142168","1272","3.142332","1272","3.14168","1272","3.142544","1272","3.14232","1273","3.143756","1272","3.141508","1272","3.143352","1272","3.142152","1272","3.140752","1272","3.141368","1272","3.141348","1272","3.141844","1272","3.14082","1272","3.141392","1272","3.1415","1272","3.14394","1272","3.142036","1272","3.142468","1272","3.142552","1271","3.140308","1272","3.141556","1271","3.139184","1272","3.143048","1272","3.141112","1272","3.140772","1272","3.144136","1271","3.139788","1272","3.142632","1271","3.139116","1272","3.141984","1272","3.141628","1272","3.144532","1272","3.142608","1272","3.1415","1272","3.139464","1272","3.1421","1271","3.141688","1272","3.141356","1272","3.14134","1272","3.143952","1271","3.140652","1271","3.138572","1272","3.142696","1272","3.140524","1272","3.142884","1272","3.14128","1271","3.141472","1272","3.143084","1272","3.141708","1272","3.139764","1272","3.14012","1272","3.140296","1271","3.138552","1272","3.141896","1271","3.142208","1272","3.139848","1271","3.140968","1272","3.139716","1271","3.141539479999999","1266","1309"
"42","3.140484","1079","3.14078","1078","3.142496","1282","3.140796","1282","3.143004","1258","3.140304","1407","3.141664","1374","3.140824","1407","3.141012","1406","3.140388","1406","3.137992","1406","3.138376","1407","3.14182","1407","3.143308","1407","3.140252","1406","3.140252","1406","3.141136","1406","3.14152","1407","3.143248","1406","3.14304","1406","3.144148","1406","3.140564","1406","3.137756","1407","3.141828","1374","3.141524","1406","3.1422","1406","3.141912","1406","3.137632","1407","3.138204","1406","3.140064","1405","3.141508","1407","3.14052","1406","3.142212","1406","3.142456","1406","3.142812","1406","3.138956","1406","3.142064","1407","3.140356","1406","3.138448","1407","3.138944","1406","3.142696","1406","3.142888","1405","3.143924","1406","3.140052","1406","3.1421","1407","3.142512","1405","3.141076","1374","3.140396","1406","3.140568","1374","3.139028","1406","3.14274","1406","3.14364","1406","3.143392","1406","3.140584","1406","3.142148","1407","3.14068","1406","3.140908","1405","3.140632","1406","3.139316","1406","3.141688","1319","3.14292","1406","3.141816","1406","3.142064","1406","3.142","1406","3.142844","1405","3.141524","1405","3.141216","1406","3.14016","1406","3.140392","1405","3.14222","1406","3.141768","1406","3.138068","1405","3.1436","1406","3.142484","1405","3.140732","1406","3.141044","1406","3.140408","1373","3.138984","1406","3.142316","1405","3.138768","1308","3.140876","1308","3.137516","1308","3.141584","1308","3.141884","1308","3.143936","1308","3.140336","1308","3.14124","1308","3.142844","1308","3.142836","1308","3.140936","1308","3.142972","1307","3.140284","1308","3.140808","1308","3.143008","1308","3.142052","1307","3.140988","1307","3.143","1298","3.142692","1298","3.140632","1297","3.14286","1297","3.1412638399999993","1372","1411"
"43","3.141184","975","3.144376","976","3.1408","597","3.14266","815","3.141864","670","3.142732","897","3.142776","975","3.140644","897","3.141548","976","3.13752","1266","3.141648","1265","3.1413","1246","3.142364","1265","3.14108","1266","3.14168","1265","3.139652","1266","3.142132","1266","3.144164","1265","3.141796","1266","3.141328","1265","3.1401","1265","3.141848","1265","3.141172","1265","3.141768","1265","3.139964","1265","3.141708","1244","3.13894","1265","3.139508","1265","3.145784","1266","3.145456","1265","3.141256","1225","3.138692","1265","3.140548","1265","3.14228","1265","3.140216","1264","3.139408","1265","3.143252","1265","3.140796","1265","3.139032","1265","3.144556","1265","3.14008","1265","3.141992","1265","3.139468","1265","3.141176","1265","3.142188","1265","3.13814","1264","3.142396","1264","3.141848","1264","3.135612","1265","3.139948","1257","3.142448","1256","3.140984","1237","3.14164","1236","3.141544","1257","3.140748","1257","3.139164","1256","3.138068","1257","3.140764","1256","3.140456","1237","3.143128","1190","3.141612","1246","3.142544","1244","3.142396","1229","3.139836","1230","3.144452","1229","3.141424","1229","3.144016","1229","3.140448","1211","3.138116","1211","3.141264","1211","3.138944","1205","3.142228","1205","3.142788","1205","3.143812","1205","3.141032","1205","3.140904","1205","3.140824","1205","3.1422","1205","3.1408","1205","3.13766","1205","3.138564","1203","3.142272","1205","3.141648","1205","3.140708","1205","3.14368","1206","3.143724","1205","3.142864","1144","3.142812","1144","3.137936","1145","3.142044","1144","3.141808","1144","3.140748","1144","3.141948","1144","3.1427","1145","3.139676","1144","3.140776","1145","3.138752","1144","3.143136","1145","3.140372","1144","3.1414","1144","3.141261920000001","1195","1283"
"44","3.142592","252","3.141452","1252","3.140628","1267","3.142008","1286","3.1422","1229","3.142996","1286","3.141636","1268","3.142116","1252","3.140244","1268","3.139676","1285","3.138908","1209","3.140076","1268","3.136472","1269","3.14344","1268","3.141632","1268","3.139816","1269","3.141348","1269","3.142532","1166","3.140556","1261","3.139112","1262","3.14216","1279","3.142688","1279","3.141308","1222","3.140828","1262","3.141432","1223","3.14208","1279","3.140752","1261","3.141048","1261","3.140008","1279","3.144856","1262","3.14078","1279","3.14124","1278","3.142416","1223","3.141496","1261","3.14018","1261","3.140492","1262","3.14058","1261","3.141764","1262","3.137232","1244","3.143396","1223","3.141316","1279","3.140468","1278","3.143164","1262","3.1404","1262","3.142692","1261","3.1433","1262","3.144544","1262","3.138684","1278","3.141736","1262","3.142284","1261","3.142944","1261","3.141896","1278","3.140928","1261","3.141152","1262","3.14132","1261","3.142284","1261","3.140808","1261","3.142944","1278","3.139956","1278","3.146316","1261","3.141444","1262","3.140996","1278","3.143336","1262","3.141712","1261","3.139428","1223","3.140696","1223","3.141828","1261","3.144092","1261","3.14196","1261","3.142568","1278","3.141016","1260","3.14196","1278","3.139876","1261","3.14264","1261","3.1426","1173","3.140372","1172","3.144556","1166","3.14024","1157","3.139644","1156","3.142488","1157","3.139376","1156","3.140832","1156","3.141892","1157","3.141016","1156","3.14414","1156","3.137816","1156","3.140452","1139","3.139272","1138","3.14184","1157","3.1417","1157","3.140984","1156","3.142816","1156","3.143732","1157","3.1427","1156","3.139572","1156","3.139992","1156","3.141028","1156","3.14152","1109","3.146192","1109","3.13984","1109","3.1414547600000002","1222","1287"
"45","3.140244","964","3.140544","1077","3.142324","1367","3.141296","1385","3.140772","1386","3.140096","1386","3.13956","1385","3.140348","1366","3.13988","1385","3.144336","1386","3.142648","1385","3.143744","1385","3.142172","1347","3.144436","1386","3.141668","1386","3.143784","1386","3.142792","1386","3.142112","1347","3.140412","1385","3.141352","1385","3.143084","1386","3.14454","1385","3.13932","1385","3.143704","1338","3.141568","1355","3.141472","1355","3.141616","1338","3.1431","1356","3.139936","1356","3.142388","1338","3.141412","1355","3.141032","1356","3.139592","1354","3.13978","1319","3.14384","1338","3.141756","1355","3.139648","1355","3.143252","1355","3.141696","1319","3.141924","1337","3.141484","1336","3.142456","1337","3.137088","1352","3.143508","1327","3.142488","1326","3.141504","1343","3.141084","1343","3.143044","1343","3.139624","1326","3.141364","1343","3.142436","1344","3.141064","1327","3.137464","1308","3.143016","1344","3.141","1322","3.143116","1339","3.141304","1339","3.144472","1338","3.143088","1339","3.1451","1322","3.139716","1339","3.140352","1333","3.141188","1333","3.14206","1316","3.140576","1333","3.14302","1334","3.143932","1333","3.1438","1333","3.14382","1334","3.1417","1333","3.14106","1334","3.138288","1334","3.14632","1316","3.138088","1316","3.143152","1333","3.140964","1334","3.143336","1333","3.142776","1334","3.142072","1334","3.142712","1334","3.14156","1334","3.144008","1327","3.13822","1308","3.139752","1326","3.143212","1325","3.144304","1308","3.143384","1325","3.13936","1325","3.142848","1326","3.142064","1493","3.142564","1325","3.140812","1307","3.14214","1325","3.141536","1325","3.142768","1325","3.143036","1325","3.140648","1326","3.139696","1326","3.141364","1325","3.140536","1325","3.14177628","1338","1572"
"46","3.146456","765","3.141588","1074","3.141736","1074","3.140828","1314","3.142628","1314","3.14124","1314","3.142376","1243","3.140744","1243","3.140032","1256","3.14352","1286","3.142792","1286","3.141008","1287","3.141444","1304","3.140224","1304","3.141552","1234","3.14086","1304","3.14004","1256","3.145252","1286","3.141792","1286","3.139168","1286","3.143316","1287","3.140252","1286","3.142508","1286","3.142852","1286","3.139844","1286","3.145576","1304","3.142236","1304","3.14076","1305","3.141032","1255","3.140928","1256","3.141268","1285","3.143356","1304","3.140252","1304","3.140584","1287","3.139484","1305","3.140476","1285","3.14142","1286","3.143592","1286","3.14006","1286","3.140432","1304","3.141548","1304","3.14106","1304","3.142184","1304","3.140892","1285","3.143144","1304","3.139896","1305","3.140668","1285","3.14152","1304","3.141664","1304","3.145332","1285","3.14194","1304","3.140604","1304","3.14214","1304","3.14158","1304","3.140692","1256","3.140396","1303","3.140856","1255","3.139416","1304","3.14152","1285","3.142868","1255","3.142004","1305","3.142444","1303","3.138772","1286","3.13976","1304","3.140976","1286","3.141492","1285","3.144092","1286","3.13942","1285","3.14134","1304","3.140184","1303","3.144588","1286","3.142852","1286","3.141896","1286","3.139676","1303","3.14116","1285","3.140444","1304","3.1453","1304","3.141792","1304","3.140944","1304","3.142496","1279","3.142492","1277","3.142936","1276","3.1439","1277","3.141816","1276","3.142896","1277","3.141088","1276","3.140712","1268","3.140276","1267","3.140732","1266","3.138312","1208","3.14066","1208","3.143096","1208","3.145408","1208","3.1421","1207","3.142824","1207","3.14128","1208","3.139948","1207","3.13908","1208","3.141688","1208","3.140496","1207","3.141588000000001","1269","1317"
"47","3.140368","1395","3.140632","1413","3.13946","1394","3.140156","1395","3.141332","1413","3.145844","1395","3.140932","1413","3.141248","1395","3.144564","1394","3.141156","1357","3.140992","1374","3.140684","1374","3.1426","1395","3.141804","1395","3.14354","1374","3.141032","1374","3.144928","1357","3.139188","1374","3.141068","1356","3.140992","1413","3.14172","1374","3.141032","1356","3.14152","1413","3.142232","1369","3.141432","1369","3.145132","1386","3.144436","1369","3.138048","1348","3.141284","1386","3.143428","1388","3.140968","1388","3.14388","1348","3.143244","1387","3.142732","1356","3.142236","1356","3.140036","1332","3.14236","1350","3.143048","1349","3.143684","1351","3.140624","1332","3.138184","1351","3.139484","1351","3.140244","1351","3.1426","1350","3.146808","1350","3.142128","1349","3.144548","1350","3.143368","1349","3.139812","1332","3.142692","1350","3.142292","1350","3.14018","1350","3.143916","1331","3.140244","1350","3.142112","1351","3.141716","1350","3.143248","1351","3.142392","1350","3.143356","1331","3.141424","1351","3.140236","1350","3.140092","1350","3.144708","1350","3.14","1349","3.140192","1350","3.141264","1350","3.141932","1332","3.141772","1351","3.141284","1311","3.140344","1350","3.142552","1330","3.143228","1323","3.139212","1324","3.142912","1323","3.14284","1311","3.143632","1306","3.143872","1307","3.142664","1307","3.142028","1306","3.142352","1288","3.140024","1307","3.141072","1306","3.140228","1306","3.142272","1306","3.142492","1306","3.141632","1306","3.140696","1307","3.140872","1306","3.140208","1306","3.145724","1307","3.139624","1307","3.14358","1306","3.141772","1306","3.143336","1306","3.142684","1306","3.142392","1306","3.141288","1307","3.14168","1307","3.141668","1307","3.138504","1306","3.141852079999998","1347","1415"
"48","3.141668","951","3.144","1021","3.144112","1228","3.142304","1227","3.1398","973","3.14256","1227","3.141404","973","3.141392","1227","3.142072","1242","3.144628","1221","3.141164","1242","3.142292","1242","3.141096","1242","3.142168","1242","3.138808","1242","3.141376","1221","3.141468","1242","3.141592","1242","3.141536","1242","3.141636","1242","3.139532","1242","3.141912","1242","3.14314","1242","3.143364","1242","3.14276","1242","3.142304","1242","3.14308","1242","3.139508","1221","3.141348","1242","3.142848","1242","3.141056","1221","3.141752","1242","3.1421","1221","3.143348","1221","3.142028","1241","3.141964","1242","3.142996","1221","3.138008","1241","3.13908","1221","3.141028","1242","3.140592","1241","3.142016","1241","3.14196","1241","3.142744","1241","3.142296","1242","3.139792","1242","3.141568","1242","3.143248","1241","3.14198","1241","3.1404","1241","3.145136","1241","3.140096","1220","3.14458","1241","3.141712","1241","3.14072","1241","3.140412","1242","3.142384","1241","3.141992","1241","3.142232","1221","3.141868","1241","3.141972","1242","3.140032","1241","3.140932","1241","3.140992","1241","3.14224","1241","3.143632","1220","3.14242","1241","3.142852","1241","3.14296","1241","3.1399","1241","3.141832","1241","3.138332","1241","3.138948","1241","3.13862","1220","3.141388","1241","3.140816","1241","3.143092","1241","3.140736","1241","3.14082","1241","3.14156","1241","3.13878","1241","3.141","1241","3.14246","1241","3.143164","1241","3.143996","1241","3.143932","1241","3.142068","1220","3.139708","1241","3.143496","1241","3.1416","1241","3.138968","1241","3.14172","1220","3.144636","1240","3.141444","1241","3.143628","1220","3.142524","1241","3.140144","1241","3.140688","1241","3.14248","1241","3.140932","1241","3.1416940399999986","1227","1251"
"49","3.141844","164","3.140612","597","3.14026","674","3.141172","1239","3.141764","1193","3.140904","1120","3.141904","1216","3.143668","1216","3.144076","1142","3.140048","1192","3.139976","1193","3.140644","1193","3.139532","1215","3.142552","1142","3.14152","1216","3.143292","1167","3.141988","1238","3.143016","1239","3.139388","1239","3.138808","1193","3.14086","1239","3.142604","1215","3.137332","1194","3.14248","1168","3.14024","1168","3.141468","1239","3.140264","1238","3.137228","1238","3.14212","1238","3.141196","1190","3.141344","1193","3.1435","1190","3.141924","1168","3.142716","1237","3.142128","1193","3.143388","1215","3.141008","1238","3.142396","1191","3.1396","1238","3.14374","1215","3.142572","1238","3.140324","1238","3.140736","1247","3.140692","1231","3.14098","1230","3.14154","1231","3.14044","1230","3.144148","1230","3.141872","1230","3.140772","1222","3.14004","1222","3.142852","1220","3.140764","1221","3.13956","1238","3.143976","1238","3.13902","1222","3.139576","1238","3.140292","1222","3.142464","1221","3.143604","1222","3.142152","1221","3.1423","1221","3.141964","1238","3.141008","1238","3.141668","1222","3.144444","1222","3.141548","1221","3.144052","1222","3.140816","1238","3.14236","1221","3.144148","1221","3.143012","1238","3.140944","1238","3.140616","1238","3.139564","1238","3.139656","1220","3.139988","1238","3.143544","1238","3.141892","1221","3.139508","1220","3.141428","1221","3.145472","1221","3.139272","1221","3.13962","1221","3.1431","1221","3.142808","1221","3.142136","1238","3.141672","1221","3.141048","1220","3.140344","1221","3.142808","1238","3.141156","1221","3.141308","1220","3.141408","1220","3.142304","1221","3.140912","1221","3.140956","1221","3.136952","1221","3.14278","1221","3.142576","1220","3.1414597200000016","1196","1261"
"50","3.142864","1160","3.139528","1081","3.14198","1286","3.14142","1182","3.141812","1133","3.140436","1318","3.142656","1318","3.141396","1300","3.140184","1318","3.14104","1318","3.142452","1301","3.139248","1318","3.139532","1301","3.141604","1317","3.142636","1300","3.144432","1318","3.14292","1318","3.139568","1318","3.141892","1317","3.141256","1318","3.13984","1318","3.141484","1317","3.142928","1317","3.143416","1300","3.139404","1300","3.140932","1318","3.14158","1318","3.142028","1300","3.141","1317","3.138128","1300","3.142376","1318","3.140852","1300","3.139596","1300","3.142968","1317","3.142812","1317","3.139884","1300","3.140804","1318","3.141232","1300","3.139768","1317","3.143564","1317","3.143276","1317","3.142608","1317","3.14064","1317","3.139616","1317","3.140736","1318","3.14208","1317","3.140932","1318","3.142844","1300","3.142724","1317","3.142364","1317","3.139616","1317","3.140688","1299","3.1404","1317","3.141208","1300","3.139664","1317","3.140928","1317","3.14154","1299","3.142076","1300","3.142892","1317","3.138408","1317","3.142728","1317","3.139616","1317","3.140868","1317","3.144488","1317","3.143584","1299","3.1397","1305","3.140828","1305","3.143404","1288","3.140932","1305","3.139332","1305","3.142764","1305","3.143616","1305","3.143268","1305","3.142568","1305","3.14234","1305","3.141072","1305","3.141936","1305","3.14298","1305","3.141688","1287","3.143112","1305","3.143988","1305","3.138168","1305","3.138784","1305","3.142532","1305","3.140492","1305","3.140712","1288","3.140328","1276","3.14122","1294","3.13984","1294","3.141696","1274","3.139356","1274","3.139172","1274","3.137488","1257","3.141812","1274","3.142064","1274","3.141832","1274","3.137028","1274","3.142248","1274","3.143784","1274","3.14284","1274","3.1413489999999995","1297","1324"
"51","3.13988","1120","3.138796","1193","3.141288","1239","3.143832","1238","3.142488","1147","3.140524","1239","3.142948","1192","3.13988","1120","3.141888","1118","3.145912","1167","3.138488","1267","3.141292","1147","3.140296","1192","3.142384","1214","3.139748","1214","3.14348","1025","3.140768","1238","3.142444","1240","3.14226","1261","3.140228","1259","3.142068","1261","3.141372","1260","3.14178","1260","3.138148","1260","3.141748","1260","3.142292","1260","3.14114","1260","3.13818","1260","3.141552","1261","3.1467","1238","3.141372","1260","3.142916","1239","3.142756","1240","3.141188","1260","3.143108","1260","3.14224","1259","3.142308","1259","3.140344","1257","3.139704","1259","3.140932","1260","3.144904","1260","3.142512","1260","3.13958","1259","3.140344","1260","3.143672","1260","3.140816","1260","3.138688","1258","3.140088","1210","3.141168","1258","3.140932","1239","3.143908","1260","3.1396","1259","3.142092","1259","3.14292","1257","3.139816","1258","3.142216","1260","3.14304","1259","3.14062","1260","3.139696","1259","3.13796","1260","3.140388","1260","3.142","1260","3.140308","1260","3.14144","1259","3.13992","1259","3.1414","1260","3.139588","1259","3.143896","1257","3.14192","1260","3.139872","1259","3.141168","1238","3.142804","1257","3.139824","1257","3.140484","1259","3.141176","1239","3.139568","1259","3.142896","1239","3.14218","1259","3.142648","1238","3.139056","1259","3.144352","1260","3.142468","1257","3.14302","1259","3.143792","1260","3.141284","1258","3.143552","1259","3.143772","1259","3.143192","1259","3.142216","1259","3.138456","1255","3.14232","1248","3.140324","1249","3.138948","1237","3.14498","1237","3.141856","1195","3.14246","1195","3.140508","1179","3.141624","1172","3.139776","1172","3.141624","1172","3.14148304","1238","1289"
"52","3.141464","914","3.1419","1219","3.143372","1177","3.142068","1200","3.141592","1239","3.141844","1082","3.141124","1084","3.144548","1084","3.141608","1218","3.140144","1111","3.139532","1219","3.143176","1135","3.142416","1084","3.14186","1111","3.145044","1205","3.139784","1204","3.14278","1204","3.14374","1204","3.142452","1204","3.143604","1224","3.13974","1205","3.142736","1225","3.1414","1204","3.140932","1204","3.143332","1224","3.140828","1224","3.140336","1224","3.14226","1204","3.13966","1213","3.140316","1193","3.141136","1209","3.142048","1190","3.141424","1210","3.140004","1209","3.144196","1208","3.138856","1209","3.139964","1205","3.1412","1205","3.14148","1206","3.139328","1206","3.142716","1205","3.14044","1206","3.142168","1205","3.138544","1206","3.1423","1206","3.139572","1206","3.139224","1206","3.143712","1205","3.140552","1206","3.14822","1206","3.139748","1205","3.143924","1206","3.143888","1206","3.141948","1205","3.138916","1206","3.145456","1205","3.144588","1205","3.141692","1206","3.141632","1205","3.142876","1205","3.141392","1205","3.142308","1205","3.140148","1205","3.142668","1204","3.14252","1205","3.141452","1205","3.140296","1205","3.142328","1205","3.14078","1186","3.140252","1205","3.140492","1205","3.143768","1204","3.141324","1205","3.139744","1205","3.142044","1205","3.141192","1205","3.138888","1205","3.141168","1204","3.139616","1205","3.13982","1184","3.14154","1184","3.144548","1183","3.14312","1184","3.13998","1184","3.140864","1184","3.141228","1184","3.138464","1183","3.141308","1184","3.143948","1184","3.14046","1183","3.141772","1183","3.140492","1184","3.138972","1183","3.139564","1184","3.142128","1183","3.13914","1184","3.1445","1183","3.14396","1183","3.142176","1183","3.141576","1183","3.141592840000001","1191","1241"
"53","3.142892","637","3.140488","1116","3.141484","1116","3.144884","1116","3.142452","1114","3.141888","1116","3.142104","1116","3.142388","1063","3.143792","1116","3.13938","1116","3.142664","1202","3.142784","1114","3.141584","1114","3.139948","1116","3.143548","1114","3.142872","1116","3.142848","1201","3.140872","1202","3.14088","1116","3.140564","1119","3.14208","1090","3.141232","1176","3.141264","1191","3.140184","1191","3.141104","1171","3.142504","1172","3.139968","1171","3.141332","1191","3.144104","1183","3.141424","1182","3.144656","1182","3.141576","1153","3.13884","1170","3.142784","1170","3.142124","1150","3.138916","1150","3.142156","1151","3.142352","1151","3.141744","1170","3.144432","1170","3.139356","1150","3.141744","1161","3.14054","1161","3.142436","1161","3.141292","1160","3.144924","1160","3.142308","1154","3.140104","1134","3.143332","1153","3.141644","1154","3.14138","1153","3.142584","1153","3.141616","1154","3.140916","1133","3.140924","1154","3.14264","1153","3.141784","1153","3.140536","1153","3.142492","1153","3.139168","1153","3.14096","1153","3.13916","1153","3.138664","1153","3.142552","1110","3.141592","1128","3.139056","1109","3.143248","1129","3.139516","1128","3.140288","1128","3.143848","1098","3.141784","1116","3.140856","1117","3.139456","1116","3.138624","1117","3.138212","1112","3.141892","1112","3.140984","1112","3.141596","1108","3.140588","1108","3.140736","1107","3.142456","1106","3.144208","1106","3.139672","1107","3.141388","1107","3.144604","1106","3.140504","1106","3.143144","1102","3.142504","1102","3.139716","1100","3.142792","1093","3.141468","1093","3.14076","1093","3.141092","1093","3.14404","1094","3.142368","1094","3.14208","1094","3.14002","1094","3.14274","1093","3.142244","1093","3.141684","1093","3.1415990800000015","1128","1223"
"54","3.140628","637","3.143504","983","3.140436","982","3.138668","1074","3.139424","1050","3.140636","1070","3.144452","1139","3.139056","1139","3.13958","1139","3.140608","1047","3.139096","1139","3.143232","1047","3.140716","1070","3.141928","1139","3.143252","1138","3.140324","1069","3.142116","1139","3.142112","1155","3.14418","1138","3.14354","1139","3.14152","1096","3.14308","1138","3.139892","1095","3.140492","1139","3.138796","1139","3.14158","1046","3.140252","1071","3.13994","1090","3.144264","1108","3.140652","1108","3.141872","1108","3.141004","1108","3.141084","1108","3.140584","1068","3.14354","1089","3.142216","1072","3.142452","1089","3.140624","1090","3.142932","1089","3.142868","1090","3.143184","1090","3.14002","1089","3.140788","1072","3.140804","1089","3.14394","1071","3.142696","1071","3.14024","1090","3.140668","1072","3.139744","1089","3.142188","1089","3.140276","1071","3.1422","1089","3.143164","1071","3.140736","1089","3.1399","1089","3.142596","1089","3.140128","1089","3.139908","1089","3.140516","1072","3.144096","1072","3.141272","1089","3.144484","1089","3.144064","1089","3.142824","1025","3.140728","1043","3.140872","1043","3.141276","1042","3.141896","1043","3.14112","1042","3.14124","1042","3.141516","1043","3.14322","1042","3.141512","1043","3.14308","1042","3.143416","1043","3.140204","1024","3.141144","1042","3.1419","1025","3.142636","1042","3.140752","1042","3.141688","1042","3.144012","1043","3.14342","1042","3.13872","1042","3.136656","1042","3.140104","1043","3.140532","1043","3.140512","1042","3.141596","1011","3.143256","1010","3.141008","1011","3.14236","1010","3.142432","1010","3.144164","1007","3.1389","1007","3.141088","1006","3.142012","1006","3.143704","1006","3.141584","1006","3.143096","1005","3.1415492400000007","1063","1179"
"55","3.141932","621","3.142008","586","3.14178","748","3.143468","748","3.142524","621","3.140052","719","3.14258","1104","3.140296","1104","3.141992","1131","3.14222","1106","3.141352","1131","3.140836","1131","3.14404","1131","3.144056","1105","3.141516","1082","3.141208","1130","3.140884","1131","3.139096","1106","3.14356","1104","3.144244","1130","3.143492","1130","3.140424","1130","3.14256","1131","3.14052","1130","3.140544","1130","3.140164","1130","3.143132","1131","3.141288","1111","3.142136","1131","3.138724","1130","3.139576","1104","3.138724","1103","3.141664","1130","3.142564","1110","3.140864","1130","3.143972","1104","3.142304","1130","3.139384","1130","3.140192","1130","3.139432","1130","3.140112","1104","3.141024","1130","3.14366","1130","3.14146","1103","3.142112","1130","3.14084","1110","3.144748","1104","3.141624","1106","3.141264","1109","3.14138","1130","3.140916","1130","3.139292","1130","3.140616","1130","3.139216","1110","3.141472","1130","3.140812","1106","3.144144","1104","3.140572","1130","3.140816","1104","3.141392","1107","3.142196","1107","3.14094","1082","3.139508","1109","3.141208","1103","3.139872","1097","3.143244","1098","3.14166","1104","3.139968","1124","3.144048","1124","3.139576","1124","3.140224","1124","3.144444","1124","3.139276","1124","3.141808","1102","3.140632","1098","3.1414","1124","3.141752","1096","3.139444","1098","3.142988","1098","3.142796","1101","3.142","1124","3.140152","1123","3.14302","1124","3.141044","1124","3.14194","1098","3.140964","1124","3.144448","1101","3.1442","1072","3.140536","1124","3.142508","1124","3.140584","1124","3.141408","1124","3.142824","1097","3.142588","1100","3.140292","1097","3.140948","1124","3.142824","1099","3.140848","1123","3.141976","1124","3.14414","1124","3.1415500400000003","1089","1139"
"56","3.141592","1052","3.14018","1127","3.141556","1127","3.141228","966","3.143672","1052","3.14214","966","3.141668","1053","3.139532","1052","3.141344","1029","3.144872","1029","3.140832","1052","3.139852","1053","3.144696","1029","3.140648","966","3.142452","945","3.142148","1052","3.13988","945","3.137512","1157","3.138552","1157","3.13784","1176","3.140484","1156","3.137228","1176","3.14302","1157","3.140424","1134","3.143192","1173","3.140984","1174","3.141032","1152","3.14188","1153","3.14252","1153","3.14348","1174","3.1418","1152","3.140492","1153","3.139216","1174","3.142348","1174","3.141348","1173","3.14328","1172","3.141156","1173","3.14262","1174","3.140376","1174","3.138748","1152","3.141588","1174","3.141608","1174","3.14068","1152","3.141296","1153","3.141992","1173","3.140064","1172","3.142072","1152","3.14174","1173","3.142604","1152","3.1427","1152","3.138732","1152","3.14312","1133","3.137768","1152","3.13974","1174","3.138828","1152","3.14258","1174","3.143716","1174","3.14504","1152","3.144312","1152","3.137508","1151","3.14358","1152","3.143396","1151","3.141584","1172","3.143804","1152","3.14356","1173","3.142092","1173","3.142528","1172","3.144124","1152","3.13926","1152","3.1408","1152","3.140412","1173","3.14128","1152","3.142152","1173","3.139868","1148","3.138044","1148","3.14072","1148","3.13928","1148","3.141688","1148","3.140508","1148","3.140576","1148","3.14024","1149","3.143932","1147","3.140748","1148","3.141832","1148","3.140628","1147","3.142312","1035","3.141736","1035","3.140824","1036","3.14178","1036","3.140112","1035","3.142188","1035","3.139312","1036","3.140452","1035","3.138936","1035","3.140444","1030","3.141212","1030","3.14444","1029","3.142184","1030","3.140116","1030","3.140132","1029","3.1412832799999983","1118","1205"
"57","3.141904","1123","3.144084","1059","3.141684","945","3.141232","1032","3.140736","1032","3.139516","1058","3.14102","1141","3.139248","1032","3.142852","1143","3.141324","1058","3.142628","1058","3.139172","992","3.138232","1143","3.141936","946","3.143132","1140","3.13974","1139","3.143236","1158","3.141896","1028","3.140852","1158","3.14152","1158","3.141976","1007","3.141828","1025","3.142368","1135","3.141348","1024","3.139132","1051","3.139992","1124","3.14546","1106","3.142436","1106","3.14238","1123","3.140808","1106","3.14108","1106","3.142688","1123","3.141024","1106","3.143608","1123","3.141556","1106","3.14328","1106","3.14358","1124","3.142116","1123","3.143524","1106","3.142336","1106","3.139092","1124","3.142108","1086","3.13828","1106","3.142812","1124","3.142172","1123","3.142236","1106","3.142804","1105","3.139384","1087","3.138164","1106","3.141224","1106","3.14538","1124","3.1393","1124","3.143076","1119","3.141728","1100","3.141932","1101","3.139216","1118","3.139984","1118","3.14136","1118","3.142756","1119","3.141424","1118","3.142708","1119","3.139928","1116","3.139964","1115","3.142184","1115","3.144152","1114","3.1453","1114","3.142008","1114","3.139528","1114","3.14194","1114","3.139596","1115","3.1429","1097","3.141292","1114","3.142484","1115","3.142376","1114","3.142616","1114","3.142516","1114","3.140896","1114","3.137912","1114","3.140916","1114","3.137224","1097","3.140116","1114","3.142108","1114","3.140984","1097","3.142668","1115","3.139364","1115","3.140432","1115","3.139588","1114","3.141192","1114","3.1433","1114","3.140972","1114","3.139916","1076","3.143424","1076","3.141204","1076","3.13992","1076","3.143044","1076","3.140384","1076","3.143372","1076","3.1399","1065","3.140408","1054","3.14178","1054","3.1414541199999997","1097","1181"
"58","3.1424","1263","3.1393","1186","3.143896","1185","3.143632","1185","3.141996","1245","3.14458","1283","3.142032","1283","3.139908","1300","3.140728","1167","3.14228","1167","3.140936","1196","3.144812","1274","3.145832","1274","3.141396","1255","3.144176","1274","3.141752","1290","3.14252","1274","3.142688","1287","3.14228","1231","3.141628","1287","3.140904","1270","3.143008","1270","3.14082","1250","3.141556","1270","3.141712","1270","3.141464","1250","3.144668","1270","3.14084","1270","3.139052","1214","3.139404","1250","3.1405","1250","3.13762","1238","3.139288","1274","3.142636","1274","3.141876","1274","3.140276","1273","3.14066","1273","3.14258","1257","3.142528","1274","3.143008","1257","3.140884","1274","3.147284","1256","3.140468","1256","3.143352","1256","3.140888","1257","3.138876","1273","3.141628","1256","3.143204","1274","3.141572","1274","3.139412","1273","3.142196","1269","3.142176","1268","3.142796","1268","3.139476","1268","3.142292","1268","3.140252","1268","3.142936","1268","3.140292","1268","3.142116","1251","3.143324","1268","3.14102","1268","3.14036","1268","3.140176","1268","3.14208","1251","3.139476","1268","3.141924","1268","3.14324","1268","3.136512","1268","3.142188","1268","3.13928","1268","3.1408","1268","3.142504","1267","3.14158","1268","3.142664","1268","3.138732","1268","3.142556","1268","3.142068","1268","3.139324","1268","3.142176","1268","3.14178","1268","3.1447","1267","3.143208","1267","3.143032","1268","3.141896","1264","3.141996","1265","3.140884","1264","3.140464","1264","3.140092","1265","3.14042","1264","3.142244","1264","3.143536","1247","3.143704","1264","3.14356","1264","3.14312","1264","3.140696","1264","3.140888","1264","3.140976","1263","3.139952","1264","3.14098","1264","3.142136","1264","3.141675199999999","1260","1301"
"59","3.140048","341","3.14488","1171","3.1425","1170","3.142204","1170","3.140468","1170","3.13916","1170","3.139776","1188","3.142596","1170","3.14146","1170","3.142164","1170","3.140592","1169","3.139648","1170","3.139772","1170","3.143608","1170","3.142008","1170","3.14224","1170","3.139416","1170","3.139984","1189","3.1455","1188","3.142244","1188","3.141316","1170","3.143528","1169","3.141444","1170","3.14312","1170","3.143284","1170","3.142104","1170","3.14352","1169","3.14494","1170","3.142088","1170","3.14286","1169","3.142244","1170","3.143388","1170","3.139132","1170","3.139868","1170","3.139","1170","3.143184","1170","3.140836","1188","3.144404","1170","3.142192","1170","3.139804","1170","3.14124","1170","3.139516","1169","3.141028","1188","3.138272","1170","3.143228","1170","3.141596","1170","3.142356","1170","3.14186","1169","3.139564","1170","3.141992","1170","3.144588","1169","3.13964","1148","3.14338","1170","3.139892","1170","3.142092","1188","3.142848","1188","3.140796","1168","3.140476","1169","3.141136","1170","3.141468","1170","3.143028","1169","3.14142","1169","3.139012","1170","3.14098","1169","3.143","1170","3.139664","1169","3.139772","1148","3.142636","1169","3.1428","1170","3.139848","1170","3.143484","1188","3.140508","1170","3.14068","1188","3.144912","1169","3.142904","1170","3.14126","1169","3.14244","1169","3.141832","1169","3.138472","1188","3.138544","1170","3.14206","1169","3.142388","1169","3.14096","1169","3.142176","1169","3.141884","1188","3.140448","1169","3.141488","1169","3.1429","1170","3.142884","1188","3.140572","1170","3.138892","1188","3.142028","1169","3.144812","1188","3.137268","1169","3.140728","1168","3.142364","1169","3.140376","1169","3.141316","1169","3.14346","1169","3.139032","1188","3.1415472399999995","1163","1189"
"60","3.141564","87","3.141812","87","3.14382","1114","3.143032","1113","3.14296","1114","3.1399","1127","3.139144","1113","3.142656","1113","3.139724","1113","3.141536","1114","3.141612","1113","3.142304","1112","3.13868","1112","3.141144","1113","3.14098","1113","3.141252","1112","3.1431","1127","3.144064","1127","3.14072","1113","3.141388","1112","3.141436","1127","3.13968","1094","3.14316","1113","3.140888","1112","3.142088","1113","3.141056","1113","3.138292","1114","3.142796","1112","3.142128","1113","3.144592","1112","3.142676","1113","3.140068","1113","3.143","1127","3.14326","1114","3.144536","1113","3.141824","1113","3.141588","1113","3.142556","1113","3.141632","1112","3.141676","1114","3.141676","1113","3.141752","1127","3.14406","1127","3.141612","1112","3.141304","1112","3.141384","1112","3.142028","1113","3.142148","1113","3.136812","1113","3.140256","1113","3.143484","1112","3.139516","1112","3.138764","1113","3.140848","1127","3.141508","1113","3.14216","1113","3.140684","1127","3.139596","1113","3.141492","1127","3.142532","1127","3.139116","1127","3.14268","1113","3.145768","1112","3.140592","1112","3.14082","1113","3.141488","1112","3.13892","1127","3.142268","1127","3.142924","1093","3.143196","1112","3.142024","1112","3.14326","1113","3.140632","1112","3.14142","1113","3.14068","1113","3.142756","1112","3.141712","1113","3.141212","1113","3.141328","1113","3.142388","1112","3.142296","1112","3.143368","1112","3.14188","1113","3.141396","1113","3.142072","1113","3.139688","1113","3.141352","1112","3.142772","1112","3.14298","1112","3.1392","1112","3.140676","1112","3.140296","1126","3.138092","1113","3.143044","1112","3.141232","1112","3.141468","1112","3.140436","1127","3.13842","1112","3.14218","1127","3.14062","1127","3.1415259199999985","1094","1129"
"61","3.140512","1129","3.142708","1213","3.138988","1287","3.140928","1214","3.140264","1074","3.140236","1214","3.141852","1287","3.141196","1287","3.142304","1128","3.14276","1128","3.141124","1286","3.141028","1251","3.141392","1287","3.143072","1128","3.143692","1213","3.140176","1286","3.141828","1214","3.145404","1127","3.145868","1250","3.14174","1287","3.142956","1128","3.14294","1100","3.140744","1286","3.141544","1127","3.142","1213","3.139532","1253","3.14144","1253","3.141576","1253","3.141156","1253","3.141312","1253","3.142232","1253","3.143884","1254","3.142644","1253","3.141656","1253","3.14172","1253","3.140232","1273","3.14248","1253","3.140816","1253","3.142424","1253","3.1422","1253","3.144","1253","3.140268","1253","3.143432","1253","3.141696","1253","3.143376","1254","3.143688","1253","3.142428","1253","3.14184","1253","3.141716","1272","3.142352","1250","3.142272","1247","3.14026","1192","3.143248","1191","3.143204","1191","3.142564","1186","3.140304","1186","3.141536","1186","3.14004","1186","3.14074","1186","3.141776","1187","3.142268","1186","3.141784","1186","3.139496","1186","3.14292","1186","3.142264","1187","3.14234","1186","3.138524","1186","3.144284","1187","3.139076","1186","3.140744","1186","3.139924","1186","3.142876","1186","3.144024","1186","3.140792","1186","3.141472","1186","3.144172","1186","3.140888","1186","3.141572","1186","3.142912","1186","3.143536","1166","3.143692","1186","3.14332","1187","3.143804","1186","3.13796","1187","3.141132","1186","3.141932","1186","3.143672","1172","3.142468","1172","3.140144","1173","3.140076","1172","3.13932","1173","3.1386","1173","3.141656","1172","3.142056","1173","3.141736","1173","3.139752","1172","3.141748","1172","3.144248","1122","3.142612","1121","3.138328","1121","3.1417742399999997","1205","1309"
"62","3.14272","532","3.141772","1177","3.143128","1213","3.144524","1212","3.144112","1212","3.14112","1212","3.144736","1041","3.140668","1177","3.13928","1212","3.142828","1141","3.139864","1212","3.141796","1244","3.144252","1244","3.140724","1224","3.142072","1244","3.141148","1244","3.144776","1224","3.142292","1244","3.142348","1224","3.144332","1224","3.141584","1224","3.145768","1244","3.141356","1243","3.142448","1244","3.140588","1224","3.141104","1244","3.141828","1243","3.142904","1244","3.14264","1202","3.141676","1244","3.142356","1243","3.140716","1224","3.142168","1236","3.140496","1236","3.141556","1236","3.140808","1236","3.1396","1236","3.141024","1236","3.141348","1216","3.14164","1237","3.140912","1236","3.143392","1236","3.140492","1236","3.1434","1216","3.14358","1216","3.142712","1236","3.13816","1235","3.140172","1235","3.141776","1235","3.138428","1215","3.144052","1191","3.138612","1202","3.139984","1182","3.142396","1182","3.140436","1202","3.139152","1202","3.140904","1202","3.1372","1182","3.138832","1202","3.142032","1202","3.141676","1202","3.142916","1202","3.13856","1182","3.141544","1202","3.140096","1182","3.140016","1182","3.142916","1202","3.140808","1202","3.141392","1201","3.141244","1202","3.141864","1202","3.139396","1181","3.140424","1176","3.139636","1177","3.142648","1176","3.142804","1176","3.14042","1176","3.141468","1176","3.142972","1176","3.140428","1177","3.14354","1177","3.141884","1176","3.143056","1176","3.140872","1177","3.142088","1176","3.144272","1176","3.141196","1177","3.14302","1177","3.143448","1176","3.14038","1176","3.138352","1176","3.144044","1177","3.14306","1176","3.140524","1176","3.144376","1177","3.14068","1176","3.141436","1176","3.142604","1176","3.142684","1176","3.141228","1176","3.14164696","1196","1256"
"63","3.14058","653","3.141332","843","3.13982","1094","3.14444","880","3.143124","1230","3.139672","1250","3.139508","1209","3.141404","1230","3.14078","1178","3.141832","1250","3.143256","1250","3.14172","1230","3.143156","1229","3.139888","1229","3.142456","1210","3.143252","1155","3.1399","1229","3.140148","1230","3.141636","1210","3.142932","1178","3.141504","1230","3.140968","1249","3.139708","1177","3.141396","1178","3.141208","1250","3.140684","1178","3.141132","1177","3.140908","1178","3.139504","1229","3.143696","1250","3.141104","1209","3.141368","1209","3.144684","1249","3.141488","1229","3.141316","1209","3.14106","1250","3.141304","1230","3.142512","1177","3.141468","1230","3.141148","1249","3.142496","1178","3.13784","1177","3.143344","1229","3.143636","1229","3.14022","1224","3.141424","1224","3.140492","1224","3.143724","1224","3.143136","1224","3.14236","1224","3.140056","1204","3.136948","1224","3.139752","1224","3.142296","1224","3.141016","1204","3.141752","1224","3.142068","1204","3.139012","1224","3.142544","1224","3.142432","1224","3.142248","1202","3.139416","1222","3.14038","1222","3.1426","1221","3.142416","1222","3.143296","1222","3.140756","1221","3.142164","1221","3.139196","1222","3.1437","1222","3.142604","1222","3.141512","1222","3.143004","1221","3.138132","1221","3.141268","1202","3.139356","1222","3.140776","1221","3.141728","1222","3.141384","1222","3.141876","1201","3.140636","1222","3.141792","1221","3.142156","1222","3.142924","1222","3.137736","1201","3.14184","1221","3.140912","1221","3.142272","1201","3.140728","1221","3.13966","1221","3.141332","1221","3.14142","1221","3.145048","1221","3.13772","1221","3.142044","1200","3.138524","1222","3.142068","1222","3.141756","1221","3.1404","1221","3.1422","1221","3.141365239999999","1203","1256"
"64","3.1388","718","3.139968","1211","3.142436","1248","3.1417","1190","3.13966","1249","3.141112","1250","3.139656","1250","3.143","1250","3.143036","1192","3.142276","1231","3.143396","1249","3.140872","1250","3.139668","1249","3.141988","1248","3.142668","1248","3.142868","1173","3.142156","1192","3.141404","1231","3.143556","1250","3.138564","1212","3.142504","1212","3.142912","1249","3.140832","1249","3.146408","1250","3.14124","1248","3.140608","1250","3.142728","1249","3.140092","1250","3.143468","1249","3.140816","1191","3.14098","1190","3.141808","1248","3.141508","1190","3.143136","1250","3.141656","1249","3.141408","1250","3.14102","1231","3.143476","1248","3.142068","1249","3.140964","1249","3.138932","1249","3.142116","1191","3.143048","1190","3.142188","1230","3.14014","1211","3.141388","1250","3.142936","1249","3.140252","1244","3.14208","1243","3.141808","1205","3.142132","1174","3.140132","1175","3.14216","1176","3.140988","1171","3.140308","1172","3.140912","1173","3.142068","1173","3.14108","1172","3.142548","1167","3.142232","1168","3.13914","1166","3.14188","1166","3.143032","1166","3.144724","1168","3.140768","1149","3.14306","1168","3.142328","1166","3.143664","1168","3.139132","1166","3.143264","1167","3.143796","1167","3.14134","1166","3.142492","1166","3.141872","1166","3.139556","1166","3.142184","1167","3.14192","1166","3.142612","1166","3.141664","1168","3.14346","1166","3.144452","1166","3.14272","1168","3.1433","1166","3.141548","1140","3.137616","1138","3.139792","1138","3.142828","1138","3.141076","1137","3.143732","1136","3.140972","1136","3.144304","1137","3.13992","1138","3.140364","1136","3.141456","1136","3.141092","1138","3.14184","1136","3.141504","1136","3.138508","1136","3.140464","1136","3.144064","1138","3.141713039999999","1189","1251"
"65","3.139544","1230","3.143888","1230","3.142256","1229","3.1403","1211","3.140192","1229","3.140212","1172","3.142764","1211","3.141152","1134","3.142468","1230","3.139548","1230","3.13974","1229","3.141376","1230","3.141972","1211","3.142096","1229","3.141144","1191","3.141412","1211","3.140888","1229","3.138732","1229","3.143368","1211","3.142132","1230","3.13786","1212","3.144336","1211","3.142996","1229","3.142668","1229","3.142236","1229","3.142064","1229","3.146148","1212","3.143024","1212","3.14114","1194","3.141924","1212","3.143024","1181","3.140632","1198","3.145128","1197","3.141912","1197","3.143248","1197","3.138836","1197","3.142564","1197","3.138404","1180","3.141444","1179","3.141568","1198","3.14254","1198","3.142672","1197","3.140016","1197","3.142572","1197","3.143584","1197","3.14118","1198","3.140836","1182","3.144284","1181","3.144244","1182","3.142404","1181","3.143772","1182","3.138264","1180","3.138156","1163","3.142248","1180","3.141604","1176","3.140976","1176","3.142308","1176","3.142992","1176","3.143556","1177","3.139956","1176","3.140696","1177","3.14","1177","3.142656","1176","3.140408","1176","3.143896","1176","3.143148","1176","3.1446","1176","3.14402","1176","3.141644","1176","3.144696","1176","3.142172","1176","3.141612","1167","3.141304","1166","3.14012","1166","3.142196","1166","3.141736","1166","3.142016","1166","3.142476","1166","3.139324","1166","3.143496","1166","3.140888","1157","3.141424","1158","3.143664","1158","3.140844","1158","3.14036","1157","3.14088","1157","3.142988","1158","3.145084","1158","3.142856","1158","3.140264","1158","3.141012","1158","3.142748","1158","3.144068","1158","3.143376","1158","3.14218","1150","3.140488","1150","3.141908","1149","3.143496","1149","3.139964","1147","3.141132","1148","3.14186344","1186","1248"
"66","3.141256","1208","3.144868","1208","3.139732","1208","3.139704","1209","3.1398","1208","3.143056","1208","3.14374","1208","3.143784","1190","3.143308","1190","3.139524","1190","3.144556","1190","3.143744","1167","3.139808","1208","3.143044","1190","3.1396","1190","3.140572","1190","3.141736","1208","3.143424","1189","3.140652","1189","3.141984","1208","3.139984","1208","3.142172","1190","3.143352","1208","3.140664","1189","3.141576","1189","3.141216","1190","3.139548","1190","3.139852","1208","3.141992","1189","3.143088","1190","3.14186","1208","3.143208","1190","3.143252","1189","3.143288","1190","3.140184","1157","3.14382","1157","3.139352","1157","3.140336","1157","3.139344","1157","3.1409","1157","3.140416","1156","3.140916","1157","3.14164","1157","3.140564","1157","3.139056","1157","3.14122","1157","3.14116","1157","3.141704","1157","3.139904","1157","3.14106","1157","3.141056","1157","3.1435","1156","3.137856","1157","3.139036","1157","3.141792","1157","3.139288","1157","3.140248","1157","3.143128","1157","3.141944","1157","3.14272","1138","3.141444","1115","3.140508","1156","3.142296","1138","3.144056","1156","3.141116","1157","3.140832","1157","3.140756","1157","3.141276","1157","3.139724","1157","3.139044","1056","3.139656","1031","3.142508","1050","3.142956","1049","3.1428","1049","3.142288","1049","3.143968","1042","3.137676","1039","3.138364","1039","3.13922","1038","3.141828","1038","3.140636","1038","3.14296","1039","3.143476","1039","3.140804","1038","3.142136","1039","3.140236","1038","3.140528","1038","3.141668","1038","3.142548","1038","3.14356","1039","3.141376","1025","3.140452","1023","3.141676","1024","3.139196","1024","3.141516","1024","3.141376","1024","3.140308","1015","3.140652","1015","3.139268","1014","3.14234","1014","3.1413411600000014","1131","1210"
"67","3.143524","75","3.141288","1199","3.140792","1199","3.141936","1236","3.14078","1236","3.140624","1199","3.142","1156","3.145252","1156","3.14186","1236","3.13948","1156","3.143148","1199","3.141632","1174","3.143276","1156","3.141896","1039","3.142672","1236","3.140248","1174","3.14196","1174","3.141728","1218","3.14242","1198","3.140304","1088","3.141876","1236","3.143308","1199","3.137944","1152","3.143796","1084","3.14244","1233","3.13916","1171","3.140652","1196","3.14074","1233","3.139524","1134","3.14242","1153","3.143188","1153","3.139748","1133","3.140948","1133","3.141252","1152","3.14006","1152","3.138648","1153","3.142316","1141","3.141152","1142","3.141864","1143","3.144412","1143","3.141192","1142","3.140252","1143","3.142732","1143","3.14152","1142","3.14316","1143","3.140644","1143","3.142296","1142","3.138272","1142","3.140276","1141","3.140264","1142","3.14018","1142","3.140916","1142","3.141744","1142","3.142808","1142","3.144532","1142","3.145784","1142","3.143732","1142","3.140872","1142","3.143064","1142","3.144016","1142","3.141232","1142","3.145172","1142","3.142736","1142","3.140916","1141","3.141348","1142","3.144072","1142","3.14234","1142","3.140712","1142","3.143092","1142","3.140136","1142","3.14246","1142","3.143156","1141","3.140692","1142","3.140528","1142","3.140316","1141","3.142408","1141","3.142512","1142","3.13812","1142","3.142244","1142","3.139284","1142","3.139672","1137","3.139388","1136","3.141484","1136","3.140788","1136","3.141736","1136","3.141396","1136","3.14036","1136","3.141516","1136","3.140492","1136","3.140028","1136","3.140656","1136","3.141856","1136","3.141104","1136","3.143116","1136","3.142736","1136","3.142952","1136","3.14154","1136","3.142916","1136","3.140496","1136","3.1429","1136","3.141611319999999","1141","1238"
"68","3.142308","672","3.142728","1176","3.142396","1176","3.141236","1176","3.14154","1176","3.14292","1176","3.141016","1176","3.143972","1175","3.140112","1176","3.14094","1174","3.142928","1175","3.141856","1176","3.137224","1175","3.140644","1175","3.14212","1174","3.141508","1176","3.141012","1176","3.140772","1176","3.140976","1176","3.140536","1176","3.141132","1175","3.1423","1176","3.1438","1176","3.142848","1175","3.140784","1174","3.141032","1175","3.140868","1174","3.140036","1176","3.14154","1175","3.141588","1175","3.141416","1175","3.140892","1174","3.139572","1175","3.141632","1174","3.14132","1153","3.142584","1175","3.142604","1174","3.142768","1174","3.144252","1175","3.144952","1176","3.138368","1176","3.140272","1175","3.142432","1175","3.141716","1175","3.143776","1175","3.141128","1176","3.141704","1175","3.140116","1176","3.141112","1175","3.140164","1175","3.139624","1175","3.141712","1176","3.139284","1175","3.142816","1176","3.143468","1175","3.142916","1174","3.143832","1175","3.141144","1175","3.139412","1175","3.14176","1175","3.1422","1176","3.141664","1175","3.143036","1175","3.139716","1174","3.142784","1133","3.142904","1176","3.140948","1175","3.13948","1174","3.138732","1153","3.138352","1176","3.142036","1174","3.142952","1153","3.142524","1173","3.143516","1175","3.142276","1175","3.139908","1174","3.138208","1174","3.140332","1174","3.141972","1175","3.13724","1175","3.142596","1175","3.141208","1175","3.142808","1175","3.14168","1175","3.13994","1175","3.140244","1174","3.1415","1175","3.14174","1174","3.141616","1173","3.143584","1173","3.141936","1175","3.142012","1175","3.142804","1153","3.142212","1174","3.1413","1175","3.142848","1175","3.142492","1175","3.139028","1117","3.141572","1117","3.141144","1117","3.141484640000001","1166","1177"
"69","3.139404","234","3.148152","275","3.138204","203","3.142888","1104","3.140012","1104","3.141688","1107","3.13974","1108","3.141596","1101","3.139928","1074","3.141564","1106","3.1427","1077","3.140836","1105","3.14462","1104","3.140696","1106","3.141144","1104","3.143756","1103","3.14058","1104","3.142724","1104","3.142576","1104","3.142156","1104","3.145288","1104","3.1434","1105","3.142712","1103","3.138492","1103","3.139232","1109","3.140752","1104","3.140776","1074","3.139224","1075","3.140928","1109","3.142","1079","3.140552","1104","3.142564","1104","3.139984","1103","3.141312","1108","3.139664","1103","3.141344","1103","3.140692","1075","3.13958","1106","3.140364","1077","3.13918","1103","3.141932","1073","3.143424","1074","3.141632","1124","3.14202","1108","3.140908","1078","3.141192","1106","3.138628","1103","3.141104","1106","3.140052","1106","3.137776","1103","3.142924","1104","3.142156","1103","3.143344","1103","3.141608","1107","3.141756","1109","3.141532","1103","3.138832","1104","3.142996","1104","3.140452","1105","3.142424","1104","3.14302","1103","3.14478","1074","3.143108","1073","3.143156","1103","3.141364","1104","3.141756","1077","3.140396","1102","3.141652","1103","3.14354","1103","3.14018","1077","3.140864","1103","3.143824","1103","3.140692","1103","3.144752","1109","3.14232","1108","3.138732","1123","3.140744","1107","3.143356","1073","3.144512","1047","3.1391","1103","3.141948","1104","3.14326","1103","3.141628","1123","3.139368","1106","3.143052","1107","3.14064","1102","3.142948","1103","3.140776","1105","3.140592","1103","3.140364","1108","3.142148","1103","3.14088","1102","3.144788","1103","3.14046","1103","3.141604","1105","3.138696","1102","3.140332","1102","3.14152","1078","3.142212","1078","3.144064","1103","3.1415282400000013","1073","1131"
"70","3.139592","1105","3.14176","1105","3.141224","1054","3.140808","1104","3.139828","1281","3.141864","1281","3.142284","1280","3.13866","1281","3.14334","1281","3.144928","1281","3.141264","1278","3.14274","1278","3.140432","1278","3.141676","1277","3.14192","1278","3.142528","1278","3.14092","1278","3.140404","1278","3.143056","1277","3.141276","1278","3.140044","1278","3.145544","1278","3.14234","1277","3.141932","1278","3.141324","1278","3.139756","1277","3.141764","1278","3.140232","1278","3.140324","1277","3.143428","1278","3.140912","1278","3.141372","1259","3.139192","1277","3.141412","1278","3.138784","1277","3.141204","1277","3.14366","1260","3.141412","1277","3.142636","1277","3.142056","1278","3.138692","1278","3.144016","1278","3.138476","1277","3.143016","1278","3.14302","1278","3.141256","1278","3.14172","1277","3.142476","1278","3.143164","1277","3.140128","1278","3.138672","1278","3.142792","1277","3.141888","1278","3.143448","1277","3.143496","1277","3.141044","1277","3.143388","1277","3.139984","1277","3.142596","1278","3.14164","1277","3.14412","1277","3.137476","1277","3.14154","1277","3.143132","1278","3.141516","1278","3.143596","1278","3.140808","1277","3.142964","1277","3.138312","1277","3.142676","1278","3.139676","1277","3.140764","1277","3.141976","1277","3.139876","1278","3.13948","1276","3.139412","1277","3.140872","1277","3.14178","1277","3.142148","1260","3.139588","1260","3.140908","1278","3.14028","1278","3.13956","1277","3.139476","1278","3.14136","1277","3.141232","1277","3.1406","1277","3.146696","1277","3.142244","1277","3.141556","1277","3.140872","1277","3.141608","1278","3.142564","1277","3.142144","1277","3.139408","1277","3.143424","1259","3.139884","1277","3.143572","1278","3.14204","1277","3.139012","1277","3.1414489599999995","1269","1283"
"71","3.140236","415","3.139264","868","3.141804","976","3.1416","976","3.14244","868","3.13806","869","3.14026","976","3.143588","976","3.140496","951","3.142228","951","3.143092","1157","3.14222","1157","3.142212","1197","3.142264","1196","3.14196","1197","3.13948","1135","3.143092","1177","3.143564","1196","3.142268","1197","3.1428","1156","3.140972","1196","3.14106","1177","3.142808","1197","3.144588","1134","3.1422","1197","3.141448","1177","3.141012","1177","3.140944","1177","3.141264","1197","3.13906","1196","3.142452","1135","3.14294","1176","3.143168","1196","3.145068","1197","3.1397","1196","3.141256","1196","3.143564","1135","3.140352","1176","3.139456","1196","3.141256","1177","3.141924","1157","3.142712","1196","3.140508","1196","3.140676","1176","3.143968","1195","3.143072","1196","3.142004","1156","3.140728","1134","3.142032","1195","3.14014","1195","3.140512","1133","3.141212","1133","3.14128","1132","3.141304","1113","3.14018","1133","3.139992","1133","3.14176","1133","3.143472","1132","3.140112","1097","3.141772","1093","3.142848","1089","3.14126","1090","3.138672","1090","3.139088","1089","3.138444","1089","3.140992","1089","3.139368","1090","3.144504","1090","3.142248","1090","3.139512","1090","3.141228","1090","3.140948","1090","3.145932","1089","3.143284","1076","3.139824","1059","3.140756","1076","3.142584","1060","3.142344","1059","3.14238","1059","3.140196","1060","3.144168","1060","3.142428","1076","3.145068","1060","3.14434","1060","3.141016","1060","3.1429","1076","3.142028","1059","3.14418","1060","3.1405","1060","3.1408","1060","3.141104","1060","3.1406","1076","3.139776","1059","3.144112","1060","3.142572","1060","3.139316","1059","3.143064","1060","3.142344","1075","3.141392","1059","3.142588","1059","3.141675639999998","1100","1231"
"72","3.138144","615","3.141208","615","3.1385","922","3.142448","921","3.140924","1195","3.142728","1195","3.140404","1195","3.142344","1193","3.139932","1193","3.139224","1192","3.144208","1194","3.139788","1192","3.144316","1173","3.142448","1193","3.138744","1192","3.139936","1193","3.143732","1173","3.14246","1193","3.143832","1192","3.143284","1173","3.143324","1193","3.142048","1193","3.141756","1192","3.138144","1193","3.140672","1192","3.141748","1192","3.140836","1193","3.14146","1192","3.1405","1193","3.141724","1192","3.14114","1192","3.141056","1193","3.141396","1192","3.141636","1192","3.141932","1191","3.13934","1192","3.142956","1192","3.140596","1193","3.140928","1192","3.141864","1192","3.141096","1192","3.142144","1173","3.1412","1192","3.143536","1192","3.142176","1192","3.141188","1192","3.140928","1192","3.141376","1193","3.14132","1193","3.14092","1192","3.141244","1191","3.142792","1193","3.140032","1191","3.140596","1192","3.138876","1193","3.142588","1192","3.143856","1192","3.14204","1192","3.140844","1191","3.139252","1192","3.141632","1192","3.141524","1172","3.143412","1193","3.139424","1193","3.14172","1192","3.140808","1193","3.14432","1172","3.143236","1191","3.14324","1191","3.141124","1192","3.142468","1191","3.142184","1193","3.141136","1192","3.141784","1191","3.140644","1191","3.142288","1191","3.141816","1191","3.142212","1192","3.13984","1191","3.14642","1192","3.14324","1193","3.141652","1192","3.145148","1191","3.140016","1192","3.141796","1192","3.14284","1191","3.140504","1192","3.141448","1191","3.14186","1191","3.14322","1191","3.140696","1191","3.140376","1192","3.140024","1153","3.142136","1190","3.14412","1172","3.14056","1191","3.142236","1172","3.142624","1191","3.140036","1172","3.141704","1192","3.14159132","1173","1199"
"73","3.1404","393","3.139708","916","3.139516","892","3.139552","891","3.140764","891","3.140276","891","3.13818","1311","3.135312","1311","3.141872","1271","3.14358","1271","3.143128","1311","3.14468","1311","3.140128","1310","3.145944","1310","3.142476","1311","3.14338","1310","3.142556","1311","3.1424","1276","3.13996","1275","3.141712","1275","3.139356","1275","3.138444","1275","3.145456","1254","3.141088","1292","3.143496","1293","3.142496","1292","3.141432","1292","3.14134","1274","3.14268","1275","3.140432","1275","3.139852","1275","3.140592","1292","3.142592","1292","3.141572","1275","3.142516","1292","3.1428","1292","3.140736","1292","3.141152","1292","3.139676","1293","3.14278","1254","3.139384","1275","3.142544","1292","3.142872","1274","3.142928","1275","3.145652","1292","3.141284","1275","3.140376","1292","3.139428","1292","3.14166","1275","3.141984","1274","3.14292","1292","3.14104","1254","3.143784","1292","3.142736","1274","3.14206","1275","3.141812","1275","3.138592","1274","3.141808","1275","3.142316","1292","3.142352","1275","3.141604","1292","3.140908","1274","3.140268","1292","3.141868","1274","3.14132","1275","3.14174","1292","3.140504","1274","3.140332","1292","3.143608","1292","3.14104","1292","3.140772","1274","3.141024","1274","3.141688","1292","3.141832","1279","3.141876","1279","3.143476","1279","3.143892","1279","3.139196","1280","3.140112","1279","3.137308","1262","3.140948","1279","3.14296","1280","3.144004","1279","3.142776","1279","3.140272","1225","3.143208","1206","3.14372","1206","3.140328","1206","3.143748","1206","3.143432","1206","3.138144","1206","3.142484","1206","3.139896","1206","3.140444","1206","3.142272","1206","3.138828","1206","3.1408","1206","3.143336","1202","3.139076","1189","3.141748","1189","3.1415033599999997","1242","1339"
"74","3.14108","639","3.14466","639","3.144016","1267","3.142772","1267","3.14144","1267","3.142688","1289","3.141288","1309","3.141184","1309","3.140916","1289","3.141356","1309","3.140724","1289","3.1415","1267","3.14238","1246","3.141272","1309","3.142052","1144","3.139096","1097","3.143348","1309","3.14128","1267","3.140604","1289","3.139936","1289","3.143024","1289","3.14152","1267","3.142264","1145","3.142336","1289","3.140732","1219","3.14136","1267","3.145008","1308","3.141512","1308","3.138596","1289","3.144648","1287","3.140948","1288","3.140992","1309","3.142504","1308","3.140392","1309","3.141292","1267","3.14386","1289","3.140876","1289","3.143584","1274","3.141932","1274","3.140812","1273","3.14336","1274","3.141548","1273","3.14234","1255","3.1425","1255","3.141588","1273","3.140928","1254","3.143108","1254","3.142416","1274","3.141092","1272","3.14096","1273","3.142124","1254","3.140912","1255","3.141112","1274","3.1375","1254","3.140376","1273","3.139832","1272","3.139268","1273","3.144052","1255","3.143088","1274","3.142552","1274","3.1394","1256","3.138692","1257","3.144124","1256","3.140292","1256","3.13878","1256","3.142484","1256","3.140344","1257","3.141408","1256","3.140116","1256","3.138772","1256","3.141976","1256","3.142448","1257","3.141324","1256","3.141696","1257","3.141476","1256","3.138668","1256","3.13848","1257","3.142356","1256","3.145276","1256","3.139808","1256","3.142328","1253","3.139064","1245","3.143212","1244","3.140612","1245","3.1412","1245","3.140944","1245","3.144696","1245","3.140468","1244","3.14254","1245","3.139732","1244","3.140204","1245","3.138528","1244","3.142268","1244","3.143032","1244","3.142848","1245","3.141052","1245","3.143168","1224","3.143208","1224","3.14354","1224","3.139596","1224","3.1415259999999994","1248","1330"
"75","3.141604","1038","3.141616","1090","3.144272","1199","3.139752","1068","3.140028","1145","3.143596","1298","3.139604","1199","3.14482","1321","3.141028","1321","3.1413","1090","3.143336","1199","3.1417","1037","3.1406","1275","3.140344","1038","3.141948","1223","3.138352","1066","3.14194","1246","3.143824","1174","3.143632","1038","3.138668","1066","3.140392","1174","3.145224","1174","3.140892","1037","3.143484","1090","3.141432","1090","3.139656","1067","3.138736","1174","3.14094","1285","3.142304","1285","3.144104","1285","3.139488","1284","3.140316","1283","3.142212","1285","3.14148","1210","3.146084","1284","3.139312","1262","3.141512","1304","3.140396","1279","3.13986","1259","3.140432","1279","3.141684","1260","3.13988","1279","3.140316","1259","3.142684","1238","3.141392","1279","3.142608","1279","3.141252","1279","3.1412","1259","3.140076","1279","3.143108","1279","3.141208","1279","3.143264","1212","3.139336","1279","3.142916","1244","3.143008","1243","3.14034","1243","3.144924","1224","3.140196","1244","3.13952","1224","3.136984","1243","3.143396","1244","3.143272","1243","3.14408","1244","3.141216","1244","3.14044","1243","3.140384","1244","3.142904","1224","3.14506","1243","3.143152","1244","3.141732","1244","3.141248","1224","3.137444","1243","3.142772","1243","3.142104","1244","3.140996","1243","3.142104","1243","3.142864","1244","3.14148","1243","3.13828","1243","3.142572","1224","3.142168","1243","3.140896","1224","3.141524","1224","3.142664","1244","3.140856","1243","3.141548","1223","3.143432","1244","3.141244","1223","3.142396","1243","3.144436","1243","3.142576","1244","3.141924","1244","3.141008","1243","3.139068","1243","3.141556","1243","3.142852","1243","3.140268","1224","3.141424","1243","3.14038","1243","3.144712","1243","3.14160548","1222","1342"
"76","3.1414","1046","3.1411","1045","3.144724","1019","3.139524","1045","3.140728","1193","3.141192","1302","3.14","1268","3.140496","1301","3.14276","1302","3.14154","1279","3.140144","1318","3.144016","1296","3.14242","1296","3.14124","1295","3.140468","1295","3.14234","1315","3.143628","1295","3.14278","1336","3.144796","1336","3.142496","1336","3.140448","1315","3.138844","1336","3.144272","1336","3.141968","1336","3.14026","1315","3.141768","1315","3.143428","1336","3.140288","1336","3.140836","1314","3.143268","1336","3.14208","1336","3.141256","1336","3.140372","1336","3.13954","1336","3.139928","1336","3.139824","1336","3.140752","1336","3.139244","1315","3.137052","1336","3.139744","1336","3.1401","1336","3.143536","1336","3.140732","1315","3.141608","1336","3.14194","1336","3.142284","1336","3.141588","1336","3.140648","1336","3.14122","1315","3.141716","1336","3.141748","1336","3.1436","1336","3.143164","1336","3.145188","1336","3.141804","1336","3.142904","1336","3.14326","1335","3.142084","1335","3.146216","1335","3.140392","1335","3.13976","1335","3.14306","1314","3.143316","1335","3.142804","1313","3.141128","1335","3.1392","1335","3.142804","1335","3.138272","1335","3.139704","1334","3.14288","1314","3.14244","1335","3.141168","1314","3.144192","1334","3.146088","1334","3.142284","1335","3.14092","1313","3.143336","1334","3.139996","1335","3.137724","1334","3.142652","1334","3.14012","1334","3.145056","1334","3.142876","1334","3.144324","1313","3.141304","1314","3.139688","1334","3.138996","1334","3.140264","1334","3.141888","1314","3.141928","1334","3.13946","1334","3.146108","1313","3.141128","1314","3.141764","1334","3.138292","1313","3.142596","1334","3.139828","1334","3.14304","1334","3.139464","1334","3.141816","1334","3.1416236399999997","1313","1349"
"77","3.139072","1248","3.141428","1265","3.141136","1284","3.141984","1285","3.141412","1265","3.140884","1284","3.142976","1265","3.138488","1265","3.14044","1284","3.141148","1284","3.139292","1265","3.142576","1284","3.14136","1284","3.143344","1226","3.143112","1265","3.141532","1284","3.141712","1265","3.141944","1284","3.141564","1284","3.145168","1265","3.14118","1284","3.139728","1264","3.140984","1265","3.141044","1284","3.142952","1265","3.142672","1284","3.141264","1265","3.14216","1284","3.141536","1284","3.143912","1264","3.144668","1284","3.139612","1284","3.140048","1265","3.14334","1284","3.1441","1264","3.141372","1265","3.14084","1284","3.141456","1265","3.1414","1265","3.142024","1284","3.142208","1284","3.138556","1269","3.142376","1237","3.140908","1236","3.140888","1237","3.141184","1236","3.140356","1236","3.141024","1217","3.138876","1237","3.143288","1236","3.142624","1236","3.142364","1236","3.140324","1236","3.143852","1237","3.140088","1236","3.143256","1236","3.13998","1236","3.14306","1236","3.143828","1236","3.139788","1236","3.138664","1236","3.138848","1236","3.139368","1236","3.140816","1236","3.140768","1236","3.141048","1236","3.143532","1236","3.143316","1236","3.140676","1236","3.140204","1236","3.139276","1236","3.139316","1236","3.139264","1236","3.139864","1236","3.142868","1236","3.139572","1236","3.14118","1236","3.142236","1236","3.139848","1236","3.142156","1236","3.143964","1236","3.140872","1236","3.13896","1236","3.143296","1236","3.143392","1236","3.140484","1236","3.143444","1199","3.142104","1236","3.141544","1236","3.143208","1236","3.141036","1236","3.141376","1236","3.139164","1236","3.138604","1236","3.142212","1236","3.141092","1236","3.141024","1236","3.141832","1236","3.139196","1236","3.142884","1236","3.141382000000001","1251","1286"
"78","3.14072","152","3.139328","650","3.144556","710","3.139272","710","3.143296","709","3.142356","1124","3.13964","1152","3.143748","1152","3.141492","1152","3.142372","1125","3.146032","1151","3.142984","1152","3.142316","1156","3.13912","1152","3.140168","1157","3.140248","1152","3.143948","1152","3.140988","1152","3.140732","1152","3.138844","1151","3.142656","1152","3.144348","1126","3.1409","1156","3.142264","1125","3.14212","1156","3.141584","1157","3.143348","1156","3.141612","1152","3.142228","1151","3.141972","1152","3.142072","1124","3.141616","1125","3.141568","1152","3.141016","1125","3.140228","1126","3.140552","1151","3.143032","1152","3.141132","1156","3.140736","1152","3.141184","1152","3.142828","1156","3.143368","1156","3.140752","1151","3.139884","1125","3.140524","1152","3.137736","1156","3.142984","1152","3.140484","1151","3.14112","1156","3.140556","1124","3.140924","1125","3.143428","1126","3.141548","1151","3.142208","1151","3.142748","1124","3.142916","1152","3.139784","1156","3.141736","1152","3.139916","1155","3.141656","1156","3.142832","1152","3.142512","1156","3.143364","1124","3.145916","1152","3.141956","1156","3.143192","1151","3.14126","1155","3.137624","1124","3.141356","1151","3.140552","1124","3.143112","1124","3.1393","1151","3.140092","1155","3.140856","1155","3.142904","1156","3.140912","1156","3.141016","1155","3.143208","1156","3.140428","1151","3.139872","1151","3.140544","1151","3.141168","1156","3.13854","1125","3.140992","1156","3.138764","1125","3.141284","1151","3.141088","1151","3.142792","1124","3.143128","1156","3.140856","1150","3.143992","1124","3.144976","1151","3.139732","1151","3.138524","1151","3.138152","1155","3.143968","1151","3.140352","1151","3.140836","1095","3.141012","1096","3.13964","1095","3.141480319999998","1117","1162"
"79","3.14436","32","3.142356","1047","3.14048","905","3.141396","904","3.14306","1219","3.142124","904","3.142016","1219","3.144412","1154","3.140488","905","3.143952","793","3.14316","1154","3.1378","905","3.140236","1179","3.143252","1197","3.139296","1179","3.140544","1179","3.145384","1197","3.139548","1179","3.141068","1136","3.140004","1197","3.14224","1197","3.140704","1179","3.142024","1197","3.142048","1136","3.141612","1179","3.142232","1113","3.140336","1179","3.14136","1178","3.143384","1197","3.140912","1197","3.140636","1197","3.139672","1179","3.140548","1179","3.143816","1179","3.142536","1179","3.141092","1197","3.139852","1179","3.142208","1179","3.142488","1197","3.14254","1197","3.142212","1160","3.140708","1178","3.140764","1178","3.141008","1192","3.141616","1174","3.139532","1174","3.142412","1174","3.143268","1174","3.143076","1174","3.14078","1192","3.137996","1174","3.141884","1174","3.139844","1175","3.141124","1174","3.1416","1192","3.141608","1174","3.143436","1192","3.143196","1192","3.142176","1174","3.145824","1174","3.140304","1174","3.142212","1174","3.140384","1192","3.139776","1174","3.140548","1174","3.142092","1192","3.144488","1192","3.142552","1174","3.142136","1192","3.141344","1177","3.139336","1177","3.142224","1176","3.144272","1176","3.1425","1176","3.139308","1176","3.140592","1176","3.14038","1177","3.141","1156","3.140992","1069","3.140248","1069","3.13862","1069","3.143252","1069","3.14266","1069","3.139808","1069","3.141368","1069","3.142856","1068","3.145396","1069","3.14178","1068","3.142324","1069","3.140196","1069","3.143568","1051","3.140312","1069","3.137684","1051","3.14416","1069","3.144868","1069","3.1423","1068","3.140644","1069","3.143536","1069","3.142532","1069","3.143072","1069","3.1416886399999995","1124","1239"
"80","3.141632","278","3.140596","1327","3.138148","1307","3.14258","1366","3.141296","1347","3.141668","1366","3.14152","1366","3.143852","1366","3.143416","1366","3.140596","1287","3.142336","1347","3.140468","1347","3.13852","1306","3.141672","1347","3.142092","1326","3.143692","1366","3.139796","1347","3.142484","1346","3.14134","1346","3.139264","1365","3.14042","1347","3.14222","1326","3.141364","1365","3.140652","1325","3.142364","1325","3.139852","1346","3.141904","1347","3.141476","1349","3.141388","1349","3.140924","1349","3.1415","1349","3.143912","1349","3.139888","1350","3.14132","1349","3.143392","1350","3.143536","1350","3.141288","1330","3.142352","1350","3.141936","1349","3.142924","1349","3.140672","1348","3.140852","1349","3.138416","1330","3.14196","1330","3.141412","1349","3.139168","1349","3.140836","1349","3.14082","1330","3.140932","1349","3.139884","1330","3.141644","1349","3.141736","1349","3.144292","1313","3.139744","1313","3.13932","1294","3.141004","1312","3.141168","1299","3.14088","1299","3.139248","1298","3.143072","1298","3.140936","1299","3.142284","1299","3.14146","1298","3.141384","1298","3.139724","1298","3.13842","1299","3.142644","1298","3.141548","1298","3.141264","1299","3.140392","1298","3.141828","1298","3.142088","1298","3.140692","1298","3.1393","1299","3.139548","1298","3.141576","1299","3.143308","1298","3.142004","1299","3.14204","1299","3.13984","1299","3.14096","1298","3.138872","1298","3.13974","1298","3.142476","1298","3.140488","1299","3.141624","1299","3.144004","1298","3.1406","1298","3.13992","1298","3.14076","1298","3.1417","1298","3.1419","1297","3.141848","1298","3.138292","1298","3.141656","1298","3.14004","1298","3.1379","1298","3.140088","1298","3.142784","1298","3.140588","1298","3.1411715999999994","1311","1368"
"81","3.141788","307","3.141336","1243","3.140748","1120","3.143328","1243","3.139716","1299","3.140636","1300","3.14014","1243","3.143864","1277","3.144276","1276","3.142172","1299","3.1446","1243","3.14278","1299","3.143152","1300","3.139268","1244","3.139","1242","3.142584","1300","3.141556","1244","3.136272","1299","3.142912","1120","3.143148","1244","3.14302","1244","3.14176","1319","3.1412","1272","3.141956","1273","3.139784","1292","3.14136","1273","3.138824","1292","3.139132","1292","3.144164","1292","3.140576","1292","3.141244","1273","3.14014","1293","3.137288","1290","3.141068","1290","3.141956","1290","3.142196","1289","3.142352","1289","3.141204","1269","3.14166","1290","3.142752","1290","3.140484","1290","3.143052","1290","3.143236","1290","3.14438","1290","3.142324","1289","3.13966","1290","3.138856","1289","3.14502","1290","3.141036","1290","3.14206","1289","3.13984","1289","3.140956","1289","3.1409","1270","3.140812","1290","3.141296","1289","3.141112","1270","3.140836","1290","3.143652","1289","3.142972","1289","3.141504","1290","3.143124","1290","3.139092","1289","3.140644","1290","3.143196","1289","3.144308","1289","3.140372","1289","3.142124","1289","3.142824","1289","3.14296","1289","3.142456","1289","3.144628","1290","3.141168","1289","3.1403","1289","3.14126","1289","3.140552","1289","3.139356","1290","3.141432","1289","3.143832","1289","3.143616","1289","3.142404","1290","3.14208","1289","3.139764","1289","3.142452","1289","3.142336","1290","3.142248","1289","3.141844","1289","3.144252","1289","3.139376","1289","3.139916","1290","3.140168","1270","3.141248","1289","3.139144","1290","3.143644","1289","3.138804","1289","3.14146","1289","3.141208","1269","3.141192","1270","3.140492","1269","3.140904","1269","3.142212","1269","3.1415529199999996","1270","1321"
"82","3.141736","1035","3.140916","1054","3.142472","1072","3.14064","1072","3.142168","1072","3.143624","1072","3.141148","1072","3.140316","1072","3.143136","1035","3.143032","1072","3.140756","1071","3.144516","1072","3.14176","1071","3.140632","1072","3.141388","1071","3.142052","1072","3.138452","1072","3.139352","1072","3.140288","1053","3.141584","1071","3.13924","1072","3.142588","1072","3.14146","1071","3.14164","1035","3.141028","1072","3.140336","1071","3.14008","1072","3.141888","1071","3.140468","1072","3.140928","1072","3.141028","1032","3.141316","1071","3.140404","1072","3.140032","1072","3.141744","1072","3.143156","1071","3.138916","1071","3.14248","1072","3.142604","1071","3.145388","1071","3.141548","1071","3.144376","1071","3.141476","1033","3.13964","1072","3.13788","1071","3.140492","1071","3.139824","1071","3.14724","1071","3.142264","1072","3.1424","1072","3.140044","1072","3.139024","1071","3.142032","1071","3.141116","1071","3.142124","1071","3.142496","1071","3.143312","1071","3.142296","1071","3.142264","1071","3.13798","1071","3.140672","1071","3.139288","1034","3.144936","1071","3.140596","1071","3.14074","1071","3.142556","1072","3.141852","1072","3.141448","1071","3.141716","1071","3.142732","1053","3.141644","1071","3.142208","1071","3.142416","1071","3.14084","1071","3.14314","1071","3.143016","1071","3.145704","1071","3.140764","1071","3.140728","1071","3.143788","1070","3.13932","1071","3.140808","1071","3.141332","1067","3.142656","1067","3.142148","1067","3.141664","1067","3.141276","1067","3.142428","1067","3.144456","1061","3.141544","1060","3.139748","1060","3.141592","1060","3.14294","1060","3.139684","1059","3.140596","1060","3.140996","1060","3.141784","1060","3.142156","1060","3.141484","1060","3.144236","1061","3.141601519999999","1066","1072"
"83","3.141024","191","3.140148","1111","3.139888","1111","3.1435","1111","3.142028","1060","3.140264","1060","3.140876","1082","3.138336","1081","3.140472","1081","3.142508","1081","3.14018","1081","3.142088","1081","3.140752","1081","3.139436","1081","3.139924","1081","3.141952","1072","3.141792","1072","3.142016","1071","3.14118","1071","3.140788","1071","3.138748","1119","3.14036","1066","3.140788","1061","3.14204","1067","3.143632","1042","3.14048","1088","3.142776","1167","3.141768","1167","3.138716","1167","3.141192","1167","3.14122","1166","3.142068","1167","3.14238","1167","3.139124","1167","3.140896","1167","3.142644","1167","3.143764","1166","3.143612","1167","3.142008","1167","3.142888","1166","3.142444","1167","3.14048","1167","3.14266","1166","3.141716","1166","3.142456","1167","3.14098","1167","3.139072","1167","3.140948","1149","3.141652","1167","3.14276","1149","3.141828","1149","3.143356","1167","3.138508","1167","3.141496","1166","3.143948","1149","3.141412","1167","3.140468","1167","3.144028","1167","3.143524","1167","3.140084","1167","3.141404","1166","3.141656","1166","3.141264","1167","3.139616","1166","3.139284","1167","3.141428","1149","3.140704","1167","3.140728","1166","3.139988","1166","3.145848","1148","3.1416","1166","3.144228","1167","3.139732","1166","3.142536","1166","3.138252","1166","3.142832","1166","3.141656","1167","3.141744","1149","3.142584","1149","3.141912","1167","3.141028","1167","3.14428","1166","3.14252","1149","3.140692","1148","3.144076","1167","3.138544","1166","3.141672","1166","3.141976","1166","3.143224","1167","3.140456","1166","3.14312","1166","3.143256","1166","3.140696","1167","3.13974","1166","3.139364","1167","3.141856","1166","3.140128","1166","3.142564","1166","3.141608","1166","3.140444","1166","3.14144316","1133","1214"
"84","3.142968","366","3.142524","1257","3.140624","1257","3.144648","1257","3.143576","1256","3.139732","1256","3.139848","1234","3.141124","1256","3.141364","1256","3.1383","1257","3.142692","1217","3.140664","1256","3.143764","1256","3.143492","1234","3.14074","1234","3.140384","1256","3.144868","1257","3.1401","1257","3.140092","1256","3.140308","1257","3.141784","1256","3.141632","1234","3.13984","1234","3.146948","1255","3.140724","1257","3.14024","1256","3.138368","1257","3.14416","1257","3.142772","1257","3.141032","1189","3.142044","1256","3.141056","1234","3.139344","1256","3.140712","1256","3.13876","1234","3.141972","1234","3.141904","1234","3.13764","1255","3.14276","1256","3.142524","1257","3.142048","1256","3.142416","1257","3.143524","1256","3.141392","1257","3.14194","1256","3.142296","1256","3.142164","1257","3.141544","1255","3.137728","1256","3.141732","1256","3.142436","1255","3.140932","1256","3.140608","1257","3.139868","1256","3.14122","1255","3.141772","1256","3.140664","1256","3.141408","1256","3.14232","1256","3.142448","1255","3.143332","1256","3.141144","1255","3.142048","1256","3.140128","1234","3.142676","1256","3.142972","1255","3.144196","1255","3.142884","1256","3.141684","1256","3.143168","1256","3.14008","1256","3.13878","1256","3.142216","1256","3.143788","1255","3.140204","1256","3.143364","1255","3.144236","1255","3.139228","1256","3.141444","1256","3.139708","1256","3.142932","1233","3.13994","1255","3.142884","1233","3.14334","1234","3.138144","1256","3.139588","1241","3.142072","1234","3.143896","1234","3.142068","1203","3.141028","1203","3.141272","1202","3.139896","1203","3.139628","1203","3.140532","1137","3.139852","1137","3.142356","1137","3.138156","1137","3.140908","1137","3.14146","1137","3.140872","1137","3.1414659200000012","1231","1258"
"85","3.140684","90","3.141812","161","3.14052","161","3.139","161","3.142692","799","3.142844","799","3.141116","799","3.142444","176","3.14064","1251","3.140212","1252","3.14156","1251","3.141292","1251","3.140664","1251","3.142784","1251","3.137816","1251","3.141948","1251","3.139536","1252","3.142128","1252","3.145392","1251","3.143036","1252","3.14162","1251","3.145128","1251","3.140084","1230","3.14298","1251","3.141448","1251","3.14052","1251","3.14142","1251","3.142976","1230","3.141004","1251","3.140252","1251","3.1409","1251","3.140588","1251","3.140328","1251","3.141568","1230","3.140596","1251","3.14088","1251","3.144076","1251","3.141936","1251","3.140308","1251","3.144236","1251","3.14226","1251","3.142316","1252","3.14028","1251","3.143888","1251","3.142324","1251","3.1406","1251","3.144244","1252","3.143052","1251","3.141268","1251","3.1416","1251","3.142424","1251","3.140396","1251","3.14288","1251","3.143236","1251","3.142464","1250","3.142712","1251","3.140276","1251","3.139184","1251","3.143656","1251","3.142536","1251","3.142384","1251","3.142392","1251","3.139664","1251","3.144952","1251","3.14058","1251","3.144196","1251","3.140464","1251","3.139544","1251","3.14254","1251","3.142884","1251","3.14072","1251","3.14162","1251","3.142552","1250","3.1433","1250","3.138632","1251","3.14388","1250","3.14544","1251","3.140784","1229","3.138652","1251","3.143732","1250","3.142384","1251","3.139792","1251","3.138","1251","3.140936","1251","3.143172","1230","3.141532","1250","3.141504","1251","3.141228","1250","3.141292","1251","3.141404","1251","3.143008","1170","3.140872","1076","3.141448","1076","3.13964","1076","3.142232","1076","3.141","1076","3.142144","1076","3.143752","1076","3.141388","1076","3.14406","1076","3.1417226400000002","1164","1262"
"86","3.143844","358","3.138996","1030","3.141408","1098","3.140348","1030","3.142296","1098","3.1382","1055","3.143324","1098","3.142984","1078","3.143084","1054","3.14232","1078","3.14432","1078","3.143168","1050","3.1429","1144","3.140596","1144","3.138888","1143","3.141016","1144","3.141472","1144","3.13946","1144","3.145608","1127","3.141512","1143","3.1418","1144","3.142172","1143","3.141552","1144","3.141332","1144","3.140108","1144","3.140468","1144","3.14192","1144","3.143244","1144","3.142208","1144","3.140512","1144","3.142332","1144","3.141064","1143","3.139588","1143","3.143912","1143","3.140476","1144","3.14066","1143","3.144344","1144","3.145576","1143","3.138388","1144","3.14134","1143","3.141248","1144","3.141096","1127","3.142992","1144","3.141572","1144","3.140864","1143","3.139952","1144","3.142108","1143","3.143092","1143","3.1426","1143","3.140816","1143","3.140088","1144","3.142484","1144","3.143308","1143","3.144108","1144","3.141776","1143","3.142924","1143","3.140768","1143","3.14118","1144","3.142296","1143","3.140192","1143","3.14214","1143","3.140996","1143","3.143532","1144","3.141996","1143","3.140192","1144","3.14076","1127","3.140368","1144","3.139944","1143","3.144324","1144","3.140956","1144","3.140088","1143","3.139948","1143","3.137976","1143","3.139564","1143","3.14326","1144","3.142044","1143","3.144252","1143","3.140604","1143","3.141028","1143","3.140976","1143","3.141564","1143","3.137564","1143","3.138784","1143","3.141132","1143","3.142372","1143","3.14542","1126","3.141372","1143","3.142976","1143","3.141636","1143","3.143456","1143","3.143064","1126","3.141464","1143","3.14216","1142","3.142732","1143","3.14314","1142","3.140008","1126","3.142412","1143","3.142304","1142","3.139904","1143","3.140832","1143","3.14163448","1126","1153"
"87","3.139296","1139","3.138524","1210","3.14406","1209","3.138136","1210","3.141412","1210","3.144612","1210","3.143632","1225","3.143164","1225","3.139412","1225","3.146284","1210","3.141024","1225","3.139944","1225","3.138184","1209","3.14596","1209","3.141896","1210","3.138832","1225","3.14162","1190","3.144648","1209","3.140744","1190","3.14074","1225","3.143948","1209","3.142644","1210","3.141912","1225","3.139692","1209","3.14154","1225","3.142492","1209","3.1413","1190","3.140808","1209","3.143028","1225","3.141664","1210","3.141576","1225","3.143668","1225","3.142164","1209","3.141632","1210","3.143248","1225","3.142364","1210","3.141848","1209","3.143132","1209","3.140224","1209","3.14268","1209","3.141676","1209","3.142508","1209","3.139516","1217","3.140844","1172","3.14278","1171","3.140748","1172","3.138684","1172","3.14418","1156","3.140992","1172","3.140416","1172","3.141272","1172","3.141112","1151","3.143604","1167","3.145608","1167","3.142448","1151","3.142452","1151","3.142228","1167","3.139328","1165","3.138592","1165","3.143584","1164","3.141892","1164","3.142252","1164","3.14298","1165","3.139384","1165","3.140412","1165","3.143848","1165","3.142424","1164","3.143088","1164","3.141008","1165","3.13986","1163","3.143488","1165","3.140296","1164","3.142408","1165","3.1424","1164","3.142268","1164","3.141656","1165","3.138364","1164","3.13892","1164","3.141776","1165","3.139692","1164","3.14028","1164","3.14014","1164","3.139648","1164","3.142264","1163","3.142716","1165","3.138824","1164","3.143236","1164","3.140916","1164","3.14192","1164","3.142948","1164","3.142464","1163","3.143632","1164","3.140808","1164","3.139316","1164","3.143088","1164","3.145624","1164","3.14316","1164","3.142456","1164","3.141248","1164","3.141164","1164","3.141705280000001","1184","1227"
"88","3.142384","1037","3.140004","957","3.139744","1038","3.140008","1020","3.144048","1057","3.140668","1058","3.144956","1038","3.141508","1038","3.140704","1038","3.142536","1038","3.139944","1038","3.141528","1038","3.142612","983","3.140228","1038","3.145048","1038","3.138036","1037","3.142124","982","3.142192","1038","3.140592","1038","3.138236","1037","3.143632","1038","3.142288","1038","3.146388","1057","3.140356","1038","3.138976","1038","3.143532","955","3.141888","1057","3.139752","1038","3.141032","1038","3.142276","1038","3.140424","1020","3.142324","1037","3.142664","1037","3.141204","1037","3.141744","1037","3.141364","1057","3.140252","955","3.141724","1020","3.143096","1038","3.144172","1057","3.141132","1038","3.140468","1057","3.141864","1037","3.142736","1057","3.141904","1020","3.142616","1037","3.141472","1037","3.144176","1057","3.139184","1037","3.140808","1037","3.141196","1037","3.141572","1037","3.141828","1038","3.143808","1019","3.141012","1038","3.144884","1037","3.1417","1038","3.142128","981","3.142392","1037","3.14264","981","3.142608","1037","3.138984","1019","3.139544","1020","3.139204","1037","3.143276","1020","3.141232","1037","3.140968","1038","3.140884","1019","3.143268","980","3.141916","1037","3.140564","983","3.141084","1019","3.142844","1038","3.146268","983","3.142484","1038","3.14172","1019","3.14194","1037","3.140688","708","3.140856","708","3.143912","708","3.137932","708","3.13946","688","3.139848","707","3.140384","708","3.14332","708","3.144088","708","3.141504","707","3.143768","708","3.143648","707","3.143024","708","3.141432","708","3.144028","708","3.141248","708","3.141248","708","3.14026","708","3.144616","708","3.14014","707","3.14226","707","3.142692","707","3.142832","707","3.1417768400000003","954","1058"
"89","3.138928","482","3.141972","952","3.140548","928","3.142932","952","3.13962","927","3.142576","927","3.1447","806","3.140704","952","3.14134","900","3.141984","928","3.14422","927","3.139652","1167","3.140348","1224","3.142028","1204","3.140908","1223","3.13874","1203","3.142568","1203","3.138596","1141","3.14406","1164","3.143084","1203","3.143012","1203","3.143388","1203","3.138248","1182","3.141232","1203","3.140528","1203","3.140132","1203","3.14258","1223","3.139376","1212","3.14092","1211","3.140224","1212","3.143172","1212","3.139524","1192","3.14312","1212","3.141548","1212","3.138256","1212","3.142408","1212","3.142348","1211","3.1432","1212","3.142896","1212","3.140916","1212","3.140152","1212","3.14322","1212","3.143852","1212","3.140468","1211","3.140672","1211","3.139876","1211","3.1435","1212","3.143532","1212","3.14192","1211","3.140956","1212","3.142804","1211","3.142076","1211","3.143032","1192","3.142524","1211","3.1395","1211","3.140868","1212","3.141584","1212","3.141624","1211","3.13984","1212","3.14018","1212","3.143168","1212","3.141908","1211","3.1404","1211","3.143984","1211","3.140516","1211","3.142168","1192","3.13922","1212","3.14164","1211","3.138096","1211","3.14116","1211","3.142868","1211","3.143728","1211","3.141964","1211","3.142044","1211","3.141864","1211","3.142464","1211","3.142344","1211","3.141","1211","3.140964","1212","3.140568","1211","3.144068","1173","3.144792","1156","3.13936","1156","3.14408","1150","3.142216","1150","3.145344","1150","3.141256","1150","3.139332","1150","3.139656","1150","3.14252","1150","3.14094","1150","3.143424","1150","3.141304","1150","3.140484","1150","3.141896","1150","3.140772","1149","3.14226","1150","3.14002","1150","3.140452","1150","3.13944","1150","3.1415439999999997","1160","1240"
"90","3.14432","1250","3.141504","1379","3.141448","1379","3.140536","1297","3.141064","1341","3.143156","1320","3.140432","1417","3.144784","1320","3.1426","1320","3.14458","1417","3.139524","1417","3.140684","1417","3.142472","1319","3.143812","1357","3.140824","1376","3.14292","1276","3.14206","1357","3.141372","1298","3.14084","1363","3.14032","1399","3.14188","1362","3.142056","1399","3.139664","1399","3.140164","1381","3.14488","1306","3.141792","1306","3.141268","1399","3.140788","1382","3.143284","1393","3.139972","1372","3.141088","1389","3.140296","1389","3.141796","1390","3.139808","1372","3.14266","1389","3.142332","1389","3.140472","1389","3.139476","1390","3.14308","1389","3.1379","1389","3.142164","1390","3.140772","1388","3.141336","1389","3.138256","1388","3.142612","1389","3.144324","1389","3.142564","1389","3.140608","1389","3.141988","1389","3.142504","1389","3.140796","1388","3.142616","1389","3.143188","1388","3.139384","1388","3.14032","1389","3.141324","1389","3.142288","1389","3.140596","1389","3.139812","1389","3.141396","1389","3.141512","1388","3.141464","1388","3.143996","1371","3.141964","1371","3.142104","1388","3.140476","1388","3.13756","1387","3.140712","1388","3.142208","1388","3.14058","1388","3.143204","1388","3.142704","1388","3.14052","1388","3.14034","1373","3.141716","1373","3.141784","1372","3.142048","1373","3.143088","1373","3.142776","1355","3.140204","1372","3.1421","1373","3.140332","1372","3.143132","1373","3.142764","1372","3.141984","1373","3.14326","1373","3.140132","1373","3.14264","1373","3.142836","1373","3.141348","1373","3.1416","1369","3.143592","1370","3.14622","1369","3.143272","1369","3.141112","1369","3.140884","1370","3.140496","1369","3.1425","1370","3.143152","1369","3.139192","1370","3.1416626400000003","1373","1437"
"91","3.142908","866","3.142328","1232","3.1417","1168","3.143096","1168","3.14392","1209","3.143184","1207","3.140676","1187","3.14012","1207","3.142704","1160","3.145296","1201","3.142068","1084","3.144232","1180","3.140732","1198","3.144308","1199","3.140932","1139","3.142156","1199","3.139008","1198","3.143912","1198","3.142948","1198","3.144004","1217","3.14344","1217","3.14128","1235","3.14154","1217","3.143712","1235","3.138672","1235","3.13856","1235","3.140308","1217","3.141088","1235","3.142488","1236","3.142564","1216","3.141384","1217","3.142812","1235","3.141744","1216","3.142788","1216","3.141388","1235","3.143036","1235","3.140696","1217","3.142728","1235","3.14258","1235","3.142088","1194","3.141744","1235","3.141528","1235","3.140656","1235","3.140264","1235","3.13852","1217","3.142448","1217","3.139012","1216","3.143464","1216","3.140012","1235","3.14378","1215","3.140208","1216","3.145088","1235","3.14396","1235","3.141268","1235","3.141988","1216","3.143512","1235","3.140836","1193","3.142184","1194","3.143116","1216","3.143164","1216","3.146016","1235","3.141412","1235","3.141148","1216","3.138364","1235","3.139784","1235","3.14252","1235","3.142144","1235","3.141344","1235","3.138384","1213","3.141752","1232","3.140088","1232","3.141364","1213","3.138448","1212","3.141776","1213","3.14186","1232","3.143564","1232","3.143168","1213","3.143028","1232","3.142816","1213","3.140288","1213","3.140696","1232","3.143208","1211","3.141004","1231","3.141628","1211","3.139304","1230","3.141704","1230","3.141548","1230","3.144016","1208","3.142784","1227","3.143164","1227","3.141984","1208","3.142576","1208","3.140136","1208","3.14158","1227","3.139964","1207","3.142136","1208","3.142396","1207","3.143224","1208","3.143324","1227","3.144704","1207","3.14192228","1212","1252"
"92","3.142028","908","3.14416","1140","3.139828","1140","3.138828","1159","3.144288","1140","3.142916","1160","3.14","1140","3.142064","1160","3.141792","1140","3.140288","1140","3.139776","1160","3.141456","1159","3.142208","1140","3.139248","1141","3.14312","1139","3.144728","1159","3.142228","1140","3.14182","1122","3.14118","1139","3.139248","1159","3.137892","1159","3.143648","1159","3.142128","1159","3.14172","1139","3.1422","1140","3.139412","1159","3.144452","1139","3.142052","1139","3.141292","1159","3.140776","1160","3.140072","1159","3.140852","1121","3.142404","1159","3.139616","1140","3.139344","1158","3.142836","1140","3.141172","1139","3.1436","1157","3.141308","1157","3.140044","1137","3.144324","1156","3.141588","1137","3.139304","1156","3.143664","1131","3.1439","1130","3.139808","1150","3.141752","1131","3.14342","1149","3.1431","1149","3.141516","1150","3.142284","1130","3.140196","1130","3.137016","1150","3.14176","1150","3.1411","1149","3.142604","1150","3.139844","1130","3.143452","1130","3.143856","1130","3.14028","1149","3.142148","1150","3.14024","1150","3.141068","1130","3.14436","1149","3.142052","1149","3.141776","1150","3.140732","1130","3.141416","1130","3.143352","1150","3.139156","1149","3.139816","1150","3.141768","1129","3.142772","1130","3.145084","1149","3.14154","1130","3.14218","1130","3.141808","1130","3.140504","1149","3.141536","1130","3.142184","1130","3.137372","1130","3.138208","1129","3.139596","1130","3.144764","1150","3.142024","1129","3.14018","1130","3.139148","1130","3.141852","1130","3.14216","1112","3.145064","1149","3.141124","1130","3.142108","1149","3.142536","1148","3.142872","1130","3.140308","1149","3.1394","1130","3.141916","1149","3.141996","1149","3.140276","1130","3.139588","1130","3.1415077599999996","1140","1161"
"93","3.139684","910","3.140988","863","3.141768","910","3.141176","863","3.14214","910","3.14666","910","3.142408","910","3.143008","909","3.143368","909","3.141928","863","3.139736","838","3.140548","909","3.142708","909","3.143036","910","3.142532","838","3.142556","910","3.142116","909","3.1413","995","3.141824","909","3.14172","909","3.142652","909","3.142332","838","3.142452","1076","3.14232","1077","3.14068","886","3.141268","886","3.144568","1075","3.140176","1076","3.14022","1076","3.14098","861","3.143276","1090","3.14264","1106","3.140212","1090","3.145388","1091","3.140188","1090","3.140956","1089","3.141608","1091","3.140816","1090","3.140868","1106","3.139884","1090","3.143456","1090","3.142896","1090","3.140556","1106","3.143248","1090","3.142504","1090","3.140436","1090","3.143528","1090","3.140144","1090","3.14464","1090","3.141732","1089","3.141064","1090","3.140832","1106","3.139832","1106","3.139836","1090","3.14122","1090","3.141948","1089","3.141304","1089","3.1424","1089","3.141848","1090","3.140664","1090","3.141036","1090","3.140464","1090","3.142348","1089","3.14112","1090","3.14272","1090","3.141832","1106","3.141684","1106","3.141896","1090","3.142896","1089","3.142212","1090","3.1408","1089","3.142648","1106","3.143276","1090","3.142388","1089","3.1441","1070","3.14146","1088","3.143832","1105","3.140824","1090","3.138052","1089","3.139772","1089","3.14312","1090","3.140244","1088","3.140828","1088","3.142716","1106","3.144828","1089","3.139388","1089","3.141248","1090","3.141112","1089","3.142868","1090","3.144632","1089","3.140536","1090","3.140412","1090","3.140988","1090","3.141284","1090","3.139656","1089","3.139428","1105","3.142584","1089","3.142332","1089","3.140128","1089","3.140768","1090","3.1417323600000016","1041","1161"
"94","3.140424","821","3.1407","1199","3.142504","1219","3.142744","1219","3.143856","1198","3.140764","1220","3.143172","1220","3.14234","1219","3.14428","1219","3.142228","1219","3.14078","1220","3.143672","1219","3.141516","1220","3.139652","1219","3.140068","1219","3.141448","1220","3.143156","1199","3.142076","1219","3.14158","1199","3.14246","1219","3.141892","1219","3.14384","1219","3.143992","1220","3.145956","1199","3.139728","1220","3.13864","1219","3.140356","1219","3.14126","1219","3.140112","1199","3.139744","1219","3.138688","1219","3.138508","1199","3.140744","1219","3.142892","1199","3.140456","1199","3.141168","1198","3.13898","1198","3.140508","1219","3.141324","1219","3.14014","1219","3.140024","1198","3.140492","1218","3.141512","1218","3.143208","1219","3.141672","1218","3.140204","1198","3.140188","1219","3.143528","1219","3.142204","1219","3.142056","1218","3.14064","1197","3.139932","1218","3.142752","1197","3.141876","1218","3.142116","1218","3.142092","1218","3.142512","1198","3.143324","1198","3.141364","1218","3.143496","1198","3.141768","1218","3.141736","1218","3.144936","1218","3.141812","1219","3.140472","1197","3.142728","1218","3.140316","1218","3.138968","1178","3.140136","1218","3.139144","1218","3.141996","1218","3.144728","1218","3.140612","1217","3.138244","1218","3.141332","1218","3.139184","1218","3.1425","1218","3.142556","1218","3.142512","1198","3.141116","1218","3.138436","1218","3.140664","1218","3.143564","1218","3.14086","1218","3.141236","1197","3.142088","1217","3.14078","1218","3.14216","1218","3.139624","1197","3.141288","1198","3.140592","1196","3.142868","1218","3.14078","1218","3.13956","1218","3.143944","1197","3.140908","1217","3.141672","1217","3.142368","1218","3.142136","1218","3.142228","1218","3.1414809200000007","1208","1221"
"95","3.144184","1397","3.143696","1280","3.14186","1280","3.141556","1304","3.14158","1260","3.142576","1260","3.1436","1323","3.141976","1376","3.140892","1280","3.142816","1395","3.146232","1280","3.144232","1107","3.142836","1376","3.141556","1371","3.142932","1318","3.142236","1371","3.142328","1391","3.141856","1138","3.139736","1392","3.141848","1357","3.143428","1357","3.143832","1378","3.13984","1357","3.141216","1378","3.139336","1326","3.142276","1358","3.14042","1373","3.139976","1373","3.141008","1372","3.14242","1374","3.140484","1353","3.143416","1366","3.141804","1366","3.139968","1366","3.1404","1367","3.137828","1367","3.141196","1366","3.140408","1367","3.143492","1367","3.142612","1366","3.141708","1365","3.14432","1367","3.14032","1366","3.140708","1366","3.14002","1366","3.14232","1367","3.142136","1367","3.142272","1366","3.142608","1366","3.14044","1366","3.14338","1366","3.14504","1366","3.141604","1366","3.137372","1366","3.144988","1365","3.1444","1366","3.141912","1365","3.143124","1367","3.142108","1357","3.139648","1357","3.143064","1357","3.141148","1357","3.141192","1357","3.142832","1357","3.14366","1357","3.139344","1357","3.138916","1357","3.14212","1356","3.141908","1357","3.142868","1356","3.141996","1357","3.140724","1357","3.141556","1356","3.143152","1356","3.141868","1356","3.139764","1357","3.140804","1357","3.139488","1356","3.140556","1356","3.14428","1357","3.144628","1356","3.140932","1356","3.14202","1356","3.141688","1356","3.142464","1357","3.138268","1356","3.14246","1357","3.141736","1356","3.141208","1356","3.140452","1357","3.140372","1356","3.144204","1356","3.14218","1356","3.139004","1357","3.138908","1357","3.142864","1356","3.143164","1357","3.141996","1356","3.143948","1357","3.14036","1357","3.1418041199999998","1351","1398"
"96","3.145044","598","3.145356","641","3.144088","639","3.141188","1182","3.141192","1182","3.14348","1182","3.140416","1183","3.141916","1183","3.140552","1183","3.14132","1183","3.144284","1182","3.139888","1181","3.146096","1182","3.14392","1182","3.142016","1183","3.140832","1182","3.141852","1159","3.14416","1182","3.14032","1182","3.14402","1181","3.143868","1159","3.142708","1183","3.14354","1182","3.13782","1182","3.141376","1182","3.139056","1183","3.141736","1182","3.142796","1182","3.141464","1182","3.143444","1181","3.143432","1181","3.14156","1181","3.142132","1158","3.145368","1181","3.14074","1159","3.142152","1133","3.142844","1182","3.142924","1181","3.140532","1182","3.142656","1182","3.141656","1182","3.143132","1182","3.138864","1159","3.1424","1182","3.141392","1182","3.144004","1182","3.141788","1182","3.142488","1181","3.13876","1181","3.140396","1181","3.1382","1181","3.142264","1182","3.143172","1181","3.14248","1182","3.142228","1181","3.139936","1182","3.143732","1182","3.14188","1158","3.139568","1182","3.13996","1182","3.14128","1182","3.141252","1181","3.139176","1182","3.142564","1182","3.141856","1181","3.140676","1181","3.142852","1158","3.140476","1181","3.142604","1182","3.141264","1182","3.140912","1182","3.142028","1181","3.14256","1180","3.141188","1181","3.141396","1181","3.14014","1181","3.14436","1182","3.13944","1181","3.141676","1180","3.143868","1181","3.140572","1158","3.14278","1180","3.14032","1180","3.144652","1180","3.14122","1182","3.1421","1180","3.14314","1180","3.141936","1181","3.141872","1158","3.140112","1181","3.1401","1180","3.139928","1181","3.141676","1158","3.141724","1180","3.139164","1181","3.139852","1181","3.141576","1181","3.140208","1180","3.144144","1182","3.14096","1182","3.1418199199999997","1162","1188"
"97","3.14316","105","3.142948","984","3.141068","1161","3.139656","1123","3.141028","1161","3.1423","1036","3.141992","1034","3.141316","1076","3.142392","1123","3.143128","1010","3.142544","1161","3.143408","1161","3.139504","1010","3.142992","1010","3.143116","1010","3.142456","1122","3.139412","1123","3.142032","1035","3.14086","961","3.141056","984","3.144172","1076","3.142932","983","3.139436","1035","3.142144","1035","3.14354","1066","3.142552","1121","3.140796","1121","3.140604","1121","3.13968","1121","3.140516","1105","3.142908","1121","3.142872","1121","3.142344","1121","3.140184","1121","3.141436","1121","3.1436","1118","3.142248","1113","3.1417","1112","3.142596","1112","3.14258","1113","3.137364","1113","3.143104","1112","3.144724","1112","3.142572","1112","3.140788","1127","3.13984","1113","3.139332","1112","3.14118","1113","3.139996","1113","3.139708","1113","3.14364","1097","3.14258","1097","3.141772","1097","3.143164","1096","3.13978","1080","3.142672","1097","3.140764","1097","3.13972","1097","3.143144","1111","3.140984","1111","3.140748","1111","3.142192","1097","3.139324","1097","3.143492","1096","3.14014","1097","3.141444","1111","3.144032","1096","3.141272","1111","3.140484","1111","3.142224","995","3.140596","1011","3.144948","1011","3.140436","995","3.145696","1011","3.144952","996","3.137128","1010","3.140436","996","3.14078","1010","3.141816","1011","3.141524","1010","3.141952","995","3.142992","996","3.143688","979","3.13986","995","3.141456","995","3.140056","995","3.140492","996","3.140984","1010","3.141372","1010","3.142936","996","3.140792","1010","3.141576","1010","3.141852","995","3.139124","995","3.141992","995","3.139924","1010","3.14152","995","3.142204","996","3.144164","1010","3.14172","1010","3.14166356","1054","1177"
"98","3.139952","988","3.141068","934","3.141168","961","3.14062","986","3.142012","1063","3.142196","1015","3.139424","1016","3.144328","986","3.14234","1063","3.140232","988","3.140692","1040","3.141536","1064","3.143024","1039","3.140732","1039","3.144012","962","3.141088","1039","3.143344","1016","3.140572","961","3.14178","988","3.140744","1063","3.14186","1066","3.142068","1064","3.141356","1066","3.139976","1063","3.145188","1016","3.14168","1198","3.141856","1063","3.141132","1063","3.13998","1197","3.1447","1059","3.142472","1082","3.140932","1059","3.144168","1059","3.142268","1084","3.139516","1057","3.142096","1085","3.140256","1104","3.140364","1189","3.141584","1104","3.1405","1085","3.141232","1085","3.142048","1082","3.139576","1103","3.143552","1082","3.14014","1054","3.140836","1189","3.142816","1104","3.137664","1057","3.13944","1084","3.143624","1054","3.140824","1189","3.140708","1084","3.143028","1099","3.141016","1126","3.14136","1154","3.140628","1126","3.140764","1104","3.144372","1126","3.143808","1126","3.142012","1095","3.140004","1095","3.139208","1127","3.1419","1067","3.14256","1126","3.140696","1103","3.139248","1153","3.141636","1126","3.139924","1102","3.140304","1095","3.141304","1096","3.140092","1096","3.143568","1093","3.14248","1126","3.140116","1126","3.140328","1154","3.140044","1154","3.143308","1126","3.143676","1126","3.142832","1096","3.141192","1126","3.14122","1096","3.140488","1103","3.143392","1102","3.141544","1096","3.140872","1121","3.144816","1098","3.141384","1121","3.141996","1149","3.142936","1115","3.140728","1114","3.14118","1113","3.142252","1113","3.14206","1084","3.141608","1113","3.139344","1113","3.141784","1090","3.141644","1114","3.140216","1114","3.140744","1113","3.139952","1091","3.14148844","1085","1200"
"99","3.143356","583","3.140968","797","3.141068","1188","3.141288","1188","3.139744","1187","3.142096","1169","3.144332","1188","3.141776","1188","3.141644","1188","3.142768","1188","3.144108","1189","3.143136","1189","3.143344","1189","3.141472","1188","3.140732","1188","3.142636","1188","3.142904","1189","3.14022","1185","3.143096","1166","3.142468","1186","3.141224","1185","3.14314","1186","3.143536","1186","3.146116","1186","3.141768","1185","3.140124","1186","3.137468","1185","3.1425","1186","3.142732","1186","3.144312","1186","3.14266","1186","3.142676","1185","3.144172","1186","3.142068","1186","3.141936","1186","3.143448","1185","3.142696","1186","3.142216","1186","3.14104","1186","3.140968","1186","3.138008","1185","3.144136","1186","3.14392","1185","3.142972","1185","3.144324","1186","3.140844","1186","3.142504","1185","3.142748","1185","3.137848","1185","3.140124","1186","3.14096","1186","3.143228","1185","3.142152","1185","3.140836","1185","3.140756","1185","3.140392","1185","3.13896","1185","3.141468","1186","3.140164","1186","3.14278","1186","3.141576","1186","3.139952","1185","3.143572","1186","3.142408","1185","3.140764","1184","3.141276","1185","3.1404","1184","3.143696","1184","3.142052","1186","3.141064","1186","3.140708","1166","3.14438","1184","3.143752","1186","3.141532","1185","3.142884","1186","3.143212","1186","3.141188","1185","3.14074","1185","3.140608","1186","3.140764","1185","3.141104","1185","3.138996","1185","3.138296","1185","3.143512","1185","3.140656","1135","3.144028","1134","3.143936","1134","3.142568","1134","3.14128","1134","3.142344","1134","3.141168","1134","3.141496","1135","3.143316","1135","3.13772","1134","3.13748","1134","3.141388","1135","3.141364","1134","3.141672","1134","3.1379","1134","3.141452","1133","3.14177284","1167","1190"
"100","3.139708","1254","3.141144","1296","3.142948","1296","3.142568","1275","3.141824","1274","3.141132","1296","3.142656","1276","3.138296","1296","3.140128","1296","3.142928","1295","3.141688","1296","3.140244","1296","3.141628","1296","3.142864","1296","3.140916","1297","3.141336","1296","3.139292","1296","3.142256","1296","3.139024","1296","3.143584","1332","3.14324","1296","3.140668","1296","3.1397","1275","3.140384","1332","3.141332","1296","3.141384","1295","3.143796","1315","3.141088","1296","3.141296","1296","3.145512","1296","3.13704","1295","3.140104","1275","3.141636","1296","3.138128","1296","3.13748","1296","3.144388","1274","3.14104","1286","3.144096","1279","3.141732","1296","3.14336","1261","3.14058","1279","3.144008","1296","3.140744","1279","3.145148","1297","3.142196","1296","3.142812","1296","3.14418","1279","3.1445","1296","3.13724","1279","3.141784","1279","3.137924","1297","3.139896","1296","3.14196","1296","3.143336","1296","3.13792","1297","3.140428","1297","3.14024","1296","3.1366","1296","3.141252","1296","3.142676","1297","3.141212","1297","3.138696","1297","3.14114","1296","3.142508","1296","3.139004","1297","3.139556","1297","3.14114","1279","3.144688","1296","3.143732","1297","3.144388","1260","3.142544","1296","3.145596","1279","3.140172","1296","3.1437","1296","3.143752","1297","3.14038","1260","3.143132","1279","3.140548","1239","3.139596","1296","3.143012","1279","3.144736","1279","3.14004","1296","3.141344","1279","3.138768","1260","3.141292","1296","3.145128","1296","3.139084","1296","3.142768","1279","3.143492","1296","3.143776","1279","3.13812","1296","3.141992","1296","3.142988","1279","3.140296","1296","3.140748","1279","3.14054","1296","3.139448","1296","3.14072","1296","3.142304","1296","3.143484","1296","3.1414855600000013","1290","1334"
"Averages","3.1414221999999996","704","3.14174728","1015","3.1414228800000017","1081","3.14152736","1119","3.1417727599999994","1134","3.141744","1144","3.14163152","1153","3.141580640000001","1171","3.14141724","1186","3.1418659599999996","1181","3.141721","1198","3.1417043200000005","1200","3.1416467600000004","1207","3.1419085199999994","1197","3.1415655200000003","1211","3.1415637199999997","1212","3.1418362000000006","1216","3.141678839999999","1210","3.1418837199999996","1214","3.1415749200000005","1218","3.141751119999999","1219","3.141965040000001","1220","3.141507199999999","1221","3.14169116","1213","3.1413120400000007","1219","3.1415350799999997","1221","3.1413934400000003","1226","3.14137072","1223","3.141623679999999","1224","3.1417394400000007","1216","3.14146572","1221","3.141498919999999","1223","3.14155844","1226","3.141688400000001","1225","3.141463320000001","1224","3.1415014799999996","1222","3.141683479999999","1223","3.141607599999998","1226","3.141239640000001","1221","3.141791439999998","1224","3.1414437599999996","1222","3.141601600000001","1225","3.1415034399999984","1223","3.141633920000001","1222","3.1416778399999985","1222","3.1413711199999987","1224","3.1416096400000013","1220","3.1418487200000005","1220","3.1414617600000008","1220","3.1414186","1219","3.1418364800000003","1220","3.1414695999999998","1217","3.1415968399999987","1218","3.1415867999999993","1216","3.1411782799999997","1217","3.1418865199999995","1218","3.141540719999999","1216","3.1414935599999994","1215","3.14156632","1214","3.1417937200000017","1211","3.141798439999998","1212","3.141343919999999","1211","3.1415445600000003","1212","3.141569359999999","1211","3.1413444000000004","1209","3.1416650799999997","1211","3.14154012","1211","3.1419023999999998","1208","3.1412684799999995","1208","3.1414094000000006","1207","3.1415732000000003","1206","3.1417068799999996","1206","3.1415732799999994","1207","3.141794519999999","1206","3.1415669999999993","1204","3.14125368","1206","3.1416880799999998","1205","3.141597240000001","1200","3.141463279999999","1198","3.141385959999999","1196","3.14137288","1197","3.1416342000000004","1196","3.1416775599999993","1197","3.1417236","1195","3.14165968","1194","3.1414490799999997","1193","3.141937520000001","1192","3.1417709200000017","1190","3.14178048","1189","3.1416064800000005","1190","3.141539920000001","1185","3.141657680000001","1183","3.1415598800000013","1181","3.1412860800000004","1180","3.141236079999999","1178","3.141276560000001","1176","3.1414400399999995","1176","3.1418008399999997","1175","3.1415989600000005","1175","3.1414229999999996","1174","3.1415854267999985","1196","1286"
