"Iteration Count","Job[1] Result","Job[1] Runtime (ms)","Job[2] Result","Job[2] Runtime (ms)","Job[3] Result","Job[3] Runtime (ms)","Job[4] Result","Job[4] Runtime (ms)","Job[5] Result","Job[5] Runtime (ms)","Job[6] Result","Job[6] Runtime (ms)","Job[7] Result","Job[7] Runtime (ms)","Job[8] Result","Job[8] Runtime (ms)","Job[9] Result","Job[9] Runtime (ms)","Job[10] Result","Job[10] Runtime (ms)","Job[11] Result","Job[11] Runtime (ms)","Job[12] Result","Job[12] Runtime (ms)","Job[13] Result","Job[13] Runtime (ms)","Job[14] Result","Job[14] Runtime (ms)","Job[15] Result","Job[15] Runtime (ms)","Job[16] Result","Job[16] Runtime (ms)","Job[17] Result","Job[17] Runtime (ms)","Job[18] Result","Job[18] Runtime (ms)","Job[19] Result","Job[19] Runtime (ms)","Job[20] Result","Job[20] Runtime (ms)","Job[21] Result","Job[21] Runtime (ms)","Job[22] Result","Job[22] Runtime (ms)","Job[23] Result","Job[23] Runtime (ms)","Job[24] Result","Job[24] Runtime (ms)","Job[25] Result","Job[25] Runtime (ms)","Job[26] Result","Job[26] Runtime (ms)","Job[27] Result","Job[27] Runtime (ms)","Job[28] Result","Job[28] Runtime (ms)","Job[29] Result","Job[29] Runtime (ms)","Job[30] Result","Job[30] Runtime (ms)","Job[31] Result","Job[31] Runtime (ms)","Job[32] Result","Job[32] Runtime (ms)","Job[33] Result","Job[33] Runtime (ms)","Job[34] Result","Job[34] Runtime (ms)","Job[35] Result","Job[35] Runtime (ms)","Job[36] Result","Job[36] Runtime (ms)","Job[37] Result","Job[37] Runtime (ms)","Job[38] Result","Job[38] Runtime (ms)","Job[39] Result","Job[39] Runtime (ms)","Job[40] Result","Job[40] Runtime (ms)","Job[41] Result","Job[41] Runtime (ms)","Job[42] Result","Job[42] Runtime (ms)","Job[43] Result","Job[43] Runtime (ms)","Job[44] Result","Job[44] Runtime (ms)","Job[45] Result","Job[45] Runtime (ms)","Job[46] Result","Job[46] Runtime (ms)","Job[47] Result","Job[47] Runtime (ms)","Job[48] Result","Job[48] Runtime (ms)","Job[49] Result","Job[49] Runtime (ms)","Job[50] Result","Job[50] Runtime (ms)","Job[51] Result","Job[51] Runtime (ms)","Job[52] Result","Job[52] Runtime (ms)","Job[53] Result","Job[53] Runtime (ms)","Job[54] Result","Job[54] Runtime (ms)","Job[55] Result","Job[55] Runtime (ms)","Job[56] Result","Job[56] Runtime (ms)","Job[57] Result","Job[57] Runtime (ms)","Job[58] Result","Job[58] Runtime (ms)","Job[59] Result","Job[59] Runtime (ms)","Job[60] Result","Job[60] Runtime (ms)","Job[61] Result","Job[61] Runtime (ms)","Job[62] Result","Job[62] Runtime (ms)","Job[63] Result","Job[63] Runtime (ms)","Job[64] Result","Job[64] Runtime (ms)","Job[65] Result","Job[65] Runtime (ms)","Job[66] Result","Job[66] Runtime (ms)","Job[67] Result","Job[67] Runtime (ms)","Job[68] Result","Job[68] Runtime (ms)","Job[69] Result","Job[69] Runtime (ms)","Job[70] Result","Job[70] Runtime (ms)","Job[71] Result","Job[71] Runtime (ms)","Job[72] Result","Job[72] Runtime (ms)","Job[73] Result","Job[73] Runtime (ms)","Job[74] Result","Job[74] Runtime (ms)","Job[75] Result","Job[75] Runtime (ms)","Job[76] Result","Job[76] Runtime (ms)","Job[77] Result","Job[77] Runtime (ms)","Job[78] Result","Job[78] Runtime (ms)","Job[79] Result","Job[79] Runtime (ms)","Job[80] Result","Job[80] Runtime (ms)","Job[81] Result","Job[81] Runtime (ms)","Job[82] Result","Job[82] Runtime (ms)","Job[83] Result","Job[83] Runtime (ms)","Job[84] Result","Job[84] Runtime (ms)","Job[85] Result","Job[85] Runtime (ms)","Job[86] Result","Job[86] Runtime (ms)","Job[87] Result","Job[87] Runtime (ms)","Job[88] Result","Job[88] Runtime (ms)","Job[89] Result","Job[89] Runtime (ms)","Job[90] Result","Job[90] Runtime (ms)","Job[91] Result","Job[91] Runtime (ms)","Job[92] Result","Job[92] Runtime (ms)","Job[93] Result","Job[93] Runtime (ms)","Job[94] Result","Job[94] Runtime (ms)","Job[95] Result","Job[95] Runtime (ms)","Job[96] Result","Job[96] Runtime (ms)","Job[97] Result","Job[97] Runtime (ms)","Job[98] Result","Job[98] Runtime (ms)","Job[99] Result","Job[99] Runtime (ms)","Job[100] Result","Job[100] Runtime (ms)","Average Result","Average Runtime (ms)","Total Runtime (ms)"
"1","3.139096","1874","3.143228","2024","3.141896","1873","3.138824","1902","3.138948","1844","3.139892","1904","3.142964","1904","3.140696","2020","3.140868","1901","3.140448","1913","3.14386","1843","3.143836","1843","3.141072","1791","3.141564","1843","3.145676","1793","3.14242","1796","3.142404","1706","3.141992","1736","3.14288","1749","3.140372","1841","3.143156","1791","3.13696","1771","3.14228","1748","3.141024","1840","3.142804","1771","3.143228","1747","3.13952","1718","3.141424","1747","3.140704","1839","3.143412","1638","3.142508","1616","3.140644","1616","3.141164","1595","3.144904","1616","3.13972","1638","3.138492","1616","3.14232","1615","3.141692","1615","3.142724","1615","3.14288","1614","3.141856","1615","3.142852","1614","3.141792","1614","3.142696","1636","3.142668","1614","3.139372","1614","3.1415","1613","3.138668","1614","3.139504","1614","3.144176","1613","3.142532","1557","3.139348","1575","3.140572","1572","3.142924","1572","3.140464","1575","3.138876","1572","3.14108","1575","3.144308","1575","3.142516","1549","3.142324","1476","3.145592","1473","3.143224","1427","3.141164","1424","3.142544","1400","3.1424","1392","3.141284","1393","3.141464","1392","3.143584","1393","3.143904","1393","3.142872","1392","3.141236","1393","3.139312","1392","3.140916","1389","3.141612","1392","3.143196","1391","3.142212","1391","3.143448","1394","3.14092","1392","3.142776","1389","3.138336","1389","3.144636","1391","3.14164","1390","3.139904","1389","3.142168","1393","3.143208","1388","3.141968","1391","3.14032","1392","3.142964","1392","3.139872","1392","3.139028","1390","3.141224","1388","3.141788","1390","3.141328","1392","3.143496","1389","3.139012","1387","3.14318","1391","3.142636","1390","3.144308","1387","3.141928","1390","3.143384","1388","3.1417451200000013","1584","4671"
"2","3.140744","85","3.142472","192","3.142888","176","3.138476","557","3.143696","556","3.14252","465","3.141784","466","3.141576","556","3.143856","466","3.141116","576","3.14394","466","3.144","556","3.141672","556","3.141564","556","3.137456","556","3.140412","556","3.141356","465","3.14222","556","3.139804","556","3.139928","463","3.14124","497","3.144968","492","3.143588","454","3.142992","441","3.14124","441","3.1409","439","3.13932","439","3.142012","428","3.140956","427","3.139564","405","3.140816","405","3.14252","390","3.144192","498","3.139396","500","3.139676","442","3.142308","425","3.1414","442","3.140544","425","3.14304","442","3.139284","495","3.142652","494","3.143216","420","3.142976","437","3.14086","478","3.143588","478","3.140268","460","3.139028","440","3.141828","440","3.141932","440","3.143872","440","3.142192","439","3.139384","610","3.142396","574","3.141672","575","3.144252","575","3.14108","545","3.139396","575","3.142604","644","3.141988","528","3.139564","631","3.13964","614","3.143276","631","3.139768","631","3.143148","630","3.143696","613","3.142296","630","3.14392","630","3.140872","630","3.14184","630","3.139468","630","3.141448","630","3.141212","630","3.1406","630","3.140648","611","3.140672","630","3.141524","630","3.141276","630","3.141836","630","3.141892","630","3.144824","630","3.142732","630","3.14228","630","3.14266","612","3.139832","630","3.143236","630","3.142548","630","3.142108","630","3.141744","629","3.140612","630","3.142796","630","3.138744","630","3.14232","630","3.146388","630","3.143888","630","3.139816","629","3.142928","629","3.141592","629","3.1417","612","3.14184","630","3.139844","630","3.141696479999999","536","1065"
"3","3.141964","602","3.142004","552","3.141232","693","3.140712","693","3.139772","601","3.141152","773","3.144664","773","3.141444","773","3.139156","900","3.14162","801","3.14244","795","3.141708","896","3.142304","889","3.141596","889","3.142904","937","3.142508","791","3.142484","935","3.140652","935","3.142108","886","3.140408","886","3.141136","919","3.1399","919","3.14174","915","3.141568","914","3.140788","866","3.139192","911","3.140288","911","3.1409","934","3.1433","932","3.144168","907","3.139028","907","3.143816","986","3.14414","927","3.141456","927","3.143008","927","3.138892","925","3.1395","921","3.140964","921","3.139312","1026","3.141756","998","3.142008","1048","3.146","1071","3.142364","1071","3.143116","1070","3.143808","1071","3.140968","1071","3.137664","1072","3.139332","1071","3.142848","1071","3.139676","1071","3.138652","1048","3.141688","1070","3.141444","1071","3.142744","1071","3.14306","1071","3.14186","1071","3.14206","1070","3.143092","1048","3.14094","1071","3.143276","1071","3.142044","1070","3.14124","1071","3.143404","1069","3.142312","1070","3.1396","1069","3.143412","1047","3.142844","1056","3.143036","1057","3.14376","1056","3.143836","996","3.143236","996","3.140424","974","3.141916","996","3.142488","997","3.138624","997","3.144304","997","3.141948","971","3.138064","961","3.14218","961","3.141788","961","3.14114","961","3.141168","961","3.141496","952","3.139304","952","3.143432","951","3.140264","951","3.140884","951","3.141724","951","3.140584","950","3.139732","951","3.142208","951","3.138084","951","3.142212","951","3.142832","950","3.142304","951","3.139672","951","3.140532","951","3.142512","951","3.141096","951","3.14256","951","3.1415848400000006","953","1131"
"4","3.140596","1088","3.138232","1011","3.140668","1088","3.139552","1010","3.14064","1088","3.14098","1011","3.143592","1088","3.141916","1088","3.142552","1053","3.144808","1088","3.142876","1031","3.142484","1052","3.14148","1089","3.1442","1053","3.141036","1053","3.1418","1088","3.143108","1070","3.143172","1088","3.141556","1088","3.142632","1053","3.14112","1088","3.143648","1088","3.141072","1088","3.140612","1053","3.142108","1031","3.142424","1053","3.143252","1088","3.143728","1053","3.142928","1031","3.142384","1032","3.138648","1032","3.141768","1088","3.142844","1088","3.141116","1052","3.140032","1031","3.141364","1052","3.14292","1052","3.1414","1030","3.141044","1070","3.1411","1087","3.142172","1088","3.14018","1052","3.139292","1088","3.14492","1031","3.141268","1087","3.1431","1087","3.143","1088","3.142016","1088","3.142668","1087","3.143076","1052","3.141864","973","3.141352","1052","3.139328","1087","3.139072","1030","3.142452","1087","3.141984","1052","3.141476","1088","3.139228","1087","3.13996","1087","3.143756","1052","3.143508","1082","3.143948","1079","3.14126","1079","3.141292","1079","3.140592","1043","3.14126","1053","3.143756","1053","3.144648","1053","3.14234","1053","3.14098","1053","3.14294","1053","3.141196","1053","3.141132","1052","3.141272","1053","3.142","1053","3.14152","1053","3.14192","1052","3.139432","1053","3.144876","1053","3.141176","1053","3.142812","1052","3.137296","1053","3.141204","1052","3.140652","1052","3.141692","1053","3.138172","1049","3.13888","1049","3.140492","1048","3.14212","1048","3.142188","1048","3.143936","1047","3.142076","1042","3.142128","1042","3.138756","1037","3.143504","1003","3.144764","968","3.1383","968","3.14008","968","3.141296","968","3.140376","968","3.1416732799999996","1054","1089"
"5","3.140836","325","3.141444","1010","3.145456","721","3.1436","721","3.140796","764","3.1424","718","3.14186","718","3.143844","716","3.14344","1025","3.142044","761","3.142356","761","3.14258","761","3.141848","761","3.144676","1166","3.141304","902","3.1413","1025","3.140604","1081","3.13868","759","3.141748","1134","3.14206","1078","3.141744","1130","3.140624","851","3.144716","953","3.142288","1045","3.140476","1045","3.140208","1064","3.143072","1100","3.13894","1119","3.140712","1100","3.142208","1119","3.142048","1119","3.138684","1119","3.141412","1119","3.141348","1119","3.141448","1083","3.14514","1119","3.142552","1119","3.144484","1119","3.14064","1119","3.141812","1117","3.1443","1100","3.141332","1095","3.142476","1123","3.140784","1095","3.143992","1094","3.140528","1094","3.14094","1094","3.13956","1094","3.141252","1089","3.138676","1088","3.14038","1116","3.141712","1116","3.142016","1117","3.138116","1108","3.140144","1107","3.140128","1104","3.145008","1104","3.140748","1104","3.137512","1104","3.138296","1076","3.144328","1104","3.142392","1076","3.141812","1076","3.139896","1076","3.140772","1101","3.143","1098","3.141956","1098","3.142336","1098","3.139516","1091","3.141508","1087","3.14136","1086","3.141992","1086","3.139932","1086","3.143644","1086","3.142388","1086","3.142524","1086","3.141656","1086","3.140488","1086","3.13962","1086","3.144248","1086","3.142688","1085","3.141868","1083","3.140132","1083","3.142116","1083","3.142664","1080","3.13954","1074","3.143212","1074","3.141684","1074","3.141288","1074","3.143992","1074","3.141432","1074","3.141232","1073","3.140896","1071","3.143972","1070","3.140552","1069","3.141624","1062","3.143104","1061","3.14126","1061","3.139652","1061","3.141924","1060","3.14165532","1038","1173"
"6","3.14132","203","3.142584","995","3.141944","649","3.140604","1034","3.14082","1034","3.14028","949","3.14176","992","3.141944","728","3.140764","992","3.146884","991","3.13886","911","3.140232","986","3.13898","986","3.142404","985","3.1431","980","3.140172","738","3.143444","978","3.13962","977","3.142512","1015","3.141676","998","3.139228","998","3.143428","955","3.141444","977","3.142092","998","3.14172","998","3.140748","998","3.143224","998","3.140352","1012","3.141784","1013","3.140088","995","3.144588","1012","3.141824","975","3.141416","953","3.138456","1013","3.141972","1012","3.14246","995","3.137232","954","3.142096","995","3.13926","1012","3.146288","995","3.13862","974","3.140512","1012","3.145564","991","3.140792","991","3.140728","1006","3.14322","966","3.142976","988","3.141924","1005","3.14148","1005","3.14248","1005","3.143276","1005","3.142276","979","3.1419","996","3.140528","996","3.142564","996","3.14092","996","3.143176","996","3.144016","996","3.139692","978","3.142188","997","3.138592","992","3.139608","974","3.14086","992","3.145108","992","3.142348","992","3.14102","973","3.141396","985","3.141508","985","3.141192","984","3.140224","985","3.141876","985","3.141344","985","3.141904","967","3.142276","984","3.14394","974","3.144908","974","3.141916","974","3.141148","975","3.141408","975","3.14238","972","3.143308","971","3.141368","971","3.141096","971","3.141524","970","3.142844","971","3.142332","970","3.13984","970","3.1379","970","3.143268","970","3.139788","970","3.142396","971","3.14138","971","3.14234","970","3.13824","971","3.14304","970","3.140396","970","3.144232","970","3.139148","970","3.138288","970","3.144236","971","3.141603559999999","968","1035"
"7","3.142292","988","3.140176","927","3.141424","989","3.141968","988","3.139464","968","3.140916","947","3.144176","927","3.142788","968","3.14448","968","3.14108","989","3.140944","1007","3.144708","968","3.143624","988","3.139268","946","3.139076","947","3.143036","927","3.141556","968","3.140544","1007","3.141552","968","3.14144","968","3.144512","989","3.140924","1007","3.139944","947","3.141932","968","3.141108","947","3.141864","989","3.141724","986","3.139752","1004","3.141956","1004","3.142588","1004","3.13894","1005","3.140916","1004","3.141352","985","3.141324","986","3.1417","986","3.141652","985","3.140808","986","3.141288","1004","3.141664","1004","3.140568","984","3.141164","1004","3.141784","1004","3.13796","1004","3.144144","985","3.141432","984","3.143412","1004","3.142372","1004","3.146792","1000","3.135404","982","3.142844","1000","3.141252","1000","3.142028","980","3.142292","1000","3.141476","981","3.138792","999","3.142064","992","3.13878","992","3.139704","992","3.14162","992","3.140408","992","3.143972","992","3.140412","992","3.138604","992","3.141448","991","3.141484","991","3.138364","991","3.143568","991","3.14348","991","3.143116","991","3.142076","991","3.139904","991","3.140292","991","3.141884","991","3.142308","991","3.144072","991","3.140756","991","3.14292","991","3.143292","991","3.141904","991","3.143324","991","3.141924","991","3.139136","991","3.139424","991","3.139748","991","3.145988","991","3.143588","991","3.141792","991","3.140608","990","3.140104","991","3.140776","991","3.139732","991","3.147044","991","3.1401","991","3.140348","991","3.140088","991","3.141948","975","3.142636","975","3.142836","975","3.140596","975","3.140336","975","3.14152684","985","1008"
"8","3.142492","555","3.143056","629","3.141736","604","3.138116","554","3.141072","629","3.140596","629","3.140224","625","3.139668","621","3.138508","621","3.140956","621","3.141684","913","3.14154","951","3.141824","970","3.142708","951","3.144464","952","3.14224","952","3.142708","990","3.140536","990","3.136796","970","3.141092","990","3.142896","990","3.140364","990","3.143504","990","3.14368","969","3.14138","949","3.141492","989","3.14116","911","3.142728","949","3.140328","988","3.1386","988","3.1404","949","3.140676","911","3.140344","968","3.139964","985","3.142428","985","3.141216","965","3.1388","946","3.1441","937","3.143464","956","3.141336","956","3.140924","956","3.13932","956","3.14196","956","3.141956","956","3.141328","955","3.142128","956","3.144016","956","3.142724","956","3.141172","952","3.13712","953","3.139628","933","3.138188","952","3.138708","953","3.142256","953","3.14128","953","3.139568","953","3.139216","952","3.140992","952","3.13882","953","3.142248","953","3.140732","952","3.141","953","3.139948","952","3.142644","953","3.142396","950","3.14304","947","3.142252","945","3.138684","940","3.140992","941","3.142736","941","3.139156","940","3.140624","941","3.142164","921","3.14064","941","3.138888","941","3.144264","941","3.141268","941","3.142008","941","3.144568","940","3.14418","940","3.143088","940","3.141736","941","3.140544","941","3.142192","941","3.138916","940","3.141236","941","3.140164","941","3.143832","940","3.141124","941","3.142936","941","3.143648","940","3.14222","941","3.139216","941","3.141772","941","3.145484","940","3.139936","941","3.141548","940","3.142236","940","3.1393","940","3.143892","940","3.14131632","917","1000"
"9","3.1404","572","3.143084","599","3.14126","929","3.142704","929","3.14184","906","3.139256","966","3.143336","987","3.145","988","3.140804","987","3.143272","966","3.139404","987","3.142736","929","3.142816","987","3.141904","988","3.140316","986","3.143496","986","3.137992","985","3.1403","985","3.141184","963","3.139024","985","3.143976","985","3.14012","985","3.141568","985","3.140796","1003","3.143956","985","3.142924","985","3.14028","985","3.139524","963","3.143732","985","3.144468","985","3.14118","985","3.141084","985","3.1429","1003","3.141076","985","3.1395","985","3.139212","985","3.139624","985","3.140436","985","3.142244","985","3.141872","985","3.144428","984","3.141896","984","3.142136","985","3.14254","1003","3.140816","985","3.14022","985","3.141512","985","3.141536","985","3.140956","984","3.142412","985","3.145988","963","3.141504","985","3.139236","985","3.143588","985","3.138324","985","3.143456","985","3.140984","985","3.143056","985","3.138204","1002","3.143288","985","3.142724","1002","3.14208","985","3.139608","985","3.14178","980","3.140052","980","3.142764","981","3.142588","980","3.143412","998","3.143592","980","3.14104","998","3.140064","981","3.143684","980","3.140196","959","3.144372","952","3.1418","973","3.14348","987","3.13986","987","3.142888","987","3.140416","969","3.141484","987","3.140928","957","3.141688","956","3.143796","939","3.1428","922","3.142864","939","3.141992","940","3.144004","939","3.14192","922","3.139616","940","3.143116","939","3.141292","929","3.143248","930","3.142712","929","3.141796","929","3.143328","929","3.141708","929","3.145012","911","3.139268","929","3.144884","929","3.142996","922","3.141835320000001","963","1006"
"10","3.140024","544","3.144116","905","3.145552","645","3.142876","932","3.139384","859","3.14106","932","3.138952","646","3.1408","932","3.140072","930","3.141656","931","3.139244","952","3.141124","924","3.13918","923","3.14292","923","3.143564","923","3.1393","923","3.13896","923","3.14152","923","3.142176","897","3.1436","923","3.141984","905","3.14162","877","3.143168","832","3.142896","901","3.140944","924","3.140436","783","3.14058","921","3.139192","921","3.140344","900","3.143804","921","3.140908","918","3.14138","823","3.144456","916","3.140944","895","3.141704","916","3.14294","895","3.138164","895","3.140944","916","3.141248","868","3.141952","916","3.13906","909","3.142804","909","3.144164","886","3.138548","929","3.143408","905","3.141916","927","3.144256","926","3.143152","904","3.139388","926","3.140584","904","3.142008","922","3.14094","922","3.143172","922","3.145176","922","3.140524","916","3.140604","932","3.13836","916","3.143628","932","3.141868","916","3.141512","932","3.139936","933","3.144276","932","3.142516","932","3.143784","915","3.140988","915","3.141212","925","3.142236","876","3.14054","876","3.14362","876","3.141136","876","3.140764","876","3.14354","876","3.143192","876","3.142004","876","3.1436","875","3.139656","876","3.140368","876","3.14316","876","3.138992","875","3.143424","876","3.142004","876","3.142496","876","3.142272","876","3.142424","876","3.14044","876","3.141592","876","3.141732","875","3.140996","876","3.14178","876","3.143992","876","3.13986","875","3.1427","876","3.14366","876","3.142796","876","3.142324","876","3.140764","875","3.141332","875","3.139148","875","3.140188","876","3.140476","875","3.141626799999998","890","994"
"11","3.14202","52","3.144312","966","3.142064","882","3.14474","966","3.13992","882","3.14026","760","3.140848","966","3.141612","882","3.144152","966","3.140664","883","3.144804","882","3.138028","966","3.14202","883","3.138932","882","3.1417","966","3.140636","883","3.140864","883","3.139468","966","3.1426","950","3.141756","950","3.14122","950","3.14164","950","3.139756","950","3.139928","911","3.138888","951","3.143476","950","3.14184","911","3.14274","950","3.142336","950","3.142668","886","3.140224","950","3.141844","886","3.14418","906","3.144868","945","3.145288","907","3.14158","907","3.138688","907","3.140432","934","3.141768","934","3.143048","914","3.14274","934","3.139848","895","3.142548","952","3.142524","934","3.14138","934","3.1412","927","3.143848","926","3.1447","926","3.142552","927","3.142632","927","3.144084","927","3.141816","927","3.141984","927","3.142776","927","3.13906","926","3.140856","927","3.141732","927","3.141752","927","3.140352","927","3.142196","927","3.14454","927","3.139696","927","3.1421","927","3.139516","926","3.13922","927","3.14096","926","3.14232","927","3.139928","927","3.142856","926","3.144804","926","3.141604","927","3.142816","926","3.14478","926","3.142088","926","3.1428","926","3.14022","926","3.138204","927","3.141736","926","3.140992","927","3.139468","927","3.141364","926","3.142132","926","3.143836","926","3.140688","926","3.142972","927","3.14136","926","3.142168","926","3.13954","926","3.141608","926","3.141932","926","3.139592","926","3.141208","923","3.139984","922","3.139652","922","3.143064","922","3.14202","922","3.145388","922","3.141544","922","3.141456","922","3.142004","922","3.141725520000002","915","986"
"12","3.143192","56","3.139708","274","3.140144","273","3.1398","273","3.141544","274","3.144716","274","3.142628","934","3.143368","934","3.142716","935","3.140652","937","3.140632","935","3.14042","936","3.140212","936","3.14208","938","3.14242","934","3.141512","936","3.14028","955","3.141136","934","3.141696","935","3.144672","955","3.142068","937","3.142088","936","3.143096","935","3.139176","955","3.142844","935","3.139468","938","3.140524","935","3.143204","935","3.142204","936","3.142472","953","3.142416","936","3.1399","935","3.143912","935","3.140472","933","3.139112","933","3.14228","932","3.141056","934","3.142192","936","3.14038","935","3.1429","933","3.142296","933","3.143144","935","3.14334","933","3.140028","935","3.141564","931","3.141948","933","3.13902","936","3.143128","932","3.142872","932","3.142416","932","3.140808","934","3.139648","931","3.14046","933","3.140708","935","3.14192","933","3.139192","933","3.141544","933","3.141688","936","3.137924","932","3.14052","932","3.14126","931","3.141536","909","3.142052","933","3.142176","933","3.144616","935","3.142464","934","3.14276","932","3.144128","932","3.139812","932","3.141284","933","3.142772","934","3.13912","934","3.140892","932","3.141704","932","3.14224","934","3.139224","932","3.14194","932","3.144012","933","3.139688","931","3.142988","932","3.141688","952","3.142044","935","3.141972","931","3.141088","932","3.138356","934","3.143108","931","3.141832","931","3.141668","933","3.14154","932","3.143028","951","3.144628","934","3.142256","951","3.142008","931","3.143944","932","3.14148","951","3.140408","931","3.139608","857","3.139072","874","3.141636","874","3.142428","855","3.1415992","890","960"
"13","3.141068","430","3.142144","730","3.142192","636","3.143","729","3.143096","791","3.142452","1021","3.14408","1019","3.145348","1018","3.139964","1018","3.14334","1019","3.142876","1019","3.141516","1018","3.142684","1019","3.138752","1018","3.138444","1018","3.141356","1018","3.145136","1018","3.140252","1018","3.1406","1019","3.139976","1019","3.141792","1019","3.141348","1018","3.140508","1018","3.13804","1018","3.139572","1018","3.140484","1018","3.141332","1018","3.144432","1018","3.144456","1019","3.141336","1018","3.142416","1000","3.139004","1018","3.14078","1018","3.141852","1018","3.13984","1018","3.14292","1017","3.14078","1018","3.141268","1018","3.14086","1018","3.1432","1018","3.1425","1019","3.14074","1019","3.139304","1019","3.139096","1018","3.139648","1018","3.141456","1018","3.142424","1018","3.14104","1018","3.14198","1018","3.142488","1019","3.139508","1018","3.14462","1018","3.145248","1018","3.14252","1018","3.138492","1018","3.140996","1017","3.140576","1018","3.140748","1018","3.142328","1018","3.139556","1018","3.142684","1018","3.144028","1018","3.140424","1018","3.140988","1017","3.144336","1018","3.143748","1018","3.143608","1018","3.14214","1018","3.143108","1018","3.140092","1018","3.14408","1018","3.140896","1018","3.143272","1018","3.142032","1017","3.144156","1018","3.141516","1017","3.140356","1018","3.14274","1017","3.143736","1017","3.1393","1018","3.143632","1017","3.140812","1017","3.142476","1017","3.140668","1018","3.141412","1018","3.14266","1017","3.14084","1017","3.142704","1018","3.144352","1017","3.140012","1018","3.139196","1017","3.14244","1017","3.141576","1017","3.142592","1018","3.14184","1017","3.1419","1017","3.141308","1017","3.139428","1017","3.142188","1017","3.1419","1018","3.1417094000000008","1000","1024"
"14","3.138984","977","3.141944","949","3.141752","950","3.141844","977","3.139604","978","3.140788","977","3.137768","950","3.143464","978","3.142088","978","3.142908","978","3.139852","951","3.143392","978","3.142568","953","3.139452","978","3.142912","977","3.142508","977","3.140204","977","3.14112","977","3.1403","977","3.141284","977","3.141268","977","3.140268","977","3.14064","977","3.142112","957","3.141028","978","3.142732","978","3.141564","950","3.138956","950","3.141972","949","3.140252","977","3.140512","956","3.142656","977","3.144332","977","3.144136","977","3.138804","978","3.140404","977","3.140524","953","3.14366","954","3.140704","977","3.144764","977","3.141124","977","3.139324","956","3.140584","977","3.144","977","3.144612","949","3.142488","976","3.1429","977","3.141312","954","3.140716","978","3.14274","977","3.142332","956","3.139232","956","3.141348","976","3.137924","976","3.141036","977","3.142196","952","3.14066","977","3.143236","976","3.140028","977","3.140884","977","3.1407","977","3.141484","976","3.140764","977","3.140172","977","3.142772","955","3.142968","953","3.140964","976","3.143036","976","3.138512","977","3.141832","954","3.141228","927","3.143984","948","3.143356","977","3.140068","950","3.142216","977","3.142064","976","3.14056","976","3.142508","977","3.141024","976","3.142484","950","3.140336","976","3.1407","948","3.142292","976","3.144428","977","3.144568","977","3.141708","977","3.140092","976","3.141848","977","3.138416","976","3.141752","977","3.144476","976","3.143448","976","3.142956","976","3.14226","954","3.141852","976","3.138148","976","3.138964","976","3.142008","976","3.142312","976","3.140984","955","3.1415094399999988","969","978"
"15","3.142648","58","3.143384","690","3.141476","777","3.14236","716","3.141544","744","3.136936","777","3.139148","744","3.142508","803","3.14158","894","3.140292","690","3.143224","716","3.143128","894","3.14038","802","3.140836","803","3.144516","894","3.142324","803","3.141412","689","3.140996","894","3.144144","716","3.140244","894","3.14306","743","3.138808","803","3.143112","743","3.142712","802","3.14188","777","3.142","802","3.139308","777","3.1451","773","3.139856","773","3.140968","828","3.137884","799","3.1416","890","3.14092","858","3.142024","773","3.13896","799","3.142828","890","3.13956","889","3.14362","798","3.142376","858","3.140984","799","3.140904","773","3.14154","890","3.13874","799","3.138588","890","3.141184","890","3.14152","773","3.141752","798","3.140912","828","3.1403","704","3.141316","735","3.142048","735","3.143448","735","3.1406","735","3.142688","674","3.141768","735","3.142828","735","3.142276","819","3.14426","811","3.139992","817","3.144736","814","3.142168","819","3.140288","811","3.141312","818","3.142136","817","3.141488","817","3.141368","813","3.14018","815","3.142972","813","3.144448","817","3.140436","816","3.141436","811","3.141896","817","3.13896","815","3.14202","812","3.140888","819","3.142408","813","3.139476","819","3.141592","817","3.142872","819","3.143376","819","3.1437","815","3.142832","812","3.140644","810","3.141956","812","3.139252","818","3.14292","812","3.140264","815","3.142144","817","3.140628","815","3.140848","812","3.141944","810","3.14324","815","3.141144","816","3.139796","812","3.142764","812","3.141556","811","3.141484","813","3.141552","813","3.141408","812","3.143388","815","3.1415722399999995","794","991"
"16","3.141768","59","3.141536","69","3.140612","552","3.140796","550","3.142252","868","3.143864","624","3.14474","624","3.13858","624","3.139796","868","3.140604","648","3.142096","575","3.140304","575","3.139444","649","3.140924","550","3.145656","550","3.143812","821","3.140312","739","3.141564","845","3.14008","860","3.143808","860","3.143832","860","3.141692","817","3.14142","860","3.14168","817","3.144992","793","3.141888","860","3.14322","860","3.143104","860","3.138296","860","3.138664","860","3.142544","817","3.142048","817","3.143884","848","3.141388","805","3.143972","805","3.141164","805","3.142592","805","3.140204","791","3.141896","791","3.1447","791","3.14098","791","3.142276","791","3.143616","790","3.141708","791","3.141028","791","3.142608","788","3.142408","778","3.142344","777","3.14342","799","3.146124","799","3.140684","777","3.145172","777","3.141204","799","3.140652","777","3.140516","799","3.14258","799","3.14474","814","3.14034","792","3.14","792","3.140992","793","3.14104","770","3.139924","814","3.143128","792","3.139692","792","3.145","770","3.142604","821","3.137292","805","3.142584","822","3.140432","822","3.140152","821","3.143228","822","3.140812","821","3.14128","822","3.140272","822","3.139476","822","3.139228","759","3.141576","758","3.138932","758","3.144284","740","3.144184","757","3.142128","757","3.141708","756","3.140076","756","3.143864","756","3.140972","756","3.14122","756","3.143532","756","3.1414","755","3.141072","756","3.14132","756","3.14118","756","3.139416","756","3.143316","756","3.143968","756","3.138452","756","3.141196","756","3.142572","756","3.140412","756","3.143572","756","3.1411","749","3.1417671599999992","758","955"
"17","3.142484","126","3.141728","158","3.139704","154","3.140688","158","3.14036","154","3.139584","154","3.14004","735","3.1401","783","3.14","829","3.140952","807","3.14106","829","3.141468","829","3.143316","734","3.142008","783","3.140816","999","3.144928","829","3.142516","783","3.140004","829","3.13872","828","3.142416","828","3.145376","754","3.14208","916","3.142324","810","3.1434","932","3.142372","810","3.140032","788","3.141668","810","3.142456","715","3.140724","963","3.140652","877","3.142552","788","3.1404","869","3.141528","925","3.139156","870","3.139184","925","3.14314","803","3.142232","925","3.142528","868","3.141016","867","3.1416","865","3.141476","886","3.1394","866","3.14338","866","3.14154","951","3.142408","952","3.137728","935","3.142316","951","3.142152","951","3.141528","952","3.141172","952","3.140868","935","3.139984","951","3.140516","951","3.141544","951","3.140932","952","3.145512","951","3.14112","933","3.139304","948","3.140708","932","3.140652","948","3.140288","948","3.140696","932","3.139808","948","3.143972","948","3.140804","948","3.139132","947","3.142072","948","3.14312","948","3.14","948","3.139732","948","3.139656","948","3.142076","948","3.143244","933","3.14398","927","3.141984","927","3.140984","927","3.143372","925","3.141948","925","3.14158","857","3.139936","857","3.141648","857","3.142888","858","3.13912","853","3.138884","853","3.143288","853","3.138652","853","3.141568","853","3.142732","853","3.14244","853","3.14156","853","3.14018","853","3.142556","853","3.140208","853","3.143192","853","3.139896","845","3.143272","845","3.141876","842","3.139048","842","3.142336","842","3.139816","842","3.141350960000001","837","1017"
"18","3.143828","116","3.141672","736","3.141872","544","3.1444","614","3.142776","736","3.14212","614","3.138632","614","3.141724","544","3.142844","494","3.14198","545","3.14266","736","3.144196","614","3.140592","958","3.140016","958","3.14434","958","3.14068","958","3.139752","940","3.14034","940","3.13986","941","3.139916","941","3.141084","941","3.14064","919","3.143036","940","3.140448","941","3.141472","919","3.139988","958","3.142212","940","3.139244","958","3.14372","958","3.140036","958","3.141496","958","3.1402","958","3.14212","958","3.141364","958","3.139052","958","3.138388","919","3.140784","919","3.143484","941","3.140884","941","3.143252","958","3.14212","936","3.143064","933","3.141724","934","3.143912","934","3.142152","934","3.140476","933","3.144572","934","3.1427","934","3.142896","933","3.141036","933","3.139888","934","3.141292","933","3.141944","933","3.141208","934","3.14106","934","3.141588","933","3.140524","934","3.139308","933","3.141168","934","3.1371","934","3.141784","933","3.144812","933","3.142548","933","3.138484","934","3.14216","933","3.143612","933","3.141072","933","3.14238","934","3.141484","933","3.14178","934","3.140548","933","3.140504","933","3.142608","934","3.142416","933","3.14076","933","3.142496","934","3.142868","933","3.139168","933","3.1398","933","3.144356","933","3.140096","933","3.142476","933","3.140132","933","3.14124","933","3.142288","933","3.138204","933","3.143232","933","3.140668","933","3.14352","932","3.14054","933","3.142104","933","3.143832","933","3.141648","933","3.140384","933","3.1415","933","3.144752","933","3.1434","933","3.14114","933","3.141312","933","3.140932","932","3.141558760000001","893","970"
"19","3.142296","262","3.143144","992","3.144184","940","3.14168","940","3.143812","940","3.144432","973","3.142088","973","3.14186","992","3.142644","940","3.14202","940","3.143528","992","3.138108","973","3.140424","992","3.14182","973","3.142736","992","3.141084","940","3.143952","991","3.141636","991","3.143164","940","3.139012","992","3.142048","991","3.143364","991","3.14082","991","3.141376","973","3.138992","991","3.140544","991","3.14232","991","3.143396","969","3.140872","962","3.142656","904","3.142968","955","3.140184","956","3.140828","955","3.143188","951","3.138596","899","3.13816","951","3.140664","899","3.142828","931","3.140828","951","3.144252","951","3.143928","951","3.14028","899","3.142324","951","3.142156","943","3.140888","944","3.144628","924","3.142392","937","3.14366","937","3.140212","938","3.141576","937","3.140796","937","3.140348","953","3.14218","953","3.137756","936","3.14268","936","3.140124","953","3.142372","953","3.142484","936","3.142744","936","3.143656","953","3.139456","936","3.141036","953","3.141884","936","3.140396","936","3.141868","931","3.139252","937","3.141632","920","3.139216","920","3.141856","938","3.143196","937","3.142904","937","3.14224","937","3.141272","920","3.14138","937","3.143796","937","3.14012","937","3.141312","937","3.142016","938","3.142116","937","3.144264","937","3.142504","937","3.145056","937","3.142896","937","3.140856","937","3.139408","937","3.139912","937","3.14208","937","3.141392","937","3.14126","937","3.142048","920","3.138908","937","3.139964","937","3.141092","937","3.14072","937","3.141908","937","3.142772","937","3.143468","937","3.141344","937","3.141708","920","3.141568","937","3.141717679999999","940","1011"
"20","3.141544","407","3.14178","929","3.140712","984","3.140724","911","3.140544","930","3.141264","984","3.142156","964","3.139088","984","3.14174","929","3.143404","983","3.14066","930","3.141896","983","3.141756","929","3.144576","930","3.138792","963","3.14158","984","3.14078","964","3.14276","964","3.143676","964","3.142564","929","3.142316","984","3.141776","976","3.141488","976","3.140992","977","3.140244","977","3.142836","977","3.139292","975","3.14316","976","3.141532","976","3.14214","977","3.143968","977","3.14216","978","3.143104","976","3.141316","956","3.144176","976","3.142584","977","3.139236","996","3.1387","976","3.140892","977","3.140236","996","3.141432","996","3.140936","977","3.14216","996","3.142812","976","3.140868","977","3.141024","997","3.143824","996","3.14108","996","3.14182","976","3.142064","977","3.142832","976","3.14346","996","3.143784","977","3.140152","976","3.141772","977","3.142184","977","3.14026","957","3.142108","958","3.14012","957","3.142048","958","3.141152","957","3.144088","957","3.140168","957","3.141236","957","3.141016","957","3.14228","957","3.139896","957","3.14012","957","3.143252","957","3.1422","957","3.144452","957","3.140852","957","3.141788","957","3.139532","957","3.14382","957","3.142776","957","3.142872","957","3.141176","957","3.141632","957","3.142076","957","3.144436","957","3.142316","957","3.139992","957","3.141552","957","3.143908","957","3.140288","957","3.141704","957","3.141996","957","3.141488","957","3.142064","957","3.1405","955","3.143228","955","3.141816","955","3.140108","955","3.144188","955","3.142884","955","3.139912","955","3.139924","955","3.14204","955","3.140248","936","3.141718599999999","959","1005"
"21","3.141912","240","3.1463","1033","3.138384","988","3.139208","988","3.142296","1032","3.140756","886","3.144324","988","3.14286","835","3.142192","785","3.13974","1013","3.14332","988","3.139904","988","3.13944","988","3.141532","886","3.143312","1033","3.138544","806","3.139856","988","3.143252","988","3.142396","861","3.14266","886","3.139412","1002","3.141904","1023","3.142796","1023","3.1439","1022","3.143428","1023","3.142236","1023","3.142228","1003","3.143716","1023","3.141376","1022","3.139212","1022","3.143728","1003","3.139808","1022","3.141356","1000","3.139564","1017","3.143684","1000","3.142552","1000","3.143824","1000","3.144564","1000","3.143728","1000","3.138468","1000","3.14232","1000","3.142212","1000","3.143748","1017","3.138996","1017","3.14062","999","3.1429","998","3.140828","998","3.141192","998","3.14162","998","3.139044","998","3.139852","998","3.144292","1015","3.138752","1015","3.14022","997","3.142104","998","3.139332","998","3.141208","997","3.141028","998","3.144292","997","3.144048","1015","3.142564","1014","3.14122","998","3.14024","1015","3.142188","1015","3.141724","1014","3.140128","997","3.144584","998","3.144208","1015","3.143768","996","3.143608","996","3.139892","1014","3.139952","996","3.140016","1013","3.14102","1013","3.14282","1014","3.140944","997","3.140364","996","3.14272","1013","3.140488","995","3.142604","1014","3.140084","996","3.147304","996","3.140508","996","3.139544","996","3.139668","997","3.143632","1014","3.142244","996","3.141996","996","3.14294","996","3.141792","1013","3.141048","995","3.140912","996","3.139792","996","3.141932","1013","3.140684","979","3.144168","979","3.14172","967","3.139808","967","3.1448","967","3.142136","967","3.1417404400000004","984","1051"
"22","3.14168","861","3.138532","502","3.142996","905","3.142516","903","3.138636","987","3.138956","1007","3.142096","1006","3.138288","1006","3.13998","987","3.144164","1006","3.14292","950","3.142288","1006","3.1404","1006","3.141596","1006","3.14314","987","3.143108","1027","3.141716","987","3.1404","986","3.142888","1027","3.139564","987","3.142448","1027","3.140892","987","3.142152","902","3.141004","1027","3.14512","1027","3.141348","1006","3.142656","1006","3.142132","1017","3.14194","996","3.140108","996","3.142508","1017","3.142072","1014","3.141064","991","3.141292","996","3.140192","996","3.142568","996","3.144076","993","3.142168","992","3.139984","993","3.139272","992","3.142832","993","3.14034","992","3.14296","987","3.142904","984","3.14176","985","3.1419","985","3.141252","985","3.1359","985","3.142852","984","3.140904","984","3.140512","981","3.14056","999","3.141372","999","3.142028","999","3.140252","981","3.141196","980","3.139856","980","3.14058","990","3.144372","990","3.139572","990","3.142732","990","3.138696","990","3.144096","990","3.14364","990","3.141876","989","3.140232","990","3.140544","990","3.139688","983","3.1388","983","3.144756","983","3.142148","983","3.142408","983","3.140404","983","3.140492","983","3.141748","978","3.142248","979","3.144312","970","3.141616","912","3.140704","912","3.142352","911","3.144612","910","3.141632","908","3.141628","909","3.142984","909","3.139744","908","3.14234","909","3.144148","909","3.141484","908","3.136972","908","3.143784","908","3.14382","909","3.140528","908","3.142288","908","3.143028","908","3.141968","909","3.143208","909","3.142428","909","3.140704","909","3.143012","908","3.143592","908","3.141621600000001","965","1051"
"23","3.141332","210","3.141276","388","3.141136","388","3.140596","384","3.140268","384","3.145816","388","3.143032","388","3.143376","671","3.141692","671","3.140964","671","3.1389","671","3.140744","671","3.143368","672","3.142072","695","3.142048","671","3.141348","671","3.14078","672","3.142604","671","3.143868","670","3.139724","670","3.141288","671","3.143196","670","3.138436","670","3.144436","670","3.141588","668","3.142588","653","3.142516","959","3.140664","877","3.14192","959","3.14296","959","3.142952","842","3.14218","776","3.142772","842","3.140352","959","3.14216","928","3.141892","832","3.14028","866","3.142748","959","3.140304","861","3.1397","924","3.13828","924","3.140972","959","3.143008","898","3.142044","958","3.140396","958","3.141816","899","3.140212","956","3.138392","896","3.140712","870","3.143564","947","3.143284","947","3.142976","949","3.141072","947","3.14246","946","3.139764","946","3.137944","945","3.142916","944","3.13826","945","3.143216","944","3.139612","945","3.14156","944","3.140064","945","3.144476","945","3.1394","944","3.14108","945","3.13998","946","3.142684","946","3.136404","945","3.141532","945","3.14148","946","3.14304","944","3.142232","945","3.141336","945","3.14282","944","3.139916","944","3.14044","946","3.139992","920","3.138696","919","3.139164","919","3.13978","919","3.140972","913","3.14212","913","3.138312","913","3.140632","913","3.138856","913","3.139884","913","3.142528","913","3.14116","913","3.142596","912","3.141568","912","3.141876","912","3.144576","911","3.142488","913","3.138856","912","3.145076","861","3.141548","826","3.14458","827","3.141436","812","3.140108","813","3.14266","813","3.1413868400000013","830","993"
"24","3.141136","930","3.14318","951","3.141136","951","3.142108","909","3.143848","928","3.143484","951","3.146452","931","3.141096","951","3.142316","951","3.142156","909","3.140928","951","3.141688","951","3.142644","931","3.139072","931","3.140228","951","3.14362","951","3.139776","951","3.142564","909","3.140932","910","3.14178","929","3.140792","907","3.14048","931","3.139608","926","3.14412","926","3.143748","925","3.141436","925","3.142268","924","3.142388","925","3.137784","924","3.139372","900","3.140264","924","3.141788","922","3.142776","943","3.140956","923","3.140012","922","3.141472","922","3.145424","922","3.140248","922","3.139384","944","3.142356","921","3.142848","922","3.140852","943","3.144424","923","3.14412","922","3.140316","922","3.137304","943","3.140652","944","3.142684","943","3.137128","943","3.141516","922","3.139168","921","3.141988","943","3.143332","922","3.143452","943","3.143124","922","3.14156","944","3.14284","943","3.140328","943","3.143756","922","3.145848","923","3.143484","923","3.141888","943","3.14112","921","3.14246","918","3.143744","939","3.142276","918","3.138944","918","3.140224","939","3.141964","939","3.143336","939","3.142116","939","3.143072","918","3.142352","917","3.142236","939","3.138188","939","3.1432","939","3.141832","918","3.14136","910","3.141416","931","3.14334","931","3.141564","909","3.141992","909","3.14072","930","3.140076","931","3.143648","931","3.143012","931","3.142628","910","3.141868","909","3.145844","910","3.138072","931","3.138712","911","3.140896","909","3.143468","931","3.141536","910","3.141764","910","3.140288","911","3.14054","931","3.141128","930","3.140932","931","3.138264","931","3.1416956399999987","928","974"
"25","3.141748","901","3.142984","848","3.14328","797","3.141412","797","3.142936","985","3.138788","797","3.139136","797","3.142828","901","3.1435","797","3.141916","791","3.140108","818","3.139372","940","3.143052","958","3.141104","973","3.139412","956","3.139752","973","3.142264","955","3.140964","973","3.14356","973","3.142664","973","3.139608","972","3.140516","973","3.14118","973","3.140016","972","3.137468","973","3.142052","970","3.139572","969","3.142212","970","3.13994","988","3.144704","970","3.14132","970","3.139532","970","3.144872","970","3.143232","970","3.140492","970","3.141616","970","3.145076","987","3.14326","987","3.1416","970","3.140872","987","3.142268","970","3.145356","970","3.13698","970","3.141908","969","3.139364","987","3.143992","970","3.143692","970","3.143756","970","3.141852","987","3.145032","970","3.142468","987","3.142076","987","3.142496","970","3.141856","970","3.144984","987","3.143064","970","3.139588","970","3.142952","970","3.140268","969","3.140396","969","3.14134","970","3.14024","970","3.1442","987","3.144052","970","3.140436","970","3.141896","987","3.141","970","3.140864","970","3.14182","970","3.140428","970","3.144344","987","3.141776","970","3.140356","970","3.142788","970","3.137348","970","3.142712","987","3.14042","970","3.144612","969","3.141336","969","3.140036","970","3.140424","970","3.1432","970","3.1409","987","3.143536","987","3.140892","987","3.140632","969","3.140708","970","3.139784","969","3.1407","987","3.14154","970","3.141084","968","3.143824","969","3.14276","970","3.142768","987","3.14354","969","3.143312","987","3.139896","970","3.13932","969","3.14176","987","3.140152","969","3.1416700399999984","958","1004"
"26","3.14306","579","3.143316","549","3.144844","902","3.141052","902","3.142888","756","3.141436","921","3.14062","902","3.140944","876","3.143776","902","3.139312","902","3.140084","876","3.142696","902","3.141196","876","3.140896","902","3.140248","902","3.140156","902","3.1399","902","3.1412","902","3.142388","902","3.141844","902","3.141596","901","3.142172","902","3.141232","902","3.140172","875","3.138952","902","3.139788","902","3.140928","902","3.1422","902","3.137904","901","3.14044","881","3.14306","862","3.144532","862","3.140912","861","3.140392","861","3.143904","879","3.139164","879","3.144368","879","3.141","880","3.141748","880","3.142524","881","3.141284","880","3.141928","861","3.143404","880","3.141728","879","3.143868","861","3.141492","879","3.140552","880","3.139652","879","3.13872","861","3.142256","860","3.139048","880","3.139212","878","3.143048","877","3.142552","887","3.141752","869","3.139452","870","3.141468","887","3.142612","887","3.142164","887","3.142804","887","3.142544","869","3.140848","887","3.142932","869","3.144736","887","3.141748","870","3.140092","869","3.143524","870","3.142352","887","3.140748","887","3.139036","870","3.14148","869","3.141912","885","3.142788","885","3.140836","867","3.142132","885","3.142492","885","3.141508","867","3.13916","868","3.138804","885","3.137936","874","3.13842","874","3.139884","856","3.14024","874","3.141984","874","3.142688","874","3.142728","874","3.1412","857","3.1392","874","3.141584","874","3.138284","856","3.139112","870","3.142756","871","3.141868","870","3.140956","870","3.14318","860","3.142904","850","3.140884","848","3.1416","845","3.141712","845","3.140808","845","3.1413744000000015","871","940"
"27","3.14466","538","3.141672","822","3.142516","608","3.142368","822","3.145708","951","3.138984","968","3.141036","968","3.143128","969","3.140484","968","3.143064","949","3.142556","949","3.142328","948","3.141844","968","3.142052","949","3.142116","948","3.139328","968","3.143896","969","3.142188","968","3.143912","968","3.143092","922","3.1455","968","3.145176","968","3.139296","948","3.139516","968","3.141376","968","3.143364","968","3.142508","968","3.143164","968","3.14306","968","3.140184","968","3.141432","968","3.141236","968","3.141256","968","3.140776","947","3.142748","968","3.140496","968","3.141588","968","3.139984","968","3.139308","967","3.141216","968","3.13926","968","3.143576","948","3.1424","948","3.142664","968","3.139636","968","3.140388","948","3.141796","948","3.141288","922","3.14232","967","3.141348","948","3.141648","954","3.139272","954","3.141824","954","3.142052","954","3.141352","954","3.141816","954","3.140732","954","3.13988","954","3.140532","953","3.141568","934","3.140564","953","3.141944","954","3.14018","953","3.144464","954","3.142576","953","3.143124","953","3.139372","954","3.140564","953","3.1412","954","3.141216","953","3.141584","954","3.142848","953","3.143344","953","3.140608","953","3.144072","954","3.140348","953","3.141708","953","3.141172","954","3.140252","953","3.143628","953","3.140776","954","3.143408","953","3.144144","954","3.142416","953","3.139168","953","3.141896","954","3.140816","953","3.140836","953","3.141992","933","3.143708","954","3.143832","954","3.139368","953","3.141848","953","3.1437","953","3.144032","953","3.140224","954","3.139956","953","3.139664","953","3.143772","954","3.140932","953","3.141767239999999","946","973"
"28","3.142184","453","3.141572","821","3.142968","730","3.139932","821","3.144548","818","3.141844","857","3.144","817","3.14208","791","3.14368","817","3.14286","817","3.141572","817","3.141808","817","3.141776","817","3.14334","809","3.142644","960","3.14172","959","3.140112","958","3.140444","959","3.139156","959","3.141828","940","3.141096","959","3.140684","959","3.143452","959","3.142408","959","3.142996","959","3.136704","959","3.141892","959","3.143032","959","3.142352","959","3.142316","959","3.139708","959","3.139548","959","3.141984","959","3.14054","959","3.14268","959","3.1426","959","3.143264","959","3.141024","958","3.14204","959","3.142212","959","3.142408","959","3.139408","959","3.142584","940","3.140484","958","3.142652","959","3.143276","959","3.139036","959","3.140256","959","3.138864","959","3.140372","959","3.143804","959","3.142004","958","3.142344","922","3.141852","959","3.138372","958","3.141688","959","3.143752","959","3.144684","940","3.141824","959","3.141936","958","3.138972","959","3.140172","959","3.143704","959","3.142652","959","3.14326","959","3.140384","958","3.140844","959","3.141136","959","3.139284","958","3.143516","958","3.140628","958","3.140744","959","3.14144","958","3.141964","958","3.141532","940","3.14152","959","3.138496","939","3.142776","958","3.140116","959","3.142996","958","3.141976","959","3.143104","940","3.140184","958","3.141952","959","3.14084","959","3.14336","959","3.142296","959","3.141056","958","3.141556","959","3.142252","959","3.142372","959","3.141552","959","3.142556","959","3.141404","958","3.143588","958","3.139956","938","3.138724","959","3.1422","958","3.143532","958","3.140792","958","3.1416558799999996","932","974"
"29","3.140072","206","3.142744","660","3.140292","606","3.144556","606","3.138692","606","3.142024","606","3.142888","633","3.142888","659","3.140356","581","3.14054","605","3.140404","659","3.144744","683","3.141916","633","3.14294","682","3.143644","706","3.1448","687","3.142504","905","3.141816","905","3.14174","905","3.143904","905","3.140436","906","3.141208","906","3.142276","905","3.14146","825","3.141488","906","3.141752","905","3.14534","823","3.142948","905","3.139756","905","3.142092","906","3.143152","905","3.142832","905","3.143592","905","3.140552","905","3.138872","905","3.141636","906","3.139092","905","3.142804","905","3.141624","905","3.141436","905","3.142048","905","3.141612","906","3.14222","905","3.143628","905","3.141728","905","3.141984","904","3.14184","903","3.142084","903","3.141484","882","3.137476","881","3.144028","881","3.140532","904","3.143024","903","3.140516","904","3.140188","877","3.141476","881","3.142112","882","3.139608","884","3.140548","879","3.144432","881","3.13938","883","3.14118","884","3.14056","903","3.14134","903","3.143156","903","3.143832","883","3.140404","880","3.1418","904","3.141168","903","3.140636","885","3.139316","887","3.143468","888","3.141764","903","3.14312","887","3.139688","903","3.141596","883","3.140664","903","3.139024","903","3.13882","878","3.142612","885","3.14314","884","3.141752","903","3.142228","898","3.142124","897","3.141736","898","3.140772","879","3.13974","897","3.139792","897","3.144176","878","3.139976","897","3.1424","896","3.141848","877","3.142368","896","3.141524","881","3.139548","877","3.14256","896","3.143468","896","3.140264","877","3.142232","870","3.139848","896","3.1416540399999997","848","954"
"30","3.142848","410","3.141128","464","3.142476","908","3.141656","908","3.139832","1004","3.141696","943","3.14214","887","3.14336","1005","3.141828","1004","3.14174","1004","3.13842","984","3.141732","1004","3.143888","962","3.143272","962","3.141192","887","3.141848","962","3.140304","1004","3.1381","943","3.143244","962","3.141716","1004","3.141592","1004","3.141972","962","3.138228","1023","3.142148","962","3.14028","962","3.143024","1004","3.137976","962","3.142432","984","3.142896","984","3.14066","887","3.143512","1004","3.14264","962","3.14012","952","3.142028","1000","3.140364","1000","3.142688","999","3.140276","1018","3.139556","996","3.139572","995","3.141972","995","3.14344","996","3.142024","995","3.14122","994","3.142264","992","3.140516","992","3.141688","1010","3.141592","991","3.142808","991","3.14042","1010","3.136184","1009","3.139688","990","3.141012","991","3.140668","1009","3.142056","991","3.141796","1009","3.14166","1010","3.14022","1009","3.139228","1003","3.140184","1003","3.142272","1002","3.14276","1002","3.141456","993","3.140732","993","3.140492","993","3.141488","993","3.139776","990","3.142728","989","3.140196","989","3.140824","988","3.14008","984","3.142088","984","3.141636","984","3.142176","983","3.139684","983","3.141284","983","3.142968","936","3.142176","936","3.143996","936","3.141316","936","3.142536","936","3.142564","936","3.145804","932","3.14194","932","3.14","932","3.143444","931","3.141024","931","3.144192","931","3.141512","928","3.142052","929","3.14226","929","3.142192","928","3.139936","929","3.14084","928","3.14162","928","3.142204","928","3.137096","928","3.142524","922","3.138804","922","3.141628","922","3.141684","921","3.1414100799999995","959","1044"
"31","3.139736","106","3.141656","356","3.141884","128","3.143668","926","3.141008","927","3.145","896","3.140336","926","3.139756","926","3.141796","895","3.142988","904","3.143536","926","3.145648","926","3.145556","895","3.143552","926","3.142472","926","3.141892","927","3.143476","926","3.14118","926","3.140036","926","3.141976","906","3.140428","926","3.141428","926","3.144188","927","3.139452","926","3.139252","902","3.144364","926","3.138108","926","3.138324","926","3.143176","899","3.140832","873","3.143128","926","3.142084","926","3.141192","926","3.142356","926","3.140928","902","3.141676","927","3.138388","927","3.142124","903","3.142756","926","3.142356","925","3.139572","903","3.140112","926","3.139172","926","3.140216","925","3.142816","926","3.142176","926","3.13948","902","3.142324","926","3.14096","903","3.140928","926","3.143028","926","3.142272","925","3.141956","926","3.143544","926","3.141548","925","3.140168","925","3.142584","925","3.140332","905","3.142244","926","3.142252","902","3.139428","926","3.140112","926","3.141056","926","3.141184","902","3.141528","895","3.142","926","3.14064","925","3.140744","925","3.140232","900","3.140552","926","3.138872","925","3.143364","926","3.13704","925","3.143896","925","3.144712","926","3.14062","926","3.141972","925","3.14186","926","3.1388","905","3.140604","895","3.143288","926","3.139048","903","3.1416","925","3.14376","906","3.141244","926","3.14374","900","3.141892","926","3.14096","901","3.141632","926","3.139688","925","3.138548","925","3.1409","925","3.14328","926","3.141272","903","3.144656","903","3.1435","925","3.141556","925","3.144972","925","3.138416","925","3.140176","925","3.1415471999999998","897","930"
"32","3.138616","53","3.1421","911","3.142804","869","3.138848","881","3.142288","933","3.14178","933","3.140476","933","3.14214","933","3.138084","933","3.142388","911","3.143264","933","3.14142","910","3.142208","933","3.141548","911","3.141576","911","3.142308","911","3.141528","933","3.143832","881","3.140888","933","3.143888","933","3.1396","910","3.142588","911","3.142992","933","3.139356","911","3.141388","933","3.142504","933","3.14024","933","3.138488","911","3.141176","911","3.141336","910","3.142692","933","3.141048","933","3.144232","911","3.144944","922","3.142364","922","3.142368","899","3.144816","922","3.139232","922","3.141016","922","3.140436","923","3.14556","922","3.142996","922","3.141624","922","3.142104","922","3.139588","908","3.14278","909","3.141592","909","3.140924","887","3.142048","909","3.142444","909","3.144428","887","3.141936","909","3.143448","886","3.139696","909","3.141404","909","3.143252","909","3.141276","909","3.142848","887","3.141748","909","3.141876","887","3.142776","887","3.142392","909","3.14084","909","3.141112","908","3.142104","909","3.142724","909","3.140644","908","3.14248","887","3.13914","909","3.141824","909","3.14204","909","3.139876","909","3.13898","909","3.142748","909","3.144124","909","3.141296","909","3.13846","909","3.14002","908","3.13912","909","3.140092","909","3.143792","908","3.141076","908","3.141596","908","3.141752","908","3.142484","909","3.13898","909","3.143524","908","3.139684","909","3.14394","909","3.144128","909","3.140212","908","3.140972","887","3.143484","909","3.141384","908","3.146448","908","3.139212","908","3.141012","908","3.142016","887","3.142456","909","3.139892","908","3.1416920800000003","902","935"
"33","3.141224","524","3.14192","524","3.140248","613","3.143664","636","3.138272","904","3.140432","610","3.139392","837","3.141792","609","3.140412","904","3.143064","904","3.1425","731","3.141004","731","3.142388","986","3.142136","968","3.141092","986","3.141976","985","3.141436","986","3.141588","969","3.138884","969","3.140024","969","3.142116","968","3.141408","986","3.141908","969","3.140664","986","3.140052","986","3.144552","969","3.142412","969","3.13914","969","3.136808","985","3.142104","965","3.144068","981","3.141188","981","3.140868","982","3.142268","981","3.14254","981","3.141664","981","3.140952","964","3.139508","981","3.14276","981","3.142064","965","3.14394","981","3.139156","964","3.139104","947","3.139624","963","3.139752","963","3.139316","963","3.140208","962","3.140776","960","3.142448","960","3.136716","960","3.141792","960","3.138588","960","3.140456","944","3.140216","960","3.139892","960","3.141244","960","3.142284","959","3.143584","960","3.142644","959","3.14188","959","3.140404","960","3.139848","959","3.140212","959","3.139588","959","3.141076","959","3.1421","960","3.14344","960","3.141752","960","3.141584","960","3.139308","959","3.142712","960","3.140952","959","3.140976","960","3.140792","959","3.144052","960","3.142428","959","3.142352","959","3.142524","960","3.143196","959","3.141424","959","3.141916","960","3.14058","960","3.142436","959","3.139968","959","3.142104","959","3.142632","959","3.138152","959","3.143372","959","3.140388","959","3.140136","959","3.138896","959","3.142988","959","3.13826","959","3.143412","955","3.142428","955","3.142176","954","3.142152","955","3.140084","955","3.14046","954","3.142196","954","3.1412156799999993","934","1000"
"34","3.13992","49","3.14204","268","3.142744","424","3.142792","417","3.142084","266","3.142272","393","3.140468","250","3.142108","251","3.141972","392","3.14322","429","3.1411","417","3.140908","417","3.140432","251","3.1409","250","3.141924","417","3.140752","266","3.13956","266","3.142776","226","3.141108","247","3.141544","268","3.143076","413","3.144844","368","3.142324","691","3.14056","715","3.14146","722","3.141132","748","3.140776","714","3.142492","668","3.141296","748","3.141784","772","3.13854","691","3.140764","691","3.142592","612","3.142772","860","3.139208","722","3.139632","857","3.1419","741","3.145316","723","3.141516","748","3.141084","604","3.141404","668","3.143436","662","3.140764","774","3.14238","663","3.141184","803","3.138752","788","3.138076","788","3.143496","788","3.140012","788","3.144612","766","3.14048","788","3.140552","788","3.139612","788","3.140612","788","3.140856","733","3.14224","733","3.144036","734","3.142016","733","3.138836","733","3.142288","734","3.141832","733","3.142232","733","3.142404","733","3.141248","733","3.140604","733","3.143776","733","3.143144","734","3.14304","733","3.14246","733","3.1395","734","3.141896","733","3.140624","733","3.14452","733","3.140692","733","3.14254","733","3.144008","687","3.140692","671","3.141776","671","3.142868","671","3.141964","671","3.144124","670","3.142176","671","3.141872","670","3.141664","671","3.141108","671","3.142244","671","3.142064","670","3.141224","670","3.142828","671","3.141228","670","3.141188","671","3.144348","670","3.144672","671","3.141908","670","3.142724","671","3.143208","671","3.142452","670","3.141316","671","3.14326","671","3.13976","670","3.1417652400000016","627","940"
"35","3.140988","470","3.143788","443","3.138828","443","3.14396","469","3.143368","439","3.14144","535","3.142412","931","3.14296","843","3.142264","843","3.14152","843","3.14238","885","3.144224","906","3.140268","906","3.143716","843","3.144668","885","3.13918","843","3.139232","801","3.141252","842","3.141812","842","3.140336","842","3.137932","843","3.140748","866","3.141524","843","3.140004","906","3.142752","866","3.140668","866","3.142272","842","3.142716","906","3.14022","882","3.141356","839","3.143468","920","3.142176","920","3.139364","921","3.140632","937","3.139676","929","3.142832","926","3.141708","926","3.141664","926","3.140648","926","3.141964","926","3.139388","926","3.144956","925","3.141528","926","3.138868","926","3.141628","926","3.141968","926","3.143444","926","3.140948","926","3.140224","925","3.143152","925","3.142868","926","3.139812","925","3.142224","926","3.139548","926","3.141044","925","3.13952","908","3.14162","926","3.140792","908","3.14112","926","3.144","926","3.138972","926","3.142748","926","3.138296","926","3.14014","926","3.140652","926","3.14168","926","3.142864","925","3.142444","926","3.140056","926","3.143672","925","3.144696","926","3.142152","925","3.138592","926","3.13974","926","3.144292","925","3.13936","926","3.140888","907","3.14066","925","3.142364","925","3.143632","925","3.14232","926","3.142804","926","3.141856","926","3.141972","925","3.144388","925","3.140664","925","3.14142","925","3.141668","925","3.139664","920","3.141416","914","3.143504","901","3.142128","881","3.144204","781","3.139512","781","3.14136","781","3.143568","781","3.14136","781","3.141576","781","3.142924","781","3.141764","781","3.141595440000001","870","955"
"36","3.141524","678","3.144152","624","3.140968","899","3.142076","860","3.141972","620","3.142332","942","3.139908","921","3.14156","942","3.140264","921","3.141036","942","3.139772","921","3.141644","942","3.141244","942","3.141908","942","3.139404","921","3.143772","942","3.140496","942","3.144816","942","3.1422","921","3.142768","942","3.139492","942","3.144948","942","3.144248","941","3.141704","941","3.143464","921","3.144216","921","3.143244","942","3.140896","921","3.140144","942","3.138744","942","3.142748","941","3.1396","920","3.141296","921","3.138656","941","3.143348","941","3.142168","941","3.142648","942","3.14128","942","3.139624","942","3.14106","942","3.138852","942","3.140924","942","3.14056","942","3.142732","941","3.140676","941","3.141136","942","3.141328","941","3.140876","920","3.143844","941","3.14026","920","3.14192","942","3.13994","941","3.139348","941","3.145256","920","3.142288","941","3.141036","941","3.141436","920","3.142816","942","3.141348","941","3.14234","942","3.14132","935","3.143576","935","3.138468","934","3.142636","935","3.140112","930","3.14102","930","3.140392","931","3.140072","930","3.143036","930","3.141984","930","3.14048","930","3.13942","931","3.140808","930","3.142384","930","3.141916","930","3.143488","907","3.140608","906","3.1417","906","3.14236","906","3.142072","903","3.143476","904","3.142644","903","3.139432","903","3.137068","903","3.138136","904","3.141228","903","3.140788","903","3.141504","904","3.140332","903","3.14238","899","3.143208","899","3.143908","899","3.139664","899","3.140968","899","3.14152","899","3.142036","899","3.141972","899","3.13982","899","3.139184","899","3.13912","899","3.1414249999999995","916","947"
"37","3.14102","210","3.14368","211","3.140872","934","3.139084","934","3.142836","957","3.144112","957","3.140136","957","3.140888","875","3.140868","934","3.140884","934","3.14264","956","3.143096","934","3.139648","957","3.137436","934","3.14192","934","3.140804","934","3.141968","957","3.14386","912","3.140332","934","3.142892","912","3.141508","956","3.140052","934","3.14044","956","3.13968","956","3.14306","929","3.143888","952","3.142948","952","3.14128","929","3.142528","870","3.14458","952","3.14088","907","3.141836","930","3.138948","929","3.141676","952","3.14186","952","3.140996","923","3.140648","939","3.141916","939","3.142224","923","3.141288","939","3.139904","919","3.140816","935","3.142628","931","3.143872","926","3.140448","910","3.144064","926","3.140216","910","3.138436","926","3.141216","926","3.137636","924","3.142624","925","3.143608","943","3.14134","924","3.14456","942","3.138892","942","3.139808","942","3.14158","942","3.140912","942","3.143328","924","3.141068","942","3.138212","936","3.141768","936","3.144668","936","3.14142","936","3.139556","936","3.140156","928","3.140172","928","3.142688","928","3.141736","918","3.14008","918","3.14246","918","3.142788","918","3.139492","917","3.142376","918","3.140756","918","3.143084","918","3.140924","918","3.142872","918","3.14128","918","3.141552","918","3.144172","918","3.142592","918","3.142736","918","3.138488","918","3.141548","918","3.141036","918","3.14142","918","3.142464","918","3.141996","917","3.14252","918","3.142472","912","3.138676","912","3.14216","912","3.141624","912","3.14058","912","3.14126","912","3.14216","911","3.141868","911","3.142492","911","3.143228","911","3.1415169999999994","913","996"
"38","3.14484","917","3.14098","939","3.140628","984","3.142564","984","3.143932","984","3.141576","984","3.141692","984","3.140824","984","3.141632","1004","3.139128","984","3.14104","984","3.142604","984","3.142236","984","3.142784","984","3.139868","984","3.139712","983","3.14192","984","3.142672","983","3.140416","984","3.143168","1004","3.140028","962","3.142144","917","3.142956","984","3.139456","984","3.140704","939","3.138912","983","3.141256","1004","3.14042","984","3.141312","983","3.142716","983","3.139624","977","3.142724","1036","3.141628","977","3.14266","1019","3.140528","977","3.14294","977","3.140912","971","3.142376","991","3.137976","948","3.145092","1012","3.14224","1012","3.142164","1012","3.14162","1012","3.142496","994","3.139336","994","3.141504","1012","3.142564","1012","3.143368","1012","3.142932","995","3.142728","995","3.139684","973","3.141016","1012","3.141452","973","3.141176","1012","3.140872","1012","3.140976","995","3.141804","991","3.140664","991","3.141732","973","3.14332","991","3.140248","991","3.138916","991","3.140012","991","3.144016","990","3.140808","991","3.140768","991","3.140208","991","3.144004","991","3.14232","991","3.143796","973","3.140708","991","3.141088","990","3.144724","990","3.142896","991","3.139004","991","3.1427","991","3.139652","991","3.139536","990","3.139752","990","3.143328","990","3.143288","991","3.1432","991","3.13758","973","3.142348","974","3.1417","974","3.143884","974","3.142012","973","3.142524","973","3.143728","973","3.141148","973","3.143016","973","3.141848","973","3.140308","973","3.141292","974","3.139888","973","3.142672","973","3.143868","974","3.141704","973","3.141904","973","3.140476","974","3.1416109999999997","984","1045"
"39","3.13946","150","3.142676","777","3.141776","724","3.140956","752","3.142808","723","3.1416","778","3.136768","752","3.140576","723","3.1414","777","3.141464","778","3.141764","778","3.138744","819","3.142448","675","3.14188","777","3.140192","723","3.141256","777","3.141552","819","3.140136","773","3.14404","924","3.141772","924","3.141668","923","3.14212","924","3.139168","924","3.141324","944","3.140188","924","3.139312","907","3.143312","923","3.139312","923","3.141056","924","3.144036","923","3.142588","924","3.141864","924","3.141428","923","3.14022","923","3.140108","924","3.14176","923","3.141972","919","3.140884","899","3.141964","899","3.138604","899","3.142852","899","3.142664","899","3.138472","931","3.139216","931","3.1418","931","3.14422","931","3.139428","932","3.14094","932","3.141504","914","3.141696","931","3.140244","932","3.13888","931","3.139368","931","3.141108","931","3.139212","932","3.144136","931","3.142368","931","3.142028","926","3.13956","926","3.143508","926","3.142716","925","3.145824","925","3.141612","925","3.14254","925","3.140132","926","3.140816","926","3.140872","925","3.143564","926","3.13984","916","3.141104","916","3.141272","915","3.14","916","3.142836","916","3.139776","914","3.138128","914","3.143996","913","3.142416","912","3.142156","906","3.14152","907","3.139776","892","3.142216","892","3.140632","891","3.14224","892","3.139236","891","3.141148","891","3.140576","892","3.14176","891","3.1446","892","3.142268","892","3.1398","892","3.140564","892","3.144816","892","3.142584","891","3.142712","891","3.14448","892","3.14236","892","3.14194","885","3.14436","885","3.142496","885","3.1414","885","3.1414244399999984","879","978"
"40","3.140752","1020","3.142148","1001","3.140868","1020","3.142104","1000","3.140476","1020","3.14334","1020","3.142184","1000","3.140188","1020","3.14244","1020","3.1438","1020","3.140324","1001","3.139324","1020","3.138324","1019","3.138576","1019","3.140816","1020","3.14156","1020","3.1418","1020","3.140532","1020","3.143896","1020","3.141696","1020","3.13872","1019","3.14036","1020","3.141276","1020","3.142952","1020","3.146064","1020","3.14058","1001","3.141892","1020","3.142588","1020","3.139316","1019","3.144744","1020","3.140364","1020","3.141204","1019","3.142928","1020","3.142416","1001","3.140144","1020","3.14298","1019","3.142244","1020","3.141176","1019","3.141608","1000","3.140392","1001","3.14078","1012","3.142048","1011","3.143","1012","3.141676","1012","3.140252","1011","3.14088","1011","3.144992","1012","3.13984","1012","3.140336","992","3.141268","1011","3.137848","1011","3.142732","1011","3.140644","1011","3.142528","1012","3.142872","1012","3.142712","1012","3.138852","1012","3.139356","1011","3.140652","1011","3.142532","1011","3.14018","1012","3.14414","1011","3.143704","1011","3.139488","1011","3.142748","1012","3.141612","1011","3.143124","1011","3.141508","1011","3.142408","1011","3.14316","1011","3.142768","992","3.135968","1011","3.143776","1011","3.139808","1011","3.14234","1011","3.143144","1010","3.143932","1011","3.142092","1011","3.139696","1011","3.139636","1011","3.143308","1011","3.142588","1011","3.13954","1011","3.13714","1011","3.141852","1011","3.140752","1011","3.142024","1011","3.1447","1011","3.14414","1011","3.141932","1011","3.139128","1011","3.140688","1011","3.142332","1011","3.140688","1011","3.140584","1011","3.141276","1011","3.143708","1011","3.140704","1008","3.14092","1007","3.141524","1006","3.1414965599999993","1012","1021"
"41","3.13932","255","3.14306","87","3.142888","86","3.141768","505","3.14156","477","3.143168","527","3.143496","527","3.140956","505","3.142392","527","3.138792","595","3.14012","527","3.147112","527","3.143712","527","3.14074","505","3.140068","509","3.139392","576","3.141464","574","3.14226","574","3.142196","574","3.138452","595","3.140088","654","3.143216","876","3.140652","878","3.139916","878","3.141344","847","3.141688","859","3.142136","862","3.13892","862","3.14066","863","3.141472","862","3.141332","832","3.139912","862","3.141612","862","3.144136","862","3.143148","862","3.138252","863","3.143948","861","3.142112","863","3.144584","830","3.142248","826","3.140684","863","3.139228","862","3.145088","859","3.142744","861","3.142712","862","3.139984","858","3.141864","856","3.142496","858","3.139416","858","3.141672","847","3.144344","848","3.140184","815","3.138676","848","3.140224","848","3.142072","848","3.140652","845","3.140968","844","3.141952","868","3.141524","868","3.139988","846","3.142624","847","3.138936","847","3.144548","817","3.142712","817","3.144036","818","3.146448","814","3.142964","818","3.142816","816","3.139388","815","3.140868","837","3.141728","818","3.14266","817","3.144412","817","3.14044","818","3.14308","815","3.14206","818","3.139556","817","3.142148","817","3.143008","815","3.1372","816","3.143824","813","3.14186","818","3.141444","817","3.144676","815","3.141444","817","3.144264","814","3.14272","818","3.137268","816","3.141572","814","3.142512","837","3.140992","837","3.14198","817","3.139908","813","3.140884","818","3.139984","815","3.143228","815","3.139688","815","3.142736","837","3.142952","817","3.143232","816","3.1416956399999987","763","926"
"42","3.143604","837","3.141084","919","3.141544","885","3.140036","885","3.144652","749","3.143004","749","3.142296","749","3.14218","919","3.139328","917","3.140572","888","3.142944","749","3.14082","917","3.141728","918","3.141632","919","3.142232","915","3.142684","916","3.143172","911","3.14304","915","3.14364","907","3.142684","910","3.140508","913","3.142904","916","3.141016","911","3.142604","908","3.141388","909","3.13976","907","3.14148","916","3.140144","909","3.143364","912","3.138152","907","3.140728","912","3.13748","915","3.1407","914","3.141064","907","3.141956","914","3.1398","886","3.139236","878","3.141932","906","3.142024","905","3.14238","910","3.14086","910","3.14338","905","3.141288","906","3.14188","912","3.139536","911","3.140208","911","3.144672","913","3.13946","914","3.142056","910","3.1375","904","3.141932","913","3.140792","909","3.142408","912","3.141952","911","3.143952","912","3.139052","909","3.14012","905","3.141824","908","3.141488","910","3.140984","911","3.14158","905","3.143816","912","3.142384","913","3.139836","909","3.139616","911","3.142688","907","3.139836","908","3.141608","912","3.139464","913","3.139824","911","3.143156","913","3.140572","905","3.142844","906","3.139732","913","3.142556","910","3.142468","882","3.139752","913","3.14212","913","3.140468","912","3.139112","912","3.140828","911","3.14338","913","3.141056","912","3.142936","906","3.142752","912","3.142284","905","3.136952","911","3.141368","911","3.143968","907","3.140704","910","3.138884","907","3.13998","905","3.141008","911","3.141892","908","3.140044","912","3.140812","911","3.13816","908","3.141972","911","3.140344","909","3.141944","904","3.1413154000000008","901","927"
"43","3.141916","283","3.144164","373","3.143376","373","3.14262","347","3.13882","370","3.141296","370","3.1417","531","3.13974","531","3.142604","927","3.142696","927","3.141128","906","3.141708","927","3.141992","927","3.141844","904","3.14336","907","3.141744","927","3.13816","927","3.140636","927","3.141944","927","3.141388","927","3.14246","927","3.139304","906","3.139444","749","3.142672","916","3.143028","901","3.141204","902","3.142016","881","3.138872","879","3.14036","899","3.141268","899","3.142008","899","3.142168","899","3.142384","899","3.141912","889","3.139464","890","3.143776","890","3.140108","889","3.142576","890","3.14022","889","3.139752","889","3.142544","889","3.139944","889","3.140872","873","3.138164","874","3.14014","873","3.140876","871","3.140544","871","3.142072","871","3.140252","869","3.140004","870","3.1399","870","3.139916","866","3.141156","866","3.14338","860","3.142988","860","3.142456","838","3.141232","860","3.139852","860","3.141372","860","3.141744","860","3.13902","838","3.13938","860","3.1407","860","3.139996","860","3.144008","860","3.13962","860","3.136504","836","3.140488","860","3.142828","860","3.142184","860","3.138628","860","3.14142","859","3.140788","860","3.13632","860","3.142244","860","3.140024","841","3.139644","839","3.141432","839","3.142188","838","3.142092","838","3.142324","838","3.141148","838","3.142628","838","3.140432","835","3.141376","812","3.140684","834","3.142248","834","3.144112","832","3.141796","832","3.143488","831","3.13828","832","3.13976","832","3.142352","832","3.14224","832","3.145132","832","3.142428","832","3.13998","832","3.143092","832","3.140396","832","3.14292","827","3.1412356400000014","830","937"
"44","3.140072","183","3.139384","505","3.142676","456","3.1416","505","3.141736","878","3.139688","878","3.144356","834","3.144644","878","3.140484","855","3.139892","855","3.142556","878","3.140468","878","3.141268","878","3.1409","878","3.141036","899","3.140404","954","3.1423","878","3.144548","855","3.143316","878","3.141004","785","3.142368","855","3.141464","855","3.1429","878","3.139496","877","3.141156","855","3.142056","855","3.140364","855","3.144984","878","3.144244","878","3.142376","855","3.14246","878","3.144224","878","3.142432","855","3.143032","834","3.139288","834","3.143536","877","3.14448","785","3.141596","850","3.142932","961","3.142172","939","3.141288","917","3.141808","916","3.13964","917","3.144212","917","3.141284","917","3.141548","917","3.14234","917","3.142728","894","3.143716","916","3.1442","916","3.141304","916","3.1421","916","3.140276","916","3.142776","916","3.142244","916","3.14164","916","3.138996","916","3.140508","916","3.1404","916","3.14008","916","3.143516","916","3.139468","916","3.140164","916","3.144164","916","3.141348","916","3.144896","916","3.142684","916","3.143044","916","3.142616","916","3.140772","916","3.144584","915","3.144456","915","3.143256","916","3.143748","916","3.1418","916","3.142676","916","3.139288","916","3.139576","916","3.140976","916","3.141204","916","3.143476","916","3.139588","916","3.140256","916","3.1439","916","3.143288","916","3.140248","896","3.144284","916","3.142256","916","3.14066","916","3.141696","915","3.140148","916","3.1396","915","3.14308","916","3.143532","916","3.138736","916","3.142952","915","3.140768","916","3.139396","916","3.140524","915","3.14204","916","3.141876439999999","878","984"
"45","3.142544","906","3.1431","928","3.14164","906","3.142652","928","3.140776","928","3.143056","906","3.144624","843","3.137624","869","3.141752","927","3.14492","906","3.141632","928","3.141352","905","3.143428","903","3.141384","928","3.139952","905","3.143196","924","3.140976","899","3.143568","900","3.142676","923","3.14034","923","3.139992","924","3.142564","923","3.141788","903","3.143948","923","3.139492","924","3.142464","923","3.14248","899","3.142632","896","3.142468","923","3.141496","924","3.142428","924","3.140204","923","3.140796","899","3.139656","924","3.142232","901","3.141156","896","3.13942","922","3.14178","922","3.139912","923","3.140744","923","3.142856","895","3.142788","923","3.141628","923","3.13912","923","3.142104","923","3.139808","895","3.142156","919","3.142776","897","3.140376","918","3.139964","918","3.14132","919","3.142956","918","3.141908","918","3.14044","918","3.139448","918","3.14066","892","3.142252","918","3.138592","919","3.140072","896","3.139468","918","3.141452","918","3.13874","918","3.138776","918","3.141424","918","3.138936","919","3.141024","919","3.13978","918","3.141748","918","3.141504","918","3.14222","918","3.138408","919","3.141712","918","3.14252","896","3.139796","918","3.140944","918","3.142076","918","3.141544","918","3.140852","918","3.145368","919","3.144532","894","3.142504","918","3.142604","918","3.14106","918","3.142124","918","3.144504","918","3.140872","918","3.141128","919","3.142048","918","3.144796","919","3.144268","918","3.143248","894","3.13748","917","3.14162","917","3.140184","918","3.141576","916","3.142416","916","3.140796","916","3.14168","916","3.141068","916","3.140416","916","3.1414928399999997","914","929"
"46","3.142692","871","3.142616","870","3.138748","865","3.142268","863","3.137276","863","3.141768","870","3.142716","892","3.144392","870","3.141912","863","3.141664","863","3.142488","863","3.139148","863","3.140676","870","3.143056","870","3.140984","869","3.14092","869","3.137812","871","3.143172","869","3.141116","863","3.142288","863","3.140356","863","3.13914","870","3.143928","870","3.141776","892","3.14188","862","3.139604","869","3.141784","870","3.142672","872","3.139232","892","3.141848","869","3.142076","863","3.137672","862","3.140624","869","3.142544","869","3.142316","869","3.14256","862","3.14194","863","3.14304","863","3.141484","863","3.139708","891","3.138816","892","3.14102","863","3.143372","870","3.141388","892","3.142136","891","3.139756","891","3.143256","869","3.144264","870","3.140412","869","3.146596","869","3.144096","863","3.141688","863","3.138212","870","3.141032","868","3.140628","870","3.141596","862","3.142424","870","3.143572","869","3.142576","864","3.13714","862","3.14132","870","3.144468","869","3.140592","863","3.140952","863","3.14304","856","3.141708","863","3.138352","885","3.139328","857","3.141672","856","3.1427","856","3.14168","862","3.14346","865","3.140492","865","3.141248","863","3.14366","856","3.136456","885","3.143732","885","3.140488","855","3.142716","865","3.139884","885","3.142588","864","3.139204","856","3.14236","856","3.14298","885","3.142196","864","3.139868","862","3.140428","864","3.140404","862","3.140128","863","3.141088","885","3.141412","858","3.139404","861","3.1393","881","3.144888","860","3.144588","849","3.14166","854","3.142048","820","3.140612","823","3.139148","821","3.143044","814","3.1414317199999986","866","892"
"47","3.141212","355","3.14026","606","3.140072","525","3.137936","607","3.14274","607","3.139644","441","3.140672","606","3.141496","607","3.141068","606","3.140904","606","3.140336","606","3.142812","606","3.143088","524","3.139204","629","3.142368","594","3.14048","639","3.142152","594","3.139236","594","3.141044","640","3.140376","594","3.142","570","3.14066","909","3.142176","909","3.141304","886","3.14134","909","3.143216","887","3.142216","886","3.140192","910","3.144032","909","3.13932","910","3.142072","909","3.141496","769","3.143544","883","3.142416","887","3.143296","909","3.141792","882","3.14134","887","3.142724","887","3.142008","887","3.142756","909","3.14116","885","3.13906","885","3.14284","887","3.141552","870","3.141732","870","3.14498","870","3.141132","870","3.142472","870","3.142132","870","3.141064","870","3.14058","833","3.142348","856","3.14312","856","3.14252","852","3.142236","830","3.140444","825","3.142272","852","3.141768","791","3.141776","830","3.13998","848","3.14302","846","3.143192","822","3.14154","845","3.14022","844","3.141892","821","3.143196","845","3.137824","845","3.142452","845","3.141664","845","3.14142","845","3.140852","845","3.141576","845","3.142272","831","3.143412","830","3.14326","830","3.1407","829","3.140904","828","3.139924","828","3.139244","828","3.140748","828","3.14086","828","3.1405","828","3.14226","828","3.138668","827","3.140764","828","3.144692","827","3.143684","828","3.143416","827","3.141564","828","3.141648","828","3.144028","827","3.142664","828","3.140804","827","3.141548","827","3.142404","828","3.143312","814","3.143848","813","3.139344","810","3.141932","810","3.14374","810","3.1416316","793","934"
"48","3.143484","506","3.14324","535","3.142064","535","3.140388","899","3.142824","874","3.14356","937","3.140812","918","3.143656","937","3.14172","899","3.143868","937","3.142124","937","3.140984","899","3.142544","899","3.140776","918","3.140884","937","3.140484","873","3.144576","900","3.141268","918","3.140604","929","3.141876","911","3.143704","929","3.138952","948","3.141324","929","3.14344","916","3.141808","915","3.142196","897","3.143896","911","3.141576","930","3.14288","912","3.141436","912","3.142384","874","3.14348","874","3.144504","912","3.140828","912","3.140916","911","3.142308","912","3.139276","911","3.141308","911","3.141012","911","3.139964","878","3.14236","878","3.140708","917","3.14152","890","3.140476","908","3.140496","871","3.13994","890","3.140752","889","3.140936","890","3.144848","889","3.139464","908","3.142228","889","3.14332","908","3.139448","908","3.145448","908","3.141716","908","3.1414","889","3.145716","908","3.140824","908","3.14198","889","3.142932","900","3.141112","900","3.140964","900","3.138544","900","3.141512","899","3.141396","899","3.141464","899","3.139236","881","3.143076","900","3.140616","900","3.140284","899","3.142004","900","3.139508","900","3.144344","900","3.141904","900","3.142524","880","3.143044","900","3.142664","900","3.142528","881","3.14612","870","3.143244","871","3.140588","871","3.1378","871","3.141184","870","3.14136","870","3.145212","870","3.140188","870","3.140508","870","3.142052","870","3.140548","870","3.139584","870","3.142276","870","3.14118","870","3.13892","858","3.143108","858","3.139864","858","3.139992","855","3.139956","854","3.143284","854","3.139032","854","3.141948","855","3.141701120000001","884","958"
"49","3.14134","838","3.140072","974","3.14196","789","3.142264","790","3.141664","919","3.140408","815","3.142008","915","3.138436","913","3.144084","912","3.140508","759","3.13926","892","3.142944","892","3.13908","909","3.140604","889","3.142456","889","3.143848","867","3.143184","939","3.14236","960","3.14238","960","3.141072","905","3.140608","960","3.140244","939","3.139872","939","3.142596","905","3.143792","939","3.142812","960","3.14026","884","3.140032","960","3.142392","960","3.141456","939","3.138328","960","3.143548","960","3.143408","939","3.141364","960","3.144376","940","3.143312","939","3.139556","863","3.143804","905","3.142772","960","3.141304","959","3.140512","939","3.142616","934","3.142808","933","3.14032","933","3.145708","911","3.138872","876","3.14102","932","3.140844","932","3.143436","931","3.142708","910","3.14256","932","3.13992","932","3.140156","931","3.141092","929","3.143784","908","3.14212","929","3.141876","908","3.140432","928","3.14234","907","3.140248","908","3.14256","926","3.145452","889","3.140612","886","3.144656","887","3.140124","886","3.14172","866","3.140124","887","3.142252","866","3.14016","887","3.141164","879","3.14016","876","3.141804","874","3.142544","874","3.140512","873","3.140236","870","3.140948","870","3.14364","870","3.14138","869","3.141292","870","3.14022","869","3.144336","870","3.143768","870","3.142776","869","3.139812","869","3.142464","870","3.143068","870","3.142864","870","3.141272","869","3.143364","870","3.141824","870","3.1389","870","3.141912","869","3.141272","870","3.137916","869","3.141528","870","3.143632","870","3.14196","869","3.145276","870","3.141488","869","3.141456","869","3.141715880000001","899","976"
"50","3.14422","168","3.14278","268","3.1427","267","3.141344","267","3.142808","267","3.141644","267","3.141284","438","3.140352","267","3.143948","518","3.13906","518","3.143592","580","3.140908","580","3.140324","580","3.1443","580","3.138928","581","3.139652","580","3.142968","561","3.143088","561","3.143788","585","3.14146","585","3.142716","889","3.140628","631","3.14104","801","3.142612","693","3.140648","888","3.143148","888","3.140956","888","3.140452","800","3.142332","800","3.143604","881","3.141376","881","3.140768","881","3.142668","881","3.142788","881","3.140716","881","3.14254","881","3.13924","881","3.141148","837","3.141964","837","3.14244","837","3.139988","837","3.142652","869","3.141748","869","3.141576","869","3.142464","869","3.141248","869","3.141608","846","3.14442","844","3.143136","851","3.141524","845","3.1408","869","3.140848","851","3.141872","869","3.143804","869","3.142732","841","3.14432","845","3.140688","869","3.141816","842","3.1437","851","3.141144","846","3.141932","851","3.142264","861","3.140444","860","3.140456","839","3.143056","856","3.14094","857","3.14328","857","3.142056","856","3.140496","856","3.140788","857","3.1417","856","3.143296","856","3.139872","856","3.142956","834","3.143516","857","3.140088","834","3.142604","856","3.140904","837","3.141948","856","3.142304","856","3.138672","838","3.142116","856","3.139404","855","3.140268","838","3.139376","852","3.143248","850","3.13868","849","3.144204","849","3.14124","849","3.138948","849","3.139948","849","3.139664","849","3.141552","848","3.14058","849","3.14116","848","3.141112","816","3.141064","783","3.143776","783","3.141604","783","3.141616","756","3.14168152","766","952"
"51","3.139432","397","3.1401","526","3.145604","526","3.14092","525","3.142872","616","3.142748","522","3.143556","616","3.140876","493","3.140652","522","3.141532","616","3.141144","616","3.142072","616","3.142376","616","3.14268","616","3.142676","616","3.139584","857","3.145948","857","3.142624","754","3.139748","731","3.140512","859","3.138632","860","3.14232","859","3.140992","836","3.139552","857","3.14564","858","3.143364","857","3.142488","860","3.141264","860","3.142636","864","3.141264","833","3.141724","857","3.1411","858","3.140872","859","3.142836","857","3.141352","860","3.142168","856","3.141592","858","3.142736","833","3.142832","856","3.140504","858","3.1374","856","3.138824","856","3.1406","863","3.1407","858","3.142016","865","3.142556","857","3.139596","857","3.142704","859","3.144328","864","3.140332","865","3.142828","856","3.142984","859","3.142436","860","3.143508","857","3.141952","843","3.141068","843","3.143212","841","3.141456","837","3.14256","841","3.141128","841","3.14036","837","3.142352","834","3.141792","835","3.142548","833","3.140916","839","3.140292","835","3.14088","841","3.141764","833","3.14112","835","3.139504","840","3.142232","832","3.142704","833","3.1437","833","3.140968","841","3.1414","840","3.142948","833","3.14224","833","3.142452","836","3.143228","840","3.143196","840","3.14242","834","3.14572","841","3.14316","841","3.1378","841","3.139892","833","3.14112","839","3.140548","840","3.141876","841","3.140268","841","3.139812","839","3.1389","841","3.141876","840","3.139416","840","3.14358","839","3.142288","832","3.140444","839","3.140996","832","3.14236","840","3.139964","835","3.140732","840","3.1416548000000004","801","885"
"52","3.141244","585","3.141748","890","3.140704","890","3.141744","892","3.142788","893","3.141516","892","3.140856","893","3.140228","890","3.1424","890","3.143596","869","3.142352","890","3.14032","890","3.137692","888","3.14376","888","3.140732","890","3.142112","890","3.140052","811","3.140336","890","3.142916","890","3.140564","887","3.141628","883","3.142084","886","3.14104","883","3.14372","883","3.140748","886","3.141708","886","3.142696","883","3.138784","886","3.144116","885","3.14168","883","3.140248","886","3.139456","883","3.143824","886","3.143124","878","3.140384","875","3.142832","878","3.141404","878","3.141716","879","3.141912","875","3.143924","879","3.143132","878","3.140112","866","3.142272","866","3.142516","863","3.1405","866","3.14256","866","3.142796","878","3.141968","878","3.140628","878","3.141532","878","3.14142","878","3.139848","878","3.138692","878","3.14124","878","3.141876","878","3.141624","878","3.141856","878","3.140312","861","3.137992","857","3.142108","856","3.141848","878","3.138932","859","3.140596","833","3.142368","860","3.141132","860","3.141688","860","3.142348","878","3.140872","878","3.143744","860","3.140244","857","3.143324","858","3.141428","858","3.143776","858","3.140412","857","3.13862","857","3.141492","857","3.14274","857","3.140724","857","3.142884","857","3.142096","851","3.142524","842","3.142788","842","3.141084","842","3.14234","839","3.139016","839","3.141124","839","3.139248","839","3.141852","839","3.142648","839","3.14302","839","3.139692","839","3.142872","839","3.139308","839","3.138168","839","3.140324","839","3.141256","839","3.143944","839","3.14098","839","3.142752","839","3.140328","839","3.1414620800000006","864","914"
"53","3.143064","444","3.143224","755","3.139412","876","3.143652","876","3.141972","875","3.144932","876","3.143424","875","3.139964","805","3.140872","870","3.139096","869","3.14566","869","3.141664","799","3.142376","869","3.14118","865","3.138956","864","3.140124","864","3.142264","865","3.141868","864","3.142084","864","3.14184","864","3.143376","953","3.139508","864","3.144432","842","3.1421","954","3.144592","864","3.1423","864","3.143152","864","3.140152","864","3.142664","842","3.142996","864","3.142784","864","3.142304","864","3.143668","842","3.14476","864","3.139176","859","3.141836","858","3.140868","858","3.143772","836","3.142044","902","3.141888","897","3.141156","894","3.14084","894","3.140856","841","3.146264","907","3.140816","907","3.138472","858","3.14224","907","3.144604","907","3.141356","857","3.142224","907","3.1435","907","3.139684","907","3.14392","927","3.143356","909","3.141284","907","3.143004","907","3.143336","880","3.139452","916","3.140376","904","3.14066","905","3.141156","905","3.139756","905","3.140684","905","3.140352","905","3.143116","905","3.142488","905","3.142004","905","3.141312","886","3.14514","905","3.140368","905","3.143164","862","3.14126","862","3.141244","862","3.142556","862","3.143808","863","3.14138","862","3.137276","863","3.144052","862","3.140344","862","3.144576","862","3.144424","862","3.141924","862","3.139464","862","3.141804","862","3.14422","862","3.140048","856","3.143108","856","3.14398","856","3.14182","856","3.140012","856","3.140724","855","3.141464","856","3.143296","856","3.140708","856","3.14394","856","3.137956","856","3.144256","856","3.143248","856","3.141996","856","3.141436","856","3.141992639999998","868","967"
"54","3.140784","605","3.140284","580","3.1434","554","3.141344","605","3.143792","528","3.140996","580","3.142616","580","3.142344","817","3.141032","922","3.142808","840","3.141948","818","3.142212","783","3.140688","781","3.140528","840","3.142112","783","3.140996","781","3.141748","684","3.143168","783","3.14212","922","3.142024","758","3.14124","812","3.14352","820","3.140704","840","3.142796","820","3.141072","812","3.139516","840","3.139244","922","3.141916","820","3.141212","917","3.139704","863","3.143316","917","3.142136","917","3.141108","863","3.143108","837","3.1432","918","3.141724","918","3.141536","917","3.141652","813","3.14068","890","3.144152","863","3.143376","863","3.142052","917","3.139712","862","3.139188","870","3.143684","890","3.142176","814","3.142736","914","3.14068","914","3.144164","860","3.14158","901","3.141624","902","3.139128","898","3.142632","833","3.141084","833","3.141224","832","3.140016","833","3.141696","833","3.14252","833","3.14214","832","3.139636","831","3.139576","833","3.1395","832","3.145188","832","3.14478","833","3.142044","833","3.141924","833","3.139648","832","3.139248","833","3.138624","832","3.140764","833","3.140876","832","3.140572","833","3.139092","833","3.14264","832","3.138116","832","3.141672","832","3.142772","833","3.143088","832","3.142872","832","3.139592","832","3.141596","832","3.141968","833","3.141856","833","3.140384","831","3.138872","832","3.13742","831","3.143892","832","3.142204","831","3.145044","831","3.142784","832","3.144668","832","3.144112","832","3.141308","832","3.141532","831","3.142404","832","3.143028","831","3.14026","832","3.143332","831","3.143748","832","3.140436","832","3.14164964","824","927"
"55","3.140576","828","3.142196","828","3.139764","828","3.141852","823","3.14318","944","3.139768","926","3.139816","926","3.139812","926","3.141304","926","3.142204","907","3.140176","961","3.13908","961","3.14294","926","3.13954","961","3.1395","926","3.14056","978","3.140656","926","3.14006","925","3.144468","977","3.142312","944","3.142432","926","3.139096","864","3.14378","926","3.141828","926","3.141616","926","3.143508","926","3.144068","978","3.141308","926","3.142152","925","3.139344","960","3.144328","977","3.14482","925","3.143628","926","3.14514","960","3.143484","943","3.141276","925","3.1421","925","3.142708","977","3.139392","884","3.142308","960","3.144","925","3.14076","960","3.144176","977","3.144052","977","3.139972","926","3.143516","960","3.140236","955","3.14058","938","3.140988","973","3.14188","953","3.143444","936","3.1406","952","3.139852","953","3.140424","970","3.140928","970","3.140124","953","3.140104","969","3.14324","952","3.140644","970","3.143892","969","3.141504","970","3.1423","936","3.14062","942","3.14094","889","3.141664","906","3.13872","899","3.144488","892","3.139716","891","3.143056","891","3.14168","892","3.13934","891","3.141448","892","3.14008","892","3.140056","891","3.1402","892","3.140872","891","3.14264","892","3.140704","892","3.14164","892","3.1431","891","3.14102","892","3.14126","891","3.143668","891","3.142412","892","3.139012","892","3.140744","891","3.140984","891","3.143016","891","3.14124","891","3.138764","892","3.140864","891","3.140184","891","3.141764","891","3.13734","891","3.14156","892","3.140736","891","3.144404","891","3.14338","891","3.142244","891","3.14058","891","3.1415143599999986","920","985"
"56","3.142036","285","3.1434","575","3.142604","575","3.141592","854","3.142172","720","3.14168","613","3.142128","878","3.145116","879","3.14076","880","3.143164","887","3.14016","907","3.144688","909","3.142008","908","3.14016","886","3.139152","908","3.139684","906","3.143608","906","3.14246","904","3.141528","905","3.14426","904","3.140144","905","3.140644","905","3.140796","905","3.138032","851","3.140828","904","3.142376","905","3.14436","904","3.142724","904","3.141832","905","3.144188","905","3.13974","904","3.141532","904","3.1439","905","3.140636","905","3.143888","905","3.14368","874","3.145652","905","3.14408","905","3.14106","895","3.139872","874","3.14072","894","3.143252","895","3.139672","879","3.13948","878","3.141376","857","3.141232","879","3.141464","875","3.141728","872","3.140148","873","3.142108","872","3.142228","872","3.144788","873","3.140944","873","3.143796","873","3.142672","861","3.141312","859","3.140404","861","3.140756","861","3.144516","861","3.141356","864","3.140388","864","3.143384","861","3.140724","859","3.142512","864","3.141892","860","3.141508","860","3.144468","831","3.144068","861","3.141072","860","3.139244","864","3.14292","857","3.14134","860","3.14216","849","3.142632","846","3.13996","846","3.143848","845","3.14022","845","3.1423","843","3.140904","845","3.141652","842","3.141808","811","3.14128","835","3.140268","835","3.139464","835","3.144436","834","3.1401","834","3.142948","832","3.1395","832","3.141636","832","3.141484","831","3.138656","831","3.144864","829","3.143656","829","3.140668","828","3.14168","827","3.141676","826","3.142924","825","3.141484","826","3.144044","825","3.141152","825","3.141872","852","918"
"57","3.14014","46","3.142656","538","3.141508","516","3.139808","516","3.141256","517","3.144208","894","3.142472","913","3.145124","914","3.139488","894","3.141908","894","3.144256","894","3.142292","893","3.141948","913","3.142756","764","3.14286","869","3.142096","894","3.141976","870","3.144924","913","3.142072","913","3.140704","894","3.142104","893","3.142128","913","3.141324","913","3.140948","913","3.143092","913","3.14556","913","3.140432","893","3.143052","894","3.142708","913","3.14198","908","3.138056","889","3.139848","889","3.141916","908","3.140492","889","3.140512","889","3.1406","908","3.141608","889","3.143","847","3.142068","847","3.14188","830","3.141308","826","3.142364","845","3.140924","845","3.139592","845","3.144532","845","3.143908","842","3.140424","842","3.14288","822","3.141696","842","3.141976","842","3.140996","822","3.143244","822","3.139904","835","3.139488","816","3.141624","815","3.144852","816","3.142528","835","3.139928","835","3.143536","835","3.141876","815","3.139156","835","3.14276","835","3.143208","833","3.143","833","3.141536","806","3.142644","824","3.140908","825","3.141392","824","3.141336","824","3.140464","817","3.14262","816","3.140576","815","3.142388","815","3.140164","815","3.139432","828","3.13998","814","3.142228","814","3.143268","814","3.140448","814","3.143332","805","3.142008","818","3.143292","818","3.144132","818","3.14194","818","3.143404","818","3.141204","818","3.141796","818","3.139424","818","3.14064","818","3.143844","818","3.139048","818","3.1429","818","3.144584","818","3.141088","818","3.140416","818","3.142908","818","3.141208","812","3.141564","813","3.140508","813","3.1414","803","3.14183488","826","932"
"58","3.140912","877","3.143172","877","3.14028","812","3.14272","813","3.139808","876","3.141588","792","3.139836","877","3.140108","876","3.140836","876","3.142128","691","3.139152","876","3.141852","876","3.141048","812","3.141352","876","3.13998","854","3.141372","855","3.144196","876","3.143088","876","3.142736","854","3.141128","918","3.143644","876","3.141208","812","3.142448","872","3.142884","848","3.141848","848","3.141712","919","3.143272","919","3.140476","920","3.139976","920","3.142456","919","3.145624","935","3.138856","899","3.140584","919","3.141948","919","3.139296","919","3.141396","899","3.141476","919","3.138912","919","3.138936","919","3.138824","919","3.142576","899","3.144268","899","3.138612","880","3.140456","899","3.139812","918","3.14358","919","3.138844","918","3.141424","918","3.140104","919","3.138208","899","3.14072","918","3.1399","857","3.142224","919","3.141676","918","3.145068","918","3.141392","900","3.142472","919","3.143864","918","3.140304","918","3.141408","899","3.142736","899","3.141436","919","3.140196","919","3.140092","919","3.143816","919","3.144944","852","3.140624","867","3.139588","852","3.1407","851","3.141568","866","3.140724","858","3.1422","858","3.140284","854","3.14294","853","3.139884","853","3.140096","850","3.138228","850","3.141612","850","3.144276","850","3.143192","847","3.141472","847","3.141204","847","3.139652","847","3.142396","848","3.1432","831","3.144056","847","3.140492","847","3.140452","847","3.140004","831","3.142096","847","3.144648","847","3.142688","847","3.142268","847","3.1407","847","3.142852","847","3.14128","847","3.142288","847","3.141912","847","3.142508","847","3.137688","847","3.141429720000001","875","955"
"59","3.141576","325","3.14072","777","3.14136","752","3.141588","752","3.142848","752","3.142176","825","3.143168","930","3.141656","911","3.1422","911","3.138916","911","3.139552","848","3.140948","848","3.140192","752","3.142728","824","3.143576","799","3.143032","911","3.140988","824","3.140348","867","3.140684","911","3.141732","926","3.141168","925","3.140184","924","3.140292","924","3.142476","924","3.14114","924","3.141228","924","3.141916","924","3.139124","924","3.14286","924","3.140944","924","3.140596","924","3.143808","924","3.142816","924","3.141752","924","3.142288","924","3.139416","924","3.140576","924","3.142608","924","3.141832","924","3.142196","924","3.14022","924","3.142688","924","3.14392","924","3.141772","923","3.14172","914","3.140808","893","3.141652","879","3.140988","879","3.14234","879","3.14224","879","3.138436","879","3.142652","879","3.141828","879","3.144268","879","3.14278","880","3.140344","879","3.143712","879","3.141356","874","3.143464","872","3.138896","872","3.13948","872","3.145456","872","3.144444","873","3.143968","872","3.1404","872","3.142756","872","3.14066","872","3.140232","873","3.140612","872","3.143444","872","3.143176","872","3.14146","872","3.140176","872","3.139084","872","3.142172","872","3.141172","872","3.143736","872","3.140716","872","3.139464","872","3.142296","872","3.142812","872","3.144048","872","3.142152","852","3.143544","872","3.142572","872","3.142104","872","3.14234","872","3.141952","872","3.141624","872","3.14264","872","3.141412","872","3.139984","872","3.144548","872","3.141484","872","3.139804","849","3.14386","843","3.143688","842","3.141912","842","3.141268","843","3.142992","842","3.1417693599999996","873","932"
"60","3.142588","159","3.141868","868","3.144292","617","3.138296","992","3.13966","931","3.139812","889","3.140112","970","3.142964","970","3.141716","735","3.14276","616","3.1385","688","3.138212","931","3.13914","981","3.140976","981","3.140752","990","3.140156","989","3.143408","990","3.143836","972","3.14238","990","3.14158","971","3.143292","989","3.14224","989","3.141392","990","3.142908","971","3.14228","971","3.140492","990","3.138072","971","3.139148","990","3.141128","990","3.142292","989","3.145004","971","3.140052","989","3.140864","989","3.143712","989","3.142564","971","3.139944","971","3.141436","989","3.140248","971","3.141712","971","3.142132","989","3.14146","989","3.140456","990","3.143188","971","3.141644","971","3.14036","971","3.1412","989","3.139384","949","3.140912","989","3.14168","971","3.143664","989","3.144396","989","3.140472","989","3.141736","970","3.140252","970","3.143984","971","3.141664","970","3.142056","989","3.140016","971","3.141","971","3.139692","989","3.1409","971","3.139568","989","3.139272","988","3.140308","989","3.14394","978","3.14272","966","3.14342","952","3.1407","946","3.141424","947","3.141132","946","3.141608","946","3.13996","944","3.140872","937","3.143596","936","3.141604","936","3.141404","936","3.140524","937","3.141364","936","3.141536","934","3.14302","933","3.1432","934","3.143704","934","3.137388","934","3.141556","933","3.142756","933","3.143048","933","3.139252","933","3.141008","930","3.142168","930","3.139132","931","3.142384","931","3.139244","931","3.143272","927","3.141452","926","3.141428","926","3.143136","926","3.14108","927","3.142748","926","3.143128","925","3.140296","926","3.14143388","940","1013"
"61","3.141932","180","3.142548","889","3.143632","851","3.141208","912","3.142616","851","3.140784","888","3.145836","888","3.142456","888","3.143056","911","3.14402","888","3.140124","885","3.139776","885","3.143968","908","3.138032","885","3.139352","884","3.141188","885","3.142596","885","3.138468","892","3.140488","870","3.140876","869","3.14058","869","3.142824","892","3.140116","866","3.143124","889","3.142184","866","3.145068","889","3.143996","889","3.137968","889","3.14008","866","3.140748","866","3.14532","865","3.143936","895","3.1398","854","3.139892","893","3.140892","875","3.141732","893","3.142184","893","3.141556","890","3.144904","889","3.141416","889","3.139824","889","3.143348","886","3.142348","868","3.141852","886","3.140844","865","3.143816","865","3.139108","865","3.141008","883","3.142192","880","3.14238","880","3.141284","880","3.139644","862","3.14498","862","3.141804","880","3.141596","861","3.140432","862","3.143704","873","3.140736","874","3.141928","873","3.139576","873","3.1385","874","3.141152","873","3.139568","873","3.14246","873","3.144796","865","3.143416","865","3.139492","865","3.143552","862","3.144928","862","3.14246","860","3.138888","861","3.143876","861","3.139924","861","3.144156","861","3.141328","861","3.141336","861","3.143036","861","3.14004","861","3.141456","861","3.140028","861","3.139764","861","3.141292","860","3.139272","861","3.140008","860","3.140304","856","3.139788","856","3.140276","856","3.139892","848","3.142104","847","3.141132","841","3.144468","841","3.141936","841","3.139304","841","3.144892","841","3.140256","841","3.141432","841","3.13808","837","3.143316","832","3.141772","832","3.140292","832","3.1415765200000014","862","930"
"62","3.14248","206","3.141108","563","3.141492","563","3.143736","563","3.1403","585","3.13956","585","3.140036","585","3.14278","585","3.141472","873","3.139404","902","3.142756","900","3.14116","900","3.141244","898","3.139964","875","3.140624","901","3.1389","897","3.143136","902","3.142596","900","3.141832","900","3.142052","876","3.139872","897","3.14412","900","3.142512","877","3.143704","898","3.139588","899","3.140236","897","3.140544","900","3.140156","900","3.141944","894","3.142524","897","3.143212","896","3.142596","898","3.143144","892","3.141372","898","3.144596","898","3.1396","895","3.141404","895","3.143396","894","3.139808","897","3.14092","895","3.141464","896","3.140248","895","3.139284","894","3.142084","895","3.136612","894","3.142036","894","3.142544","889","3.139592","891","3.142756","893","3.142532","893","3.142532","892","3.14178","891","3.1415","894","3.144228","893","3.141864","893","3.142508","890","3.137108","880","3.139456","877","3.140616","877","3.13984","871","3.139572","877","3.142276","873","3.14138","874","3.142512","874","3.144752","876","3.140344","877","3.140864","874","3.139916","876","3.144476","875","3.14148","876","3.139816","877","3.140464","876","3.140528","875","3.140912","874","3.14422","873","3.141264","872","3.140684","876","3.142636","877","3.142264","876","3.1424","877","3.142528","876","3.143292","877","3.141188","871","3.141128","876","3.143128","874","3.142392","870","3.141444","876","3.14004","876","3.143412","875","3.143388","874","3.142568","875","3.14218","872","3.143024","875","3.141208","877","3.143212","873","3.140652","876","3.142508","875","3.140348","877","3.141872","875","3.13768","874","3.1415241599999995","856","912"
"63","3.140936","23","3.14154","910","3.143512","593","3.141716","594","3.141468","910","3.144248","910","3.14194","682","3.141436","616","3.142616","639","3.142656","639","3.143736","909","3.14068","706","3.141932","639","3.140968","639","3.140256","639","3.140352","641","3.138328","910","3.146196","616","3.14306","641","3.140696","706","3.143192","616","3.141812","910","3.14438","640","3.14436","910","3.142852","708","3.142532","642","3.13868","867","3.139588","867","3.143568","681","3.140808","867","3.143032","867","3.140036","867","3.142232","862","3.141456","862","3.142068","861","3.140872","861","3.14172","861","3.143176","830","3.142572","862","3.14372","838","3.142372","862","3.140736","861","3.1437","861","3.143064","861","3.142944","861","3.135388","861","3.14234","862","3.141084","861","3.1409","861","3.140152","862","3.141688","862","3.141276","861","3.145384","861","3.14462","861","3.141364","839","3.141364","861","3.141472","861","3.141756","861","3.137064","861","3.141556","861","3.142196","861","3.14092","858","3.139464","858","3.139548","857","3.13934","857","3.141648","858","3.137028","858","3.140356","857","3.14028","858","3.143856","858","3.13814","857","3.139808","858","3.141508","857","3.141132","835","3.140652","857","3.142364","836","3.14128","857","3.14112","857","3.138408","857","3.141124","857","3.142912","856","3.141724","858","3.141608","856","3.143376","831","3.14174","821","3.138752","822","3.142852","822","3.141248","822","3.14152","822","3.14244","822","3.140968","822","3.1437","814","3.141908","814","3.13808","813","3.143104","803","3.139988","797","3.140716","798","3.142308","798","3.142636","798","3.144436","798","3.1415734000000004","805","912"
"64","3.141648","416","3.141712","951","3.141016","951","3.138884","950","3.143052","950","3.143144","911","3.140108","931","3.142744","951","3.144008","951","3.140764","950","3.140676","932","3.142884","950","3.140224","951","3.141404","950","3.14082","951","3.142","931","3.142516","950","3.14144","931","3.14274","950","3.143124","951","3.143024","931","3.142384","931","3.142768","950","3.138836","932","3.14536","931","3.142668","950","3.144052","950","3.147008","950","3.1419","951","3.14224","910","3.139856","931","3.142776","948","3.142176","929","3.142832","948","3.142904","909","3.140484","948","3.143768","948","3.142244","947","3.14124","929","3.140196","929","3.142488","948","3.142136","948","3.14082","947","3.14104","948","3.142512","929","3.140148","948","3.139728","948","3.142992","948","3.143216","947","3.143036","944","3.141472","944","3.140432","924","3.139892","943","3.140124","944","3.142708","944","3.140568","944","3.141596","944","3.141816","943","3.13942","944","3.14392","925","3.142356","944","3.144892","943","3.141504","923","3.144736","941","3.141804","942","3.140712","942","3.140024","934","3.141348","933","3.143432","914","3.140832","933","3.140688","932","3.138572","922","3.141048","922","3.141568","922","3.142856","921","3.143224","921","3.140672","922","3.143292","916","3.141276","917","3.137076","916","3.14248","917","3.142548","914","3.140704","896","3.141328","896","3.140988","896","3.138804","896","3.1407","895","3.14172","896","3.139308","895","3.1405","893","3.142792","893","3.140024","893","3.140292","881","3.141008","880","3.144328","879","3.142856","880","3.144204","879","3.13918","879","3.138376","878","3.139968","875","3.14167708","923","952"
"65","3.14174","502","3.143292","616","3.140912","616","3.14016","702","3.142212","613","3.144072","613","3.139","591","3.140868","591","3.141668","591","3.1377","610","3.138736","607","3.142264","902","3.142312","922","3.14244","898","3.1413","902","3.139776","922","3.143272","902","3.142552","898","3.142652","898","3.138276","898","3.1402","901","3.141848","922","3.141644","921","3.142216","922","3.140576","922","3.143328","917","3.142744","894","3.13986","917","3.142064","918","3.143372","918","3.14058","918","3.143188","918","3.13902","917","3.146196","918","3.140596","894","3.143456","896","3.1432","918","3.142048","897","3.140612","917","3.142932","917","3.141668","918","3.143168","918","3.141396","918","3.141432","895","3.142216","918","3.140932","917","3.13992","894","3.142096","908","3.14108","908","3.140532","855","3.140864","908","3.140812","886","3.14202","908","3.144828","908","3.14314","905","3.143348","906","3.143152","907","3.142604","882","3.142212","907","3.143116","906","3.139952","906","3.140208","907","3.141144","906","3.143268","905","3.1401","884","3.141976","907","3.140216","906","3.140132","899","3.14022","899","3.138628","900","3.141284","899","3.141888","900","3.141844","899","3.141044","877","3.14264","899","3.141924","900","3.141392","899","3.141728","897","3.142412","894","3.14","869","3.141012","893","3.138152","893","3.137508","894","3.14202","893","3.139804","892","3.139812","893","3.139704","893","3.142268","888","3.14092","889","3.140064","889","3.139248","888","3.1416","887","3.14158","888","3.14176","888","3.142288","887","3.143716","888","3.14282","889","3.144","888","3.140104","888","3.142684","888","3.141484839999998","868","934"
"66","3.1433","44","3.13902","44","3.1397","890","3.142324","885","3.142328","910","3.140468","910","3.141684","910","3.135928","856","3.1389","911","3.14096","891","3.142988","910","3.142752","884","3.14262","910","3.143388","910","3.14056","910","3.137912","911","3.1416","911","3.140984","910","3.140548","893","3.141216","890","3.138916","910","3.142588","893","3.1415","892","3.142008","910","3.136424","888","3.140588","910","3.141336","886","3.140876","910","3.141628","885","3.142596","910","3.14136","885","3.141612","891","3.141444","884","3.142232","910","3.142212","910","3.141832","893","3.142352","892","3.140272","910","3.140772","910","3.144024","910","3.139328","886","3.143232","910","3.140016","910","3.142596","910","3.139168","909","3.141308","910","3.141804","909","3.142884","910","3.14346","884","3.142364","883","3.139612","883","3.141248","909","3.13934","909","3.138764","910","3.143024","910","3.139984","910","3.14224","910","3.141992","910","3.140988","910","3.141704","910","3.139192","910","3.13886","890","3.144184","910","3.14448","889","3.140356","910","3.141688","910","3.144004","910","3.144044","892","3.14118","910","3.143544","910","3.139524","909","3.140632","910","3.14216","909","3.143124","910","3.142052","909","3.14322","884","3.140372","890","3.140472","910","3.142916","910","3.140868","909","3.143672","892","3.142804","910","3.140704","910","3.138456","909","3.138516","910","3.140476","892","3.141976","909","3.14238","909","3.13876","895","3.140564","895","3.141212","876","3.142612","895","3.140612","869","3.140076","895","3.141516","895","3.141476","894","3.140944","895","3.142464","865","3.142448","877","3.141124","860","3.1413047200000004","883","912"
"67","3.141112","387","3.141724","280","3.141644","571","3.139084","691","3.142284","571","3.141684","594","3.13984","500","3.138632","500","3.14364","571","3.144144","545","3.140056","545","3.141768","891","3.1414","891","3.144012","895","3.142916","894","3.140468","890","3.144824","892","3.140784","891","3.142488","890","3.140516","874","3.14026","891","3.144568","895","3.144872","869","3.142516","891","3.143152","890","3.140108","862","3.144484","895","3.142704","890","3.143376","894","3.142996","892","3.140296","890","3.140496","891","3.141572","872","3.142636","892","3.142168","892","3.14184","890","3.141084","890","3.14454","890","3.142328","892","3.14136","891","3.142112","861","3.141872","894","3.138908","890","3.14276","894","3.142472","890","3.141416","871","3.139704","890","3.142184","870","3.141196","840","3.144752","890","3.145668","890","3.14118","890","3.141432","890","3.143852","894","3.142548","873","3.141664","872","3.141228","890","3.140016","890","3.140396","869","3.138436","890","3.142228","861","3.14318","871","3.139156","890","3.138836","890","3.143736","890","3.143012","890","3.142548","860","3.141476","855","3.1384","857","3.143252","859","3.140884","856","3.143424","855","3.142676","856","3.142648","860","3.139756","855","3.142548","859","3.140168","856","3.14062","859","3.141104","858","3.140816","859","3.139864","860","3.143004","838","3.14182","858","3.141696","859","3.1411","858","3.141144","826","3.139324","856","3.142044","853","3.141192","855","3.141292","854","3.139244","856","3.143816","855","3.139612","851","3.139928","852","3.142352","856","3.142656","852","3.140596","852","3.13848","856","3.137448","853","3.141328","856","3.1416258000000017","835","904"
"68","3.14126","215","3.141112","538","3.144384","568","3.140272","535","3.141864","535","3.14168","528","3.141","529","3.141488","535","3.142044","516","3.13832","1029","3.14302","1057","3.1396","1054","3.143372","1054","3.141264","1054","3.142368","1054","3.138404","1054","3.142548","1054","3.138856","1054","3.140508","1034","3.142552","1054","3.143828","1054","3.144424","1051","3.138196","1029","3.139952","1028","3.141052","1031","3.140184","1051","3.14494","1050","3.142496","1051","3.143324","1051","3.141392","1051","3.143888","1028","3.141144","1051","3.14502","1049","3.14278","1035","3.13884","1035","3.142904","1035","3.145104","1007","3.14226","1013","3.144632","1033","3.140828","1035","3.14564","1035","3.14252","1006","3.145768","1013","3.140372","1034","3.142364","1033","3.1425","1035","3.141688","1033","3.139732","1031","3.142408","1030","3.138004","1016","3.14274","1016","3.141424","1016","3.144248","1015","3.140256","966","3.141124","1014","3.140936","1015","3.142928","1011","3.141756","1010","3.14188","1007","3.14264","1010","3.142192","1007","3.139912","1007","3.140932","1010","3.139968","1007","3.14196","1010","3.139916","1007","3.142572","1007","3.14198","1010","3.141756","1010","3.14134","1010","3.14182","1010","3.142676","1007","3.143432","1010","3.143084","1007","3.143208","1005","3.143988","1007","3.13862","1010","3.143016","1010","3.142612","1010","3.142668","1007","3.141636","1007","3.140012","1006","3.139392","1007","3.143236","1005","3.13994","1007","3.14456","1007","3.140256","1010","3.141952","1007","3.14144","1010","3.142724","1007","3.140968","1007","3.143024","1006","3.1451","1006","3.13942","1007","3.14238","1010","3.140592","1010","3.141272","985","3.139316","1007","3.139404","1010","3.1403","1005","3.1417860800000006","974","1078"
"69","3.142416","174","3.140612","636","3.142","661","3.140456","610","3.143836","636","3.14038","636","3.142084","636","3.144108","661","3.140556","636","3.139436","661","3.141092","609","3.143784","661","3.140708","637","3.14018","939","3.143724","939","3.1396","939","3.140636","972","3.142504","903","3.140768","868","3.140788","867","3.144016","954","3.14256","921","3.142188","921","3.140036","903","3.142036","868","3.140992","954","3.141272","944","3.138756","941","3.142812","941","3.14116","941","3.14226","941","3.143644","941","3.144028","941","3.14352","941","3.143004","908","3.139492","941","3.140956","908","3.140092","889","3.1383","908","3.14164","941","3.139952","907","3.143632","941","3.14386","889","3.14106","941","3.140208","940","3.141468","907","3.138336","941","3.1416","890","3.140256","907","3.141292","941","3.138824","908","3.142868","907","3.139812","907","3.142628","908","3.1394","940","3.141352","902","3.142168","911","3.141744","911","3.141716","911","3.143468","911","3.142868","878","3.140908","911","3.139408","878","3.141792","911","3.141908","899","3.142752","865","3.143084","862","3.14268","895","3.14264","895","3.141636","894","3.145136","890","3.143608","891","3.142912","891","3.141476","873","3.139328","873","3.14014","890","3.1426","890","3.139528","889","3.142736","887","3.140672","887","3.14204","886","3.140504","887","3.14038","887","3.143332","887","3.143764","870","3.138068","887","3.141332","886","3.139944","886","3.142392","887","3.143212","883","3.1417","883","3.143088","883","3.142128","882","3.140484","883","3.14088","883","3.140976","883","3.140492","882","3.143512","883","3.14072","882","3.14472","882","3.1415955600000003","865","984"
"70","3.142416","463","3.142556","983","3.142952","984","3.14564","963","3.14326","984","3.138984","983","3.13868","983","3.138564","984","3.139432","906","3.1398","956","3.141128","975","3.142784","956","3.143324","975","3.140668","956","3.1431","956","3.141092","975","3.140688","956","3.141644","975","3.140396","975","3.141696","975","3.14284","975","3.139352","975","3.142112","956","3.142556","975","3.142676","956","3.143032","956","3.14244","955","3.142656","975","3.14318","956","3.14478","975","3.144192","972","3.140792","972","3.13982","971","3.142444","972","3.14182","963","3.141148","962","3.143552","963","3.14022","963","3.141072","962","3.140852","962","3.140776","962","3.143348","962","3.14264","963","3.141008","962","3.14312","962","3.143328","962","3.141748","962","3.139812","961","3.143832","962","3.141444","962","3.141952","962","3.1415","962","3.14314","961","3.140668","962","3.141124","961","3.140316","961","3.14218","961","3.144364","961","3.142096","961","3.142796","942","3.137396","961","3.143076","962","3.140212","959","3.142484","960","3.142708","940","3.140908","955","3.140744","955","3.142264","913","3.142764","912","3.138724","910","3.141056","910","3.140652","910","3.139632","910","3.141152","910","3.140916","910","3.142268","910","3.142336","906","3.141708","902","3.14388","902","3.143532","902","3.142824","902","3.139728","900","3.143492","901","3.14042","895","3.141368","895","3.142972","895","3.14228","895","3.140736","892","3.140256","892","3.140572","889","3.14118","889","3.140176","889","3.139592","889","3.142084","886","3.139888","865","3.140388","865","3.143004","865","3.139564","865","3.140796","865","3.14118","865","3.141624440000001","935","985"
"71","3.141536","35","3.141264","867","3.145788","844","3.140352","866","3.14098","867","3.140792","866","3.141984","864","3.140788","863","3.139648","866","3.143128","863","3.140752","864","3.143664","866","3.140012","864","3.140416","866","3.139588","864","3.140968","896","3.140924","896","3.140064","867","3.138376","867","3.14124","866","3.142244","866","3.139444","864","3.141776","866","3.141408","866","3.143716","870","3.14192","870","3.141492","870","3.142284","876","3.144404","875","3.141348","875","3.144164","848","3.138408","851","3.144688","847","3.140008","851","3.139744","851","3.14328","847","3.140164","842","3.141168","850","3.140796","845","3.140164","848","3.138696","839","3.139856","851","3.141156","839","3.139532","850","3.140968","847","3.140264","847","3.1399","849","3.140824","842","3.141232","850","3.142756","844","3.1438","849","3.142096","848","3.142412","848","3.141384","841","3.144156","850","3.14536","847","3.141432","851","3.142076","850","3.14286","847","3.143592","845","3.140908","843","3.140744","842","3.141252","843","3.138984","839","3.141856","849","3.143528","841","3.140344","839","3.139352","849","3.143696","849","3.14182","843","3.140776","850","3.143932","848","3.13944","846","3.14056","849","3.141064","847","3.140252","845","3.139824","843","3.139836","843","3.138936","835","3.139888","844","3.142288","842","3.139832","842","3.141028","843","3.140916","844","3.144944","838","3.14104","841","3.142724","844","3.1404","835","3.142992","838","3.142016","842","3.143812","839","3.1384","842","3.14092","840","3.14026","843","3.14482","841","3.140788","843","3.143348","843","3.144048","842","3.141552","838","3.143864","842","3.1414622000000008","843","905"
"72","3.14108","63","3.143008","62","3.144396","418","3.142992","418","3.14118","418","3.140836","396","3.141008","418","3.14288","1053","3.142552","1052","3.140392","1053","3.1401","1000","3.142012","1053","3.1396","1052","3.143104","1052","3.144","1052","3.141324","1057","3.142252","1057","3.143452","1052","3.143376","1052","3.144164","1051","3.140072","1052","3.139528","1052","3.140244","1052","3.141876","1057","3.142548","1051","3.140944","1052","3.14184","1053","3.138416","1056","3.140916","1052","3.141108","1053","3.140804","1058","3.141892","1058","3.143684","1052","3.142516","993","3.143648","1052","3.140676","1057","3.13858","1057","3.14138","1051","3.142616","1052","3.139664","1052","3.143504","1051","3.144172","1058","3.136808","1051","3.142524","1056","3.138488","1033","3.14056","1051","3.144024","1052","3.1428","1056","3.136848","1051","3.1395","1025","3.142928","1052","3.14078","1052","3.143032","1052","3.142332","1053","3.1408","1051","3.140204","1051","3.143652","1052","3.140464","1052","3.143348","1036","3.143852","1036","3.142056","1036","3.142032","1037","3.139444","1036","3.143608","1036","3.139676","1036","3.14144","1036","3.142424","1035","3.140808","1036","3.145208","1036","3.140964","1036","3.1428","1036","3.1413","1041","3.141476","1035","3.141856","1035","3.140164","1011","3.140812","1010","3.14214","993","3.142392","974","3.144812","974","3.139952","973","3.140372","974","3.142544","974","3.14088","974","3.14006","974","3.143428","974","3.14074","973","3.140996","972","3.143764","974","3.142748","973","3.141004","969","3.1403","974","3.143228","974","3.14054","972","3.144184","974","3.14092","973","3.140776","973","3.14112","968","3.14358","974","3.139488","969","3.142524","973","3.1416584","977","1066"
"73","3.142524","135","3.140464","592","3.140176","442","3.140972","923","3.142364","922","3.140412","922","3.14392","922","3.14434","922","3.142496","896","3.142632","922","3.143512","922","3.13982","922","3.141932","922","3.139928","923","3.142784","923","3.141872","922","3.144348","896","3.139628","923","3.141848","922","3.143792","894","3.144524","902","3.144392","922","3.14134","901","3.1411","865","3.143796","922","3.139424","922","3.140464","922","3.14132","922","3.142292","922","3.141464","902","3.143924","922","3.142084","922","3.143632","922","3.139284","896","3.142956","922","3.14388","922","3.143784","922","3.142024","922","3.144516","922","3.140588","922","3.141496","922","3.139488","922","3.140836","922","3.140352","922","3.14396","922","3.14414","922","3.138408","922","3.143484","922","3.142684","922","3.141504","922","3.14532","902","3.137968","922","3.140992","922","3.14188","922","3.14096","902","3.1416","922","3.142724","922","3.143828","896","3.138924","922","3.143848","922","3.142184","922","3.142436","922","3.139396","922","3.140348","922","3.145212","894","3.14198","922","3.140284","922","3.14184","922","3.141484","922","3.143172","922","3.140288","898","3.138472","922","3.14062","922","3.141068","922","3.140844","922","3.143552","922","3.139416","922","3.139664","921","3.138732","919","3.141416","918","3.143004","919","3.139356","918","3.142392","918","3.13938","908","3.141388","907","3.142408","907","3.141004","907","3.143668","907","3.144384","907","3.138824","907","3.14242","907","3.142824","901","3.14004","901","3.142592","901","3.143104","901","3.137772","901","3.140736","901","3.142972","901","3.141968","901","3.14312","901","3.141767119999999","899","926"
"74","3.140596","702","3.139424","702","3.140188","702","3.142488","656","3.141828","699","3.140312","675","3.141568","699","3.14412","699","3.140392","652","3.142556","675","3.140228","675","3.14184","699","3.140604","675","3.143072","699","3.140744","699","3.13982","652","3.140756","733","3.14294","688","3.141228","665","3.13836","665","3.140364","688","3.142696","665","3.140196","688","3.139844","688","3.142088","686","3.143948","686","3.141996","662","3.143532","662","3.144624","675","3.14308","821","3.142704","802","3.143076","855","3.143024","802","3.142256","802","3.14302","855","3.141568","821","3.139516","821","3.138172","821","3.138388","778","3.143028","803","3.14164","821","3.14044","801","3.141504","855","3.140724","821","3.14066","821","3.140032","821","3.143064","821","3.142528","820","3.142836","855","3.142068","821","3.143416","821","3.143416","855","3.142952","802","3.141108","821","3.13936","855","3.140632","802","3.139496","838","3.144544","843","3.14012","843","3.139928","772","3.143888","768","3.143516","762","3.141728","770","3.141176","762","3.142388","762","3.143328","768","3.138864","768","3.146432","770","3.143272","783","3.139352","783","3.14122","766","3.142536","784","3.14138","784","3.14062","783","3.140712","766","3.141028","784","3.14344","784","3.140444","783","3.143992","762","3.140348","784","3.14316","783","3.139112","783","3.143136","783","3.141836","780","3.139976","777","3.143828","760","3.14156","768","3.140404","768","3.141736","767","3.141856","767","3.14044","760","3.141668","760","3.142216","759","3.143168","759","3.139528","741","3.142224","759","3.140356","755","3.141024","755","3.143344","755","3.139348","755","3.141602360000001","760","906"
"75","3.143008","442","3.142176","736","3.143872","716","3.139392","737","3.14186","866","3.141136","820","3.140704","821","3.141276","845","3.143244","844","3.143256","821","3.13984","821","3.140404","844","3.14038","763","3.143284","844","3.14196","820","3.145512","821","3.139956","844","3.142124","944","3.14336","891","3.14314","943","3.14218","943","3.141144","943","3.141304","943","3.139476","912","3.141108","943","3.140648","943","3.138696","912","3.142728","943","3.141952","943","3.13958","943","3.142036","888","3.140192","918","3.140008","943","3.141176","943","3.140196","919","3.140076","943","3.138716","923","3.141432","943","3.140896","943","3.141308","891","3.141236","943","3.14102","943","3.13854","944","3.138568","944","3.1391","943","3.143312","943","3.139628","917","3.140344","943","3.14248","941","3.140244","941","3.138408","941","3.139884","941","3.140568","910","3.14478","941","3.141848","941","3.14282","941","3.140668","940","3.141292","941","3.138976","941","3.140384","919","3.142364","941","3.138968","941","3.144272","940","3.144772","941","3.141992","941","3.139536","940","3.14356","941","3.144428","940","3.144036","941","3.143288","909","3.141652","940","3.141628","940","3.142272","940","3.139892","940","3.141396","941","3.142088","930","3.144432","930","3.139876","930","3.143836","930","3.14012","930","3.141756","928","3.141344","927","3.138616","927","3.14226","927","3.14004","903","3.142416","927","3.142972","927","3.141932","801","3.142196","801","3.140668","777","3.142336","776","3.142592","777","3.142516","777","3.14482","777","3.138884","777","3.140728","777","3.140692","777","3.140172","777","3.142732","777","3.140532","777","3.1414344800000005","889","950"
"76","3.142488","483","3.13972","392","3.141112","688","3.143512","644","3.142516","644","3.142756","688","3.141608","644","3.1391","688","3.14164","601","3.138724","688","3.141812","688","3.140344","688","3.141344","644","3.144328","911","3.143844","916","3.143708","791","3.143024","916","3.14342","911","3.142088","911","3.142724","915","3.14208","765","3.143708","765","3.141084","911","3.142976","915","3.140256","911","3.144776","765","3.14152","911","3.139684","915","3.14372","745","3.140544","915","3.139916","911","3.139804","792","3.140692","878","3.142836","880","3.139312","880","3.142688","871","3.140588","870","3.140044","871","3.14102","880","3.142348","877","3.144984","872","3.141224","868","3.144224","872","3.141256","872","3.141348","866","3.140608","867","3.14168","867","3.14124","866","3.140476","866","3.141176","866","3.139956","866","3.1434","866","3.142776","862","3.140136","865","3.141528","857","3.140932","863","3.139784","852","3.141536","861","3.143904","854","3.140204","861","3.140544","861","3.143956","864","3.142412","864","3.143972","854","3.141052","864","3.142932","881","3.141912","864","3.140316","864","3.142636","881","3.141228","852","3.142232","864","3.142276","859","3.140268","861","3.140248","861","3.142364","878","3.142924","878","3.142684","861","3.141192","860","3.14038","861","3.14188","857","3.138244","857","3.141588","860","3.144824","878","3.144544","878","3.14118","878","3.142108","848","3.14394","877","3.140604","859","3.143312","877","3.143288","859","3.138404","877","3.143192","877","3.142492","877","3.143304","857","3.14102","856","3.138336","858","3.142388","873","3.143008","873","3.144128","873","3.142844","859","3.141819360000001","836","950"
"77","3.14086","472","3.141448","472","3.143236","472","3.1448","472","3.1408","472","3.14098","469","3.140016","583","3.14136","879","3.137936","835","3.142308","879","3.140944","880","3.146924","835","3.14412","582","3.142396","879","3.1428","879","3.144176","875","3.14232","875","3.13902","875","3.14158","872","3.140232","873","3.143064","854","3.13982","854","3.141236","853","3.1409","853","3.14388","853","3.142036","875","3.141424","875","3.140872","854","3.142256","854","3.138676","875","3.142652","854","3.14204","892","3.139384","853","3.14362","853","3.139492","854","3.140548","853","3.137816","892","3.140632","875","3.1408","737","3.140988","884","3.140864","884","3.141096","884","3.142232","844","3.140996","884","3.140356","882","3.140328","883","3.139492","884","3.140896","883","3.141956","884","3.141464","884","3.140856","874","3.14168","856","3.144276","874","3.144944","890","3.143468","873","3.14032","873","3.142016","874","3.141136","855","3.143924","890","3.141324","874","3.142","872","3.140484","890","3.14254","873","3.143864","874","3.143292","868","3.139836","852","3.140168","851","3.138556","868","3.142968","852","3.144244","868","3.144436","868","3.142024","868","3.140248","851","3.138192","852","3.142748","868","3.140484","851","3.137532","868","3.141956","868","3.140928","839","3.143204","755","3.14166","755","3.14218","755","3.14096","755","3.142172","755","3.139192","755","3.14104","755","3.138904","755","3.142336","755","3.14056","755","3.142116","755","3.141884","755","3.13926","755","3.142152","755","3.142","755","3.141448","755","3.142256","755","3.142216","739","3.140624","739","3.139716","738","3.14176","736","3.1414815600000003","812","940"
"78","3.143104","929","3.142644","812","3.142272","835","3.142776","835","3.140176","812","3.140948","811","3.142012","811","3.140404","811","3.139444","835","3.141688","812","3.140992","811","3.141208","835","3.143008","835","3.14448","865","3.14192","824","3.140708","800","3.144892","824","3.143296","824","3.141244","881","3.142884","824","3.141544","825","3.141368","824","3.144308","821","3.14168","815","3.14242","815","3.1439","815","3.141188","871","3.144728","815","3.142928","815","3.13938","815","3.138424","815","3.142704","809","3.141816","806","3.140424","806","3.143804","864","3.139752","806","3.140628","862","3.139692","806","3.141228","862","3.141828","846","3.14194","880","3.140344","864","3.143944","864","3.14042","863","3.143888","860","3.139348","860","3.139072","870","3.143484","870","3.140104","868","3.144924","868","3.143316","868","3.140656","868","3.14336","868","3.142068","867","3.143324","850","3.14112","868","3.139668","868","3.140676","885","3.138504","868","3.140896","857","3.141972","857","3.140368","857","3.144104","858","3.144176","857","3.140348","858","3.143336","857","3.143456","858","3.142524","857","3.141336","858","3.141584","857","3.144076","874","3.142136","857","3.14072","857","3.141768","867","3.142576","851","3.14138","851","3.139696","867","3.141996","850","3.141616","864","3.140908","818","3.141104","818","3.140152","817","3.141496","817","3.142984","816","3.141696","817","3.143148","817","3.141216","817","3.140708","817","3.140772","817","3.141992","817","3.140956","817","3.14266","816","3.142188","816","3.141904","814","3.143796","811","3.142104","811","3.140232","811","3.140488","811","3.142332","811","3.143072","810","3.141799760000002","839","929"
"79","3.141324","754","3.1422","754","3.143248","825","3.143492","801","3.140184","801","3.145156","801","3.140692","801","3.141448","801","3.140444","825","3.141312","801","3.139632","707","3.14036","731","3.139596","801","3.139704","801","3.141392","801","3.1424","824","3.141372","801","3.140288","801","3.142092","801","3.139844","798","3.14218","797","3.139496","862","3.142556","822","3.14136","798","3.143752","822","3.144548","798","3.143208","822","3.139612","862","3.1405","820","3.142264","862","3.141832","820","3.142036","822","3.139296","751","3.142316","862","3.141564","918","3.141188","805","3.143968","918","3.141456","847","3.13936","847","3.142704","807","3.142492","807","3.141884","835","3.138828","831","3.138864","902","3.140512","902","3.142392","902","3.140384","903","3.141944","903","3.140468","902","3.140496","831","3.139368","831","3.141228","831","3.141344","896","3.140608","886","3.139124","886","3.14242","812","3.141268","902","3.14256","883","3.14278","883","3.140376","914","3.140304","879","3.140004","914","3.13908","870","3.143664","869","3.139364","869","3.143404","868","3.142628","853","3.143724","861","3.141988","862","3.140812","862","3.140416","861","3.141824","860","3.139008","860","3.141516","861","3.140684","860","3.14234","860","3.142536","860","3.141184","860","3.143596","853","3.142808","851","3.14206","851","3.143852","851","3.14148","847","3.142836","848","3.139628","847","3.138464","847","3.142108","847","3.142092","847","3.14146","847","3.14252","847","3.142044","847","3.14188","847","3.144092","847","3.1412","847","3.141124","847","3.141604","847","3.1423","847","3.141584","840","3.13968","839","3.142244","836","3.14145852","841","972"
"80","3.145176","159","3.143868","583","3.139536","606","3.14252","945","3.142492","963","3.14092","925","3.140796","677","3.142324","925","3.142176","945","3.14174","945","3.140768","945","3.141756","676","3.139628","885","3.138056","935","3.142168","972","3.142592","906","3.138248","924","3.14178","962","3.14398","944","3.141076","962","3.139548","924","3.139916","961","3.14112","961","3.14122","902","3.141824","902","3.14112","920","3.141148","958","3.142888","921","3.140284","922","3.140756","958","3.141056","921","3.142956","920","3.143764","958","3.140812","958","3.141448","958","3.141552","921","3.142936","921","3.141684","958","3.142592","958","3.14252","921","3.142928","958","3.1432","958","3.143572","957","3.139476","920","3.140228","921","3.138148","958","3.14244","958","3.141784","957","3.137392","901","3.142316","957","3.141128","921","3.144196","921","3.140376","957","3.140568","920","3.141652","957","3.140276","957","3.141632","958","3.142192","908","3.14198","945","3.139416","945","3.142792","908","3.140892","945","3.139372","908","3.143076","908","3.140172","945","3.140092","890","3.141556","928","3.141672","928","3.141272","925","3.14266","922","3.141152","918","3.14178","914","3.141504","914","3.14502","910","3.139","908","3.139692","908","3.141396","908","3.140504","908","3.143152","908","3.142024","907","3.14052","908","3.143596","907","3.143188","908","3.140316","908","3.143168","908","3.141416","905","3.141292","904","3.140172","905","3.142292","885","3.141412","905","3.1401","903","3.138152","904","3.14104","903","3.142","903","3.137416","904","3.140712","903","3.143716","904","3.145008","900","3.144128","902","3.144112","900","3.1415018","907","987"
"81","3.140632","300","3.143632","681","3.143684","680","3.142896","678","3.140024","678","3.142128","618","3.144424","678","3.138712","678","3.140052","678","3.141104","617","3.140332","678","3.141588","678","3.141476","583","3.1454","671","3.148444","670","3.142748","670","3.142936","670","3.140944","670","3.14032","670","3.142004","670","3.140856","689","3.14","890","3.14062","889","3.14114","667","3.14318","667","3.140544","894","3.142832","889","3.143084","727","3.143304","767","3.141292","882","3.140944","882","3.141236","883","3.143236","882","3.14046","840","3.141088","882","3.144676","886","3.141188","887","3.141676","886","3.140688","882","3.14148","879","3.14034","883","3.140428","883","3.138148","837","3.140204","883","3.140076","883","3.140284","883","3.13994","883","3.140256","883","3.138452","878","3.138092","883","3.143072","883","3.139756","883","3.142032","848","3.141348","843","3.141236","860","3.139284","860","3.139684","860","3.140548","860","3.14338","860","3.141684","839","3.143504","859","3.141988","860","3.137084","859","3.1409","859","3.141044","835","3.138628","855","3.141832","852","3.14254","852","3.13932","852","3.144136","852","3.141872","852","3.14404","851","3.143772","851","3.141816","852","3.144408","830","3.143204","852","3.141484","852","3.14392","852","3.143864","852","3.14574","852","3.140928","852","3.14208","852","3.142344","851","3.141108","828","3.143092","852","3.141256","851","3.14212","852","3.14152","852","3.139948","852","3.13906","832","3.14244","849","3.140416","848","3.14258","848","3.141472","848","3.142952","849","3.143736","849","3.142452","848","3.142592","849","3.141708","849","3.141108","848","3.1416525599999994","810","928"
"82","3.143152","578","3.140692","578","3.144084","469","3.141936","469","3.141772","933","3.14026","926","3.139832","931","3.141192","931","3.141148","954","3.140868","954","3.146504","933","3.139636","954","3.143076","931","3.143188","931","3.139436","954","3.142392","954","3.141092","954","3.141908","954","3.141816","931","3.142508","954","3.141012","954","3.141388","954","3.143016","954","3.141208","954","3.143564","954","3.139996","925","3.143288","951","3.143332","951","3.140536","951","3.13994","927","3.140492","951","3.1432","950","3.143764","927","3.137008","950","3.142132","951","3.140904","951","3.141416","916","3.14146","940","3.139904","914","3.13954","914","3.13918","914","3.13902","893","3.14026","914","3.144096","893","3.138168","914","3.141688","914","3.140692","891","3.143572","891","3.141244","870","3.14036","891","3.140364","888","3.141492","888","3.140872","883","3.14136","883","3.140892","884","3.142144","883","3.141204","884","3.142212","883","3.142068","884","3.141944","884","3.140972","884","3.142184","882","3.140356","860","3.142368","883","3.142032","883","3.142872","883","3.14108","883","3.139004","883","3.14076","860","3.142316","883","3.142868","883","3.14166","883","3.140348","883","3.1418","883","3.140392","882","3.14388","883","3.142992","883","3.14512","883","3.140264","883","3.141816","882","3.140344","871","3.143684","871","3.141904","871","3.142124","871","3.143812","871","3.1416","870","3.141652","871","3.140344","871","3.139236","871","3.140264","871","3.139652","871","3.1397","871","3.141732","871","3.141072","864","3.140608","835","3.141976","835","3.143496","835","3.141032","835","3.140956","835","3.142788","835","3.1414948400000005","886","958"
"83","3.142904","471","3.143236","964","3.139732","964","3.142568","964","3.141748","964","3.142092","964","3.141684","964","3.139412","964","3.13854","944","3.14388","963","3.1416","964","3.141248","964","3.140556","964","3.139932","964","3.143628","964","3.141788","964","3.142664","964","3.142608","943","3.14274","964","3.139456","964","3.140232","964","3.143356","963","3.140032","964","3.141432","963","3.14042","963","3.143256","963","3.143328","964","3.144812","963","3.140648","963","3.14242","964","3.138052","963","3.142224","956","3.144684","985","3.142572","983","3.143728","957","3.14046","984","3.143932","984","3.137608","976","3.142768","984","3.141856","956","3.142936","984","3.141012","956","3.141664","982","3.1401","957","3.140712","984","3.14008","982","3.140944","956","3.140128","975","3.141736","982","3.141328","982","3.138676","974","3.141096","954","3.140916","979","3.139396","973","3.1392","979","3.142232","954","3.143672","976","3.144184","973","3.142072","973","3.140192","954","3.141636","954","3.142996","974","3.141028","973","3.142012","953","3.140316","980","3.142436","979","3.141548","971","3.141884","979","3.138364","978","3.142228","975","3.14364","953","3.143272","953","3.138664","952","3.143056","974","3.140948","972","3.142896","974","3.13948","974","3.141544","977","3.14452","968","3.140092","966","3.14308","956","3.138176","955","3.143136","956","3.142096","954","3.14006","956","3.141844","956","3.139376","954","3.142696","956","3.139812","956","3.139976","956","3.137852","950","3.14078","954","3.1412","952","3.138276","938","3.141816","923","3.142352","924","3.141692","924","3.140868","923","3.142536","923","3.141552","924","3.1414384800000015","958","994"
"84","3.139976","360","3.139788","648","3.14316","621","3.143024","621","3.138492","621","3.140308","621","3.144772","621","3.142836","573","3.13856","621","3.1414","621","3.140052","639","3.142416","923","3.143632","922","3.142116","924","3.141012","640","3.141808","922","3.142036","640","3.14364","637","3.137544","638","3.144596","640","3.140912","922","3.13956","613","3.141448","922","3.139572","899","3.1415","902","3.140544","896","3.142576","897","3.14214","919","3.14184","902","3.140224","919","3.141288","832","3.141892","889","3.140388","893","3.143552","890","3.1439","910","3.141764","889","3.143908","893","3.141448","890","3.144976","910","3.140172","887","3.143564","855","3.14204","882","3.142244","910","3.142992","889","3.138448","893","3.142764","892","3.14088","910","3.14136","890","3.142732","893","3.143156","910","3.143","892","3.14174","893","3.14256","910","3.141328","883","3.144496","887","3.142564","886","3.141444","887","3.143464","887","3.142192","887","3.14662","886","3.142788","887","3.142888","886","3.13894","887","3.142096","887","3.144408","886","3.13848","886","3.142036","886","3.141632","887","3.140692","886","3.143384","887","3.142492","886","3.139692","886","3.141808","886","3.138756","864","3.139776","886","3.142812","886","3.14134","886","3.142964","886","3.140524","865","3.142176","884","3.140512","883","3.14424","883","3.140508","882","3.137064","883","3.143176","883","3.144668","883","3.141368","883","3.14204","883","3.13804","883","3.141124","882","3.142204","883","3.141528","883","3.141236","883","3.142784","883","3.142188","848","3.139964","849","3.142132","833","3.14532","832","3.14188","832","3.141092","832","3.141771120000001","840","955"
"85","3.142208","244","3.14136","314","3.141036","288","3.14244","313","3.14016","311","3.142936","310","3.142984","708","3.143336","730","3.141296","658","3.141636","796","3.14032","750","3.140952","803","3.142672","760","3.145124","760","3.143468","781","3.141304","861","3.138168","861","3.144924","780","3.139608","840","3.139968","841","3.142928","840","3.140692","841","3.140984","835","3.14062","855","3.1438","890","3.14148","835","3.142216","872","3.140708","855","3.14164","855","3.142308","890","3.142148","855","3.14182","872","3.143688","855","3.1409","890","3.145736","890","3.144212","855","3.140952","836","3.141544","855","3.142976","890","3.140812","872","3.142408","855","3.141604","855","3.14182","855","3.140676","872","3.139464","855","3.142992","890","3.140556","890","3.14202","890","3.139708","855","3.141872","835","3.141348","835","3.140476","852","3.142552","852","3.14182","852","3.140572","887","3.142328","852","3.139228","879","3.141896","833","3.139064","833","3.142672","833","3.140676","834","3.14258","833","3.139256","833","3.145832","833","3.14048","833","3.146536","833","3.141008","832","3.142928","833","3.14178","833","3.145396","833","3.142516","832","3.143044","833","3.141844","832","3.144092","832","3.141332","815","3.142476","833","3.142104","833","3.140532","833","3.141988","832","3.143408","833","3.139556","832","3.141656","833","3.142204","833","3.142504","833","3.142688","833","3.145092","832","3.141752","811","3.144576","811","3.140264","811","3.144484","811","3.1403","811","3.142948","811","3.142196","812","3.142472","811","3.141964","811","3.141792","811","3.143736","811","3.141012","811","3.1418","811","3.141008","811","3.141969519999999","800","916"
"86","3.141268","486","3.142332","653","3.140988","721","3.143196","629","3.139012","721","3.137832","676","3.14194","721","3.142352","721","3.142472","886","3.142144","906","3.142548","925","3.142452","907","3.139756","926","3.144744","884","3.140516","924","3.141568","906","3.140584","885","3.141884","907","3.139932","906","3.141216","906","3.143824","906","3.14238","885","3.141628","907","3.140712","907","3.139668","907","3.14412","862","3.140648","907","3.140096","906","3.1422","907","3.138568","906","3.138972","906","3.144232","885","3.143884","926","3.141892","906","3.138992","925","3.143544","925","3.14124","906","3.139252","906","3.143464","924","3.142304","895","3.13968","884","3.141164","901","3.140556","883","3.14318","901","3.140636","883","3.141368","883","3.141612","879","3.141332","894","3.139128","877","3.142048","877","3.140332","895","3.14018","877","3.141368","877","3.142684","877","3.142572","875","3.14026","874","3.143916","874","3.139392","875","3.141368","874","3.143328","874","3.142676","874","3.140912","875","3.141592","874","3.144444","879","3.14182","879","3.143756","879","3.142444","880","3.14138","877","3.140592","877","3.144256","877","3.139152","877","3.139504","877","3.139544","877","3.139236","877","3.139952","877","3.142332","877","3.140904","877","3.138472","877","3.141288","877","3.1413","877","3.139892","877","3.142712","877","3.14022","877","3.139824","877","3.141692","877","3.14096","877","3.142256","876","3.14256","877","3.14238","877","3.142132","877","3.141508","877","3.142392","877","3.140352","877","3.1416","877","3.142556","877","3.142496","877","3.143024","877","3.142704","877","3.139076","876","3.143312","876","3.141456639999999","870","934"
"87","3.13954","459","3.141176","781","3.14098","781","3.14458","780","3.139344","759","3.140356","760","3.14354","779","3.141572","775","3.141724","774","3.142636","774","3.142928","774","3.143008","774","3.141584","794","3.143624","794","3.139776","815","3.142404","815","3.143168","774","3.142548","793","3.143456","774","3.142864","774","3.141416","812","3.140544","812","3.1409","846","3.14206","811","3.141476","790","3.141068","790","3.140136","910","3.1438","841","3.141564","910","3.14222","910","3.139992","902","3.140856","903","3.141176","902","3.143236","855","3.143412","902","3.14402","902","3.141812","882","3.140412","902","3.140608","902","3.142528","882","3.142908","903","3.138472","871","3.144076","881","3.140412","855","3.1433","903","3.143216","883","3.141528","883","3.143776","872","3.140868","895","3.142436","895","3.14218","894","3.143488","895","3.138328","894","3.141184","898","3.143508","896","3.14102","895","3.142252","898","3.145228","895","3.14232","895","3.142384","895","3.144772","896","3.140644","897","3.140444","894","3.142808","875","3.14076","897","3.14082","889","3.142464","893","3.142548","889","3.140892","889","3.142984","893","3.142464","889","3.14424","890","3.142708","890","3.139832","890","3.14046","892","3.143252","889","3.141376","862","3.142872","864","3.1399","864","3.144088","852","3.142456","839","3.1398","839","3.141196","835","3.140448","835","3.141372","833","3.139884","835","3.139896","835","3.1406","835","3.142632","835","3.142848","833","3.146136","834","3.141884","835","3.141092","832","3.144652","835","3.138456","835","3.142376","834","3.139748","834","3.143184","834","3.144836","833","3.142588","834","3.1419334000000014","848","930"
"88","3.141356","546","3.14054","892","3.141204","978","3.141696","978","3.138616","978","3.140684","978","3.139524","914","3.142716","978","3.139988","914","3.138272","978","3.141248","978","3.139968","892","3.140084","978","3.145512","978","3.142536","865","3.142652","891","3.142084","914","3.141252","978","3.14326","866","3.140948","978","3.142184","977","3.138612","974","3.14046","948","3.14162","974","3.142376","975","3.141452","974","3.14086","974","3.142668","972","3.141308","969","3.141712","942","3.139084","969","3.139488","969","3.144228","969","3.139476","969","3.140332","969","3.140244","969","3.142724","968","3.140692","942","3.140684","942","3.143368","942","3.141988","969","3.142844","968","3.14178","968","3.142952","969","3.14294","968","3.137008","941","3.143016","941","3.139096","968","3.141296","951","3.138312","951","3.143128","954","3.140444","952","3.142308","951","3.141668","951","3.140896","950","3.143564","951","3.140804","953","3.140544","950","3.14094","950","3.139264","951","3.13982","951","3.142708","950","3.144732","951","3.142512","951","3.141012","946","3.142752","947","3.143836","947","3.141256","944","3.140476","929","3.144492","934","3.14274","936","3.144856","930","3.140636","929","3.14314","931","3.143052","894","3.141672","920","3.139844","920","3.140416","921","3.142432","915","3.139888","922","3.142004","920","3.141112","921","3.141448","920","3.140932","921","3.140448","921","3.141688","915","3.143424","911","3.140496","922","3.143252","922","3.1403","921","3.142628","919","3.141548","919","3.141892","919","3.141756","919","3.143632","919","3.14406","919","3.144536","919","3.13906","919","3.14236","912","3.140448","912","3.141518000000001","938","1006"
"89","3.141112","356","3.14226","843","3.14236","760","3.142272","784","3.14278","843","3.145788","843","3.143192","736","3.14008","866","3.141348","693","3.1418","866","3.142988","784","3.139544","783","3.1409","865","3.139936","888","3.139616","865","3.14228","865","3.141244","803","3.140748","907","3.143096","888","3.143136","842","3.142756","888","3.141408","865","3.139764","783","3.141088","735","3.14144","761","3.140856","842","3.14208","842","3.144032","865","3.143652","887","3.144892","920","3.143328","897","3.14234","915","3.1406","876","3.142424","895","3.141748","896","3.144876","896","3.143348","896","3.139124","915","3.142516","895","3.139116","915","3.1437","852","3.143296","895","3.143644","898","3.139572","898","3.139772","924","3.144052","893","3.140576","893","3.142176","893","3.14062","893","3.138768","893","3.141132","919","3.142652","893","3.143092","863","3.14214","863","3.143584","863","3.147448","863","3.142796","863","3.140988","863","3.141536","862","3.142232","863","3.14026","863","3.142648","863","3.141128","863","3.142492","863","3.141144","875","3.142496","875","3.141824","875","3.144472","849","3.13986","849","3.141404","849","3.145148","875","3.139828","875","3.141284","875","3.13894","875","3.144816","875","3.141296","875","3.14222","875","3.144372","875","3.140184","875","3.141888","875","3.141092","861","3.13984","861","3.140872","861","3.143484","834","3.1418","856","3.143516","856","3.140064","856","3.140812","856","3.1405","856","3.141444","856","3.141968","850","3.142136","850","3.142396","849","3.137316","849","3.143292","849","3.141388","849","3.140696","844","3.142516","844","3.138996","842","3.141064","842","3.1418454","855","956"
"90","3.142084","744","3.143056","745","3.138792","745","3.145108","916","3.139248","885","3.138472","885","3.140328","917","3.139792","885","3.142724","886","3.143232","864","3.143204","862","3.140864","827","3.142744","915","3.14252","915","3.141272","885","3.144116","914","3.13986","915","3.141448","885","3.142064","884","3.13982","916","3.142084","913","3.142236","886","3.140992","914","3.141764","888","3.140568","863","3.141896","914","3.140388","885","3.1428","890","3.139088","884","3.140404","914","3.142024","885","3.143924","889","3.142764","884","3.142116","900","3.140536","904","3.143432","905","3.140984","904","3.140428","905","3.142316","903","3.139812","901","3.14466","902","3.14218","902","3.141","905","3.14114","900","3.140388","902","3.144416","903","3.14016","904","3.141672","901","3.141588","902","3.141072","899","3.143504","903","3.140996","904","3.140964","904","3.140428","900","3.142256","902","3.140988","903","3.14186","901","3.144392","898","3.142924","900","3.142528","899","3.142","901","3.140732","899","3.143684","897","3.140656","901","3.141516","901","3.1404","896","3.140712","901","3.140652","901","3.14168","899","3.143352","901","3.141868","900","3.14132","898","3.141716","899","3.141424","900","3.1425","901","3.1412","899","3.14236","899","3.143672","899","3.140612","901","3.142624","901","3.1423","869","3.141904","898","3.140908","900","3.140736","899","3.141172","901","3.1405","901","3.140836","901","3.143704","897","3.138636","899","3.138892","900","3.14302","897","3.139828","897","3.140896","892","3.143712","895","3.141204","896","3.14334","896","3.143064","895","3.142668","896","3.139516","896","3.142968","890","3.141649040000001","892","919"
"91","3.14076","50","3.141204","83","3.14232","83","3.143804","83","3.141484","483","3.137632","483","3.143756","545","3.143452","483","3.141576","546","3.141496","545","3.140904","545","3.145296","545","3.143148","545","3.14338","545","3.14102","545","3.142308","456","3.142004","545","3.143904","659","3.139964","708","3.140384","654","3.141552","739","3.141296","851","3.141704","820","3.141856","837","3.13918","817","3.142096","837","3.140644","836","3.141424","812","3.139508","837","3.139412","813","3.140676","837","3.140956","813","3.142768","819","3.142424","837","3.139592","836","3.1446","818","3.141672","837","3.139388","820","3.140184","837","3.140884","837","3.140396","837","3.141588","837","3.140636","836","3.139888","818","3.142424","837","3.138196","814","3.143068","837","3.140128","818","3.142476","836","3.14064","813","3.144464","818","3.141608","836","3.139948","813","3.142984","836","3.140228","836","3.142092","837","3.140272","836","3.140176","836","3.142724","814","3.141424","836","3.141136","816","3.141424","836","3.141992","836","3.142732","793","3.141796","837","3.141888","837","3.13914","836","3.141744","837","3.140756","818","3.141648","836","3.14344","817","3.14348","837","3.142028","816","3.141312","836","3.140076","835","3.1414","812","3.139428","817","3.143032","836","3.140916","836","3.143808","828","3.140112","798","3.140464","821","3.142312","821","3.140488","801","3.142436","805","3.137712","753","3.14152","774","3.142008","774","3.137752","774","3.140504","774","3.14238","774","3.143748","751","3.142184","774","3.141616","757","3.141928","774","3.14226","774","3.14492","774","3.140888","752","3.141456","774","3.1392","774","3.141460360000001","743","917"
"92","3.139168","251","3.140968","900","3.142256","906","3.141952","905","3.139992","898","3.141732","905","3.14308","906","3.141824","906","3.1408","906","3.138836","906","3.144192","899","3.138764","901","3.143384","905","3.139032","899","3.142184","930","3.14108","900","3.143912","905","3.141776","905","3.14126","839","3.141752","929","3.142344","929","3.144744","914","3.138084","900","3.141944","900","3.14346","876","3.140076","900","3.142536","900","3.141708","900","3.142552","900","3.139576","900","3.141376","900","3.141784","900","3.14348","900","3.141496","900","3.137828","899","3.139332","899","3.140164","900","3.143268","899","3.138232","900","3.141544","876","3.142672","900","3.14628","871","3.142784","896","3.141372","897","3.140304","897","3.143408","897","3.142232","889","3.141224","889","3.14096","889","3.140188","882","3.141864","860","3.141924","854","3.139944","883","3.141368","883","3.139816","882","3.142592","882","3.138992","876","3.141332","876","3.139796","854","3.140612","869","3.141056","817","3.143916","863","3.14204","863","3.140056","863","3.138232","863","3.146088","864","3.140776","864","3.142112","860","3.139356","858","3.1425","856","3.140664","859","3.143768","856","3.137272","858","3.141804","851","3.141676","851","3.139964","850","3.141432","850","3.141508","851","3.139948","850","3.139728","844","3.140324","846","3.13992","842","3.141296","843","3.140636","842","3.14136","842","3.142464","840","3.139876","840","3.141148","837","3.141252","825","3.143272","823","3.144536","825","3.14106","826","3.141812","824","3.140916","825","3.141328","821","3.141836","814","3.142076","813","3.142768","811","3.14288","810","3.142848","813","3.1414063999999993","866","935"
"93","3.143828","48","3.138308","287","3.1405","287","3.139864","312","3.142048","873","3.14124","900","3.139968","872","3.140644","881","3.14076","881","3.141976","877","3.142588","872","3.138036","844","3.139076","873","3.140784","872","3.141044","872","3.142152","900","3.140876","874","3.144128","872","3.143072","875","3.141576","874","3.137308","872","3.142576","900","3.142872","868","3.139764","870","3.14138","874","3.143576","868","3.142076","896","3.14384","869","3.144108","877","3.141564","874","3.141872","871","3.141916","876","3.142108","871","3.143056","876","3.139324","895","3.142692","896","3.142432","872","3.141144","895","3.141244","895","3.144836","875","3.141196","895","3.14042","871","3.13846","895","3.142532","854","3.141392","835","3.141636","854","3.141032","855","3.143676","834","3.140116","854","3.142972","854","3.14266","854","3.141572","854","3.142728","855","3.143036","834","3.145652","855","3.139696","828","3.141492","854","3.141488","854","3.142868","854","3.1392","833","3.140356","854","3.140672","827","3.14138","827","3.139188","855","3.139292","831","3.138504","854","3.142736","854","3.140144","854","3.13828","854","3.145476","834","3.141588","835","3.139688","854","3.139256","855","3.141672","828","3.140644","835","3.141428","854","3.141172","854","3.144264","827","3.14352","834","3.140648","854","3.139856","854","3.140688","854","3.14178","854","3.145116","854","3.139924","854","3.142664","851","3.140536","829","3.14128","830","3.143052","851","3.14474","826","3.141596","851","3.143112","851","3.141252","852","3.143008","852","3.140284","829","3.141064","851","3.139576","852","3.145076","826","3.144004","824","3.139508","851","3.1415400399999993","833","905"
"94","3.142768","263","3.14058","701","3.14506","701","3.143248","701","3.141704","700","3.143044","699","3.143836","633","3.138976","742","3.142816","699","3.142004","822","3.141532","694","3.139684","627","3.141932","822","3.139168","821","3.142548","692","3.14164","731","3.139872","818","3.140848","818","3.140752","645","3.142044","869","3.143404","869","3.139328","869","3.140516","865","3.142284","864","3.139824","865","3.139212","864","3.14216","861","3.141668","861","3.139944","861","3.144764","861","3.141416","859","3.14344","858","3.140692","858","3.14134","857","3.143296","858","3.142788","855","3.1462","855","3.142336","855","3.140756","855","3.141616","855","3.138308","855","3.143496","855","3.141292","855","3.14298","855","3.141196","856","3.142332","852","3.144056","854","3.139628","853","3.13982","852","3.143084","853","3.140828","849","3.141708","868","3.139228","864","3.13976","845","3.138432","862","3.138016","845","3.14222","844","3.144392","844","3.143524","862","3.141292","844","3.141264","863","3.140936","845","3.142344","862","3.142344","862","3.142536","843","3.142228","862","3.140152","862","3.13908","843","3.142876","843","3.14136","862","3.142032","844","3.140744","844","3.142624","854","3.141216","854","3.141572","854","3.140268","853","3.13976","853","3.14458","853","3.140596","853","3.142016","853","3.1408","846","3.140608","846","3.14118","846","3.13988","840","3.14144","840","3.139276","839","3.1418","839","3.142892","822","3.1402","816","3.14038","815","3.137768","798","3.143876","815","3.14012","815","3.143688","812","3.139356","813","3.14268","812","3.141028","810","3.141404","810","3.142716","810","3.141024","810","3.141492760000001","819","911"
"95","3.141716","231","3.143284","605","3.141552","552","3.141624","552","3.142292","605","3.141048","552","3.139924","507","3.139364","879","3.1386","886","3.14194","886","3.142472","886","3.141716","881","3.142372","882","3.139852","886","3.139416","877","3.141964","886","3.14128","882","3.143216","852","3.14098","877","3.14136","877","3.141128","881","3.138428","885","3.143076","882","3.139284","853","3.142656","881","3.140244","882","3.140504","879","3.142608","881","3.140956","882","3.141816","881","3.140792","878","3.1427","878","3.141324","882","3.142036","878","3.144508","881","3.140052","873","3.143628","877","3.142128","881","3.142276","873","3.14366","878","3.141384","881","3.138832","882","3.140288","882","3.141208","873","3.14256","878","3.1403","864","3.141016","863","3.145692","860","3.142204","860","3.143608","860","3.145116","852","3.141032","855","3.14106","855","3.143632","846","3.141036","855","3.140688","852","3.1431","852","3.140992","855","3.139744","842","3.141636","842","3.143568","842","3.14424","839","3.140428","836","3.144596","837","3.139564","836","3.1417","838","3.140424","836","3.142712","836","3.142536","836","3.140448","836","3.141412","852","3.144352","852","3.139392","836","3.140424","829","3.140608","836","3.140956","847","3.139052","847","3.14394","847","3.139236","841","3.145076","840","3.140936","841","3.143044","840","3.142024","840","3.14506","838","3.141552","838","3.14426","838","3.142988","838","3.141632","838","3.143048","838","3.141096","838","3.144952","838","3.140532","838","3.142036","829","3.142076","829","3.1416","829","3.143968","828","3.1421","829","3.14022","829","3.141532","829","3.143508","829","3.141777319999999","833","911"
"96","3.143784","592","3.141164","592","3.14256","591","3.138056","592","3.1438","636","3.142956","702","3.138024","591","3.144468","588","3.145088","651","3.141864","651","3.1428","650","3.14216","651","3.140424","646","3.141796","646","3.143984","578","3.140336","646","3.142276","646","3.142324","881","3.141356","876","3.140928","642","3.143208","900","3.139784","897","3.142188","874","3.142368","896","3.140572","896","3.141328","897","3.143132","897","3.14068","896","3.141472","897","3.139928","897","3.14114","886","3.140312","885","3.14196","886","3.14134","885","3.143964","885","3.142092","885","3.140336","858","3.143288","885","3.141968","885","3.140412","885","3.141404","885","3.141068","885","3.141484","885","3.140528","885","3.139372","885","3.140952","885","3.143812","885","3.138704","885","3.138728","884","3.140164","884","3.139304","885","3.142216","885","3.146176","885","3.1404","885","3.14318","885","3.142636","885","3.140968","885","3.14302","863","3.138112","885","3.141928","885","3.142948","833","3.142932","885","3.144128","885","3.140192","884","3.143644","885","3.13738","884","3.140296","884","3.139804","884","3.139404","884","3.140436","884","3.140684","885","3.13888","885","3.141044","884","3.142136","876","3.13952","865","3.141304","865","3.143184","865","3.14196","850","3.143728","850","3.144224","850","3.143128","849","3.141072","850","3.142436","843","3.143116","843","3.14026","843","3.142404","823","3.141444","842","3.139852","839","3.14166","840","3.14206","841","3.140864","840","3.141768","840","3.138972","818","3.141688","841","3.138508","839","3.140184","840","3.139008","840","3.140796","840","3.142424","840","3.144912","840","3.1415016000000002","827","920"
"97","3.141416","528","3.145348","529","3.142956","609","3.14068","525","3.141852","607","3.140756","606","3.143392","660","3.140188","906","3.142308","905","3.140068","905","3.140064","603","3.14098","903","3.141472","882","3.140056","902","3.144216","883","3.141852","903","3.1419","902","3.141292","903","3.142532","902","3.136868","902","3.141764","902","3.140112","903","3.137712","903","3.142536","882","3.140132","899","3.141352","900","3.141544","900","3.14326","900","3.13942","900","3.144264","899","3.142732","900","3.143536","900","3.140896","899","3.143776","899","3.140004","900","3.145576","899","3.139584","900","3.141828","899","3.140936","919","3.139512","900","3.141792","899","3.142152","880","3.14054","907","3.140312","907","3.142068","907","3.140836","907","3.143136","888","3.141468","907","3.142288","907","3.143628","907","3.141684","907","3.143872","907","3.140552","907","3.141432","907","3.141796","907","3.14344","907","3.139444","907","3.141844","907","3.14282","907","3.143164","888","3.141288","907","3.14008","888","3.139732","887","3.144712","906","3.14014","906","3.14098","887","3.140844","906","3.141588","886","3.140996","906","3.14318","906","3.140848","906","3.141008","906","3.140888","887","3.140776","887","3.141884","906","3.141396","906","3.1416","906","3.141244","906","3.14156","887","3.1418","906","3.141952","906","3.142424","903","3.141504","903","3.141248","903","3.142492","903","3.140056","883","3.140284","903","3.140728","903","3.139536","902","3.141016","902","3.139632","902","3.14156","902","3.140288","902","3.140504","902","3.142148","882","3.142816","902","3.14232","902","3.141528","895","3.142888","895","3.14006","895","3.1415046800000015","875","934"
"98","3.14442","983","3.140572","661","3.140252","789","3.14506","854","3.141072","789","3.142316","765","3.140596","788","3.142228","978","3.140764","979","3.140272","978","3.141348","978","3.142272","978","3.145344","978","3.141032","978","3.141588","979","3.141788","978","3.142756","978","3.139172","979","3.143564","978","3.140096","978","3.139504","978","3.142344","978","3.137692","978","3.141184","978","3.143428","977","3.140536","978","3.139484","978","3.142072","978","3.1425","978","3.140868","978","3.141344","978","3.144664","978","3.141452","978","3.141528","978","3.13966","978","3.140836","977","3.140832","978","3.140744","977","3.14322","978","3.141036","978","3.140552","978","3.140436","978","3.140612","978","3.14088","959","3.143432","978","3.141984","977","3.142788","978","3.14038","977","3.141044","978","3.140788","978","3.142176","978","3.14104","977","3.140824","978","3.141832","978","3.141728","978","3.139584","978","3.142","977","3.139624","978","3.142392","978","3.141104","978","3.141412","978","3.142112","977","3.144768","978","3.142588","978","3.14472","978","3.144804","978","3.140432","977","3.143928","978","3.14146","977","3.142172","978","3.141224","977","3.14104","978","3.143168","977","3.141956","977","3.141192","975","3.141164","975","3.139316","975","3.142916","975","3.142708","975","3.145768","975","3.140996","975","3.139656","975","3.143348","975","3.141952","975","3.143792","974","3.14064","974","3.142048","975","3.141324","974","3.14254","975","3.139856","975","3.140744","975","3.1383","975","3.1368","975","3.144996","975","3.142008","975","3.140836","974","3.142468","975","3.142408","974","3.14204","975","3.142924","974","3.1416516399999996","964","983"
"99","3.14158","60","3.138532","100","3.142608","88","3.1414","100","3.142144","938","3.14154","911","3.140312","938","3.140904","937","3.141184","938","3.14256","937","3.141388","914","3.141712","937","3.143068","938","3.141356","937","3.139572","937","3.140076","937","3.14238","938","3.140796","937","3.141968","938","3.14362","938","3.144364","937","3.140536","937","3.139276","937","3.140692","937","3.141848","937","3.142272","937","3.141148","937","3.140212","937","3.141028","911","3.144416","937","3.141128","937","3.139732","937","3.142224","914","3.138796","937","3.141404","915","3.146276","937","3.13966","936","3.144124","904","3.142196","937","3.141748","937","3.142108","937","3.1418","916","3.145084","937","3.140908","914","3.142828","936","3.1402","937","3.144368","937","3.139008","937","3.141232","937","3.14128","937","3.14156","907","3.140076","937","3.142712","937","3.14158","936","3.141152","937","3.142676","936","3.141976","936","3.139176","937","3.1421","937","3.140048","937","3.142212","937","3.140716","936","3.140912","913","3.14094","936","3.141104","936","3.139728","910","3.144172","914","3.141628","937","3.141456","937","3.141328","937","3.14084","937","3.139364","937","3.142284","906","3.140604","912","3.1423","936","3.140784","937","3.138888","937","3.142876","936","3.14072","911","3.140648","937","3.139896","937","3.142892","909","3.14394","936","3.143552","936","3.14118","936","3.143364","936","3.1402","937","3.141164","911","3.141604","936","3.14068","936","3.142372","903","3.141564","937","3.13744","936","3.141452","914","3.144456","936","3.141556","936","3.140408","936","3.142056","937","3.140552","936","3.139372","936","3.1414685599999994","897","943"
"100","3.142296","121","3.140548","873","3.141892","873","3.138952","849","3.143192","850","3.139944","872","3.142556","849","3.140164","850","3.142972","872","3.142744","850","3.140952","852","3.143484","873","3.14084","933","3.141512","927","3.142664","897","3.141224","933","3.13936","905","3.140708","896","3.140524","905","3.145","930","3.14118","906","3.1388","926","3.138984","896","3.14228","927","3.140756","906","3.141516","932","3.142496","903","3.139788","896","3.141408","903","3.142836","926","3.140268","927","3.143748","904","3.14378","907","3.139868","896","3.140544","926","3.144976","903","3.141148","897","3.141932","895","3.143904","895","3.140296","933","3.143872","932","3.14356","933","3.14106","934","3.13976","902","3.143452","895","3.13806","934","3.144544","933","3.140796","902","3.141056","927","3.1434","927","3.141864","896","3.141356","935","3.140648","933","3.140416","873","3.13944","931","3.14442","904","3.13986","903","3.143716","897","3.142724","926","3.140476","933","3.143352","898","3.141516","933","3.1433","931","3.13798","934","3.139048","926","3.140696","868","3.141844","901","3.14256","897","3.142296","901","3.141092","899","3.139744","896","3.141428","900","3.1388","897","3.142724","899","3.14312","897","3.142428","896","3.140524","897","3.142188","899","3.142068","900","3.142768","899","3.139936","900","3.138308","897","3.141588","898","3.140812","900","3.142852","899","3.139104","895","3.140444","900","3.141408","901","3.141388","897","3.141092","892","3.1413","898","3.144116","897","3.143524","893","3.141624","892","3.142036","896","3.136676","895","3.141972","898","3.1414","897","3.1406","896","3.139252","898","3.14145424","894","942"
"Averages","3.1416796799999993","430","3.141887400000001","665","3.14190056","687","3.14170108","736","3.1415416","774","3.141521120000001","773","3.1416906399999998","799","3.1415389200000003","823","3.141455959999999","842","3.141633079999999","845","3.141564679999999","844","3.1416648400000007","862","3.1415958800000015","863","3.141657639999997","878","3.14169868","878","3.14147312","880","3.1416419600000016","885","3.1417267999999994","887","3.141727520000002","889","3.1415370799999995","891","3.1416434000000004","905","3.14143224","906","3.141476440000001","908","3.1414824000000023","911","3.14174884","907","3.1417061599999987","912","3.141688719999999","920","3.1415617599999996","917","3.14168348","919","3.1416092400000015","922","3.14162968","918","3.1415824","918","3.142181799999999","918","3.14175184","923","3.1414384799999984","923","3.1418264800000006","920","3.1414886400000004","919","3.1416446","917","3.1414327599999994","921","3.1416286","920","3.141650320000001","920","3.1416547600000007","921","3.1416237599999994","921","3.1414341200000013","923","3.1413510399999995","924","3.14138216","921","3.141491839999999","922","3.141598400000001","920","3.1412867600000003","918","3.1414818799999984","918","3.1417207999999994","915","3.1413426400000004","920","3.1415216000000017","920","3.14175904","918","3.1415463599999986","920","3.141484440000001","915","3.1415309199999992","920","3.1416030399999983","917","3.14134916","917","3.141557160000001","915","3.1414652799999976","914","3.141680400000001","915","3.1413149199999997","914","3.1419748800000002","913","3.1416734399999995","912","3.141767559999999","910","3.141433080000001","910","3.1417021200000024","910","3.141525919999999","909","3.1417355599999994","909","3.1416483600000022","908","3.141572240000001","908","3.1414180399999996","906","3.141503","905","3.1415965999999993","906","3.1417712000000013","904","3.14121132","903","3.1416662000000004","902","3.141602720000001","899","3.141873239999998","898","3.14189508","897","3.1417123200000003","896","3.1413512400000005","897","3.141419079999998","895","3.1417075199999998","895","3.14144992","893","3.14144652","894","3.14156096","892","3.14155236","892","3.1414721200000004","892","3.14134372","890","3.1417376800000003","890","3.1416253600000017","889","3.14161152","888","3.1418294399999995","885","3.141695720000001","884","3.14181312","882","3.141599","881","3.1415708400000004","881","3.1415186000000004","880","3.1415989460000007","887","1004"
