"Iteration Count","Job[1] Result","Job[1] Runtime (ms)","Job[2] Result","Job[2] Runtime (ms)","Job[3] Result","Job[3] Runtime (ms)","Job[4] Result","Job[4] Runtime (ms)","Job[5] Result","Job[5] Runtime (ms)","Job[6] Result","Job[6] Runtime (ms)","Job[7] Result","Job[7] Runtime (ms)","Job[8] Result","Job[8] Runtime (ms)","Job[9] Result","Job[9] Runtime (ms)","Job[10] Result","Job[10] Runtime (ms)","Job[11] Result","Job[11] Runtime (ms)","Job[12] Result","Job[12] Runtime (ms)","Job[13] Result","Job[13] Runtime (ms)","Job[14] Result","Job[14] Runtime (ms)","Job[15] Result","Job[15] Runtime (ms)","Job[16] Result","Job[16] Runtime (ms)","Job[17] Result","Job[17] Runtime (ms)","Job[18] Result","Job[18] Runtime (ms)","Job[19] Result","Job[19] Runtime (ms)","Job[20] Result","Job[20] Runtime (ms)","Job[21] Result","Job[21] Runtime (ms)","Job[22] Result","Job[22] Runtime (ms)","Job[23] Result","Job[23] Runtime (ms)","Job[24] Result","Job[24] Runtime (ms)","Job[25] Result","Job[25] Runtime (ms)","Job[26] Result","Job[26] Runtime (ms)","Job[27] Result","Job[27] Runtime (ms)","Job[28] Result","Job[28] Runtime (ms)","Job[29] Result","Job[29] Runtime (ms)","Job[30] Result","Job[30] Runtime (ms)","Job[31] Result","Job[31] Runtime (ms)","Job[32] Result","Job[32] Runtime (ms)","Job[33] Result","Job[33] Runtime (ms)","Job[34] Result","Job[34] Runtime (ms)","Job[35] Result","Job[35] Runtime (ms)","Job[36] Result","Job[36] Runtime (ms)","Job[37] Result","Job[37] Runtime (ms)","Job[38] Result","Job[38] Runtime (ms)","Job[39] Result","Job[39] Runtime (ms)","Job[40] Result","Job[40] Runtime (ms)","Job[41] Result","Job[41] Runtime (ms)","Job[42] Result","Job[42] Runtime (ms)","Job[43] Result","Job[43] Runtime (ms)","Job[44] Result","Job[44] Runtime (ms)","Job[45] Result","Job[45] Runtime (ms)","Job[46] Result","Job[46] Runtime (ms)","Job[47] Result","Job[47] Runtime (ms)","Job[48] Result","Job[48] Runtime (ms)","Job[49] Result","Job[49] Runtime (ms)","Job[50] Result","Job[50] Runtime (ms)","Job[51] Result","Job[51] Runtime (ms)","Job[52] Result","Job[52] Runtime (ms)","Job[53] Result","Job[53] Runtime (ms)","Job[54] Result","Job[54] Runtime (ms)","Job[55] Result","Job[55] Runtime (ms)","Job[56] Result","Job[56] Runtime (ms)","Job[57] Result","Job[57] Runtime (ms)","Job[58] Result","Job[58] Runtime (ms)","Job[59] Result","Job[59] Runtime (ms)","Job[60] Result","Job[60] Runtime (ms)","Job[61] Result","Job[61] Runtime (ms)","Job[62] Result","Job[62] Runtime (ms)","Job[63] Result","Job[63] Runtime (ms)","Job[64] Result","Job[64] Runtime (ms)","Job[65] Result","Job[65] Runtime (ms)","Job[66] Result","Job[66] Runtime (ms)","Job[67] Result","Job[67] Runtime (ms)","Job[68] Result","Job[68] Runtime (ms)","Job[69] Result","Job[69] Runtime (ms)","Job[70] Result","Job[70] Runtime (ms)","Job[71] Result","Job[71] Runtime (ms)","Job[72] Result","Job[72] Runtime (ms)","Job[73] Result","Job[73] Runtime (ms)","Job[74] Result","Job[74] Runtime (ms)","Job[75] Result","Job[75] Runtime (ms)","Job[76] Result","Job[76] Runtime (ms)","Job[77] Result","Job[77] Runtime (ms)","Job[78] Result","Job[78] Runtime (ms)","Job[79] Result","Job[79] Runtime (ms)","Job[80] Result","Job[80] Runtime (ms)","Job[81] Result","Job[81] Runtime (ms)","Job[82] Result","Job[82] Runtime (ms)","Job[83] Result","Job[83] Runtime (ms)","Job[84] Result","Job[84] Runtime (ms)","Job[85] Result","Job[85] Runtime (ms)","Job[86] Result","Job[86] Runtime (ms)","Job[87] Result","Job[87] Runtime (ms)","Job[88] Result","Job[88] Runtime (ms)","Job[89] Result","Job[89] Runtime (ms)","Job[90] Result","Job[90] Runtime (ms)","Job[91] Result","Job[91] Runtime (ms)","Job[92] Result","Job[92] Runtime (ms)","Job[93] Result","Job[93] Runtime (ms)","Job[94] Result","Job[94] Runtime (ms)","Job[95] Result","Job[95] Runtime (ms)","Job[96] Result","Job[96] Runtime (ms)","Job[97] Result","Job[97] Runtime (ms)","Job[98] Result","Job[98] Runtime (ms)","Job[99] Result","Job[99] Runtime (ms)","Job[100] Result","Job[100] Runtime (ms)","Average Result","Average Runtime (ms)","Total Runtime (ms)"
"1","3.138136","2175","3.140816","2190","3.140696","2175","3.14188","2207","3.140592","2206","3.143556","2175","3.143144","2175","3.142572","2173","3.141196","2206","3.142552","2173","3.139504","2206","3.139396","2229","3.143336","2173","3.141568","2205","3.141364","2172","3.141","2205","3.141448","2227","3.142144","2224","3.144172","2224","3.143428","2204","3.141532","2203","3.140576","2203","3.14444","2203","3.142364","2224","3.142208","2203","3.142768","2202","3.1427","2171","3.140656","2224","3.145168","2169","3.14226","2202","3.141068","2202","3.143652","2170","3.140444","2170","3.141852","2169","3.143472","2223","3.143616","2064","3.141384","2138","3.142776","2162","3.144336","2216","3.141144","2194","3.139588","2138","3.139352","2194","3.137144","2161","3.139724","2162","3.141012","2161","3.141892","2161","3.141024","2216","3.141064","2194","3.143824","2214","3.14126","2193","3.138656","2161","3.139792","2214","3.141676","2159","3.142116","2193","3.140552","2136","3.140832","2116","3.141432","2192","3.14032","2159","3.14246","2212","3.13994","2159","3.13976","2064","3.140816","2060","3.14176","2060","3.140532","2059","3.13996","2036","3.140908","1808","3.1418","1808","3.142972","1808","3.138796","1808","3.144036","1807","3.140652","1805","3.14126","1805","3.1418","1807","3.142996","1806","3.1425","1807","3.14264","1805","3.138416","1804","3.1404","1805","3.139764","1806","3.143036","1806","3.142296","1804","3.143912","1806","3.14184","1804","3.142364","1804","3.1398","1806","3.140148","1800","3.143008","1797","3.137984","1798","3.140056","1793","3.139116","1792","3.141052","1793","3.140096","1793","3.142316","1792","3.139168","1793","3.139084","1790","3.144156","1790","3.141992","1792","3.14222","1792","3.139656","1792","3.14326","1790","3.14142904","2044","5722"
"2","3.14282","203","3.141908","727","3.141184","790","3.142972","727","3.142456","510","3.141036","509","3.142136","725","3.144564","725","3.14164","827","3.141364","782","3.140168","782","3.142176","1080","3.138272","774","3.14086","961","3.142052","961","3.142496","921","3.13914","897","3.140484","958","3.141584","921","3.140284","897","3.1418","958","3.140272","770","3.14004","995","3.144536","993","3.140372","952","3.141588","993","3.139844","994","3.141692","1070","3.143348","994","3.140716","891","3.1417","994","3.141436","948","3.139792","961","3.142328","1031","3.142732","995","3.140416","1031","3.14278","1030","3.14318","1030","3.14002","1030","3.141776","1030","3.141224","1031","3.139516","1030","3.143276","955","3.140296","955","3.141844","1030","3.1412","1031","3.142836","1031","3.142648","1030","3.14042","953","3.139148","1037","3.140096","1037","3.143992","1037","3.144872","1016","3.142444","1037","3.14222","1018","3.140652","1037","3.140932","1037","3.137792","1037","3.143452","1037","3.141656","1016","3.141416","1037","3.140724","1037","3.14074","1036","3.142912","1033","3.141592","1033","3.142324","1033","3.140328","1033","3.144252","1032","3.141","1032","3.141444","1032","3.14098","1032","3.140468","1032","3.142176","1032","3.145088","1032","3.143628","1032","3.140724","1032","3.143288","1032","3.13952","1032","3.14366","1032","3.143528","1032","3.141784","1032","3.14544","1032","3.143216","1031","3.140924","1032","3.143336","1032","3.142004","1032","3.14404","1032","3.141884","1032","3.14038","1026","3.139572","1026","3.143588","1026","3.13982","1026","3.1423","1026","3.140636","1026","3.14132","1026","3.14452","1026","3.145032","1025","3.140336","1025","3.14028","1026","3.143268","1025","3.1417395199999993","969","1153"
"3","3.13908","126","3.139864","653","3.140276","653","3.141588","585","3.14028","652","3.144044","652","3.142752","585","3.141828","824","3.144044","611","3.141776","764","3.1409","796","3.14458","793","3.140596","846","3.139396","846","3.140644","1084","3.142208","896","3.142668","845","3.142108","846","3.142844","845","3.142924","1018","3.14482","1018","3.143248","1084","3.139496","1084","3.139392","1069","3.137804","1065","3.140048","1065","3.140492","1032","3.140532","1019","3.142756","1065","3.14138","1065","3.144696","1022","3.143216","1026","3.142912","1065","3.140616","1065","3.142408","978","3.142868","1026","3.14132","1026","3.140252","1065","3.139628","1021","3.1413","1021","3.142228","1020","3.1427","1064","3.14376","1051","3.140944","1051","3.14358","1006","3.140304","1051","3.13992","1051","3.143268","1051","3.140212","1049","3.142132","1050","3.143544","1048","3.139052","1050","3.142328","1026","3.141108","1048","3.14268","1048","3.140468","1049","3.142288","1026","3.142584","1048","3.14022","1049","3.14314","1049","3.141872","1048","3.139104","1017","3.13994","1049","3.144","1047","3.143684","1046","3.142032","1047","3.141504","1047","3.139412","1045","3.14178","1018","3.143264","1045","3.142372","1015","3.14048","1020","3.14084","1042","3.138484","1042","3.1415","1039","3.140392","1004","3.142836","1028","3.144016","1001","3.141296","1023","3.141824","973","3.144032","974","3.140996","974","3.143568","974","3.14388","975","3.144984","973","3.142664","973","3.141576","974","3.141284","974","3.14042","950","3.1409","973","3.141504","974","3.139944","974","3.139024","974","3.140984","969","3.143336","970","3.144456","969","3.14282","969","3.139492","969","3.139292","969","3.142404","969","3.14168236","967","1097"
"4","3.141212","241","3.137152","696","3.141976","696","3.13922","491","3.142372","696","3.14178","1100","3.139968","1100","3.14248","1100","3.141256","1100","3.142884","1100","3.14164","1100","3.139608","1100","3.138944","1100","3.139812","1100","3.142996","1078","3.140216","1100","3.140188","1005","3.139732","1089","3.140052","1031","3.142336","1031","3.140988","1126","3.141308","1089","3.144048","1085","3.14124","1105","3.142188","1085","3.142144","1105","3.139952","1105","3.141084","1085","3.142792","1105","3.141384","1102","3.13882","1101","3.139232","1100","3.143356","1100","3.141424","1096","3.144472","1096","3.13778","1096","3.141948","1113","3.142612","1096","3.144332","1112","3.140688","1112","3.139776","1096","3.137956","1112","3.140052","1095","3.143064","1130","3.145036","1111","3.142148","1110","3.139612","1110","3.139976","1110","3.141592","1093","3.140732","1110","3.140832","1111","3.140296","1087","3.142216","1087","3.142084","1081","3.141024","1080","3.14148","1056","3.144368","1072","3.143548","1072","3.142004","1072","3.144348","1072","3.139148","1072","3.141756","1072","3.143072","1055","3.143052","1072","3.141664","1069","3.137536","1069","3.14334","1051","3.142588","1062","3.143172","1062","3.13858","1046","3.14104","1062","3.141388","1062","3.139432","1063","3.1395","1062","3.142984","1057","3.138256","1054","3.139176","1053","3.14024","1053","3.140856","1053","3.140896","1048","3.145316","1048","3.140016","1048","3.139432","1047","3.14116","1047","3.141216","1045","3.142844","1045","3.141796","1044","3.144616","1044","3.143644","1044","3.1406","1044","3.1389","1041","3.143756","1041","3.141892","1040","3.138476","1040","3.141568","1038","3.1426","1038","3.143056","1038","3.142196","1038","3.139424","1038","3.140228","1037","3.14130172","1049","1162"
"5","3.140184","1039","3.14054","1015","3.13796","872","3.140312","831","3.142036","872","3.142952","1057","3.142072","872","3.14092","806","3.144296","1057","3.14152","1056","3.13864","1056","3.142648","1002","3.140488","1034","3.142688","1012","3.143","1035","3.138756","1053","3.143256","1035","3.141684","979","3.141596","1053","3.1418","1053","3.14442","1053","3.14468","1035","3.140224","1069","3.141432","1035","3.140188","1011","3.141628","1053","3.142984","1053","3.140536","1052","3.141148","1035","3.141924","1052","3.140572","1065","3.141608","1048","3.140444","1030","3.142044","1048","3.13968","1048","3.143428","1044","3.143184","1026","3.14298","1042","3.142236","1038","3.140668","1055","3.14094","1038","3.144072","1038","3.142268","1038","3.142448","1038","3.140796","1055","3.14228","1052","3.142084","1033","3.1417","1015","3.141888","1048","3.14212","1048","3.141092","1049","3.142132","1014","3.142348","1032","3.1406","1030","3.1409","1030","3.142484","1013","3.140684","1030","3.142208","1029","3.142796","1029","3.139064","1029","3.138664","1025","3.142428","1008","3.139248","1025","3.142452","1025","3.140488","1025","3.141892","1024","3.14264","1025","3.142008","1025","3.141616","1024","3.141948","1025","3.14404","1008","3.140364","1025","3.14382","1016","3.140636","1016","3.139524","1016","3.140372","1016","3.14016","1016","3.14112","1016","3.139412","1015","3.14124","998","3.14314","1015","3.143424","1015","3.136792","1015","3.142052","1015","3.141604","1015","3.144644","1015","3.140644","1015","3.1429","1015","3.144692","1015","3.141064","1015","3.141924","1015","3.139904","998","3.141196","1014","3.143272","1015","3.141592","1015","3.145624","1015","3.13994","1015","3.141344","1015","3.141724","1015","3.138872","1015","3.1415868000000007","1020","1074"
"6","3.140416","872","3.140664","872","3.14148","904","3.139248","904","3.14206","904","3.140868","905","3.141056","880","3.14292","940","3.138956","904","3.138752","905","3.143504","905","3.142844","789","3.142996","909","3.143676","904","3.139424","909","3.14196","848","3.143204","902","3.1416","992","3.141312","1011","3.140444","991","3.142208","1011","3.14122","990","3.140268","963","3.143636","991","3.139752","992","3.144652","991","3.13888","1011","3.142792","1010","3.140932","991","3.141024","1010","3.1418","1010","3.14264","990","3.142688","1010","3.141724","1010","3.14232","990","3.140888","1010","3.140564","1010","3.140588","1010","3.14218","1010","3.140456","1010","3.14474","1009","3.140412","1010","3.140736","1010","3.140324","1010","3.140896","1010","3.139956","1009","3.138684","1010","3.141948","1009","3.14022","934","3.143612","991","3.141928","990","3.138628","989","3.137628","1006","3.14048","987","3.140772","987","3.144192","986","3.140644","985","3.138252","1006","3.146176","986","3.14144","1006","3.141872","1006","3.140316","1006","3.138944","1006","3.1404","983","3.142476","983","3.142308","984","3.139468","984","3.141524","983","3.14282","964","3.142496","963","3.142652","984","3.141604","983","3.138712","984","3.14326","983","3.140292","983","3.141428","983","3.14132","964","3.1396","983","3.142444","983","3.143848","963","3.142812","983","3.139056","983","3.1428","983","3.13778","984","3.14198","961","3.142748","960","3.145864","960","3.139372","960","3.14144","960","3.142224","960","3.14028","960","3.13814","960","3.140756","961","3.143828","960","3.14242","960","3.142348","957","3.140092","957","3.14214","958","3.139552","957","3.136692","957","3.1413037200000002","970","1017"
"7","3.140556","622","3.141496","622","3.142728","478","3.14336","622","3.14396","619","3.144732","617","3.141896","643","3.1403","617","3.143332","640","3.14252","640","3.140852","995","3.139816","995","3.143076","990","3.139928","991","3.14166","990","3.143608","995","3.142828","1014","3.138712","1014","3.139412","1014","3.141676","1014","3.139756","991","3.14288","1014","3.141628","990","3.14202","1014","3.142976","1014","3.140876","985","3.142008","1014","3.142096","983","3.142068","1014","3.143784","982","3.141052","992","3.140828","1014","3.140352","1014","3.141852","983","3.139856","980","3.140624","1012","3.13978","1012","3.141704","1012","3.139048","1012","3.140452","1012","3.142292","1012","3.140308","1012","3.140264","1012","3.143152","989","3.141504","1012","3.1444","1012","3.141344","990","3.140068","981","3.13988","982","3.140964","993","3.141056","1011","3.142672","991","3.142948","989","3.141204","988","3.140304","983","3.142932","990","3.14236","993","3.14208","1012","3.14204","990","3.14098","1012","3.142512","1012","3.140136","1012","3.144756","990","3.140248","988","3.142244","983","3.142704","990","3.141264","988","3.145412","989","3.145792","979","3.143564","1011","3.144512","1012","3.141872","1011","3.141604","1011","3.142572","1011","3.141656","990","3.141052","1011","3.14126","992","3.139456","1011","3.144208","990","3.141264","1012","3.14382","1011","3.140412","1011","3.140036","982","3.141712","1011","3.1401","989","3.142084","1011","3.14276","1011","3.138912","1011","3.139916","992","3.141772","1011","3.141328","980","3.141432","1011","3.14086","991","3.142836","948","3.14316","992","3.141688","979","3.141712","1011","3.141888","1011","3.142796","1011","3.141484","992","3.1417363600000003","960","1024"
"8","3.142624","946","3.142296","968","3.14068","969","3.140152","969","3.13958","969","3.13964","969","3.14384","969","3.141272","951","3.144852","969","3.138328","969","3.139096","968","3.140536","943","3.140948","950","3.14418","969","3.14296","969","3.13916","948","3.141012","949","3.1426","968","3.142748","968","3.14032","948","3.142548","949","3.142812","969","3.143248","968","3.142568","969","3.139852","939","3.142644","968","3.140108","939","3.14116","950","3.141544","968","3.142272","969","3.138628","951","3.141144","968","3.14274","969","3.14132","969","3.14258","969","3.143192","944","3.142364","969","3.142248","969","3.140144","950","3.141956","948","3.139628","942","3.14072","968","3.142584","969","3.143464","920","3.139652","947","3.142092","968","3.146228","968","3.139656","939","3.138348","969","3.14074","945","3.140876","968","3.142388","968","3.141072","969","3.143584","945","3.138688","968","3.139436","968","3.142008","946","3.143244","942","3.141656","968","3.141852","968","3.141504","968","3.144516","968","3.14096","968","3.138752","968","3.143588","969","3.140852","968","3.14244","968","3.141552","968","3.143952","950","3.143248","968","3.139992","968","3.141624","968","3.140272","968","3.144684","969","3.14266","939","3.141388","944","3.140208","939","3.143108","968","3.141544","969","3.140132","968","3.143448","968","3.14246","948","3.138532","945","3.140924","967","3.13998","942","3.141004","968","3.142228","967","3.142408","968","3.142252","968","3.14296","968","3.13936","969","3.14278","967","3.148536","968","3.141688","968","3.14016","948","3.139772","948","3.139792","939","3.141148","967","3.141124","968","3.141916","967","3.1415926","960","970"
"9","3.139848","189","3.139732","978","3.143432","978","3.13986","978","3.14056","978","3.139628","980","3.141352","978","3.141392","978","3.14132","980","3.143008","980","3.140408","800","3.142544","953","3.1431","978","3.140004","982","3.13866","978","3.14116","978","3.140388","982","3.144276","978","3.142324","982","3.142556","980","3.139996","978","3.141104","982","3.140076","982","3.14044","980","3.142672","978","3.141636","978","3.142892","978","3.142568","974","3.143804","963","3.142036","963","3.14356","963","3.143196","959","3.142776","959","3.142816","963","3.143792","963","3.142076","963","3.145688","958","3.14446","963","3.13934","963","3.141764","963","3.141616","958","3.140924","959","3.138816","958","3.145388","966","3.143224","962","3.14066","940","3.13906","940","3.138476","935","3.139252","920","3.139752","1005","3.139568","1005","3.1416","1005","3.143052","1005","3.142276","1005","3.142512","1005","3.141964","1005","3.142248","1005","3.138556","1003","3.141052","986","3.142804","1003","3.14354","1003","3.1379","1003","3.140744","1003","3.143024","1003","3.145016","1003","3.142656","1003","3.14324","1003","3.143956","1003","3.14398","1003","3.143512","1003","3.14056","1003","3.139928","1003","3.143124","1003","3.140564","1003","3.143896","1003","3.142148","1003","3.143532","1003","3.141588","1003","3.139616","1003","3.139912","1003","3.142632","1003","3.141768","1003","3.142576","1003","3.140264","1003","3.141224","1003","3.143064","1003","3.142544","1003","3.140056","1003","3.139948","1003","3.144452","1003","3.140464","1003","3.141624","1003","3.140268","1003","3.143068","1003","3.139764","1003","3.144328","1003","3.142084","1002","3.138752","1003","3.140704","1003","3.143544","1003","3.1417060800000014","976","1066"
"10","3.146304","575","3.141056","575","3.143148","574","3.140128","575","3.140004","575","3.140448","575","3.142224","574","3.142756","575","3.142644","574","3.140836","575","3.139772","575","3.14492","574","3.141172","574","3.142976","575","3.139284","574","3.141568","504","3.14406","923","3.141512","922","3.142096","920","3.141388","940","3.144612","940","3.142332","921","3.144732","921","3.139132","920","3.1435","939","3.142176","940","3.142388","919","3.14494","921","3.1412","922","3.141276","940","3.141892","940","3.142344","917","3.1382","939","3.143616","915","3.14166","916","3.143636","922","3.137796","939","3.142232","939","3.140348","940","3.144688","916","3.142272","917","3.140876","939","3.140044","939","3.1434","921","3.142264","939","3.140444","919","3.143564","919","3.143352","921","3.143668","939","3.14044","939","3.140828","907","3.140932","940","3.13888","939","3.139064","939","3.14078","920","3.14302","920","3.138872","939","3.140592","919","3.141268","919","3.142024","908","3.140692","939","3.142428","939","3.143392","918","3.140056","939","3.139908","919","3.143452","913","3.14292","939","3.142188","922","3.143852","911","3.14208","914","3.141864","882","3.139844","919","3.142504","914","3.1432","939","3.141032","939","3.1404","915","3.14416","939","3.143324","921","3.140328","912","3.143716","939","3.146616","928","3.140916","909","3.143344","928","3.140496","928","3.14304","910","3.14112","927","3.142136","928","3.140552","907","3.141508","927","3.14268","928","3.141028","910","3.139196","909","3.140556","928","3.141632","927","3.145212","927","3.13978","872","3.14332","870","3.141964","870","3.142532","870","3.142104","859","3.1418865200000003","865","970"
"11","3.13976","241","3.143092","268","3.145092","268","3.1392","268","3.140476","267","3.143288","267","3.141504","268","3.145928","267","3.14132","982","3.139296","981","3.140736","983","3.14138","983","3.145284","980","3.143068","980","3.142032","890","3.142688","983","3.14132","864","3.137796","983","3.144044","981","3.1429","983","3.140372","980","3.141812","983","3.142456","798","3.141804","981","3.141672","980","3.142084","969","3.140736","969","3.140336","966","3.137792","969","3.14146","966","3.144488","968","3.142508","951","3.142756","951","3.140564","953","3.139304","950","3.138708","860","3.143952","864","3.144268","948","3.137824","948","3.14108","951","3.14324","948","3.144452","948","3.144856","950","3.139328","950","3.141888","948","3.139968","869","3.14106","950","3.14198","833","3.140452","875","3.1431","871","3.140332","872","3.144064","873","3.140436","872","3.140772","871","3.142088","869","3.142284","870","3.141128","846","3.139816","870","3.140532","873","3.140944","873","3.142572","867","3.14092","868","3.141476","868","3.141296","873","3.140216","868","3.139948","872","3.140548","868","3.139228","872","3.140752","870","3.14214","872","3.144016","868","3.141352","868","3.143252","868","3.14148","868","3.143992","872","3.140224","868","3.14528","868","3.143156","870","3.143568","872","3.141688","867","3.141328","873","3.140604","873","3.139928","868","3.140364","872","3.142028","868","3.14074","868","3.14026","867","3.144184","864","3.139072","864","3.138512","866","3.1409","867","3.142232","867","3.139456","862","3.141176","866","3.140124","862","3.141552","867","3.14358","862","3.13928","862","3.139464","862","3.140328","867","3.1415111599999985","851","995"
"12","3.143236","589","3.141504","475","3.14466","636","3.140016","609","3.143048","996","3.142616","973","3.140696","990","3.142808","990","3.141716","990","3.14004","916","3.13992","1010","3.142628","990","3.139192","944","3.141888","968","3.142116","990","3.139944","990","3.1408","990","3.140272","985","3.140696","1005","3.14136","1004","3.142704","1021","3.141496","985","3.14382","1005","3.145696","1021","3.140952","1021","3.138708","1021","3.141652","1004","3.140928","985","3.140796","1003","3.142232","1004","3.141816","1004","3.141164","1004","3.143584","1004","3.141404","1004","3.142664","1004","3.144564","1004","3.143312","984","3.13904","1021","3.142664","1004","3.139144","1021","3.140832","985","3.143316","1004","3.144528","1003","3.141036","1004","3.141132","1004","3.139904","1004","3.144356","1004","3.140132","1004","3.140432","1021","3.139604","1021","3.142204","984","3.141008","985","3.141728","1021","3.141044","961","3.141692","1004","3.141688","1004","3.138416","984","3.140068","1021","3.143708","1003","3.142424","990","3.142872","1003","3.142016","1003","3.14236","999","3.139728","999","3.141396","998","3.140644","999","3.142856","998","3.142964","999","3.142448","998","3.142036","999","3.142624","995","3.14082","995","3.142016","995","3.140528","995","3.14106","995","3.140732","995","3.139928","995","3.143012","995","3.139992","995","3.13942","995","3.141496","995","3.141132","993","3.140068","993","3.138108","992","3.141772","993","3.140616","993","3.142196","993","3.143864","983","3.142324","983","3.142184","983","3.140524","983","3.13932","983","3.142696","983","3.13984","983","3.142708","983","3.13902","983","3.142976","979","3.139388","979","3.141168","979","3.141108","979","3.14148708","978","1037"
"13","3.141924","657","3.141832","706","3.142236","707","3.144044","706","3.14396","706","3.139584","702","3.142432","702","3.14138","678","3.140788","702","3.140964","703","3.141128","702","3.143044","702","3.140932","702","3.143008","678","3.140092","702","3.13956","971","3.141796","948","3.14186","971","3.139728","948","3.144992","971","3.138996","971","3.14048","972","3.141896","948","3.142848","971","3.140892","947","3.143012","945","3.143708","950","3.14092","949","3.140092","971","3.140548","971","3.14114","971","3.14134","971","3.14266","948","3.140248","943","3.141492","877","3.13948","968","3.142192","972","3.142524","968","3.140556","969","3.139948","969","3.14314","969","3.14084","944","3.14266","968","3.140996","968","3.141972","951","3.140244","951","3.1402","953","3.141332","952","3.139304","929","3.142296","926","3.138676","911","3.138968","907","3.144176","911","3.1425","907","3.140864","911","3.144184","907","3.140616","910","3.143384","908","3.1419","911","3.143264","908","3.1392","909","3.141444","910","3.143644","911","3.140556","907","3.143144","910","3.141864","907","3.138624","908","3.14186","908","3.140688","906","3.141724","911","3.142128","910","3.137552","911","3.140532","909","3.141168","909","3.143816","909","3.14126","910","3.145012","907","3.14034","911","3.141436","905","3.14034","911","3.14282","910","3.14044","909","3.142168","910","3.140868","908","3.140888","905","3.141196","908","3.141404","910","3.141708","906","3.141012","909","3.139668","909","3.14012","907","3.13976","909","3.141452","910","3.140356","909","3.14096","908","3.143116","907","3.14222","910","3.13734","911","3.14036","909","3.139164","906","3.1413512400000005","893","985"
"14","3.142668","268","3.139728","683","3.143428","967","3.141072","835","3.141312","813","3.142944","835","3.140692","974","3.139916","967","3.141308","835","3.141224","967","3.14242","638","3.142152","746","3.140864","967","3.141012","835","3.140016","962","3.143852","973","3.139984","967","3.1411","974","3.142164","973","3.142088","683","3.140392","835","3.140444","769","3.139096","947","3.137768","958","3.14242","952","3.14048","958","3.14142","959","3.143676","951","3.141644","939","3.142164","939","3.142744","939","3.140736","939","3.141312","927","3.139468","915","3.142796","944","3.141352","944","3.14326","926","3.14374","945","3.142168","944","3.139908","944","3.141904","944","3.141184","944","3.142096","925","3.141404","924","3.144504","944","3.13856","944","3.143012","923","3.14018","920","3.1418","944","3.139896","944","3.140624","944","3.140984","944","3.142228","926","3.142396","944","3.139812","944","3.142144","926","3.14058","915","3.141544","944","3.140816","944","3.142952","944","3.14146","944","3.139132","943","3.13948","927","3.14236","944","3.140948","943","3.144032","944","3.143852","923","3.139736","944","3.1398","944","3.142576","944","3.142232","943","3.139812","944","3.141652","944","3.138952","919","3.141488","944","3.14288","944","3.14106","927","3.144488","944","3.1416","944","3.141428","944","3.140356","944","3.143716","944","3.141856","943","3.143312","943","3.140944","926","3.140184","918","3.142904","944","3.143056","943","3.142424","944","3.13896","943","3.139208","943","3.140692","943","3.141856","943","3.144168","943","3.14074","944","3.14072","944","3.140756","943","3.142272","927","3.143312","943","3.14032","944","3.1414627599999987","917","994"
"15","3.138936","515","3.143356","514","3.143032","490","3.143812","1001","3.143048","515","3.14048","515","3.1388","514","3.139808","998","3.141104","998","3.146484","989","3.14466","995","3.142752","995","3.138628","995","3.139328","995","3.139864","899","3.142136","901","3.140988","989","3.142092","994","3.143248","988","3.141004","995","3.14042","994","3.14812","995","3.141624","995","3.141848","989","3.14028","989","3.140484","995","3.14146","994","3.14274","988","3.141192","994","3.140048","994","3.1409","995","3.14044","900","3.144252","989","3.143804","994","3.141916","986","3.137916","986","3.139932","916","3.141","978","3.142332","884","3.14256","978","3.142416","978","3.142908","916","3.142996","978","3.142832","972","3.141952","978","3.14282","978","3.14244","972","3.14256","956","3.139992","956","3.1427","956","3.13966","956","3.145188","921","3.142256","952","3.140536","952","3.138572","946","3.14246","939","3.14108","945","3.142892","945","3.140176","945","3.14142","939","3.14016","944","3.14188","944","3.140032","961","3.141968","935","3.14124","958","3.141476","958","3.141724","940","3.142544","935","3.141648","935","3.141096","958","3.141256","951","3.139972","951","3.140952","951","3.142476","951","3.142988","951","3.142892","950","3.139092","951","3.141156","951","3.140324","951","3.141496","951","3.14472","951","3.140568","951","3.141552","951","3.144504","951","3.13934","951","3.140944","932","3.143148","951","3.142844","951","3.1446","951","3.140296","951","3.141212","951","3.143636","950","3.141652","951","3.141392","951","3.143648","951","3.139236","950","3.144224","951","3.140576","951","3.142556","951","3.141828","951","3.1417353199999996","933","1021"
"16","3.140156","570","3.138868","996","3.139864","986","3.14386","996","3.141208","811","3.142708","965","3.140864","954","3.144148","966","3.139356","979","3.143444","979","3.141272","958","3.141868","979","3.140564","979","3.142868","987","3.14256","988","3.141364","988","3.145108","977","3.142076","987","3.144672","977","3.141608","982","3.141076","981","3.143252","985","3.141276","977","3.143624","981","3.137732","982","3.14134","980","3.14234","983","3.142156","954","3.141536","987","3.143304","984","3.140268","977","3.143044","977","3.14106","980","3.143572","986","3.14288","977","3.13944","987","3.139788","977","3.144176","979","3.144096","986","3.138976","977","3.140364","987","3.142824","976","3.140208","977","3.144616","977","3.141152","985","3.142932","976","3.144368","985","3.144304","977","3.140548","975","3.13876","983","3.145488","985","3.144328","979","3.141288","987","3.142764","984","3.143976","985","3.14176","976","3.14086","986","3.139536","987","3.142452","987","3.143032","976","3.142392","977","3.140392","980","3.14006","988","3.144576","979","3.142284","985","3.142032","981","3.143844","981","3.144244","977","3.144452","977","3.141192","976","3.143504","987","3.139972","981","3.140364","987","3.142704","980","3.138868","976","3.140996","985","3.140368","983","3.141144","985","3.142728","976","3.141776","975","3.14562","975","3.141992","981","3.139524","986","3.142212","983","3.14322","975","3.140388","982","3.142328","976","3.141008","974","3.143928","975","3.143096","971","3.142564","975","3.143268","956","3.139168","966","3.143388","967","3.143372","963","3.141332","967","3.139196","967","3.14264","965","3.14322","964","3.140848","959","3.14199136","972","1000"
"17","3.141536","45","3.142792","75","3.14132","81","3.142268","81","3.143792","76","3.139004","75","3.143044","944","3.139824","910","3.140448","944","3.13726","911","3.140632","875","3.142644","875","3.14248","944","3.139988","944","3.14256","944","3.146164","944","3.141144","944","3.141676","944","3.142084","944","3.141212","944","3.141948","944","3.141844","853","3.140812","875","3.141288","944","3.142028","920","3.139844","921","3.140884","816","3.140156","921","3.139296","853","3.140888","944","3.143224","851","3.142972","944","3.139816","816","3.14088","944","3.143792","882","3.14224","878","3.143744","879","3.141016","879","3.140824","879","3.139548","879","3.1403","879","3.142752","879","3.141384","879","3.140708","879","3.140176","879","3.142948","879","3.142212","879","3.140356","878","3.143856","878","3.140752","878","3.141508","854","3.140364","878","3.141676","878","3.141248","857","3.140608","878","3.141824","878","3.143432","878","3.143292","878","3.140592","877","3.139672","878","3.140816","878","3.139308","878","3.142308","878","3.14398","877","3.14134","878","3.140732","856","3.139284","877","3.142644","878","3.142472","878","3.142792","878","3.142304","878","3.143052","877","3.140272","877","3.142636","878","3.139896","878","3.140464","878","3.141884","878","3.142184","878","3.139552","877","3.14152","878","3.13844","877","3.141944","874","3.1392","875","3.143508","875","3.14118","875","3.138692","874","3.142436","874","3.142308","852","3.14468","875","3.142356","875","3.14206","875","3.141796","875","3.1423","875","3.141972","874","3.144476","875","3.141096","875","3.141316","874","3.138428","875","3.140452","874","3.143288","875","3.1414994399999996","837","961"
"18","3.139304","334","3.141852","912","3.141764","835","3.143532","950","3.138756","912","3.140036","926","3.141964","952","3.14198","950","3.140588","950","3.141108","950","3.141036","833","3.141248","926","3.136636","950","3.1427","912","3.143088","801","3.139588","926","3.13798","810","3.140832","950","3.1396","912","3.142688","920","3.143528","950","3.140132","950","3.140256","801","3.142608","757","3.142644","950","3.142468","946","3.144576","913","3.139248","912","3.142832","912","3.14208","912","3.143732","890","3.144104","912","3.143548","912","3.137788","912","3.13876","912","3.14182","912","3.139824","890","3.140976","912","3.142288","912","3.141736","905","3.144212","884","3.141692","906","3.141684","906","3.1409","906","3.138988","906","3.142296","906","3.14352","906","3.14142","905","3.141244","906","3.139776","869","3.141884","906","3.140876","905","3.14096","905","3.141316","906","3.141484","906","3.143916","906","3.142668","900","3.14122","882","3.14162","882","3.142032","878","3.139548","877","3.141888","877","3.141048","874","3.141912","874","3.140568","872","3.144152","874","3.143688","876","3.137516","874","3.138608","875","3.144136","875","3.140192","876","3.140604","875","3.142916","871","3.140756","874","3.143092","873","3.140688","872","3.14042","872","3.140604","871","3.141636","871","3.141624","872","3.140716","872","3.141768","872","3.140616","873","3.14334","865","3.143944","862","3.142892","862","3.144568","862","3.141884","862","3.142128","862","3.142476","862","3.141752","859","3.141956","862","3.145148","856","3.140128","856","3.141376","856","3.141076","856","3.14042","856","3.139344","856","3.14124","856","3.143012","856","3.1415031599999996","883","959"
"19","3.141212","586","3.140208","586","3.140932","583","3.14284","934","3.14122","934","3.141928","934","3.142092","934","3.141612","934","3.142028","934","3.139928","934","3.141004","934","3.14178","913","3.142556","934","3.139348","934","3.144024","934","3.140796","913","3.139088","934","3.140832","934","3.143","913","3.140688","934","3.143888","934","3.14218","919","3.140036","916","3.141288","916","3.143496","916","3.141968","916","3.141864","916","3.14258","916","3.142176","916","3.142844","916","3.140392","916","3.142988","916","3.144324","916","3.138852","915","3.142496","908","3.141032","906","3.142676","906","3.142852","906","3.143396","906","3.142644","905","3.140416","906","3.139608","906","3.145564","884","3.142716","906","3.142476","900","3.140804","896","3.141776","896","3.140552","926","3.141328","926","3.137652","926","3.141132","926","3.14198","926","3.140604","926","3.141664","926","3.143556","926","3.139468","926","3.140776","926","3.139504","926","3.141324","926","3.143708","926","3.139056","926","3.140832","926","3.140392","926","3.14122","926","3.138988","926","3.142944","925","3.142068","926","3.140392","925","3.142436","926","3.140308","926","3.141224","925","3.144148","925","3.141128","925","3.14392","925","3.140272","926","3.143604","925","3.13964","925","3.141476","926","3.139776","926","3.138772","926","3.142284","926","3.1439","925","3.140912","925","3.141208","925","3.141612","925","3.143996","926","3.139012","925","3.141216","925","3.138872","925","3.141516","925","3.139936","925","3.143564","925","3.14078","925","3.1426","925","3.1415","925","3.1402","925","3.1401","925","3.139324","925","3.141784","926","3.140136","925","3.14144744","911","969"
"20","3.142744","262","3.14202","292","3.1415","292","3.143444","292","3.140216","292","3.141624","320","3.141608","939","3.14182","939","3.141876","940","3.143008","940","3.142704","916","3.143468","939","3.141392","939","3.14196","917","3.141976","911","3.13926","939","3.141956","939","3.140304","920","3.141212","916","3.145248","939","3.139348","939","3.140664","939","3.139244","940","3.140592","939","3.143776","939","3.141404","940","3.142512","939","3.139632","939","3.14166","940","3.14324","920","3.14276","939","3.142328","939","3.14244","939","3.138912","938","3.141376","939","3.141716","940","3.138804","909","3.14112","939","3.140036","938","3.14184","915","3.13988","939","3.140024","939","3.142776","910","3.14158","939","3.137528","939","3.143016","938","3.141272","914","3.139568","939","3.144984","939","3.145044","938","3.143408","938","3.14276","939","3.143632","938","3.142416","939","3.143544","918","3.141232","919","3.142","939","3.14194","938","3.138552","939","3.140072","939","3.140104","939","3.142332","919","3.142172","920","3.141492","939","3.14022","938","3.14176","938","3.141824","938","3.144648","939","3.145236","938","3.14096","938","3.142312","917","3.136516","939","3.141356","939","3.142492","917","3.13928","938","3.142292","939","3.142932","938","3.143256","919","3.14088","939","3.144104","911","3.141272","915","3.14144","938","3.143548","938","3.143368","938","3.141648","938","3.142388","939","3.139104","939","3.140888","939","3.14206","938","3.138104","938","3.141652","939","3.141984","938","3.145008","938","3.142136","938","3.14138","938","3.1404","904","3.14146","938","3.143932","938","3.141112","938","3.141276","938","3.141683000000001","895","959"
"21","3.14114","574","3.143416","772","3.142104","772","3.143548","772","3.142884","772","3.14168","771","3.139776","772","3.138772","772","3.143588","772","3.144576","772","3.14034","771","3.139724","772","3.143948","772","3.14422","771","3.140252","772","3.141488","757","3.142464","694","3.141612","757","3.141404","781","3.141068","780","3.145672","780","3.142268","780","3.142008","781","3.142024","756","3.140332","781","3.141204","780","3.141676","843","3.141476","780","3.140896","778","3.138692","873","3.14268","930","3.142056","933","3.143","956","3.142288","954","3.140124","953","3.142152","954","3.141812","954","3.144304","953","3.142924","954","3.141532","954","3.141664","953","3.142716","929","3.142616","954","3.140076","954","3.14196","932","3.143252","931","3.141308","953","3.140348","953","3.142136","953","3.139432","953","3.139232","954","3.137948","953","3.138372","953","3.138936","953","3.142584","953","3.141284","928","3.138604","953","3.14158","953","3.143032","954","3.143172","953","3.143144","954","3.1417","953","3.138244","953","3.142572","953","3.14212","953","3.143096","953","3.139748","954","3.140528","953","3.14124","953","3.141008","953","3.143492","954","3.143044","953","3.14318","953","3.140564","934","3.13972","953","3.13976","953","3.141296","953","3.142232","953","3.140384","953","3.139352","953","3.14346","935","3.14198","953","3.144372","934","3.14294","953","3.140068","953","3.137868","953","3.14216","953","3.139832","953","3.142484","953","3.143908","953","3.14004","952","3.142736","953","3.14164","953","3.141896","953","3.141392","953","3.138704","952","3.141748","952","3.143184","953","3.139024","953","3.143116","953","3.1415635200000014","896","984"
"22","3.140844","301","3.140304","775","3.143864","775","3.140888","798","3.143412","798","3.140108","798","3.143148","798","3.14402","798","3.14196","798","3.141092","798","3.141492","798","3.136884","774","3.143636","798","3.143304","775","3.14186","787","3.142372","763","3.141468","825","3.141096","825","3.14196","825","3.142312","825","3.142244","825","3.140232","825","3.137772","763","3.142268","786","3.140284","825","3.140236","825","3.143252","944","3.142852","846","3.1389","934","3.141116","846","3.141344","874","3.139376","934","3.143708","874","3.140108","846","3.143468","934","3.141876","874","3.143696","937","3.14324","934","3.141832","934","3.141296","934","3.139384","874","3.143064","934","3.140892","883","3.143128","921","3.14278","924","3.140044","882","3.141952","921","3.142112","923","3.142328","860","3.14098","920","3.140756","861","3.140664","920","3.142024","917","3.13898","921","3.138728","879","3.140876","917","3.143128","918","3.140632","921","3.14222","902","3.143244","898","3.144164","898","3.140872","901","3.143228","920","3.141008","901","3.141","919","3.141872","899","3.138252","919","3.14276","920","3.143564","920","3.143632","919","3.142224","919","3.141632","920","3.140576","901","3.142288","919","3.14246","889","3.140732","919","3.140828","919","3.14292","886","3.140176","920","3.1407","919","3.1377","909","3.138884","909","3.14446","910","3.142468","909","3.142372","909","3.140144","909","3.144388","909","3.142848","909","3.141372","909","3.140884","909","3.1425","909","3.141496","909","3.140732","909","3.142044","909","3.140948","905","3.141384","902","3.141184","900","3.140264","898","3.141844","898","3.145632","898","3.1416147600000004","873","982"
"23","3.142708","508","3.142112","442","3.143136","442","3.141824","838","3.139932","812","3.141336","838","3.14108","835","3.141544","835","3.139164","833","3.137924","833","3.139848","833","3.141084","833","3.141104","807","3.14294","833","3.1425","833","3.14118","784","3.140828","833","3.14422","896","3.141688","833","3.14014","856","3.139816","808","3.140368","856","3.14152","833","3.142204","895","3.142796","833","3.138908","840","3.142288","879","3.142308","975","3.14182","975","3.139092","841","3.142444","841","3.140932","879","3.143432","840","3.143716","879","3.140504","872","3.142816","928","3.1414","871","3.139388","871","3.142444","871","3.141776","958","3.140716","992","3.138812","920","3.142132","991","3.137888","972","3.142148","972","3.141932","990","3.142364","972","3.137448","989","3.142492","989","3.140312","990","3.14048","972","3.1402","989","3.14022","989","3.141156","990","3.143004","990","3.14324","990","3.142016","989","3.142892","990","3.142188","989","3.141592","990","3.144508","972","3.143152","989","3.144076","990","3.142788","989","3.142044","979","3.14396","979","3.139892","979","3.14196","979","3.14024","966","3.141048","965","3.142832","964","3.144296","964","3.143668","964","3.142008","960","3.139184","960","3.142964","959","3.140836","959","3.145584","957","3.143344","957","3.14272","956","3.1432","956","3.140312","956","3.143884","956","3.139468","956","3.145264","956","3.142388","956","3.14182","956","3.143396","956","3.14172","956","3.14138","945","3.13794","944","3.140416","943","3.139484","943","3.142572","940","3.140972","940","3.14086","939","3.143132","939","3.141292","939","3.14262","933","3.141492","933","3.1416421200000006","910","1049"
"24","3.143192","166","3.139836","999","3.138584","1017","3.140408","979","3.142832","921","3.138788","979","3.13878","998","3.14086","979","3.138764","1017","3.141484","1017","3.144884","998","3.141204","1017","3.139444","979","3.145348","998","3.140888","1017","3.141072","998","3.14034","998","3.142708","979","3.14174","979","3.141128","979","3.138464","979","3.139624","998","3.143756","958","3.144472","998","3.14304","979","3.139452","978","3.142884","995","3.143948","955","3.140384","976","3.140468","995","3.140348","975","3.143668","995","3.140572","995","3.139776","1008","3.142632","989","3.141968","1008","3.142076","969","3.142296","1008","3.1439","989","3.141976","989","3.142332","989","3.143552","969","3.142216","969","3.140572","969","3.141944","1008","3.141348","989","3.139108","1008","3.141412","1008","3.140808","1008","3.141328","969","3.143708","1008","3.141552","970","3.139892","969","3.143068","1007","3.140444","1007","3.139836","988","3.142236","922","3.141192","944","3.142976","945","3.14326","944","3.14242","945","3.141604","944","3.141428","944","3.14204","925","3.141532","945","3.142032","944","3.141984","944","3.143564","925","3.145688","944","3.143912","944","3.1402","944","3.142996","944","3.143048","944","3.14266","944","3.143056","937","3.140148","934","3.143888","934","3.140284","934","3.140372","934","3.140596","934","3.140184","934","3.13838","934","3.141272","934","3.141256","933","3.14062","934","3.14688","933","3.142384","920","3.14216","920","3.145568","920","3.145092","918","3.1438","918","3.139976","917","3.142264","918","3.143572","917","3.142744","918","3.141096","909","3.142856","910","3.13696","910","3.14118","909","3.141888","910","3.14174356","955","1019"
"25","3.142096","611","3.143596","611","3.143196","611","3.14066","612","3.13982","497","3.140236","612","3.141504","611","3.140228","611","3.14174","953","3.138844","953","3.139628","953","3.139936","931","3.14244","612","3.140356","914","3.141956","522","3.14278","611","3.139056","938","3.140992","958","3.144904","958","3.142004","958","3.142108","958","3.141688","958","3.140804","958","3.142512","938","3.144496","958","3.142608","958","3.141952","958","3.142104","958","3.14028","938","3.143692","958","3.140688","938","3.142548","931","3.140144","929","3.140884","928","3.139528","928","3.141648","928","3.141564","908","3.140436","928","3.14182","928","3.1451","903","3.14292","921","3.141344","921","3.142388","920","3.143132","920","3.14214","918","3.13886","918","3.141788","918","3.14468","897","3.14254","915","3.14254","915","3.14196","915","3.141604","915","3.139248","915","3.142688","915","3.139888","895","3.140832","915","3.14326","914","3.141804","915","3.1409","915","3.141616","915","3.142596","915","3.141556","914","3.14322","915","3.139636","894","3.141168","915","3.140444","914","3.144272","915","3.141528","914","3.139132","915","3.142256","914","3.143116","914","3.140308","915","3.141404","904","3.139356","903","3.13924","894","3.14004","892","3.14302","908","3.14034","908","3.143916","891","3.14122","892","3.14278","892","3.144036","892","3.141888","906","3.14106","890","3.141576","886","3.142732","890","3.140416","889","3.141464","889","3.140376","889","3.140232","889","3.13956","889","3.14096","903","3.141652","899","3.141732","882","3.142624","883","3.143716","899","3.144732","879","3.14292","879","3.142924","877","3.138584","887","3.1416244","880","996"
"26","3.14252","924","3.14264","967","3.141656","968","3.140904","966","3.138936","967","3.141084","947","3.139856","967","3.13856","985","3.144208","967","3.140044","946","3.139316","967","3.140668","967","3.142148","967","3.142828","946","3.14534","968","3.142476","947","3.144672","967","3.141128","985","3.142068","967","3.142432","947","3.14062","967","3.13822","967","3.141852","985","3.141032","967","3.1428","967","3.140808","967","3.137256","966","3.143456","947","3.139636","967","3.137632","985","3.143308","967","3.141004","966","3.140516","967","3.138132","946","3.1375","967","3.140272","967","3.142144","966","3.141016","966","3.14424","946","3.13948","966","3.141104","967","3.140148","967","3.143784","943","3.137804","981","3.140108","964","3.137672","957","3.14292","957","3.143456","975","3.140284","957","3.14178","957","3.141324","975","3.144144","974","3.13998","974","3.14264","974","3.13986","974","3.141216","956","3.142668","975","3.143136","975","3.141836","974","3.139684","975","3.14102","975","3.139488","957","3.144128","972","3.141416","943","3.140712","944","3.143284","944","3.139272","943","3.142188","944","3.142684","944","3.144488","944","3.141352","944","3.143376","944","3.14074","944","3.142772","944","3.14036","944","3.14336","944","3.14526","944","3.144336","943","3.142508","944","3.142432","943","3.140028","944","3.141724","944","3.141676","944","3.145304","944","3.140076","943","3.141004","934","3.141372","934","3.13972","934","3.141424","935","3.142304","934","3.139732","934","3.14372","934","3.137588","935","3.146652","934","3.14082","935","3.141524","934","3.144032","934","3.140772","935","3.140064","935","3.138636","934","3.1414330400000012","955","986"
"27","3.141932","219","3.142064","951","3.142436","923","3.14218","885","3.14358","919","3.14144","950","3.140232","919","3.141272","950","3.14268","950","3.143496","923","3.1432","921","3.139168","950","3.13932","919","3.13908","898","3.1428","885","3.14022","950","3.143748","950","3.140852","919","3.141692","950","3.141952","919","3.140168","950","3.14368","950","3.141532","950","3.141688","919","3.138788","923","3.142408","950","3.142324","943","3.141152","943","3.141736","916","3.142844","941","3.140892","933","3.138844","931","3.142368","932","3.140028","933","3.142256","931","3.1419","933","3.142316","930","3.140232","933","3.141972","931","3.139936","913","3.141656","910","3.140904","908","3.142872","909","3.141568","909","3.138784","909","3.143012","909","3.14266","909","3.141188","904","3.14028","906","3.138308","904","3.141336","908","3.140376","929","3.143256","909","3.140444","929","3.13988","929","3.142168","929","3.142808","908","3.142596","929","3.141428","905","3.14018","929","3.141208","910","3.14186","929","3.142172","929","3.140552","929","3.142952","929","3.141232","905","3.139496","929","3.14054","909","3.141084","929","3.14036","929","3.141504","929","3.139832","903","3.144836","908","3.138748","929","3.139992","908","3.140364","929","3.14234","929","3.140808","901","3.141108","923","3.144012","902","3.142672","923","3.139008","901","3.143264","923","3.141756","923","3.141384","890","3.14312","890","3.142348","890","3.142024","890","3.14148","868","3.140076","890","3.138044","890","3.141988","887","3.137716","887","3.142404","884","3.140796","884","3.142792","863","3.139732","884","3.143276","883","3.144868","884","3.137672","884","3.1413753200000007","910","980"
"28","3.139308","38","3.143376","325","3.139944","559","3.143112","947","3.141916","559","3.145488","948","3.141456","815","3.140328","973","3.142168","947","3.14238","607","3.140964","503","3.143216","943","3.145236","811","3.139368","810","3.1415","943","3.143632","934","3.14086","946","3.142176","946","3.141604","945","3.14516","945","3.140788","946","3.146292","946","3.141084","946","3.140976","946","3.14156","945","3.1414","922","3.140016","945","3.140292","946","3.141628","945","3.141416","945","3.140356","945","3.140448","945","3.142056","945","3.143032","945","3.140744","945","3.140548","946","3.141904","945","3.141956","945","3.141196","923","3.142892","923","3.142288","922","3.135012","945","3.140604","923","3.142208","918","3.140636","923","3.13762","945","3.144332","946","3.141852","914","3.139428","915","3.141192","915","3.144128","908","3.140772","908","3.138544","908","3.144584","908","3.142008","908","3.140372","908","3.14188","878","3.140784","904","3.140636","905","3.145776","905","3.139068","905","3.141396","905","3.142952","905","3.137436","905","3.142516","904","3.140248","903","3.141516","905","3.140532","904","3.140884","904","3.144228","904","3.142448","904","3.14414","904","3.141052","905","3.1421","905","3.140924","904","3.145088","904","3.138128","904","3.14254","902","3.141584","902","3.142136","902","3.141604","876","3.141072","874","3.141276","873","3.141672","872","3.142216","871","3.141936","870","3.142344","870","3.142348","870","3.139052","868","3.142004","868","3.141036","868","3.139044","868","3.141112","868","3.140532","868","3.142756","867","3.13986","868","3.141632","859","3.141004","859","3.138852","858","3.140432","859","3.1415113200000007","880","975"
"29","3.140252","225","3.142516","226","3.139336","378","3.142684","226","3.142416","226","3.14158","226","3.140284","226","3.139964","378","3.139944","226","3.137936","971","3.141468","945","3.140868","975","3.140876","887","3.140472","974","3.141328","972","3.141504","975","3.1427","974","3.141184","971","3.142904","975","3.142432","972","3.143336","945","3.142512","958","3.142488","958","3.142184","955","3.142372","958","3.140204","954","3.140048","954","3.13984","958","3.140816","958","3.140312","954","3.140712","915","3.139448","918","3.140964","916","3.142624","916","3.14052","916","3.140788","916","3.141308","912","3.144008","916","3.140632","912","3.143996","915","3.142788","900","3.139992","904","3.140564","900","3.144668","905","3.139508","905","3.142912","905","3.14234","905","3.141548","904","3.139776","897","3.13858","902","3.13854","902","3.140052","901","3.137692","904","3.143104","902","3.138984","901","3.14214","902","3.141768","897","3.14262","901","3.141564","896","3.138192","895","3.138536","899","3.141312","902","3.141396","895","3.14142","900","3.1406","895","3.14422","900","3.143012","901","3.140968","901","3.142656","894","3.141372","901","3.139716","898","3.1444","893","3.143872","899","3.140208","901","3.142396","898","3.140536","895","3.14344","895","3.143808","895","3.142788","847","3.142788","879","3.140752","879","3.141292","881","3.142656","873","3.139156","879","3.143456","879","3.141464","880","3.139628","873","3.139264","875","3.141752","864","3.142796","865","3.141536","866","3.142128","865","3.14246","864","3.142756","864","3.141144","864","3.138804","865","3.143108","865","3.141176","866","3.142768","865","3.143556","865","3.1414018799999983","849","988"
"30","3.138988","312","3.141816","605","3.142324","605","3.145408","605","3.143292","605","3.143644","606","3.140864","605","3.141752","599","3.139812","599","3.14342","599","3.141732","599","3.139532","599","3.140632","595","3.143124","595","3.14312","569","3.1397","595","3.141324","986","3.144432","986","3.141808","983","3.14266","982","3.142992","982","3.142028","985","3.144568","982","3.142144","982","3.1419","963","3.139244","981","3.142168","981","3.140348","982","3.142596","985","3.142116","982","3.141776","981","3.140004","986","3.142636","986","3.143288","985","3.142176","981","3.13992","985","3.140676","986","3.14254","986","3.144032","983","3.140552","965","3.141424","966","3.142864","969","3.142664","966","3.141904","964","3.143992","968","3.141364","968","3.14112","966","3.13994","965","3.138532","966","3.14028","968","3.1417","966","3.142292","964","3.143288","968","3.143352","939","3.140348","939","3.140672","944","3.141884","944","3.1435","939","3.140832","939","3.139168","944","3.141128","939","3.138944","944","3.142376","939","3.142064","937","3.141524","939","3.141548","962","3.142124","936","3.1435","941","3.140324","959","3.142336","958","3.139852","959","3.140352","959","3.140456","940","3.143556","938","3.143956","951","3.142936","951","3.139364","951","3.1417","951","3.138356","942","3.140752","939","3.141044","939","3.140708","936","3.142224","936","3.141956","936","3.142008","936","3.140204","919","3.139208","936","3.141664","935","3.14122","936","3.14148","936","3.1417","936","3.142196","936","3.144616","936","3.139824","936","3.142788","936","3.143012","936","3.1442","935","3.139724","936","3.139568","936","3.139188","936","3.1416388799999995","896","1024"
"31","3.138264","679","3.143456","668","3.138292","668","3.140776","645","3.14292","669","3.143184","668","3.142128","639","3.142544","668","3.142372","668","3.143348","645","3.141056","668","3.140196","645","3.140872","668","3.146184","668","3.141328","645","3.140604","950","3.14314","949","3.141268","859","3.14272","945","3.142216","942","3.13874","949","3.14514","950","3.141904","942","3.139652","829","3.141456","942","3.141496","922","3.139992","950","3.142656","950","3.139376","950","3.143296","942","3.140832","949","3.139352","950","3.138956","945","3.139092","942","3.139468","942","3.140432","945","3.140872","945","3.143636","950","3.139592","922","3.142432","950","3.13978","944","3.140188","949","3.139764","949","3.140564","891","3.138796","892","3.140672","892","3.143164","883","3.141332","892","3.138852","885","3.141504","885","3.142032","884","3.142792","885","3.145212","884","3.13986","890","3.140744","899","3.14514","899","3.140916","899","3.1426","878","3.142104","881","3.14222","899","3.140476","899","3.141576","899","3.142144","899","3.139944","900","3.139744","899","3.136892","899","3.141076","873","3.141388","878","3.140036","878","3.140072","899","3.138404","899","3.142072","870","3.140184","882","3.14066","881","3.141132","879","3.141136","879","3.141004","879","3.13912","878","3.140376","877","3.1414","878","3.139824","878","3.141212","878","3.1394","878","3.138196","878","3.142884","878","3.143488","878","3.144272","878","3.140384","878","3.142612","878","3.141816","878","3.141096","877","3.142956","877","3.141804","878","3.137484","873","3.140384","873","3.14046","873","3.142732","872","3.144888","873","3.143128","872","3.14072","872","3.1412205200000005","865","986"
"32","3.142472","948","3.144728","975","3.143684","970","3.141908","970","3.144672","970","3.14282","972","3.140152","971","3.144452","969","3.142764","972","3.139572","970","3.143708","970","3.1408","970","3.141984","975","3.142928","969","3.14024","975","3.143696","969","3.138608","975","3.140184","969","3.142368","948","3.142512","970","3.139276","969","3.141748","972","3.14248","970","3.140416","971","3.143104","975","3.142288","970","3.141764","969","3.142512","970","3.141888","970","3.141448","969","3.141732","972","3.144088","969","3.146516","970","3.142688","973","3.141928","970","3.139252","972","3.1396","970","3.142972","970","3.14116","945","3.14442","970","3.141968","969","3.140672","972","3.140488","970","3.146356","972","3.143184","972","3.142112","971","3.142008","971","3.141904","969","3.14308","975","3.14178","969","3.140268","972","3.139952","972","3.143076","975","3.139312","973","3.13944","972","3.143128","970","3.144016","972","3.142756","948","3.141676","975","3.141572","970","3.141272","970","3.140716","970","3.140404","972","3.140124","972","3.139264","968","3.143476","971","3.141048","972","3.14468","970","3.14102","973","3.14106","971","3.142284","970","3.14422","970","3.14126","969","3.141992","969","3.140056","971","3.14198","972","3.139436","972","3.141456","975","3.141548","972","3.142568","971","3.142028","969","3.139292","969","3.14182","969","3.141636","969","3.140876","972","3.142028","971","3.138836","974","3.139604","974","3.1418","969","3.142504","974","3.140384","971","3.139252","969","3.141708","969","3.140436","974","3.139732","969","3.138724","968","3.143648","972","3.142096","974","3.142656","969","3.138944","974","3.1417214799999975","970","975"
"33","3.1432","931","3.143792","909","3.14296","931","3.143308","931","3.142628","931","3.142016","931","3.142288","931","3.143232","932","3.14206","931","3.142012","931","3.141488","907","3.138468","908","3.13994","932","3.138328","930","3.138928","931","3.1388","930","3.13872","931","3.139316","931","3.13986","931","3.143544","931","3.13932","931","3.138444","931","3.142048","931","3.139796","932","3.140196","931","3.137552","907","3.140868","908","3.142768","931","3.14272","930","3.141584","932","3.140848","931","3.142936","931","3.140256","909","3.139884","930","3.142696","931","3.140556","932","3.142132","908","3.141452","930","3.139956","931","3.14222","931","3.141932","908","3.139652","930","3.140888","931","3.145236","930","3.1415","931","3.143368","930","3.145096","931","3.1447","931","3.143876","931","3.143208","930","3.143076","931","3.13952","930","3.141896","930","3.13874","930","3.142716","930","3.141968","931","3.144056","908","3.138676","930","3.142716","931","3.142424","930","3.144332","930","3.14158","930","3.142316","931","3.142824","930","3.139828","931","3.142608","930","3.144528","930","3.138564","931","3.140344","930","3.141716","931","3.139064","931","3.142288","930","3.140604","930","3.14194","930","3.141016","930","3.142896","931","3.141756","930","3.142488","931","3.139048","930","3.143564","930","3.141352","931","3.141256","931","3.141796","930","3.144708","931","3.143344","931","3.142936","930","3.143052","931","3.141812","909","3.143068","930","3.142456","930","3.144356","930","3.141572","931","3.14004","931","3.14238","930","3.139456","930","3.14238","930","3.1416","911","3.139216","931","3.1431","930","3.14002","931","3.141615680000001","928","932"
"34","3.141884","560","3.139532","974","3.138652","974","3.140044","976","3.141476","946","3.13992","974","3.13962","974","3.144756","939","3.141268","946","3.142604","888","3.140012","946","3.139024","974","3.141812","970","3.14154","971","3.142576","961","3.141884","961","3.143684","959","3.13758","956","3.13756","958","3.143924","958","3.141448","958","3.141276","958","3.142476","929","3.142988","958","3.141264","956","3.140036","947","3.14204","918","3.144788","947","3.141176","946","3.143004","946","3.141888","946","3.142944","944","3.142856","946","3.142644","944","3.142708","944","3.142588","946","3.13998","944","3.14242","944","3.142008","946","3.139744","946","3.13982","946","3.141644","917","3.139488","946","3.138008","946","3.143024","946","3.143836","944","3.145412","946","3.140416","943","3.1428","943","3.141212","943","3.142376","942","3.144216","944","3.142116","941","3.142072","941","3.13984","943","3.143872","941","3.14176","943","3.144244","919","3.142644","933","3.143168","933","3.1395","933","3.14086","933","3.14056","933","3.141348","908","3.142684","933","3.140552","901","3.138796","923","3.144032","923","3.142496","923","3.1408","923","3.141984","923","3.14122","923","3.140452","923","3.139132","923","3.143148","923","3.139868","923","3.1428","923","3.137592","923","3.144044","923","3.143404","923","3.138936","923","3.139804","923","3.13948","923","3.141628","923","3.14076","923","3.141208","923","3.139384","923","3.141656","904","3.140996","923","3.140972","923","3.144108","923","3.142092","923","3.142884","923","3.14116","923","3.142008","923","3.144092","923","3.141944","923","3.14272","923","3.1427","923","3.144032","923","3.14159432","933","1004"
"35","3.14344","354","3.141404","534","3.140072","534","3.14108","942","3.140108","942","3.141212","950","3.142404","953","3.144096","950","3.142596","946","3.141328","950","3.142888","953","3.1404","950","3.143164","953","3.143084","940","3.143232","940","3.14288","950","3.143192","945","3.138204","953","3.138504","953","3.141576","953","3.138536","949","3.142232","953","3.1407","945","3.143292","953","3.141492","940","3.1418","946","3.140564","952","3.142432","945","3.143392","945","3.141052","949","3.141864","952","3.144248","941","3.141212","928","3.138096","960","3.1406","941","3.138224","932","3.141968","931","3.142572","957","3.138068","938","3.143152","938","3.14014","957","3.141156","932","3.140344","938","3.141684","957","3.142504","938","3.143768","931","3.140188","931","3.13914","931","3.143168","932","3.140848","931","3.142168","938","3.142956","956","3.139128","938","3.141568","938","3.144356","938","3.141196","899","3.14264","942","3.13946","917","3.140352","902","3.139752","926","3.139796","926","3.142344","926","3.14222","902","3.14388","926","3.14196","926","3.14006","925","3.141336","926","3.137856","926","3.140576","926","3.142972","925","3.139836","926","3.142808","925","3.141708","926","3.140192","925","3.140876","926","3.140696","926","3.141332","925","3.141584","925","3.144552","925","3.138884","925","3.143116","925","3.1438","926","3.139876","922","3.14092","919","3.143624","907","3.1405","904","3.140784","904","3.142068","903","3.142984","904","3.144776","904","3.143256","900","3.138536","900","3.141692","900","3.142004","900","3.139572","900","3.137376","900","3.143328","900","3.1426","900","3.141148","900","3.14096","900","3.1414526399999994","917","976"
"36","3.141176","515","3.141228","514","3.140208","515","3.142444","515","3.140068","958","3.141116","976","3.141308","952","3.139612","976","3.137484","954","3.14082","952","3.1417","954","3.140652","953","3.142672","958","3.139972","976","3.143632","976","3.143396","976","3.139276","953","3.142272","957","3.141128","957","3.141216","932","3.14316","953","3.142712","956","3.13958","953","3.139376","953","3.142812","951","3.140868","952","3.140136","957","3.143632","952","3.140404","975","3.14014","953","3.141728","953","3.140484","953","3.140796","957","3.140936","957","3.143204","953","3.1412","954","3.13846","958","3.141672","957","3.1398","957","3.141188","951","3.141664","953","3.138284","952","3.141604","975","3.140136","957","3.139116","928","3.140332","956","3.141556","957","3.141804","952","3.144","952","3.139792","956","3.143628","957","3.138968","957","3.142352","952","3.141816","975","3.141464","957","3.1415","975","3.140348","951","3.141932","975","3.144376","952","3.143092","952","3.14236","953","3.139376","975","3.145012","953","3.142916","957","3.142388","957","3.143488","953","3.138324","952","3.143856","957","3.142044","975","3.143936","956","3.14078","953","3.141536","952","3.140088","952","3.143244","975","3.14208","975","3.143192","904","3.140508","975","3.142644","953","3.141052","961","3.137788","961","3.141184","941","3.142352","958","3.140704","957","3.141204","938","3.140496","935","3.140012","957","3.141184","958","3.142324","939","3.141072","939","3.142496","945","3.137744","923","3.143468","946","3.13896","946","3.138944","945","3.143436","919","3.142484","930","3.142492","916","3.141048","915","3.144036","915","3.1401","915","3.1413378400000016","935","980"
"37","3.142116","640","3.140712","965","3.141504","965","3.143248","965","3.140052","903","3.140224","970","3.140784","971","3.140528","969","3.141828","965","3.139196","923","3.13852","965","3.143168","962","3.141572","961","3.143572","964","3.140416","966","3.141032","967","3.143128","964","3.145632","968","3.141796","969","3.141592","959","3.138516","966","3.141172","964","3.143152","967","3.141508","985","3.142164","959","3.139448","969","3.142116","961","3.14204","961","3.141164","961","3.144528","967","3.139292","968","3.140684","967","3.141396","968","3.136704","985","3.13836","960","3.140912","964","3.140196","967","3.143264","963","3.139508","985","3.144172","963","3.143148","956","3.143588","961","3.140052","961","3.142604","964","3.14118","952","3.137636","955","3.14182","961","3.143004","959","3.140868","960","3.139888","960","3.141376","934","3.142176","958","3.142252","957","3.140704","963","3.1387","953","3.139468","963","3.140828","962","3.141824","963","3.141764","981","3.145064","958","3.14096","964","3.143532","959","3.140408","963","3.13954","960","3.143152","964","3.13798","957","3.142748","981","3.143632","963","3.144404","959","3.140328","960","3.140996","964","3.143972","964","3.14584","963","3.1414","963","3.143684","958","3.14212","961","3.141916","958","3.1419","981","3.140804","964","3.143","953","3.142396","964","3.143848","981","3.141624","964","3.141616","961","3.142928","952","3.1417","962","3.143156","980","3.14264","980","3.143204","959","3.139104","962","3.141376","961","3.140668","958","3.1428","961","3.141076","957","3.141836","957","3.140632","980","3.141724","932","3.141948","962","3.140376","964","3.13964","953","3.1415546800000005","959","994"
"38","3.143768","102","3.141784","945","3.142296","867","3.141032","824","3.142844","888","3.140024","942","3.141916","888","3.14102","845","3.1411","867","3.14202","908","3.140032","908","3.143356","846","3.139388","945","3.139408","945","3.141452","867","3.141464","866","3.1429","867","3.142488","846","3.141668","867","3.140268","916","3.143248","866","3.139572","867","3.141256","867","3.142612","845","3.14028","865","3.139356","846","3.143448","944","3.14334","866","3.141436","888","3.142752","907","3.142812","867","3.13954","942","3.143816","845","3.144404","867","3.142588","845","3.1406","944","3.139372","867","3.141524","866","3.142004","942","3.142832","888","3.144064","942","3.143708","944","3.142424","845","3.138548","916","3.143056","867","3.14056","845","3.142016","867","3.139976","867","3.141628","867","3.140916","887","3.142832","867","3.14028","944","3.140752","907","3.14444","910","3.14026","912","3.142548","881","3.141184","881","3.14424","883","3.139648","910","3.139424","912","3.1407","883","3.139744","907","3.140828","907","3.142776","912","3.141008","912","3.1443","881","3.143296","912","3.143676","912","3.144272","893","3.13838","895","3.143076","859","3.140144","897","3.145152","897","3.140696","893","3.142692","824","3.1426","823","3.140968","823","3.142684","827","3.14132","821","3.139204","827","3.141864","827","3.140552","825","3.142688","826","3.141324","820","3.13734","827","3.13976","845","3.142096","845","3.140436","845","3.140808","825","3.141444","827","3.140744","824","3.141208","826","3.142032","845","3.141236","825","3.139356","825","3.140516","823","3.1427","823","3.13982","823","3.138516","804","3.143452","823","3.1415493199999998","864","971"
"39","3.144208","512","3.142672","483","3.14112","461","3.141048","829","3.14286","898","3.141104","810","3.142012","810","3.138772","850","3.141368","825","3.143368","825","3.140432","825","3.14058","737","3.14308","825","3.14378","821","3.140468","812","3.144608","811","3.143412","809","3.14382","809","3.141468","835","3.139124","809","3.141176","809","3.14256","806","3.143824","806","3.14236","719","3.141768","716","3.139888","803","3.142632","828","3.141712","759","3.142996","803","3.143292","803","3.14236","828","3.142588","804","3.140796","873","3.140456","872","3.140836","933","3.145048","933","3.141624","848","3.14152","848","3.140132","873","3.139544","829","3.142168","933","3.141744","931","3.14126","931","3.140256","871","3.141616","871","3.142812","871","3.140912","872","3.140716","929","3.141364","928","3.14018","864","3.144024","866","3.14348","883","3.140352","883","3.13858","877","3.13874","877","3.141504","878","3.139448","880","3.13966","883","3.142096","877","3.14064","883","3.136116","879","3.141756","878","3.143484","877","3.140096","878","3.139408","883","3.1431","879","3.142352","879","3.142764","880","3.142052","880","3.144416","877","3.14054","880","3.14346","878","3.143572","878","3.14102","877","3.139484","878","3.141908","866","3.140228","852","3.144176","849","3.14138","852","3.1427","852","3.143384","853","3.141196","849","3.141928","844","3.139876","842","3.144028","847","3.141068","847","3.142224","847","3.142084","847","3.140924","838","3.14172","841","3.13998","841","3.140504","840","3.139824","840","3.139144","829","3.141504","829","3.142572","832","3.141176","829","3.142976","832","3.14044","828","3.14464","829","3.1416317199999986","839","966"
"40","3.139236","222","3.144352","485","3.142408","943","3.14328","960","3.144828","964","3.142012","960","3.143064","943","3.140676","978","3.141372","958","3.13964","958","3.140424","958","3.144544","958","3.140904","962","3.144464","958","3.13902","958","3.14094","917","3.140172","947","3.140112","945","3.138904","944","3.139008","963","3.140216","943","3.146232","963","3.138804","943","3.142888","943","3.140176","940","3.136972","940","3.143712","960","3.140108","940","3.141372","960","3.142164","960","3.139148","960","3.142864","960","3.139304","940","3.140272","960","3.142512","940","3.139952","960","3.140752","960","3.140948","960","3.142628","960","3.142048","956","3.143056","956","3.142028","956","3.140396","955","3.140148","936","3.140268","956","3.138332","936","3.140076","936","3.141436","956","3.141816","956","3.140816","936","3.141388","936","3.141672","935","3.140816","936","3.138368","956","3.142132","936","3.139064","936","3.14482","936","3.140128","937","3.142896","956","3.1404","932","3.139424","931","3.142084","931","3.142072","905","3.140512","923","3.142168","923","3.141148","904","3.141508","922","3.141264","923","3.139568","904","3.141084","923","3.13866","923","3.141396","922","3.14116","915","3.142436","915","3.142408","915","3.144344","915","3.141192","913","3.140328","913","3.14246","913","3.142152","913","3.142188","912","3.142956","913","3.142112","913","3.141232","911","3.142324","912","3.141648","912","3.140836","904","3.140092","903","3.141732","903","3.140496","903","3.139408","903","3.13946","903","3.139388","902","3.141136","903","3.140204","903","3.141616","902","3.140284","902","3.142976","903","3.138928","902","3.140364","902","3.1411923599999985","922","983"
"41","3.142424","568","3.14234","514","3.142788","973","3.141276","845","3.141984","980","3.142256","973","3.140212","934","3.140972","980","3.140264","845","3.140536","973","3.143716","912","3.143964","814","3.142852","912","3.143688","873","3.139408","963","3.142044","970","3.1415","958","3.142412","969","3.141056","970","3.142404","970","3.141668","970","3.142112","960","3.14252","966","3.141084","960","3.142856","966","3.14132","959","3.142096","965","3.140184","954","3.139904","954","3.141348","965","3.142412","960","3.143004","959","3.14338","954","3.141712","965","3.143144","959","3.143264","960","3.140804","959","3.141992","965","3.141036","965","3.141328","965","3.143304","959","3.145536","941","3.13928","935","3.140884","940","3.140292","928","3.139028","938","3.143172","938","3.141052","939","3.143596","901","3.142404","939","3.14308","933","3.140308","937","3.142476","951","3.143416","951","3.141512","927","3.142924","951","3.140936","950","3.143848","951","3.141196","929","3.143044","951","3.143008","951","3.138648","951","3.140732","950","3.141424","950","3.143128","951","3.143156","951","3.14034","950","3.141116","951","3.14134","928","3.141696","921","3.14424","927","3.143228","950","3.139976","951","3.142128","950","3.141344","920","3.141512","920","3.14456","941","3.141692","913","3.139512","941","3.14182","941","3.143108","941","3.13934","912","3.13878","941","3.139908","935","3.143624","935","3.142336","935","3.141916","935","3.140448","935","3.140496","935","3.139932","934","3.140708","872","3.141448","935","3.14172","913","3.140316","905","3.141976","923","3.141812","923","3.142984","923","3.144328","923","3.1397","923","3.14262","923","3.14178652","932","1001"
"42","3.142384","379","3.142428","714","3.14222","755","3.140152","798","3.141","818","3.143864","818","3.14498","818","3.143444","818","3.138404","706","3.142792","769","3.140104","814","3.141592","814","3.13954","812","3.14432","812","3.143328","811","3.138444","811","3.139652","812","3.137896","812","3.142548","812","3.141408","811","3.142088","807","3.143236","808","3.138676","807","3.141472","807","3.143472","828","3.144036","807","3.1412","805","3.141908","804","3.142436","949","3.141004","823","3.138552","823","3.1405","823","3.139544","801","3.142332","823","3.14246","949","3.142768","823","3.142816","822","3.14248","823","3.13928","848","3.144656","801","3.139864","822","3.142244","822","3.142272","934","3.140324","953","3.141732","953","3.142764","953","3.142616","953","3.142736","953","3.143304","953","3.140384","953","3.141016","953","3.143148","953","3.144428","953","3.14272","953","3.142092","953","3.139628","953","3.138892","953","3.141844","953","3.137776","953","3.14042","953","3.138164","953","3.14122","953","3.140428","953","3.139476","953","3.140916","953","3.138328","953","3.141088","953","3.141572","953","3.140228","953","3.14112","953","3.14472","926","3.140556","953","3.143384","952","3.143172","953","3.141904","920","3.139756","953","3.14404","953","3.142932","953","3.1423","953","3.140472","953","3.14482","953","3.14168","953","3.141756","953","3.141092","953","3.143024","953","3.140908","953","3.143988","953","3.139984","953","3.143628","953","3.141812","952","3.141432","953","3.142576","953","3.143956","952","3.142104","952","3.13886","953","3.141496","953","3.142876","953","3.141732","953","3.141624","952","3.139356","953","3.141601000000001","889","991"
"43","3.141756","987","3.143984","754","3.141032","954","3.139968","979","3.142692","946","3.142528","979","3.140232","953","3.142472","954","3.141088","946","3.140776","960","3.142744","946","3.14068","946","3.14044","960","3.138768","973","3.142004","973","3.14254","974","3.142444","978","3.142344","969","3.139192","975","3.14304","976","3.142532","978","3.141248","968","3.142956","978","3.141392","973","3.140684","970","3.143748","967","3.138972","970","3.141976","968","3.140904","969","3.14088","976","3.138864","969","3.140744","971","3.142644","948","3.13998","973","3.143064","970","3.13936","970","3.142888","978","3.139756","971","3.141672","970","3.143628","968","3.14302","975","3.142748","970","3.142612","969","3.144676","976","3.14254","978","3.139112","971","3.143188","969","3.138596","971","3.14062","975","3.14364","972","3.14432","968","3.144096","973","3.143284","969","3.141116","978","3.144792","973","3.142304","976","3.142004","976","3.139564","946","3.142176","975","3.140452","975","3.140936","973","3.140636","968","3.142752","976","3.14316","973","3.14186","967","3.14124","978","3.14156","975","3.142772","967","3.138424","968","3.143472","976","3.138904","976","3.142244","968","3.140988","974","3.143496","967","3.143616","976","3.1423","968","3.14216","969","3.140268","975","3.140184","978","3.14144","978","3.140848","962","3.138992","966","3.137496","964","3.140704","969","3.139932","972","3.138064","961","3.140796","963","3.142904","964","3.14278","962","3.143732","972","3.141124","968","3.144312","971","3.141196","966","3.142212","964","3.145892","963","3.143224","962","3.144016","968","3.141304","968","3.144252","961","3.141528","965","3.1417119600000003","966","991"
"44","3.141568","95","3.14312","797","3.143572","796","3.14014","797","3.14014","796","3.141248","796","3.14158","797","3.143256","796","3.140708","797","3.14268","796","3.141592","796","3.144744","770","3.141216","797","3.13922","776","3.143408","796","3.140116","797","3.144772","796","3.140088","796","3.139548","797","3.141876","796","3.139568","913","3.14364","917","3.141868","821","3.14102","882","3.141784","909","3.141908","969","3.143888","968","3.141764","968","3.142748","882","3.141056","909","3.140832","941","3.143652","872","3.141384","940","3.142004","909","3.140868","968","3.141568","968","3.142588","968","3.141524","968","3.14294","885","3.139248","882","3.143472","884","3.142432","961","3.140228","961","3.143356","961","3.141904","933","3.140488","961","3.141292","933","3.14146","961","3.14582","961","3.140992","933","3.144304","960","3.140984","933","3.139132","961","3.141124","933","3.145272","961","3.141336","905","3.140556","933","3.141828","961","3.1431","960","3.139764","933","3.145348","960","3.141776","932","3.143376","933","3.14104","911","3.140908","933","3.141056","935","3.142672","960","3.14046","960","3.140724","932","3.14264","960","3.142012","960","3.142828","870","3.142004","846","3.139896","870","3.1421","870","3.14286","870","3.139648","845","3.142252","870","3.140324","846","3.14148","843","3.142804","843","3.141704","843","3.139304","842","3.141372","843","3.140944","825","3.13942","825","3.141624","843","3.143956","843","3.14028","837","3.141512","837","3.141616","837","3.144572","837","3.142628","837","3.142096","837","3.142268","837","3.141924","837","3.142916","837","3.142124","837","3.140184","837","3.139832","837","3.14177772","873","978"
"45","3.143064","996","3.142796","996","3.141952","995","3.143696","996","3.140648","996","3.142408","996","3.139384","996","3.141236","997","3.140032","996","3.141672","996","3.141856","996","3.141344","996","3.13948","963","3.140228","996","3.141004","995","3.140196","995","3.142264","974","3.145372","997","3.14104","997","3.13982","997","3.143932","997","3.14214","996","3.141256","997","3.143404","996","3.1423","995","3.13894","995","3.139904","997","3.140592","995","3.142408","995","3.142732","997","3.141948","995","3.140656","995","3.13982","997","3.141416","997","3.143236","995","3.140288","997","3.140892","997","3.141016","996","3.142784","995","3.14166","997","3.140816","995","3.141644","995","3.14122","996","3.140348","995","3.142136","995","3.142476","995","3.140444","995","3.142464","996","3.143516","996","3.1416","971","3.140552","995","3.140764","996","3.140844","994","3.143536","995","3.141116","968","3.141056","995","3.1406","994","3.13816","995","3.138068","973","3.142384","995","3.143476","971","3.139808","991","3.144072","992","3.140108","991","3.14278","991","3.139924","992","3.139116","992","3.142216","991","3.14146","992","3.144644","955","3.141512","954","3.142584","949","3.141388","948","3.141628","949","3.142008","949","3.143488","943","3.140888","938","3.140148","928","3.140932","928","3.141076","927","3.139356","928","3.141396","928","3.140796","928","3.141712","927","3.138416","928","3.139472","928","3.140104","928","3.141048","928","3.141876","928","3.142488","926","3.142704","928","3.14178","927","3.143748","928","3.14428","928","3.142608","928","3.14308","928","3.141928","927","3.144268","927","3.139564","928","3.143236","927","3.14151676","974","999"
"46","3.142796","369","3.143716","575","3.142396","575","3.1447","527","3.140816","527","3.140848","576","3.141196","575","3.140984","575","3.141832","961","3.143204","927","3.141932","966","3.141012","906","3.14138","927","3.139924","927","3.143852","966","3.141304","937","3.140912","927","3.142192","966","3.142628","904","3.142924","959","3.144436","970","3.142196","970","3.14408","950","3.141084","950","3.140816","912","3.14352","970","3.141872","952","3.141208","947","3.143564","950","3.142724","970","3.140152","970","3.143028","950","3.139836","970","3.1391","969","3.143252","949","3.139676","970","3.139868","950","3.143172","970","3.140628","944","3.140472","950","3.14224","952","3.141236","970","3.142184","952","3.139796","969","3.140472","952","3.142672","946","3.139632","969","3.140864","946","3.140436","943","3.14094","949","3.140232","952","3.139796","946","3.142096","919","3.138604","946","3.142732","953","3.13884","949","3.141248","969","3.143128","969","3.142748","953","3.141356","946","3.141504","929","3.141308","947","3.142276","946","3.138744","947","3.141924","946","3.143812","913","3.14182","935","3.143964","918","3.142288","935","3.139796","913","3.140792","935","3.141984","935","3.143984","935","3.142196","935","3.143448","935","3.14296","935","3.141004","935","3.141496","935","3.144216","906","3.141012","906","3.142648","906","3.141072","906","3.142476","906","3.141928","905","3.1417","906","3.141852","905","3.142236","906","3.14362","906","3.142784","906","3.141388","906","3.142392","905","3.142836","906","3.140092","906","3.144136","906","3.142152","905","3.139652","905","3.142824","906","3.141716","905","3.141636","906","3.144268","888","3.1418041999999997","904","995"
"47","3.143488","377","3.142772","755","3.140488","802","3.141232","802","3.141348","802","3.1423","755","3.14286","755","3.142416","803","3.14124","777","3.140924","755","3.140584","802","3.1424","754","3.14254","712","3.144968","754","3.14148","802","3.140812","777","3.139568","802","3.141888","802","3.14208","777","3.138752","802","3.141932","859","3.14012","957","3.140916","957","3.14334","957","3.144824","957","3.139128","957","3.14098","880","3.140852","957","3.142876","938","3.143732","879","3.14418","957","3.141872","957","3.141828","902","3.138552","957","3.143216","957","3.142444","880","3.142352","957","3.138484","859","3.143432","957","3.140844","902","3.142664","879","3.139464","858","3.142044","957","3.142524","957","3.140568","957","3.142204","951","3.142956","950","3.143764","950","3.141244","950","3.142284","951","3.143884","896","3.14354","875","3.141144","951","3.142472","873","3.140404","899","3.138716","899","3.142016","899","3.138872","843","3.138936","897","3.140584","898","3.140112","896","3.14108","897","3.141604","897","3.143904","896","3.13942","898","3.141044","898","3.141032","898","3.140848","898","3.140892","866","3.139788","896","3.14042","898","3.141872","897","3.14176","898","3.142832","898","3.141012","897","3.140792","897","3.142524","886","3.142664","885","3.140436","886","3.143724","886","3.142904","884","3.14214","886","3.142424","885","3.141192","886","3.144064","886","3.141964","886","3.140032","885","3.139116","884","3.139924","882","3.1401","881","3.141812","881","3.144532","880","3.141812","863","3.140848","863","3.140764","863","3.141892","863","3.143032","863","3.141732","863","3.144156","862","3.138276","861","3.1416080400000004","874","977"
"48","3.139288","352","3.139388","617","3.14256","643","3.142052","618","3.14172","592","3.138384","617","3.144136","568","3.141456","618","3.141456","954","3.139716","954","3.140208","954","3.142616","954","3.145152","954","3.143268","954","3.140848","954","3.141628","954","3.14142","954","3.14122","953","3.14168","954","3.143064","955","3.141616","954","3.142008","943","3.143964","941","3.141836","941","3.142508","941","3.139184","940","3.143504","872","3.140184","941","3.142836","941","3.142744","941","3.143552","941","3.140936","941","3.144268","938","3.141924","938","3.140856","938","3.14338","938","3.140972","937","3.138552","938","3.139492","937","3.140388","938","3.142312","915","3.1418","937","3.144236","938","3.142284","937","3.141588","937","3.141532","948","3.141724","937","3.141844","938","3.142136","912","3.141328","914","3.142008","938","3.141944","911","3.142952","936","3.141556","937","3.140912","937","3.141728","937","3.14264","916","3.141044","937","3.144012","937","3.141816","937","3.144592","937","3.141128","959","3.143","930","3.142744","924","3.141936","920","3.140468","929","3.141132","944","3.145404","919","3.144784","929","3.142596","919","3.142028","944","3.143308","944","3.139348","928","3.1416","928","3.142836","927","3.142668","944","3.137244","940","3.142476","929","3.143476","921","3.139284","903","3.139628","921","3.140952","921","3.142248","921","3.13942","921","3.14264","921","3.140432","921","3.140592","921","3.14352","903","3.144036","921","3.13884","920","3.140952","904","3.143208","920","3.141364","921","3.141788","921","3.141472","902","3.142176","920","3.141168","920","3.143068","921","3.14426","920","3.141364","921","3.1418254000000014","904","989"
"49","3.143644","78","3.139724","904","3.141484","904","3.142812","923","3.140568","923","3.141208","837","3.141688","747","3.14078","747","3.143272","904","3.140084","722","3.141528","722","3.144896","838","3.143024","837","3.14082","631","3.144992","722","3.140788","923","3.139736","837","3.141472","904","3.141864","722","3.14008","923","3.143336","722","3.141196","904","3.141988","890","3.142028","888","3.143816","888","3.141052","888","3.142344","796","3.139612","881","3.14166","879","3.140128","879","3.140744","854","3.14224","879","3.137856","878","3.140372","876","3.141408","874","3.142324","875","3.143248","874","3.143176","874","3.141848","874","3.142476","872","3.142704","872","3.139172","870","3.141092","874","3.142488","871","3.1401","871","3.139392","872","3.140132","875","3.142808","872","3.14258","875","3.138776","874","3.1441","872","3.140868","872","3.139436","875","3.139596","875","3.140356","868","3.140232","871","3.142824","874","3.143492","871","3.142752","876","3.138428","852","3.142152","850","3.141252","851","3.140148","852","3.141464","844","3.139904","850","3.140308","850","3.14094","843","3.14264","843","3.138596","844","3.139736","844","3.14314","851","3.145732","850","3.14228","850","3.141384","851","3.143516","850","3.141564","844","3.142276","850","3.140364","837","3.137232","839","3.142924","837","3.13844","839","3.14094","837","3.142836","838","3.139376","839","3.143796","838","3.145436","839","3.142392","837","3.142388","839","3.14246","839","3.142456","826","3.139432","825","3.14216","826","3.140144","826","3.143496","827","3.141864","825","3.139248","825","3.141592","825","3.143756","826","3.142072","826","3.140948","825","3.1415142799999995","840","933"
"50","3.142056","17","3.13964","639","3.140988","559","3.142528","639","3.141488","983","3.142292","775","3.141836","983","3.142756","983","3.141488","963","3.14466","833","3.14232","739","3.139716","963","3.144444","983","3.141356","991","3.140064","991","3.143508","731","3.142792","991","3.14466","887","3.140172","963","3.144392","983","3.141108","983","3.139112","983","3.142364","887","3.140216","986","3.14026","986","3.142012","986","3.14108","963","3.138776","986","3.14098","983","3.139952","990","3.143736","859","3.139576","962","3.142284","956","3.143016","962","3.142384","953","3.142292","961","3.141428","962","3.140392","957","3.1397","956","3.13974","956","3.141204","952","3.14466","953","3.144704","922","3.141256","930","3.140236","930","3.144908","953","3.14118","925","3.141044","953","3.141924","935","3.140432","931","3.141004","930","3.13846","929","3.141616","922","3.142216","930","3.142472","931","3.13804","930","3.142332","930","3.141116","935","3.143312","930","3.140132","934","3.142928","929","3.141268","922","3.141064","953","3.143088","922","3.139632","953","3.142568","930","3.143924","922","3.142984","933","3.142412","913","3.140812","891","3.141096","913","3.14006","913","3.141696","891","3.139808","895","3.143988","895","3.144296","913","3.14304","913","3.143384","902","3.140356","902","3.138232","881","3.139648","899","3.141904","899","3.140676","899","3.140184","881","3.143152","898","3.143736","899","3.142084","899","3.142732","873","3.141344","880","3.141472","877","3.140596","899","3.139172","899","3.137532","888","3.142212","889","3.1444","889","3.140624","888","3.14202","888","3.139056","889","3.141072","888","3.142188","889","3.14158252","905","1019"
"51","3.141476","616","3.142804","404","3.140624","956","3.138192","956","3.141904","956","3.14098","925","3.14224","956","3.140444","956","3.142772","926","3.13982","936","3.14096","754","3.1421","956","3.142448","778","3.14134","956","3.142492","956","3.142416","926","3.14068","956","3.142692","956","3.143108","956","3.140076","956","3.13922","956","3.142972","925","3.14226","956","3.143464","943","3.142052","942","3.14122","936","3.142592","943","3.144468","937","3.141616","943","3.142792","942","3.141952","942","3.14176","943","3.140848","907","3.14018","940","3.143372","942","3.141216","926","3.140424","909","3.142468","908","3.139092","907","3.139624","925","3.142392","902","3.140624","909","3.141924","905","3.141304","906","3.141016","905","3.143504","907","3.140996","925","3.141808","925","3.142812","907","3.143368","925","3.140732","925","3.143012","925","3.141604","925","3.138132","925","3.141052","919","3.1427","919","3.14128","919","3.138456","917","3.14256","918","3.141756","894","3.142648","917","3.142892","917","3.13946","895","3.141796","862","3.14402","915","3.14262","916","3.13982","916","3.142372","915","3.140728","915","3.142204","915","3.141452","896","3.138156","898","3.142848","916","3.14068","898","3.141544","892","3.140388","889","3.141356","870","3.140676","889","3.140948","889","3.142684","889","3.138976","889","3.139692","889","3.140656","889","3.139912","889","3.140868","889","3.141512","889","3.14196","887","3.14152","865","3.141628","886","3.143572","877","3.140816","877","3.142808","877","3.142828","877","3.140948","852","3.142132","868","3.140804","868","3.137492","868","3.143976","865","3.139312","864","3.142724","861","3.1414761999999996","902","982"
"52","3.142536","367","3.1446","482","3.140828","559","3.142036","559","3.139852","560","3.141628","559","3.141832","559","3.14062","559","3.1429","559","3.14168","559","3.142312","559","3.142292","545","3.145112","545","3.138136","543","3.142356","922","3.14086","922","3.142324","924","3.141808","921","3.139628","916","3.14442","922","3.141676","924","3.140576","916","3.14104","916","3.14122","923","3.143072","925","3.140748","891","3.143956","915","3.139984","924","3.142152","916","3.142892","922","3.140804","925","3.144416","922","3.141784","922","3.1408","915","3.140124","916","3.142756","924","3.142356","904","3.141756","905","3.1429","901","3.14114","899","3.139","900","3.138412","900","3.138856","900","3.143732","899","3.145484","888","3.14086","898","3.14332","898","3.142196","891","3.14214","889","3.14","892","3.141124","898","3.13998","900","3.141108","895","3.14052","897","3.142572","898","3.140456","897","3.140056","899","3.142496","898","3.140588","900","3.14122","898","3.142588","899","3.142708","898","3.140896","895","3.143924","895","3.140632","889","3.143808","889","3.140928","893","3.141572","896","3.141108","893","3.138804","889","3.141788","900","3.144028","889","3.143196","900","3.142524","889","3.14436","899","3.14136","862","3.141196","899","3.141284","899","3.141336","899","3.142456","900","3.141444","896","3.140784","898","3.139468","889","3.142204","898","3.139032","894","3.140332","899","3.140224","898","3.141344","900","3.141724","895","3.138884","900","3.14078","895","3.138464","898","3.140132","900","3.1407","888","3.140224","898","3.141768","900","3.138136","892","3.142336","891","3.140664","897","3.140268","896","3.1414744000000008","850","945"
"53","3.143416","34","3.141592","967","3.141928","961","3.142556","931","3.142424","664","3.140828","958","3.140052","967","3.137748","958","3.143648","964","3.141232","664","3.142876","961","3.142348","961","3.138692","726","3.14248","664","3.141484","643","3.140464","961","3.142544","961","3.13982","958","3.14228","964","3.14198","961","3.137448","664","3.140344","961","3.141708","930","3.142632","930","3.14226","924","3.139448","933","3.14088","924","3.144364","933","3.143364","929","3.144364","932","3.1422","893","3.142344","929","3.13968","929","3.14104","929","3.14344","929","3.141268","929","3.139488","929","3.140444","929","3.143188","929","3.141016","929","3.142512","905","3.141112","917","3.13866","908","3.142928","905","3.141604","917","3.138588","904","3.143508","913","3.143184","913","3.144996","913","3.139956","904","3.14208","913","3.14066","913","3.143304","913","3.140948","892","3.146304","889","3.141968","902","3.141572","902","3.142452","901","3.141392","902","3.138352","866","3.141992","889","3.143876","902","3.141204","891","3.140096","891","3.142648","882","3.139784","891","3.144236","882","3.143276","846","3.140636","885","3.14154","882","3.140788","873","3.14398","881","3.14222","882","3.14408","882","3.14146","872","3.144204","882","3.142632","882","3.139652","882","3.139428","871","3.14036","871","3.142824","889","3.141932","871","3.142952","871","3.142004","888","3.139592","889","3.141092","888","3.141268","889","3.139784","888","3.139848","889","3.137864","861","3.141332","888","3.142872","884","3.142196","884","3.138084","883","3.14052","884","3.144404","867","3.14","868","3.1444","884","3.141124","884","3.1416","868","3.1416117599999978","884","992"
"54","3.142432","280","3.142524","659","3.14116","683","3.142252","659","3.143832","683","3.141504","683","3.13868","683","3.141944","659","3.141672","683","3.141264","683","3.139824","659","3.142004","684","3.143548","683","3.143052","659","3.143608","682","3.140924","682","3.14246","658","3.14404","682","3.142592","682","3.139736","683","3.14356","633","3.141612","682","3.143784","682","3.143716","658","3.141524","658","3.143336","682","3.142052","681","3.1386","682","3.143476","682","3.140968","682","3.141908","644","3.143076","644","3.141088","644","3.140168","644","3.13984","644","3.139988","620","3.14334","644","3.141712","641","3.14218","635","3.138488","880","3.142832","880","3.141912","817","3.138328","817","3.141604","880","3.141892","880","3.140288","807","3.142532","816","3.142904","841","3.139048","880","3.139104","879","3.139728","827","3.14344","795","3.140136","787","3.1405","826","3.143876","789","3.14064","827","3.142544","828","3.14216","828","3.1397","826","3.1442","811","3.142384","818","3.140616","818","3.139372","818","3.141436","818","3.140392","818","3.143116","809","3.14306","818","3.139068","818","3.142472","818","3.142388","837","3.142076","818","3.142044","819","3.138256","819","3.142452","818","3.141152","819","3.141976","803","3.14084","826","3.141628","826","3.137896","826","3.143612","826","3.14462","809","3.138628","809","3.139392","826","3.14198","826","3.139112","826","3.143648","826","3.142148","810","3.1381","826","3.142836","808","3.143872","826","3.142988","809","3.14368","826","3.140624","826","3.14334","810","3.140952","810","3.140724","810","3.141932","824","3.14282","794","3.141012","811","3.139904","811","3.141593839999999","758","950"
"55","3.139688","601","3.144928","907","3.142764","851","3.144204","887","3.1408","851","3.144664","851","3.141732","909","3.139844","851","3.139616","876","3.13784","1001","3.143544","888","3.141184","851","3.142036","876","3.142928","1000","3.14104","828","3.140388","877","3.14166","876","3.140812","827","3.142648","828","3.146028","907","3.139076","911","3.145332","876","3.14074","992","3.141688","992","3.14116","953","3.143156","993","3.141664","992","3.138892","935","3.14194","964","3.141584","928","3.14414","957","3.139244","992","3.140308","957","3.142228","929","3.140632","992","3.141072","966","3.14186","945","3.143416","978","3.141636","944","3.14458","978","3.141084","945","3.140016","975","3.141416","975","3.142424","975","3.142584","975","3.141828","975","3.140412","936","3.141704","918","3.145272","974","3.139728","915","3.14046","947","3.14124","975","3.144976","974","3.1383","975","3.141836","941","3.143612","975","3.141288","916","3.14346","939","3.140492","975","3.137868","949","3.140776","975","3.14256","949","3.140448","975","3.143732","941","3.140656","969","3.142652","935","3.143348","935","3.143168","935","3.143928","935","3.141148","935","3.144124","935","3.140216","935","3.140232","935","3.142196","935","3.143116","935","3.140028","910","3.14268","921","3.138816","920","3.13866","920","3.142124","920","3.145052","920","3.141584","920","3.143224","918","3.141988","918","3.141212","918","3.141576","918","3.14078","918","3.138372","918","3.14352","918","3.142508","918","3.141544","911","3.141028","911","3.142364","907","3.142936","906","3.139972","907","3.14256","906","3.13954","907","3.141452","907","3.142248","906","3.141872","907","3.1417263600000007","926","1002"
"56","3.141948","562","3.139772","722","3.141828","929","3.140652","921","3.143048","928","3.14232","868","3.14134","928","3.14318","929","3.143432","848","3.141372","929","3.142688","805","3.143044","929","3.138992","921","3.141556","926","3.142644","926","3.142196","916","3.146676","926","3.140132","923","3.143672","918","3.142576","915","3.142824","915","3.143644","923","3.138928","915","3.142456","923","3.143808","922","3.139068","923","3.138164","923","3.14222","923","3.139536","923","3.144044","923","3.138848","923","3.144896","922","3.141052","915","3.142376","923","3.137476","923","3.140624","923","3.138984","923","3.138716","922","3.142132","914","3.14462","923","3.14086","923","3.140624","921","3.138448","923","3.142428","923","3.141188","894","3.143352","890","3.142508","894","3.139252","885","3.138476","895","3.141152","894","3.143776","883","3.138932","857","3.142188","862","3.143888","862","3.14182","862","3.143392","857","3.140444","857","3.142236","851","3.141424","877","3.140028","846","3.141892","851","3.140712","851","3.140944","878","3.141524","877","3.139624","846","3.14266","899","3.1428","900","3.142932","899","3.141932","900","3.140416","893","3.144024","892","3.138852","893","3.140628","893","3.139848","893","3.139468","893","3.141144","893","3.143736","893","3.141912","892","3.139992","893","3.141496","892","3.138632","892","3.142468","892","3.14396","893","3.142704","893","3.140336","893","3.139832","892","3.14068","883","3.14092","883","3.142208","883","3.141764","882","3.139532","883","3.139096","883","3.141576","883","3.138844","883","3.141708","883","3.140932","882","3.141608","881","3.144296","881","3.143212","882","3.142688","883","3.141474319999999","891","979"
"57","3.138348","602","3.140524","466","3.142092","466","3.140456","602","3.142648","553","3.141548","466","3.1368","602","3.139568","596","3.138516","621","3.141556","621","3.141568","621","3.141184","596","3.139404","621","3.14072","621","3.146144","614","3.139644","614","3.142748","927","3.137124","928","3.143048","693","3.142168","859","3.141472","859","3.1404","913","3.142192","914","3.1419","859","3.140604","913","3.142176","830","3.142976","913","3.14162","913","3.142464","839","3.14116","859","3.140176","913","3.143096","913","3.142148","859","3.144412","858","3.14258","913","3.143272","822","3.141956","913","3.140772","830","3.143072","913","3.139548","913","3.141752","913","3.138988","913","3.138292","913","3.140216","913","3.143216","858","3.141624","913","3.144604","913","3.139808","863","3.141888","913","3.14352","883","3.141104","854","3.141116","903","3.14314","848","3.143908","903","3.141452","903","3.14026","903","3.141352","864","3.141884","890","3.141592","842","3.14238","890","3.139552","864","3.143848","864","3.141436","890","3.14126","877","3.142996","852","3.139128","874","3.140056","874","3.139904","874","3.143012","872","3.142812","873","3.140216","874","3.140244","874","3.14164","870","3.142052","870","3.140424","870","3.142044","866","3.142376","866","3.141056","866","3.141296","866","3.138912","866","3.14136","866","3.143196","866","3.14066","866","3.140024","866","3.144412","866","3.14322","866","3.141588","866","3.140164","866","3.140416","865","3.143124","866","3.139784","866","3.142804","864","3.142896","866","3.144796","865","3.141652","866","3.138828","866","3.139304","865","3.141352","866","3.14084","866","3.140444","866","3.141410280000001","828","944"
"58","3.1389","293","3.142064","347","3.140604","688","3.137736","697","3.141616","697","3.14226","659","3.141824","688","3.14526","697","3.141264","688","3.139764","697","3.140568","659","3.137888","697","3.141868","697","3.144888","688","3.144068","688","3.13964","683","3.142072","684","3.142876","645","3.143296","645","3.139896","683","3.142736","683","3.140368","683","3.141856","675","3.140224","687","3.141584","683","3.143208","760","3.141384","788","3.140988","929","3.142176","929","3.140288","929","3.1438","929","3.141924","929","3.143048","909","3.141936","907","3.142208","885","3.1388","907","3.143328","907","3.143524","887","3.140644","907","3.142872","907","3.144156","904","3.14034","870","3.14306","893","3.141048","893","3.13726","893","3.143164","893","3.141708","894","3.141044","893","3.1416","893","3.14112","893","3.138716","892","3.142916","893","3.144344","893","3.140252","893","3.140464","858","3.139148","883","3.13944","883","3.144096","883","3.142292","883","3.1436","883","3.139764","883","3.142136","858","3.141656","859","3.139432","882","3.140156","883","3.144984","883","3.14172","885","3.141308","882","3.142496","885","3.140204","882","3.14206","855","3.142588","883","3.145172","883","3.14098","872","3.1414","863","3.143228","864","3.140712","864","3.141784","864","3.14186","864","3.141096","863","3.143916","863","3.142836","861","3.14396","863","3.139264","864","3.143908","864","3.143852","863","3.142472","861","3.142744","864","3.14082","861","3.141044","863","3.140568","864","3.140032","864","3.138436","863","3.142108","863","3.140728","863","3.142364","864","3.140016","864","3.143524","863","3.143916","864","3.140364","864","3.1416662400000006","822","956"
"59","3.14176","61","3.141232","450","3.14312","471","3.142252","448","3.143444","372","3.142672","371","3.14314","465","3.14196","445","3.140508","464","3.139732","701","3.142268","706","3.141412","701","3.1405","736","3.141788","696","3.141404","736","3.140272","696","3.14124","736","3.138836","736","3.140236","736","3.14122","735","3.137624","663","3.143524","732","3.141808","731","3.140432","732","3.1423","731","3.139644","732","3.142548","691","3.1405","732","3.142208","732","3.142028","731","3.141748","732","3.144352","731","3.142648","687","3.14318","715","3.138408","667","3.139476","706","3.141504","662","3.139032","706","3.140792","663","3.142288","703","3.138984","698","3.14128","698","3.13978","720","3.144352","738","3.141972","698","3.142352","765","3.1403","766","3.14416","765","3.140388","788","3.141912","846","3.143492","846","3.142324","846","3.145528","846","3.143368","846","3.142456","846","3.138252","846","3.143324","846","3.140836","776","3.141112","846","3.142364","846","3.142104","819","3.139832","846","3.140884","845","3.141568","845","3.142144","820","3.142924","820","3.144996","820","3.14312","819","3.143388","820","3.140892","820","3.137984","819","3.1421","820","3.14222","820","3.140648","798","3.141936","793","3.1416","820","3.143144","820","3.14034","820","3.143284","819","3.142344","819","3.140272","819","3.141616","820","3.140236","820","3.141108","797","3.144832","820","3.144644","820","3.138252","797","3.139976","820","3.14292","820","3.140936","820","3.140504","774","3.140224","788","3.144696","788","3.142532","788","3.141272","788","3.137452","784","3.139616","784","3.142232","784","3.140164","784","3.141204","784","3.1415571600000014","739","945"
"60","3.143508","467","3.140532","492","3.143328","919","3.142916","953","3.140556","953","3.143156","957","3.142144","953","3.140108","953","3.136664","953","3.14324","957","3.143264","954","3.14318","953","3.145728","953","3.141468","957","3.141756","943","3.144996","937","3.142372","937","3.138728","940","3.143128","937","3.140448","937","3.139448","937","3.1408","941","3.140668","937","3.143596","937","3.1425","940","3.138816","937","3.142624","937","3.140272","940","3.13922","940","3.143416","936","3.143876","937","3.141136","936","3.146544","940","3.141548","940","3.142024","939","3.142672","940","3.142176","940","3.142116","936","3.14196","940","3.140724","910","3.14392","940","3.14334","937","3.144124","937","3.14388","934","3.143664","920","3.141488","923","3.142052","919","3.1428","894","3.140168","919","3.141028","920","3.14128","919","3.142472","923","3.141452","922","3.142","923","3.14108","919","3.141216","922","3.140688","922","3.142172","923","3.141936","922","3.140344","923","3.142084","923","3.141976","910","3.141344","910","3.141412","909","3.14176","900","3.142052","898","3.142432","898","3.142012","895","3.139832","895","3.139404","895","3.141844","892","3.142468","891","3.142104","891","3.141096","891","3.140344","886","3.141868","891","3.139932","891","3.142036","891","3.140104","886","3.142608","891","3.138704","891","3.140452","891","3.14382","891","3.143492","891","3.142408","888","3.141092","891","3.137992","887","3.140596","891","3.143772","885","3.140084","885","3.140944","885","3.138616","885","3.142992","885","3.141288","882","3.143104","885","3.142212","885","3.143052","885","3.140844","877","3.136376","877","3.142692","876","3.1417170399999996","908","960"
"61","3.141524","18","3.143368","667","3.143964","744","3.142048","913","3.141796","667","3.143012","783","3.139232","667","3.141836","708","3.143588","744","3.141428","943","3.141484","944","3.142064","783","3.140172","944","3.138236","667","3.13722","944","3.140164","745","3.142928","917","3.142376","644","3.140888","914","3.14066","920","3.142988","914","3.14328","914","3.139028","901","3.145608","894","3.139792","901","3.142396","922","3.140872","922","3.14544","886","3.140488","886","3.141872","886","3.14224","886","3.143396","886","3.141912","886","3.142912","886","3.143732","887","3.143792","886","3.142992","886","3.14116","885","3.140492","886","3.141476","886","3.14264","886","3.140896","886","3.140644","886","3.142808","886","3.138852","886","3.14274","886","3.140208","886","3.140844","857","3.1387","886","3.142408","886","3.139868","885","3.142696","886","3.142528","886","3.140952","886","3.140868","886","3.142148","886","3.139216","880","3.142232","879","3.140536","879","3.142316","880","3.143748","880","3.141404","880","3.141792","879","3.141248","880","3.141808","880","3.14272","880","3.144392","880","3.142012","879","3.142364","879","3.139668","879","3.141676","880","3.140976","879","3.142616","880","3.141592","880","3.143024","880","3.140676","879","3.144528","879","3.140984","880","3.142872","880","3.140092","879","3.143472","879","3.144348","880","3.140088","879","3.140216","879","3.141492","878","3.139988","879","3.143768","879","3.142472","879","3.141524","879","3.140588","879","3.139856","879","3.139676","879","3.144584","879","3.139064","879","3.1415","879","3.141756","880","3.13832","879","3.143564","879","3.140012","879","3.141496","855","3.141659320000001","859","946"
"62","3.14192","260","3.1399","260","3.141752","459","3.14076","485","3.143204","459","3.141936","485","3.141036","458","3.142828","459","3.141876","485","3.142424","663","3.14102","485","3.142948","497","3.146132","733","3.141084","914","3.141372","912","3.142504","914","3.141568","909","3.142468","914","3.141132","911","3.139816","914","3.139988","908","3.140928","903","3.141308","900","3.141848","905","3.142476","905","3.141688","905","3.142356","902","3.13994","905","3.143696","905","3.142996","905","3.142264","842","3.139328","905","3.143896","904","3.13936","905","3.142652","902","3.14172","902","3.139388","902","3.140996","902","3.140716","902","3.140228","900","3.1396","902","3.140304","902","3.140872","843","3.142","901","3.141396","901","3.140848","901","3.141708","894","3.141552","914","3.14044","892","3.143896","894","3.14312","896","3.143328","907","3.142708","910","3.14244","905","3.140344","887","3.141988","909","3.141724","882","3.139716","899","3.13834","903","3.142172","904","3.141148","899","3.143344","899","3.139744","904","3.139588","899","3.140072","900","3.140612","900","3.143352","900","3.13876","900","3.14042","895","3.138508","899","3.139408","900","3.144268","875","3.146116","895","3.138464","901","3.141976","896","3.142664","900","3.141016","897","3.142632","897","3.143476","897","3.139484","897","3.142352","892","3.143164","897","3.138284","896","3.141672","896","3.142792","892","3.139096","897","3.1431","897","3.141964","892","3.14252","892","3.14484","893","3.140792","882","3.144328","878","3.141048","881","3.140484","882","3.142476","882","3.140748","881","3.141456","873","3.140604","873","3.141268","873","3.141744","855","3.141537319999999","841","954"
"63","3.144228","666","3.141096","851","3.140684","969","3.140416","979","3.143644","976","3.13968","977","3.142608","969","3.144508","979","3.140132","979","3.143176","948","3.141504","970","3.1417","942","3.142444","933","3.14262","979","3.142868","975","3.144244","968","3.141504","978","3.13972","912","3.141904","969","3.140292","976","3.140356","977","3.138856","974","3.140436","968","3.142452","976","3.142388","973","3.14224","965","3.14246","971","3.144304","969","3.14388","966","3.143708","975","3.140336","973","3.14124","968","3.138316","973","3.141348","973","3.142908","975","3.139212","966","3.144864","970","3.141688","970","3.14252","969","3.142088","968","3.142172","968","3.139384","970","3.142548","970","3.141624","969","3.141392","968","3.142056","967","3.139796","967","3.143708","969","3.14476","969","3.1425","970","3.141136","959","3.138888","958","3.1418","961","3.138748","969","3.142864","959","3.140432","938","3.143148","969","3.141768","966","3.143296","961","3.142704","968","3.14012","968","3.1441","923","3.143416","969","3.14322","962","3.14276","960","3.142548","966","3.140532","970","3.143084","969","3.143832","966","3.1404","967","3.139588","970","3.143568","964","3.142728","959","3.140952","968","3.140656","959","3.142556","962","3.141972","968","3.141076","960","3.141076","967","3.140692","965","3.139996","964","3.140252","967","3.140912","966","3.14244","961","3.142768","962","3.141736","960","3.140596","968","3.142416","967","3.141832","966","3.14184","969","3.141724","961","3.140584","969","3.143336","958","3.141548","969","3.14146","957","3.143268","960","3.139632","966","3.139264","963","3.141376","962","3.141436","968","3.141765880000001","961","981"
"64","3.139364","76","3.140132","492","3.141364","492","3.142204","491","3.141524","468","3.144228","383","3.139992","468","3.1401","491","3.140192","491","3.139208","677","3.138224","678","3.141924","700","3.142996","699","3.141676","676","3.143408","700","3.144012","699","3.14288","651","3.14296","675","3.143636","675","3.140396","672","3.13916","675","3.139344","675","3.140748","879","3.140868","902","3.143016","902","3.139224","880","3.141996","901","3.141132","877","3.141456","901","3.139792","901","3.142272","876","3.13738","928","3.140948","899","3.143492","928","3.142304","911","3.1405","928","3.140428","928","3.139604","928","3.141688","870","3.14186","928","3.142184","926","3.144184","899","3.1418","927","3.142404","904","3.142568","902","3.142","928","3.13942","925","3.140916","928","3.144324","928","3.142564","926","3.143408","904","3.143696","925","3.141396","904","3.142408","908","3.140592","927","3.141896","925","3.143536","928","3.141456","907","3.139468","928","3.143872","928","3.143544","925","3.138804","925","3.14152","924","3.141796","867","3.142944","894","3.141824","895","3.143216","892","3.142124","895","3.142772","892","3.141616","894","3.142536","891","3.141368","891","3.140296","891","3.144716","891","3.141156","895","3.141844","891","3.141484","893","3.143464","891","3.142576","890","3.140372","890","3.140876","891","3.14162","890","3.1429","869","3.140824","887","3.141124","891","3.1416","887","3.140052","891","3.139304","890","3.138404","890","3.14142","888","3.139008","890","3.141712","891","3.142756","889","3.14208","890","3.140972","890","3.137576","890","3.143852","869","3.138448","887","3.142988","891","3.142656","890","3.1415186799999986","830","974"
"65","3.139032","253","3.142364","916","3.140068","916","3.141568","913","3.141288","733","3.14228","916","3.143612","916","3.142992","916","3.138972","913","3.143644","916","3.141472","914","3.142408","912","3.143392","914","3.141396","916","3.141656","914","3.14078","912","3.142772","916","3.142984","916","3.142744","913","3.140904","916","3.142496","916","3.138068","913","3.142072","913","3.14174","913","3.13896","916","3.14182","913","3.141088","912","3.14028","916","3.142512","897","3.139944","901","3.14004","901","3.138784","885","3.141408","885","3.139864","885","3.139388","881","3.142012","884","3.138496","883","3.14244","882","3.139988","880","3.143432","880","3.142228","881","3.142256","880","3.140432","880","3.138664","876","3.142084","875","3.142052","880","3.143216","880","3.14022","876","3.141776","880","3.14516","876","3.137252","880","3.140444","876","3.141412","875","3.140528","880","3.141836","880","3.1443","880","3.139804","880","3.141948","880","3.140416","879","3.140924","862","3.140876","857","3.14144","857","3.14174","857","3.143848","862","3.140392","862","3.140952","867","3.140744","860","3.13986","862","3.141136","855","3.139988","862","3.140296","862","3.141484","875","3.14266","873","3.14198","872","3.142","872","3.143392","871","3.141592","871","3.144128","871","3.140464","871","3.140236","853","3.143196","871","3.140888","871","3.13912","871","3.143412","863","3.139472","863","3.142692","863","3.14472","863","3.14254","863","3.140932","846","3.142716","863","3.139716","861","3.141324","861","3.14094","860","3.139908","860","3.139972","861","3.140256","861","3.139688","861","3.14082","843","3.143424","861","3.14174","860","3.14134796","874","943"
"66","3.14392","470","3.140904","496","3.139324","886","3.1412","888","3.144396","888","3.138824","886","3.1407","964","3.138856","857","3.140648","887","3.142604","906","3.139224","886","3.14336","887","3.140156","888","3.143628","906","3.1444","905","3.137952","886","3.138008","887","3.140616","886","3.141608","885","3.137776","903","3.143268","886","3.144148","903","3.13928","904","3.143696","886","3.142004","885","3.141964","904","3.140616","904","3.14174","907","3.144664","963","3.14072","963","3.13932","961","3.14138","937","3.142516","937","3.14192","963","3.144724","961","3.141252","932","3.141084","885","3.142284","945","3.140228","912","3.13748","963","3.138732","908","3.14226","904","3.140876","932","3.141892","944","3.140448","906","3.1405","905","3.140476","908","3.142976","959","3.140656","939","3.14362","960","3.141012","942","3.143692","958","3.144908","959","3.144124","958","3.140844","958","3.142904","901","3.141752","929","3.143048","942","3.143992","930","3.14274","899","3.145836","930","3.1428","906","3.141936","958","3.14064","909","3.141056","882","3.143816","939","3.140372","940","3.14142","940","3.143344","939","3.140572","938","3.141632","937","3.143312","937","3.141872","939","3.141748","938","3.13938","939","3.14254","929","3.140024","921","3.14432","921","3.13998","921","3.140432","920","3.140464","921","3.142536","921","3.142052","920","3.14226","919","3.14234","919","3.1401","921","3.140628","920","3.140672","921","3.141188","921","3.142988","920","3.142916","920","3.143748","921","3.141952","921","3.142452","921","3.141752","920","3.143288","921","3.142372","921","3.141332","919","3.1416","921","3.13836","921","3.141658759999999","911","969"
"67","3.142144","550","3.143164","550","3.140284","550","3.141392","973","3.139304","973","3.142324","949","3.143256","973","3.14076","973","3.142216","973","3.141676","973","3.139648","973","3.142184","973","3.141376","948","3.141184","973","3.142928","973","3.14034","973","3.141348","973","3.142028","973","3.13948","972","3.140272","972","3.142088","972","3.14176","972","3.139456","972","3.141248","972","3.144272","952","3.143332","972","3.141192","972","3.141948","972","3.143188","972","3.146572","971","3.143556","972","3.141312","972","3.142344","972","3.142928","972","3.144372","945","3.14106","942","3.1393","942","3.142048","942","3.141856","942","3.140976","917","3.139768","942","3.140604","942","3.141108","942","3.140928","942","3.141804","914","3.139972","942","3.140568","942","3.13826","942","3.139144","929","3.141728","926","3.14246","903","3.141788","926","3.14402","927","3.1408","926","3.13834","902","3.142084","923","3.141592","923","3.141048","899","3.141816","923","3.140816","920","3.14044","921","3.139304","921","3.143612","921","3.141544","898","3.141392","925","3.143752","920","3.139152","922","3.141836","920","3.141464","920","3.142168","892","3.140132","925","3.142672","922","3.140392","925","3.139516","925","3.142388","925","3.14254","925","3.140964","920","3.143344","920","3.141536","923","3.141576","921","3.141464","906","3.139296","907","3.142608","906","3.142488","901","3.14376","907","3.140656","903","3.141516","907","3.13912","907","3.141044","906","3.143108","907","3.142576","905","3.141792","907","3.141496","904","3.142524","904","3.146164","907","3.1447","905","3.142128","900","3.140756","899","3.140012","900","3.142704","897","3.1416040000000014","923","983"
"68","3.141024","205","3.142052","862","3.143216","949","3.139452","951","3.143144","952","3.143928","921","3.14256","949","3.140532","952","3.142284","952","3.142512","952","3.139396","949","3.139848","951","3.141884","951","3.143008","861","3.1428","951","3.1417","951","3.14186","948","3.140564","949","3.142284","946","3.143464","949","3.139664","949","3.142556","949","3.143508","947","3.142988","949","3.138956","917","3.141548","949","3.143076","949","3.144116","949","3.140024","947","3.142708","918","3.140432","949","3.139584","946","3.140052","945","3.142032","949","3.141632","945","3.141644","945","3.138172","949","3.139564","949","3.141832","949","3.140764","946","3.142628","946","3.14178","938","3.142972","937","3.141988","940","3.141272","938","3.141912","921","3.139524","921","3.13886","921","3.14106","921","3.13834","891","3.140884","921","3.139804","918","3.142848","915","3.139872","917","3.143332","875","3.141432","906","3.139248","906","3.14204","904","3.141132","904","3.14308","901","3.142972","901","3.14038","904","3.142536","904","3.141896","901","3.14158","904","3.140948","903","3.142208","902","3.143272","903","3.142356","904","3.140316","901","3.14134","903","3.139688","892","3.143596","897","3.141044","897","3.14096","914","3.141312","914","3.13772","914","3.144144","914","3.138696","914","3.14066","897","3.14088","892","3.14474","896","3.138164","895","3.141624","914","3.141912","914","3.14116","914","3.13912","914","3.140804","893","3.141352","914","3.138272","914","3.143224","896","3.14022","896","3.141476","914","3.142884","914","3.141688","914","3.142496","893","3.139492","893","3.14162","893","3.144008","891","3.139856","909","3.1413898799999993","914","977"
"69","3.143032","500","3.142492","803","3.1434","870","3.140204","870","3.138692","868","3.14162","876","3.13852","935","3.145232","872","3.140516","935","3.14026","953","3.141248","837","3.13842","935","3.14252","936","3.142724","936","3.140588","936","3.139392","935","3.140016","935","3.14396","903","3.14254","899","3.14048","866","3.139696","934","3.14144","872","3.13956","803","3.13712","934","3.143224","903","3.14256","903","3.143576","844","3.142908","935","3.142404","866","3.14168","811","3.142472","935","3.14312","924","3.142604","947","3.14292","948","3.142204","948","3.142504","897","3.14034","924","3.14216","924","3.142628","897","3.14258","925","3.139216","897","3.14304","947","3.144432","924","3.141408","948","3.139448","948","3.139796","948","3.142052","903","3.141132","924","3.139528","903","3.141076","941","3.143428","922","3.140164","938","3.139916","934","3.1427","937","3.142444","913","3.140096","937","3.142628","937","3.142644","935","3.14314","936","3.14746","934","3.142076","935","3.14312","934","3.139712","934","3.139536","917","3.141324","936","3.142996","937","3.141224","936","3.137896","935","3.142896","936","3.140456","934","3.143484","922","3.141304","922","3.141676","924","3.142864","921","3.142888","913","3.144684","914","3.142316","916","3.138808","913","3.140072","913","3.14062","915","3.144492","914","3.142716","915","3.141108","912","3.142192","916","3.142088","914","3.140948","913","3.143484","913","3.144212","915","3.142952","914","3.140472","912","3.141892","915","3.143288","913","3.141536","915","3.140544","915","3.140832","915","3.144436","913","3.142288","915","3.143092","912","3.143264","914","3.142824","915","3.141779159999999","910","958"
"70","3.139712","912","3.141724","911","3.142092","912","3.141676","912","3.141296","912","3.141916","912","3.141716","911","3.139408","912","3.143608","912","3.141996","912","3.141276","912","3.142236","912","3.140784","912","3.141808","911","3.140992","912","3.142768","911","3.14138","911","3.140196","891","3.141276","911","3.139988","912","3.139252","912","3.142068","911","3.142864","911","3.138548","912","3.14094","911","3.137324","911","3.14228","911","3.141632","881","3.14128","912","3.1428","912","3.140708","877","3.140356","911","3.14398","911","3.142812","910","3.142048","911","3.140876","911","3.140648","912","3.139888","911","3.141188","911","3.142052","912","3.145032","911","3.140048","911","3.141604","911","3.140304","911","3.139996","911","3.143916","912","3.141764","882","3.14282","911","3.142484","910","3.143544","911","3.141564","911","3.14162","911","3.142128","911","3.141816","911","3.142772","911","3.140096","911","3.140276","911","3.142096","911","3.142364","911","3.13942","911","3.13964","911","3.143256","910","3.139432","911","3.142888","911","3.141444","910","3.139792","911","3.142496","911","3.143092","911","3.140348","911","3.139672","912","3.142624","911","3.145028","912","3.142452","910","3.142636","911","3.141508","911","3.142036","911","3.143544","911","3.140268","911","3.14176","911","3.1419","911","3.14182","877","3.142936","910","3.14374","911","3.140684","911","3.140492","911","3.140948","911","3.139956","891","3.14056","911","3.142604","911","3.141032","911","3.14354","911","3.143732","910","3.140192","911","3.143312","911","3.140988","908","3.141444","908","3.142812","878","3.141684","878","3.145568","878","3.141496","878","3.1416241199999986","908","912"
"71","3.143188","11","3.140768","717","3.142776","840","3.1436","677","3.141412","648","3.142708","930","3.140024","606","3.140124","717","3.142408","606","3.14142","649","3.139224","653","3.143956","928","3.142884","934","3.142288","928","3.139876","934","3.142508","930","3.140608","938","3.142048","929","3.142992","898","3.141536","934","3.142248","934","3.141136","934","3.140716","928","3.14106","934","3.141256","906","3.144004","928","3.138352","938","3.143104","875","3.139556","933","3.141996","928","3.142008","929","3.141792","929","3.141336","930","3.140432","929","3.142136","940","3.138324","934","3.1423","928","3.142452","904","3.142164","928","3.140184","916","3.139352","916","3.143072","886","3.139512","835","3.141784","916","3.140516","916","3.14564","916","3.14372","916","3.139676","920","3.140524","923","3.142308","919","3.1421","915","3.143356","920","3.138196","914","3.139388","900","3.141828","900","3.142048","899","3.142956","900","3.144044","900","3.140024","895","3.140112","900","3.142932","899","3.142232","900","3.141264","900","3.143572","899","3.140868","900","3.141916","900","3.141504","900","3.139316","900","3.141436","900","3.139796","900","3.142052","892","3.143924","897","3.13964","896","3.14066","892","3.139968","897","3.139528","897","3.143816","898","3.142532","884","3.142176","878","3.140144","878","3.139784","878","3.141276","878","3.14006","852","3.140524","852","3.144492","849","3.143708","851","3.141896","851","3.14302","852","3.1426","852","3.143012","854","3.145516","854","3.142012","854","3.14184","851","3.142212","851","3.144048","854","3.14084","854","3.142024","854","3.142216","848","3.140032","848","3.137904","851","3.141613520000001","870","966"
"72","3.139968","45","3.138748","583","3.141488","461","3.139172","418","3.142712","461","3.141408","461","3.140272","461","3.142084","745","3.140312","746","3.142344","746","3.143816","746","3.14176","746","3.14026","745","3.143456","745","3.141664","909","3.141128","905","3.139512","906","3.142764","905","3.140804","879","3.140168","904","3.13962","908","3.140232","904","3.144416","904","3.141776","904","3.141556","905","3.13992","904","3.143424","906","3.140812","905","3.140892","905","3.143932","906","3.140748","905","3.140136","844","3.142604","905","3.139968","903","3.14288","901","3.141064","908","3.140408","902","3.14084","903","3.142612","903","3.142212","878","3.142088","908","3.141868","906","3.14072","902","3.142716","905","3.140084","908","3.14178","906","3.14018","904","3.142832","903","3.138056","906","3.140936","906","3.140956","879","3.139636","900","3.142448","899","3.13886","899","3.142104","895","3.139272","903","3.144388","897","3.142924","898","3.142112","900","3.142344","895","3.14168","894","3.14064","900","3.139596","900","3.141124","900","3.14134","900","3.142068","901","3.142852","901","3.14444","901","3.141224","894","3.139856","894","3.14286","894","3.139144","900","3.141036","899","3.142508","900","3.140672","895","3.13974","901","3.141592","901","3.141336","898","3.144824","896","3.142608","898","3.142344","901","3.139832","900","3.13984","893","3.1425","877","3.137388","877","3.141772","877","3.142344","877","3.141732","892","3.145336","876","3.141964","871","3.142648","892","3.141672","892","3.141992","892","3.139048","875","3.142652","876","3.141016","874","3.14448","892","3.142076","877","3.142376","876","3.142536","892","3.141468839999999","851","954"
"73","3.141928","245","3.138816","246","3.138684","562","3.140636","585","3.144392","585","3.139088","561","3.143644","513","3.143412","585","3.140024","585","3.140216","694","3.140416","583","3.142176","583","3.138868","488","3.141568","583","3.142172","574","3.138516","574","3.14046","574","3.140428","567","3.142544","567","3.142664","941","3.1391","941","3.143708","934","3.142264","932","3.142264","936","3.143192","936","3.142444","932","3.14212","936","3.141496","934","3.142988","934","3.140436","934","3.14168","936","3.140052","934","3.140744","934","3.139704","909","3.142408","885","3.144892","915","3.141932","915","3.13992","910","3.14234","914","3.144072","910","3.138328","906","3.139488","914","3.138592","915","3.14308","915","3.143036","910","3.1402","914","3.13966","914","3.140456","915","3.138068","914","3.140436","914","3.141172","908","3.14118","882","3.141192","882","3.139116","833","3.142888","882","3.141716","882","3.143268","866","3.143152","882","3.1421","882","3.143328","863","3.143512","882","3.142324","882","3.139976","863","3.141228","865","3.145076","882","3.141788","882","3.139476","858","3.14286","866","3.142652","878","3.140072","878","3.141188","878","3.140344","878","3.140564","878","3.141464","862","3.1411","877","3.14056","878","3.143116","878","3.1428","878","3.138804","877","3.145552","878","3.139308","878","3.141276","878","3.141344","878","3.141824","862","3.145176","878","3.144924","877","3.141632","878","3.144996","877","3.140596","859","3.141704","860","3.142956","861","3.143","878","3.139952","878","3.143644","877","3.14124","877","3.141272","878","3.141052","878","3.140804","878","3.141236","858","3.141336","877","3.141525919999999","825","983"
"74","3.142756","306","3.142832","545","3.142428","577","3.141992","577","3.141436","577","3.142232","577","3.141212","574","3.142352","574","3.140396","573","3.142356","640","3.143696","571","3.144236","570","3.140588","612","3.142288","611","3.139364","591","3.145308","611","3.142256","935","3.143372","935","3.139936","935","3.138548","939","3.14234","936","3.141796","939","3.142304","940","3.143112","939","3.142348","939","3.144028","810","3.143136","939","3.139484","924","3.140036","924","3.141056","923","3.140152","923","3.142564","921","3.142152","882","3.138948","941","3.143648","924","3.140596","863","3.142684","883","3.139684","941","3.142972","924","3.141416","920","3.140592","922","3.13814","923","3.13958","922","3.142036","923","3.141216","920","3.142108","923","3.141124","920","3.14256","920","3.139336","923","3.140056","923","3.141136","884","3.141252","918","3.141012","918","3.14318","917","3.139964","871","3.14116","927","3.142484","907","3.141108","910","3.142416","927","3.143392","910","3.140968","910","3.141296","910","3.142224","906","3.143936","910","3.139916","907","3.139956","911","3.144756","911","3.142932","910","3.142796","910","3.142016","910","3.141432","895","3.141432","892","3.14068","895","3.139608","911","3.142264","900","3.141172","894","3.14138","892","3.14374","892","3.144172","892","3.14288","892","3.141436","892","3.13936","892","3.143924","892","3.140572","887","3.143828","885","3.141776","885","3.143244","885","3.142748","882","3.13936","881","3.142952","881","3.141004","881","3.141592","880","3.13886","878","3.142056","878","3.141436","878","3.139844","876","3.141052","877","3.140452","877","3.141164","876","3.141992","877","3.141661000000001","851","972"
"75","3.142652","530","3.139344","698","3.140524","720","3.141304","530","3.140564","806","3.141064","784","3.140236","806","3.139556","762","3.14384","847","3.139704","740","3.140472","842","3.140616","842","3.140124","790","3.140488","789","3.145556","790","3.143748","790","3.141132","786","3.142384","826","3.141396","742","3.140852","826","3.141448","939","3.143584","906","3.144768","905","3.141136","955","3.143264","955","3.144264","901","3.139612","937","3.14372","926","3.142532","926","3.140448","937","3.139184","901","3.143276","955","3.140796","901","3.141476","867","3.138048","905","3.142456","955","3.142364","866","3.142104","927","3.140592","955","3.142664","904","3.139832","904","3.142676","955","3.142188","878","3.142444","926","3.139516","955","3.140972","938","3.142124","947","3.140832","917","3.141764","945","3.138168","916","3.144432","921","3.141592","926","3.143612","945","3.140832","944","3.140908","944","3.13856","929","3.138172","929","3.1412","929","3.138056","928","3.143016","944","3.142112","945","3.142572","921","3.14288","918","3.140208","937","3.14308","921","3.14056","937","3.139052","937","3.141716","937","3.141","937","3.141144","937","3.14334","916","3.144112","937","3.138376","937","3.141044","937","3.143092","937","3.13878","921","3.141896","937","3.141124","921","3.142624","937","3.139916","917","3.141888","937","3.139916","937","3.143448","936","3.141308","937","3.13994","921","3.143248","937","3.142168","937","3.143964","936","3.140272","937","3.140752","937","3.141376","937","3.1426","937","3.142096","921","3.141876","937","3.141668","937","3.143976","936","3.140696","937","3.142036","937","3.143172","937","3.14172","937","3.14150936","896","986"
"76","3.143848","168","3.143364","168","3.141208","167","3.13816","174","3.141232","461","3.138732","461","3.142424","510","3.139852","554","3.140188","500","3.140192","526","3.141704","527","3.141328","495","3.142116","468","3.14062","856","3.141932","737","3.140124","921","3.143012","921","3.143032","853","3.141452","853","3.143204","856","3.14236","777","3.143112","918","3.144532","905","3.140732","934","3.141668","914","3.1428","852","3.143872","853","3.144528","900","3.141576","934","3.14508","934","3.138904","920","3.139932","917","3.141516","882","3.1399","918","3.141908","882","3.142132","917","3.143348","919","3.140916","924","3.143532","882","3.141324","916","3.142516","916","3.13812","924","3.142048","918","3.14092","917","3.141356","919","3.14124","919","3.141428","893","3.138636","916","3.142396","925","3.140004","924","3.141812","924","3.143032","924","3.140944","918","3.141004","916","3.143404","920","3.140956","924","3.141412","918","3.141284","918","3.139524","920","3.142604","919","3.138464","919","3.140224","919","3.14088","924","3.139704","896","3.13984","892","3.145036","894","3.14216","891","3.143328","894","3.141952","894","3.141352","898","3.141808","890","3.140224","888","3.139692","890","3.14164","887","3.140812","887","3.14272","890","3.139892","886","3.142744","891","3.140116","886","3.14102","890","3.140336","883","3.142524","889","3.141564","880","3.140148","873","3.140756","879","3.142724","880","3.141476","874","3.14164","872","3.139268","862","3.142944","854","3.14236","859","3.140964","857","3.142068","803","3.141696","796","3.140448","803","3.141308","800","3.141096","803","3.14322","803","3.142596","802","3.141596","802","3.1415037599999995","823","972"
"77","3.140104","910","3.14112","888","3.14012","910","3.146036","910","3.141952","910","3.142856","909","3.143124","909","3.139112","910","3.144816","910","3.139928","910","3.143276","909","3.142192","910","3.140412","909","3.138152","908","3.140248","910","3.142972","908","3.142728","909","3.144744","910","3.14176","910","3.141928","908","3.143452","910","3.142692","910","3.140604","908","3.138452","910","3.140036","909","3.141584","909","3.143672","909","3.142588","910","3.139824","883","3.143776","910","3.142788","886","3.142844","910","3.13962","908","3.141644","910","3.142764","909","3.141488","909","3.1398","908","3.140032","910","3.143296","910","3.144088","873","3.14298","908","3.142028","909","3.141288","909","3.139996","910","3.139424","910","3.141256","909","3.140112","908","3.144536","910","3.140672","908","3.143764","909","3.142964","909","3.140972","910","3.139184","909","3.143452","910","3.139428","909","3.141688","908","3.140456","909","3.139076","881","3.141608","909","3.141232","908","3.139152","910","3.141968","909","3.142032","908","3.13826","910","3.141112","909","3.143568","908","3.139712","908","3.141364","909","3.142816","885","3.141792","908","3.14086","909","3.144844","909","3.139016","907","3.141648","909","3.140932","909","3.143104","909","3.139612","910","3.141264","909","3.142308","908","3.142948","908","3.143116","909","3.138604","909","3.143868","910","3.14222","909","3.143468","910","3.142204","908","3.14098","909","3.140436","908","3.1437","909","3.142372","908","3.13888","909","3.14118","909","3.141452","908","3.142904","909","3.14104","909","3.140476","886","3.141004","909","3.142196","907","3.142596","910","3.141676","910","3.14161424","907","911"
"78","3.142336","469","3.14262","469","3.141928","523","3.141544","523","3.142048","841","3.143344","613","3.1457","548","3.14148","841","3.145312","548","3.142736","690","3.139404","856","3.143384","876","3.140656","856","3.144796","876","3.140148","856","3.143088","876","3.140632","856","3.143004","855","3.14168","856","3.13996","876","3.139344","856","3.141124","856","3.136924","876","3.139448","876","3.138308","875","3.140512","876","3.140984","835","3.14144","856","3.142828","856","3.140584","876","3.139556","876","3.14074","876","3.140208","876","3.143076","875","3.143684","875","3.138404","855","3.142804","834","3.142268","875","3.142604","856","3.140448","876","3.141044","875","3.14174","876","3.141816","855","3.14134","855","3.13906","855","3.140576","876","3.142692","875","3.142088","834","3.143552","876","3.142368","855","3.144956","874","3.141308","874","3.143452","855","3.140948","849","3.142044","829","3.141592","828","3.141092","847","3.137888","845","3.140852","846","3.141744","845","3.142476","845","3.144528","844","3.141868","826","3.142412","846","3.141388","869","3.141984","846","3.142608","888","3.14068","887","3.142496","948","3.14244","948","3.139332","891","3.138332","888","3.140312","888","3.141868","945","3.144084","911","3.141084","942","3.141316","917","3.140404","933","3.141224","908","3.141392","888","3.143156","908","3.142672","908","3.14052","908","3.143488","908","3.141228","908","3.143728","884","3.140024","908","3.144196","908","3.144224","908","3.14004","887","3.143104","907","3.14252","908","3.138292","908","3.139444","908","3.138188","905","3.140848","905","3.13982","876","3.141176","855","3.141568","876","3.14362","876","3.141573239999999","849","1000"
"79","3.139636","285","3.137744","731","3.138904","974","3.138076","974","3.143652","973","3.141804","952","3.141076","952","3.14176","973","3.143436","974","3.142828","951","3.144356","973","3.144144","973","3.141872","973","3.141704","951","3.139972","944","3.142732","974","3.140828","955","3.140648","973","3.140536","973","3.140092","952","3.142316","952","3.13978","973","3.141516","944","3.143452","952","3.142868","953","3.141056","952","3.1424","973","3.1396","973","3.143164","944","3.141168","946","3.140236","943","3.140824","973","3.141368","952","3.140604","974","3.140992","827","3.141652","943","3.141688","973","3.141848","952","3.140952","973","3.140724","943","3.14168","973","3.141736","973","3.142744","973","3.138592","973","3.1407","932","3.142312","912","3.140772","932","3.143016","911","3.139616","932","3.138248","911","3.140148","932","3.140384","932","3.142256","932","3.13892","932","3.14208","927","3.142364","927","3.138256","927","3.141388","927","3.13994","927","3.142188","897","3.14096","927","3.140744","906","3.139808","927","3.138988","927","3.139232","908","3.141424","908","3.142044","887","3.141944","883","3.139224","904","3.141224","883","3.14212","904","3.141676","904","3.143324","901","3.142424","870","3.140492","899","3.141976","896","3.142348","897","3.141832","894","3.138704","893","3.138776","893","3.144144","893","3.142028","869","3.141016","892","3.143828","893","3.142264","893","3.138844","892","3.140312","893","3.142032","873","3.140808","893","3.140692","893","3.14102","887","3.144448","887","3.13902","887","3.140724","887","3.141648","879","3.141116","879","3.142044","879","3.1407","879","3.138388","879","3.139312","878","3.14115","917","976"
"80","3.136568","323","3.142964","731","3.143384","779","3.142068","731","3.141708","731","3.140732","732","3.141216","731","3.141324","732","3.142636","678","3.139784","678","3.139132","836","3.141768","836","3.143368","802","3.142816","863","3.14356","867","3.14038","886","3.140312","918","3.141252","827","3.143928","866","3.143284","884","3.144052","884","3.138532","917","3.141224","862","3.141376","884","3.136152","884","3.141784","811","3.140648","876","3.141992","906","3.14348","818","3.142952","906","3.141832","876","3.141904","874","3.140888","875","3.142792","875","3.142548","906","3.138208","872","3.138524","873","3.143232","873","3.142228","872","3.142888","811","3.141588","848","3.141196","906","3.141924","790","3.139956","855","3.139612","873","3.14132","902","3.140552","883","3.14174","882","3.139788","902","3.143716","902","3.1415","902","3.137936","883","3.142364","851","3.144364","883","3.142272","902","3.140476","879","3.143576","879","3.143136","902","3.142644","902","3.1425","897","3.141988","874","3.140116","878","3.143248","850","3.139904","897","3.142572","877","3.142028","897","3.142692","828","3.141544","836","3.139756","836","3.141832","813","3.140928","817","3.143328","836","3.141416","828","3.142788","828","3.141868","828","3.139684","828","3.141088","828","3.14042","828","3.145496","828","3.140172","828","3.143","828","3.139976","828","3.143572","828","3.142032","828","3.14144","828","3.143028","828","3.140728","828","3.138836","828","3.14112","828","3.142884","828","3.14124","828","3.138888","809","3.141356","828","3.140744","828","3.141496","828","3.142032","828","3.138996","828","3.14262","828","3.140752","828","3.141312","828","3.141505000000001","839","946"
"81","3.140932","448","3.137916","552","3.141264","949","3.14092","908","3.142144","977","3.140248","977","3.143692","951","3.14286","977","3.141636","977","3.142728","977","3.142416","945","3.141572","916","3.143232","977","3.1427","953","3.139624","947","3.138716","977","3.145028","958","3.142108","977","3.140096","945","3.13966","945","3.1385","910","3.141128","951","3.143348","954","3.141384","954","3.142056","977","3.142144","977","3.140712","945","3.140628","976","3.142756","977","3.144388","976","3.140624","951","3.14096","977","3.14244","976","3.142164","915","3.139252","977","3.142056","977","3.140036","947","3.142128","977","3.143516","976","3.142236","947","3.142992","976","3.142468","948","3.14194","975","3.141988","975","3.141048","949","3.139976","920","3.140604","975","3.141288","975","3.141556","943","3.142744","945","3.142748","975","3.140384","951","3.145412","943","3.14118","959","3.143244","929","3.141592","929","3.141236","959","3.140932","958","3.142836","958","3.143484","935","3.142452","936","3.142472","932","3.14246","939","3.142752","959","3.141176","958","3.141464","933","3.143384","957","3.142336","929","3.142028","955","3.141484","955","3.138416","955","3.139832","955","3.143496","929","3.140008","926","3.13968","955","3.140188","929","3.14242","927","3.142296","955","3.142308","954","3.138648","930","3.143228","955","3.143076","954","3.142","955","3.141028","955","3.138512","955","3.142384","955","3.141796","955","3.140928","930","3.141996","955","3.139888","954","3.142492","935","3.141604","941","3.140012","864","3.14292","863","3.141096","864","3.14226","864","3.144256","864","3.1423","864","3.142268","863","3.139756","863","3.1416469999999985","937","979"
"82","3.140584","440","3.140484","911","3.142524","859","3.143212","922","3.141036","916","3.143544","921","3.143152","888","3.14214","921","3.141788","921","3.142796","915","3.143052","921","3.140764","911","3.141936","921","3.14008","921","3.143552","916","3.137448","921","3.141976","899","3.144904","902","3.14376","906","3.14054","931","3.14264","931","3.138224","911","3.144744","930","3.141536","902","3.145208","930","3.141492","930","3.14376","906","3.141336","907","3.141036","931","3.143872","930","3.140872","930","3.140564","905","3.14414","899","3.143076","927","3.142112","926","3.14334","903","3.14244","896","3.14078","927","3.140352","899","3.141008","927","3.1397","904","3.142912","903","3.142024","927","3.138872","927","3.143368","904","3.143112","927","3.143412","927","3.145576","927","3.14054","904","3.142008","927","3.140644","904","3.141704","926","3.140648","926","3.140432","907","3.14274","926","3.141716","895","3.141404","927","3.142276","927","3.140728","926","3.14038","926","3.141076","926","3.142092","926","3.143252","903","3.142888","903","3.139476","926","3.14116","926","3.139508","926","3.14016","898","3.14206","926","3.143308","926","3.140456","926","3.140752","919","3.141128","919","3.141884","890","3.141788","919","3.141832","903","3.141896","879","3.143508","869","3.141588","869","3.141296","869","3.138752","869","3.139568","868","3.143756","866","3.140776","866","3.141144","866","3.139816","865","3.142668","862","3.144684","861","3.140568","862","3.142632","862","3.13836","862","3.140096","862","3.144988","862","3.141452","862","3.143524","856","3.139028","855","3.14056","855","3.142696","855","3.140544","855","3.13914","855","3.1417186","898","943"
"83","3.14584","596","3.143184","596","3.144888","844","3.139136","844","3.140612","843","3.14178","841","3.13844","842","3.14086","840","3.1405","842","3.14308","968","3.140496","970","3.143568","988","3.143088","969","3.138032","951","3.141812","969","3.141984","969","3.14086","969","3.142248","988","3.143596","969","3.143188","969","3.142184","988","3.1411","950","3.142692","969","3.142128","988","3.142888","988","3.141412","988","3.14176","968","3.142204","988","3.14234","988","3.143508","968","3.141304","988","3.139864","988","3.14084","988","3.144876","988","3.14096","988","3.139556","988","3.144816","969","3.141496","969","3.138056","968","3.142308","968","3.141904","988","3.139712","950","3.141408","988","3.141152","987","3.143064","988","3.141552","969","3.143412","969","3.143708","969","3.139964","968","3.143728","969","3.141196","967","3.14204","969","3.141088","969","3.142088","987","3.142628","968","3.1409","949","3.139712","988","3.14308","969","3.14028","969","3.143516","969","3.140476","950","3.142992","988","3.141008","969","3.140236","969","3.140488","987","3.143552","987","3.139144","969","3.139208","969","3.141584","969","3.141972","966","3.142836","984","3.141068","959","3.14438","977","3.141296","977","3.14348","958","3.140668","977","3.14054","959","3.142828","959","3.143932","978","3.144072","977","3.14046","977","3.141672","967","3.14326","967","3.1447","967","3.141108","967","3.142064","948","3.144616","965","3.14038","931","3.14088","931","3.139884","925","3.141896","925","3.141344","925","3.139176","925","3.141296","925","3.14424","925","3.144356","925","3.139516","924","3.139496","925","3.142012","925","3.143724","925","3.1418145600000007","950","997"
"84","3.142424","593","3.142024","619","3.142584","593","3.138672","543","3.139536","619","3.140696","592","3.14246","592","3.142556","588","3.1406","932","3.141092","672","3.140936","633","3.141204","632","3.144196","632","3.143076","672","3.1446","632","3.139832","585","3.137132","924","3.143388","924","3.140168","924","3.14168","924","3.14118","924","3.142576","751","3.14062","924","3.14102","924","3.142036","924","3.143336","921","3.140704","920","3.14412","921","3.141432","921","3.141528","921","3.143128","921","3.142364","921","3.14426","921","3.140752","917","3.141496","827","3.140968","829","3.139456","906","3.141876","906","3.141088","906","3.14018","906","3.141856","906","3.14306","830","3.142668","906","3.138596","906","3.141424","906","3.14262","906","3.141516","906","3.141564","901","3.140732","846","3.141136","901","3.139304","901","3.14106","900","3.142592","900","3.137856","902","3.139856","900","3.140636","900","3.14016","900","3.142424","900","3.14054","890","3.142776","894","3.140884","895","3.141488","913","3.143516","895","3.142024","891","3.141116","891","3.141532","910","3.144312","885","3.1423","891","3.139868","909","3.143152","892","3.139912","891","3.140848","890","3.139752","892","3.141348","890","3.141476","891","3.139912","890","3.143272","890","3.139892","892","3.14178","909","3.140868","892","3.142316","909","3.143916","909","3.140684","888","3.141752","889","3.1413","887","3.141744","886","3.140252","891","3.142336","880","3.139312","862","3.13936","862","3.143012","879","3.14164","879","3.142644","857","3.14188","871","3.143228","871","3.139816","871","3.144272","870","3.143452","868","3.145564","868","3.143096","868","3.1415618000000016","852","966"
"85","3.14256","811","3.1407","871","3.142648","833","3.1392","832","3.138552","831","3.139576","869","3.13952","996","3.14208","995","3.14236","996","3.142952","1011","3.139608","996","3.143692","996","3.142304","973","3.13998","996","3.138968","995","3.142392","996","3.143488","996","3.142392","995","3.142096","995","3.140128","996","3.14532","953","3.141528","973","3.1422","996","3.145272","995","3.139908","996","3.141036","953","3.143764","996","3.141724","1011","3.144072","1011","3.140932","996","3.143784","995","3.140608","996","3.142344","1011","3.140764","952","3.14358","973","3.141536","995","3.144172","996","3.14024","1011","3.140208","996","3.141848","973","3.140776","1010","3.14064","995","3.14322","995","3.142508","995","3.14296","995","3.138736","995","3.143808","973","3.14124","995","3.140836","973","3.142956","995","3.139888","995","3.14072","1010","3.142944","972","3.14184","1010","3.14014","973","3.13738","995","3.14386","952","3.140764","994","3.141364","994","3.142928","1010","3.142","1001","3.143496","987","3.141252","1002","3.140768","1001","3.138948","986","3.138376","1001","3.139028","1001","3.144812","1001","3.141372","1001","3.142972","987","3.141624","986","3.144784","993","3.140296","994","3.142652","993","3.141656","993","3.141304","973","3.144608","958","3.143948","973","3.140552","973","3.140052","972","3.14086","972","3.142216","973","3.143324","973","3.13928","972","3.143656","973","3.145292","973","3.144016","973","3.139512","973","3.140512","973","3.14256","973","3.140492","972","3.144988","973","3.1431","973","3.142796","963","3.140904","964","3.145268","964","3.142408","964","3.144628","963","3.140332","964","3.142348","964","3.1418253600000003","977","1018"
"86","3.141736","540","3.14124","914","3.143492","925","3.140192","694","3.140988","925","3.142768","919","3.142248","920","3.143944","925","3.145292","918","3.14226","918","3.139736","924","3.141504","924","3.139492","924","3.141196","822","3.141212","913","3.14514","918","3.139712","919","3.142392","920","3.142416","924","3.140828","922","3.141584","922","3.143152","917","3.140844","917","3.142488","922","3.14254","923","3.14106","917","3.142808","916","3.141308","921","3.141912","806","3.141104","903","3.142552","902","3.142808","902","3.14232","901","3.140732","896","3.14106","901","3.140668","864","3.13966","896","3.139672","896","3.138308","901","3.140376","894","3.139716","883","3.141732","890","3.143172","890","3.141576","894","3.140372","892","3.140644","888","3.14054","892","3.14536","892","3.140196","853","3.145048","889","3.14362","885","3.141484","889","3.141128","850","3.144524","887","3.1383","887","3.139068","884","3.140856","884","3.14342","872","3.14128","878","3.144044","878","3.141572","882","3.143544","882","3.14254","882","3.143872","876","3.146236","897","3.139664","897","3.139428","896","3.141124","896","3.141572","897","3.14436","896","3.143864","896","3.140264","897","3.14116","896","3.140968","896","3.143164","896","3.141336","896","3.1439","896","3.14102","896","3.14222","896","3.142976","896","3.142004","896","3.14228","897","3.140128","896","3.141268","896","3.14422","896","3.13974","896","3.143088","896","3.142496","896","3.141424","896","3.138848","896","3.140556","896","3.143012","896","3.140492","896","3.143408","896","3.142152","896","3.14232","896","3.141756","896","3.142692","896","3.14364","896","3.1397","896","3.141808320000001","891","949"
"87","3.14188","730","3.142964","664","3.14204","685","3.142588","705","3.140544","812","3.142544","979","3.14086","985","3.14062","775","3.1423","804","3.141028","979","3.141808","775","3.140528","728","3.140804","775","3.144948","979","3.1389","982","3.14132","958","3.140408","979","3.14038","979","3.14424","982","3.14142","979","3.141332","979","3.142572","978","3.140388","979","3.141564","751","3.141432","811","3.142348","845","3.143128","981","3.143356","978","3.139864","839","3.144308","980","3.137948","979","3.138272","973","3.139332","940","3.144864","942","3.14096","948","3.141024","939","3.138444","938","3.141624","943","3.143832","941","3.143708","938","3.143432","944","3.142008","943","3.142672","944","3.141468","945","3.141804","940","3.140828","942","3.144512","935","3.142692","935","3.140324","940","3.139132","940","3.141788","932","3.143292","924","3.1422","925","3.143532","925","3.1441","923","3.140424","928","3.141236","925","3.13664","929","3.141696","926","3.139328","926","3.142188","925","3.140004","929","3.140288","926","3.142568","927","3.140124","928","3.145732","925","3.143264","923","3.142332","926","3.140868","927","3.143904","925","3.141504","929","3.14274","930","3.141224","916","3.142316","911","3.140544","910","3.142896","913","3.140308","905","3.14334","904","3.139632","904","3.141268","892","3.139408","884","3.142864","892","3.140796","892","3.139608","891","3.143088","889","3.142876","892","3.143364","892","3.141712","891","3.142024","891","3.142344","892","3.142052","892","3.142488","892","3.142184","892","3.140736","874","3.14272","875","3.141228","870","3.141916","872","3.138936","874","3.140404","873","3.143928","874","3.14167252","905","990"
"88","3.141604","429","3.143184","627","3.140712","626","3.141928","627","3.142804","626","3.14304","626","3.14112","627","3.141756","626","3.14014","626","3.138432","626","3.140244","627","3.140096","616","3.142","615","3.139832","811","3.139088","914","3.143492","914","3.139524","904","3.1446","906","3.139224","822","3.141684","914","3.14316","906","3.139664","904","3.14234","905","3.138196","936","3.143348","899","3.139316","902","3.140636","932","3.140132","911","3.141544","902","3.140148","911","3.141532","902","3.144684","932","3.141332","911","3.142996","911","3.14146","908","3.142176","816","3.14118","898","3.139724","909","3.144108","930","3.14398","877","3.1418","877","3.142448","877","3.139892","877","3.142056","877","3.14212","877","3.1411","877","3.14154","874","3.139516","870","3.143936","871","3.14044","850","3.145108","869","3.14228","850","3.14022","870","3.142652","870","3.142808","839","3.1406","841","3.1411","870","3.142768","870","3.14216","849","3.144652","869","3.143328","870","3.14242","870","3.144496","870","3.140912","870","3.142648","870","3.142896","869","3.142448","869","3.142196","869","3.141556","870","3.141324","869","3.143216","869","3.141408","852","3.141408","852","3.137976","854","3.14402","854","3.140772","851","3.140208","851","3.141636","853","3.142124","851","3.142124","849","3.143296","851","3.141932","848","3.14246","851","3.142488","846","3.141556","848","3.144308","848","3.142304","848","3.139544","848","3.142008","849","3.13878","826","3.14128","846","3.140308","848","3.141404","848","3.142192","848","3.140768","848","3.140936","848","3.142964","846","3.143124","848","3.139916","846","3.14316","848","3.141692000000001","837","952"
"89","3.141708","274","3.141476","947","3.143032","737","3.142728","952","3.145124","952","3.142384","828","3.14082","952","3.143164","947","3.14062","734","3.141148","952","3.140116","948","3.142328","946","3.142536","951","3.141752","822","3.142044","827","3.139456","827","3.143796","946","3.143864","951","3.144164","791","3.141272","951","3.141312","946","3.141708","770","3.141224","951","3.1422","945","3.142608","942","3.141744","940","3.144496","819","3.141072","916","3.142332","911","3.138612","910","3.142848","913","3.140248","909","3.142176","913","3.14294","909","3.142212","909","3.141848","913","3.139336","913","3.140224","912","3.140692","912","3.142408","905","3.142848","905","3.140648","905","3.14194","905","3.141032","903","3.141312","902","3.1429","919","3.142216","900","3.142204","900","3.139604","900","3.140584","891","3.138844","893","3.14026","888","3.14444","893","3.138916","889","3.141688","892","3.142072","911","3.140724","887","3.141648","911","3.143168","911","3.145596","892","3.143676","911","3.1389","890","3.140096","893","3.139984","911","3.140116","911","3.143104","911","3.141376","892","3.14068","911","3.139684","911","3.140868","892","3.144368","911","3.143404","910","3.140588","910","3.141476","888","3.14212","892","3.14588","911","3.140984","910","3.143028","888","3.137728","910","3.141744","910","3.142572","910","3.140336","892","3.143824","910","3.140924","910","3.143944","910","3.140548","910","3.13988","889","3.14252","910","3.143004","910","3.139856","889","3.143324","896","3.142828","896","3.136276","886","3.142164","886","3.143272","886","3.140492","886","3.141372","886","3.1441","886","3.14142","886","3.141748","886","3.1417262399999997","893","973"
"90","3.14542","574","3.142628","641","3.142564","640","3.140904","521","3.142236","598","3.140836","637","3.14216","596","3.142788","571","3.140628","637","3.14156","596","3.140012","638","3.137832","984","3.140556","984","3.141388","984","3.141948","984","3.140644","984","3.14234","946","3.138992","984","3.140256","984","3.143232","985","3.138924","984","3.140048","984","3.140124","984","3.143096","947","3.142944","984","3.143908","979","3.142896","979","3.140592","942","3.1406","979","3.139928","979","3.140056","979","3.141184","979","3.139844","979","3.141368","979","3.140656","953","3.140756","953","3.140244","968","3.141768","953","3.1435","953","3.14114","953","3.140844","935","3.141744","915","3.142808","953","3.142724","951","3.13918","953","3.144292","968","3.141356","953","3.141632","953","3.141512","953","3.140072","953","3.139584","968","3.141796","952","3.140788","968","3.14142","968","3.140188","952","3.141252","968","3.141376","953","3.139864","943","3.142756","943","3.140484","940","3.140984","939","3.140808","939","3.137848","939","3.139376","939","3.142984","921","3.14138","936","3.142844","936","3.144052","936","3.141488","920","3.141756","928","3.142432","927","3.143328","927","3.141452","927","3.140512","921","3.141716","920","3.139712","921","3.141656","920","3.143064","920","3.14134","903","3.141132","920","3.139556","920","3.139516","920","3.1399","920","3.14184","920","3.142248","915","3.138676","893","3.140468","908","3.141208","908","3.141328","908","3.141532","909","3.143108","909","3.143092","909","3.142576","909","3.139152","909","3.144288","908","3.145308","896","3.144472","894","3.13898","895","3.139548","895","3.14382","894","3.1413865199999997","905","1009"
"91","3.14448","803","3.14128","905","3.1438","738","3.144276","773","3.141012","818","3.14104","883","3.140532","803","3.141732","882","3.142796","818","3.141136","817","3.141716","802","3.141476","818","3.141976","882","3.140756","943","3.139464","803","3.141112","736","3.1431","918","3.141724","818","3.140956","802","3.142244","882","3.141956","738","3.140628","905","3.142476","941","3.143916","943","3.14258","738","3.14264","742","3.141468","943","3.138476","803","3.14066","923","3.14086","786","3.14166","927","3.138028","802","3.144596","800","3.144016","926","3.141804","865","3.1451","888","3.141504","865","3.138756","865","3.141044","900","3.145924","922","3.141624","900","3.143336","926","3.13798","786","3.139252","924","3.137876","858","3.142548","884","3.145264","885","3.142792","864","3.144116","884","3.143688","860","3.141276","884","3.139196","863","3.141352","863","3.142584","883","3.136848","884","3.141532","879","3.143156","879","3.14072","880","3.141272","880","3.145088","880","3.141992","880","3.139644","879","3.142696","879","3.141624","879","3.141032","879","3.143856","880","3.142772","879","3.142968","879","3.140856","878","3.139148","880","3.142256","879","3.1417","879","3.138992","879","3.142348","879","3.142984","878","3.141568","879","3.142848","878","3.14244","879","3.143756","879","3.141144","879","3.14096","878","3.140664","879","3.141328","879","3.141592","879","3.140048","879","3.139604","879","3.14082","831","3.139424","831","3.140044","832","3.14278","831","3.14466","831","3.141084","831","3.141044","832","3.14128","822","3.143596","823","3.142164","822","3.142824","821","3.140136","818","3.143712","817","3.140872","816","3.1417146","858","968"
"92","3.13816","460","3.140424","460","3.139664","977","3.139736","944","3.140572","977","3.14026","945","3.143668","976","3.142552","977","3.143036","848","3.143344","977","3.143612","977","3.1434","977","3.141416","977","3.142412","977","3.141656","977","3.141116","977","3.140048","976","3.142244","944","3.141492","977","3.14148","945","3.144232","976","3.141788","977","3.141416","976","3.142156","976","3.142196","977","3.14178","977","3.14082","977","3.140648","977","3.14136","976","3.1391","959","3.141572","959","3.141172","929","3.140984","959","3.137432","959","3.141252","958","3.1412","959","3.138332","958","3.141748","959","3.141516","959","3.139008","958","3.142732","959","3.140184","959","3.141228","959","3.13914","958","3.14224","959","3.145136","958","3.141524","1014","3.137324","983","3.141024","1033","3.1408","929","3.145764","940","3.140048","1012","3.143112","970","3.141328","1014","3.140896","1015","3.141004","1032","3.14128","1012","3.144816","1014","3.140992","1012","3.1377","1012","3.14302","1032","3.14244","1014","3.141912","963","3.140984","1014","3.14136","1014","3.139088","934","3.14162","1015","3.142188","1013","3.142364","1032","3.141012","1033","3.141876","1009","3.138292","1003","3.14204","1023","3.144944","1014","3.142368","1009","3.141128","953","3.141348","953","3.14294","953","3.140724","935","3.140364","953","3.143176","953","3.140428","953","3.143832","953","3.140028","953","3.14186","953","3.139696","953","3.141308","953","3.14026","952","3.140212","953","3.142964","953","3.140568","953","3.14338","953","3.1409","953","3.140424","953","3.141036","953","3.142232","928","3.141656","953","3.144404","953","3.140268","952","3.1435","953","3.1414241999999994","961","1083"
"93","3.140568","226","3.138912","526","3.140832","555","3.1388","705","3.142768","629","3.14126","629","3.141004","629","3.139928","629","3.138996","964","3.14134","968","3.14326","964","3.140432","964","3.142896","966","3.138568","900","3.143572","966","3.140092","966","3.142652","963","3.141852","967","3.143412","968","3.139984","968","3.141752","967","3.137756","966","3.141624","966","3.141472","963","3.141456","963","3.142628","939","3.142316","932","3.142092","966","3.143428","967","3.141","965","3.140876","967","3.141856","967","3.141632","966","3.141472","965","3.141164","967","3.142684","966","3.142872","966","3.139656","966","3.138608","966","3.139644","966","3.14522","943","3.140996","966","3.14266","966","3.145168","967","3.142616","966","3.140992","967","3.14272","966","3.140352","964","3.140908","966","3.143132","964","3.139776","939","3.140308","966","3.142456","964","3.141292","967","3.14258","967","3.142172","964","3.139552","963","3.141184","965","3.143908","964","3.145204","960","3.141376","961","3.143092","963","3.142024","959","3.144376","960","3.139832","962","3.14014","962","3.140976","964","3.141396","963","3.142624","935","3.141356","933","3.143416","934","3.142416","926","3.142528","921","3.14142","924","3.14134","924","3.141728","924","3.141676","924","3.139308","922","3.1408","924","3.143456","924","3.143308","924","3.143656","924","3.140492","923","3.140592","923","3.143476","924","3.143304","922","3.142724","923","3.14368","923","3.14418","922","3.140208","924","3.142192","922","3.1417","924","3.139828","923","3.142276","924","3.143252","920","3.140068","920","3.140984","919","3.139508","919","3.140444","919","3.141088","920","3.1416255200000016","918","978"
"94","3.138772","40","3.1401","950","3.143824","978","3.141148","1003","3.138952","1002","3.14168","977","3.14056","976","3.143096","978","3.143384","977","3.141196","1003","3.142932","979","3.142032","1002","3.142976","1002","3.14204","979","3.139036","1003","3.142364","976","3.143776","973","3.141192","1002","3.140088","1002","3.140524","1002","3.141276","1002","3.141836","978","3.141556","1002","3.142468","975","3.1404","1002","3.1404","1003","3.143428","973","3.139516","975","3.141816","1003","3.141132","1002","3.142788","1003","3.142328","1003","3.142244","982","3.141928","974","3.141716","999","3.141896","999","3.14066","999","3.143164","937","3.140588","978","3.140876","975","3.143488","971","3.137876","974","3.14122","998","3.1428","999","3.143536","971","3.14116","972","3.1415","998","3.139372","999","3.145428","943","3.142508","999","3.14474","998","3.143032","998","3.138732","998","3.14342","972","3.137868","978","3.139524","999","3.13892","998","3.137956","999","3.141416","971","3.13974","999","3.139596","999","3.143872","971","3.142504","998","3.140264","972","3.142788","998","3.139232","999","3.142416","974","3.142196","998","3.142616","975","3.144548","999","3.143408","967","3.138248","942","3.143128","968","3.142212","947","3.14434","961","3.140724","961","3.141724","935","3.143468","934","3.1416","934","3.14164","910","3.142192","934","3.14344","933","3.140252","934","3.140232","933","3.143152","934","3.139612","934","3.141276","933","3.140756","933","3.141896","933","3.14284","910","3.141472","934","3.143896","934","3.142072","909","3.140288","934","3.143072","934","3.140676","933","3.141592","933","3.13872","934","3.141184","933","3.14158","934","3.14156648","962","1004"
"95","3.144232","484","3.140896","990","3.141248","990","3.138604","969","3.142012","970","3.14332","969","3.141072","990","3.140516","969","3.141352","990","3.142564","990","3.140316","969","3.140916","990","3.141592","990","3.142912","990","3.143484","990","3.143392","989","3.142212","988","3.141408","988","3.141196","987","3.140844","988","3.14406","987","3.140212","988","3.143616","988","3.14432","988","3.142984","988","3.14204","988","3.140236","987","3.140436","988","3.14066","988","3.143516","987","3.14014","988","3.13848","969","3.142548","988","3.14156","988","3.141024","988","3.143","988","3.14244","969","3.138368","988","3.141708","988","3.141596","987","3.137596","988","3.14194","988","3.141904","988","3.143564","988","3.139312","987","3.141164","968","3.143056","988","3.141616","988","3.139848","988","3.143216","987","3.139128","987","3.140828","987","3.142536","987","3.138768","986","3.141188","987","3.140124","988","3.142596","988","3.143588","988","3.146212","985","3.14092","984","3.141128","986","3.141612","985","3.14228","986","3.139348","986","3.140496","984","3.14034","965","3.143152","985","3.142156","985","3.14338","986","3.141128","986","3.142228","985","3.142872","973","3.143572","973","3.140972","965","3.1411","966","3.142104","966","3.140864","981","3.14014","966","3.139972","965","3.143368","965","3.142164","966","3.14076","966","3.14354","965","3.141608","965","3.14304","965","3.140692","966","3.141124","966","3.141828","965","3.140532","981","3.14188","968","3.142144","953","3.1381","956","3.138788","956","3.143144","956","3.140088","956","3.140388","956","3.14324","940","3.137888","940","3.142116","940","3.142904","940","3.141543159999999","973","1027"
"96","3.142192","221","3.138588","992","3.141556","987","3.13912","992","3.139892","980","3.144112","991","3.140632","980","3.136912","915","3.14182","986","3.141008","980","3.138928","986","3.14396","991","3.144208","987","3.141784","991","3.145496","991","3.141508","990","3.142944","991","3.142632","985","3.142264","986","3.142004","991","3.138504","992","3.142796","987","3.139316","991","3.142132","990","3.142452","990","3.141604","991","3.14418","990","3.14066","992","3.144296","979","3.140744","979","3.138888","949","3.140304","949","3.14244","986","3.146348","986","3.143184","991","3.139252","991","3.142468","992","3.14164","979","3.138012","990","3.140172","988","3.142004","990","3.141768","989","3.142096","988","3.141316","989","3.142152","977","3.141816","988","3.142864","978","3.142748","990","3.14078","990","3.140148","990","3.142156","945","3.1412","976","3.141608","988","3.143796","988","3.138344","987","3.143648","987","3.142356","920","3.140924","925","3.141772","925","3.140832","925","3.145092","925","3.141836","919","3.1418","925","3.140396","925","3.1389","916","3.140672","924","3.138524","925","3.138604","919","3.141184","920","3.141336","924","3.139912","924","3.13998","919","3.141776","917","3.141908","919","3.142296","919","3.144152","918","3.14122","920","3.14326","924","3.140892","925","3.140352","920","3.14244","924","3.142244","924","3.139192","912","3.142644","924","3.140496","921","3.140864","922","3.142376","917","3.140604","921","3.14036","921","3.142804","916","3.1422","922","3.142036","916","3.141184","886","3.143184","900","3.143864","899","3.144936","900","3.141516","895","3.140596","899","3.141616","899","3.14242","895","3.1415694800000016","946","996"
"97","3.140284","151","3.140596","557","3.138056","761","3.140864","904","3.141768","904","3.14232","906","3.13674","881","3.142276","855","3.139136","904","3.141824","826","3.140224","881","3.140944","904","3.142152","891","3.140836","889","3.143732","889","3.141168","889","3.141336","888","3.142564","885","3.138148","885","3.142884","885","3.140984","835","3.14122","885","3.144288","885","3.140264","885","3.13872","971","3.14094","971","3.14094","971","3.139348","971","3.142824","971","3.143284","971","3.139716","971","3.13998","971","3.141116","971","3.140832","940","3.14168","970","3.14082","971","3.14222","971","3.141828","971","3.139968","971","3.139336","971","3.140196","945","3.139072","940","3.141084","971","3.140668","971","3.144528","970","3.14018","970","3.138856","971","3.140876","971","3.13882","920","3.141048","971","3.14114","971","3.14168","971","3.141288","971","3.141072","970","3.142972","946","3.142872","971","3.14266","970","3.140812","945","3.141312","945","3.142584","971","3.1443","970","3.1406","968","3.14088","968","3.141176","968","3.142912","917","3.1413","941","3.14294","938","3.1413","968","3.141216","918","3.140312","968","3.14414","968","3.14318","968","3.141368","968","3.1422","917","3.14104","968","3.139152","968","3.139664","917","3.142888","968","3.141336","943","3.141372","964","3.141912","913","3.13952","948","3.140724","931","3.140152","931","3.143344","930","3.141896","1036","3.14016","904","3.14252","904","3.139868","1036","3.142104","904","3.139504","904","3.14218","904","3.14224","1035","3.14368","904","3.141144","1035","3.142552","904","3.141712","904","3.144024","883","3.139836","904","3.139924","904","3.1412415200000003","925","1134"
"98","3.139268","296","3.141428","789","3.142768","783","3.141156","789","3.143568","783","3.141528","753","3.143904","789","3.140908","780","3.143836","759","3.1422","789","3.143284","759","3.139644","779","3.1419","779","3.142804","773","3.13862","774","3.14194","769","3.141492","774","3.140712","778","3.140932","774","3.138748","773","3.142808","778","3.139512","774","3.140444","779","3.141908","772","3.139912","779","3.144652","774","3.1411","779","3.142048","718","3.14232","779","3.14448","755","3.143568","755","3.142352","743","3.140748","748","3.1425","925","3.142312","925","3.140672","925","3.141368","925","3.141404","861","3.142808","925","3.137032","925","3.143284","926","3.141108","925","3.140484","903","3.14358","925","3.1416","903","3.14164","925","3.139376","925","3.139716","925","3.141176","925","3.142056","925","3.140512","925","3.14062","925","3.141204","925","3.141468","903","3.141432","863","3.139848","925","3.140736","903","3.138996","925","3.142364","919","3.143196","918","3.140368","918","3.140684","919","3.141604","918","3.141744","919","3.141096","918","3.14002","889","3.141624","886","3.14124","886","3.141084","886","3.139948","886","3.139752","886","3.13894","885","3.142296","885","3.140336","885","3.14078","885","3.140988","887","3.140488","885","3.139684","885","3.140652","885","3.142796","885","3.144368","871","3.138736","871","3.141768","871","3.139724","871","3.142416","871","3.14014","870","3.143472","869","3.141028","869","3.1435","870","3.140748","870","3.14148","870","3.138588","869","3.143424","869","3.139856","850","3.140564","847","3.140192","847","3.142612","847","3.139976","847","3.142512","847","3.14196","847","3.1413217199999988","848","972"
"99","3.141224","515","3.143856","620","3.140672","619","3.140744","620","3.140592","620","3.142296","987","3.14218","987","3.145644","886","3.141848","987","3.142384","987","3.141776","987","3.142976","886","3.142484","886","3.140992","865","3.141716","886","3.141976","844","3.143452","886","3.142324","987","3.141464","987","3.141144","886","3.140088","886","3.146052","844","3.143984","865","3.140976","987","3.1406","844","3.144208","865","3.143936","987","3.140792","886","3.142256","886","3.142216","987","3.142784","822","3.144792","987","3.143904","980","3.143556","960","3.140692","882","3.143452","902","3.142464","882","3.137904","960","3.139392","961","3.143156","960","3.138372","942","3.142684","942","3.142932","942","3.143076","942","3.139876","942","3.142","942","3.140348","942","3.142452","942","3.140664","929","3.137892","911","3.14204","928","3.139696","929","3.14096","929","3.140616","927","3.143388","929","3.141092","928","3.140304","910","3.141656","928","3.142356","928","3.141092","929","3.14324","928","3.144736","910","3.144064","929","3.141224","928","3.141352","910","3.14114","928","3.140064","928","3.141616","928","3.138908","908","3.138788","910","3.142504","928","3.141156","928","3.140364","928","3.144172","928","3.14296","905","3.143168","930","3.139108","931","3.14214","932","3.140092","929","3.142064","932","3.141156","931","3.1397","931","3.141144","930","3.14242","931","3.139884","930","3.1433","931","3.140396","931","3.140532","931","3.141728","930","3.13892","931","3.141636","929","3.144088","929","3.142712","930","3.144332","930","3.13852","930","3.14238","930","3.140576","931","3.141072","929","3.144492","931","3.142","931","3.1417629200000006","909","1026"
"100","3.141256","955","3.141188","958","3.138708","958","3.140032","962","3.142968","981","3.14066","982","3.13952","981","3.142112","982","3.14032","916","3.143316","982","3.144068","957","3.140724","956","3.142264","982","3.142212","982","3.139272","962","3.141428","982","3.138156","962","3.140364","981","3.142488","962","3.139768","982","3.139116","981","3.14384","951","3.140328","981","3.140404","955","3.141312","982","3.140712","950","3.142896","982","3.140628","954","3.140308","981","3.14106","953","3.139816","982","3.140956","981","3.1408","982","3.140948","981","3.14326","982","3.13978","962","3.140716","950","3.142648","955","3.142492","953","3.141884","982","3.142812","981","3.142976","982","3.142016","962","3.141828","981","3.141092","981","3.1413","951","3.141832","950","3.141712","951","3.142552","981","3.143772","956","3.140048","981","3.140516","982","3.140488","956","3.140856","920","3.138768","951","3.141744","981","3.14024","951","3.141244","954","3.141108","957","3.138928","957","3.140024","957","3.14306","981","3.145764","981","3.140672","981","3.139452","954","3.142152","957","3.143596","955","3.14132","949","3.14146","981","3.143892","955","3.1402","981","3.141904","981","3.141144","950","3.14326","981","3.14356","981","3.142176","957","3.142876","981","3.141904","981","3.140944","981","3.13782","981","3.14244","950","3.141976","949","3.139472","962","3.139092","981","3.143128","981","3.140636","981","3.141404","950","3.141632","956","3.14354","961","3.142072","981","3.142296","981","3.141744","955","3.142112","981","3.140024","981","3.142196","981","3.140924","950","3.14142","981","3.140012","981","3.144016","981","3.140936","954","3.1413881200000002","967","982"
"Averages","3.141558880000001","452","3.1415517600000014","697","3.1416738800000004","755","3.1414186800000006","779","3.141720160000001","786","3.1417041599999993","805","3.1414112399999987","822","3.141642160000001","836","3.141528719999999","854","3.141437680000002","870","3.1412811599999997","862","3.1416734799999997","879","3.141710360000001","878","3.1417331200000005","887","3.141711119999999","895","3.14147272","901","3.1416106000000004","926","3.14165212","927","3.1416875600000003","922","3.141530600000001","934","3.14138644","931","3.1417092000000006","934","3.1416299599999995","937","3.141785440000001","940","3.1416892400000007","939","3.1413968799999985","939","3.1418293200000007","944","3.14156476","945","3.141751440000001","946","3.1418727999999994","946","3.14143912","944","3.141531760000001","947","3.14175996","942","3.1414566800000006","949","3.1417760799999996","946","3.14133524","944","3.1413780800000013","941","3.1415141600000003","947","3.1414427599999994","946","3.1415267999999994","947","3.14161512","946","3.141292239999998","947","3.1415094399999988","945","3.1416590800000006","950","3.1413652799999996","946","3.14148828","947","3.1418033999999992","947","3.1414984399999986","946","3.141364240000001","945","3.141299720000002","946","3.1416132799999996","944","3.141365320000001","947","3.1417517999999984","945","3.14138292","946","3.1413645200000007","941","3.141332999999999","943","3.141461439999999","941","3.1415067999999993","942","3.1416314","943","3.14181336","941","3.1415330799999985","941","3.1414938800000005","939","3.141677919999999","940","3.1414346800000006","937","3.1413790000000006","938","3.1417450800000006","935","3.1416581999999993","935","3.1419179199999996","935","3.141743439999999","934","3.141601039999999","934","3.1416499199999985","933","3.1416734000000006","932","3.141674519999999","932","3.14165136","930","3.1417689599999994","929","3.1416551600000004","928","3.14158324","927","3.1418266800000008","927","3.1412644000000007","926","3.1414212","924","3.1418874000000003","924","3.141413360000001","924","3.1414703599999996","923","3.141412960000001","923","3.141883279999999","922","3.1416294000000007","923","3.1416823200000006","921","3.1414923200000002","919","3.141708559999999","920","3.1414742799999993","918","3.141293279999999","917","3.1416297200000014","918","3.1414394800000007","917","3.141664240000001","914","3.1417208399999996","915","3.1415702","912","3.1417605199999996","911","3.141506","911","3.141511240000001","911","3.1414044400000005","911","3.1415751263999994","914","1036"
