"Iteration Count","Job[1] Result","Job[1] Runtime (ms)","Job[2] Result","Job[2] Runtime (ms)","Job[3] Result","Job[3] Runtime (ms)","Job[4] Result","Job[4] Runtime (ms)","Job[5] Result","Job[5] Runtime (ms)","Job[6] Result","Job[6] Runtime (ms)","Job[7] Result","Job[7] Runtime (ms)","Job[8] Result","Job[8] Runtime (ms)","Job[9] Result","Job[9] Runtime (ms)","Job[10] Result","Job[10] Runtime (ms)","Job[11] Result","Job[11] Runtime (ms)","Job[12] Result","Job[12] Runtime (ms)","Job[13] Result","Job[13] Runtime (ms)","Job[14] Result","Job[14] Runtime (ms)","Job[15] Result","Job[15] Runtime (ms)","Job[16] Result","Job[16] Runtime (ms)","Job[17] Result","Job[17] Runtime (ms)","Job[18] Result","Job[18] Runtime (ms)","Job[19] Result","Job[19] Runtime (ms)","Job[20] Result","Job[20] Runtime (ms)","Job[21] Result","Job[21] Runtime (ms)","Job[22] Result","Job[22] Runtime (ms)","Job[23] Result","Job[23] Runtime (ms)","Job[24] Result","Job[24] Runtime (ms)","Job[25] Result","Job[25] Runtime (ms)","Job[26] Result","Job[26] Runtime (ms)","Job[27] Result","Job[27] Runtime (ms)","Job[28] Result","Job[28] Runtime (ms)","Job[29] Result","Job[29] Runtime (ms)","Job[30] Result","Job[30] Runtime (ms)","Job[31] Result","Job[31] Runtime (ms)","Job[32] Result","Job[32] Runtime (ms)","Job[33] Result","Job[33] Runtime (ms)","Job[34] Result","Job[34] Runtime (ms)","Job[35] Result","Job[35] Runtime (ms)","Job[36] Result","Job[36] Runtime (ms)","Job[37] Result","Job[37] Runtime (ms)","Job[38] Result","Job[38] Runtime (ms)","Job[39] Result","Job[39] Runtime (ms)","Job[40] Result","Job[40] Runtime (ms)","Job[41] Result","Job[41] Runtime (ms)","Job[42] Result","Job[42] Runtime (ms)","Job[43] Result","Job[43] Runtime (ms)","Job[44] Result","Job[44] Runtime (ms)","Job[45] Result","Job[45] Runtime (ms)","Job[46] Result","Job[46] Runtime (ms)","Job[47] Result","Job[47] Runtime (ms)","Job[48] Result","Job[48] Runtime (ms)","Job[49] Result","Job[49] Runtime (ms)","Job[50] Result","Job[50] Runtime (ms)","Job[51] Result","Job[51] Runtime (ms)","Job[52] Result","Job[52] Runtime (ms)","Job[53] Result","Job[53] Runtime (ms)","Job[54] Result","Job[54] Runtime (ms)","Job[55] Result","Job[55] Runtime (ms)","Job[56] Result","Job[56] Runtime (ms)","Job[57] Result","Job[57] Runtime (ms)","Job[58] Result","Job[58] Runtime (ms)","Job[59] Result","Job[59] Runtime (ms)","Job[60] Result","Job[60] Runtime (ms)","Job[61] Result","Job[61] Runtime (ms)","Job[62] Result","Job[62] Runtime (ms)","Job[63] Result","Job[63] Runtime (ms)","Job[64] Result","Job[64] Runtime (ms)","Job[65] Result","Job[65] Runtime (ms)","Job[66] Result","Job[66] Runtime (ms)","Job[67] Result","Job[67] Runtime (ms)","Job[68] Result","Job[68] Runtime (ms)","Job[69] Result","Job[69] Runtime (ms)","Job[70] Result","Job[70] Runtime (ms)","Job[71] Result","Job[71] Runtime (ms)","Job[72] Result","Job[72] Runtime (ms)","Job[73] Result","Job[73] Runtime (ms)","Job[74] Result","Job[74] Runtime (ms)","Job[75] Result","Job[75] Runtime (ms)","Job[76] Result","Job[76] Runtime (ms)","Job[77] Result","Job[77] Runtime (ms)","Job[78] Result","Job[78] Runtime (ms)","Job[79] Result","Job[79] Runtime (ms)","Job[80] Result","Job[80] Runtime (ms)","Job[81] Result","Job[81] Runtime (ms)","Job[82] Result","Job[82] Runtime (ms)","Job[83] Result","Job[83] Runtime (ms)","Job[84] Result","Job[84] Runtime (ms)","Job[85] Result","Job[85] Runtime (ms)","Job[86] Result","Job[86] Runtime (ms)","Job[87] Result","Job[87] Runtime (ms)","Job[88] Result","Job[88] Runtime (ms)","Job[89] Result","Job[89] Runtime (ms)","Job[90] Result","Job[90] Runtime (ms)","Job[91] Result","Job[91] Runtime (ms)","Job[92] Result","Job[92] Runtime (ms)","Job[93] Result","Job[93] Runtime (ms)","Job[94] Result","Job[94] Runtime (ms)","Job[95] Result","Job[95] Runtime (ms)","Job[96] Result","Job[96] Runtime (ms)","Job[97] Result","Job[97] Runtime (ms)","Job[98] Result","Job[98] Runtime (ms)","Job[99] Result","Job[99] Runtime (ms)","Job[100] Result","Job[100] Runtime (ms)","Average Result","Average Runtime (ms)","Total Runtime (ms)"
"1","3.142188","2342","3.1397","2298","3.144092","2299","3.140112","2269","3.141392","2159","3.1419","2276","3.143248","2129","3.14092","2276","3.141728","2276","3.141532","2276","3.14482","2263","3.144028","2257","3.142924","2189","3.140276","2232","3.1422","2189","3.143624","2233","3.141268","2256","3.144032","2232","3.14066","2188","3.141932","2256","3.140608","2231","3.139952","2256","3.140112","2188","3.141576","2256","3.142884","2256","3.143204","2231","3.138536","2254","3.138516","2231","3.14058","2256","3.13934","2254","3.139712","2254","3.14096","2254","3.143824","2253","3.138284","2253","3.142172","2229","3.141868","2255","3.142196","2186","3.141156","2253","3.1436","2185","3.14062","2254","3.139876","2184","3.141444","2252","3.141328","2228","3.145376","2252","3.141956","2228","3.141348","2252","3.140912","2253","3.141756","2228","3.141252","2251","3.140412","2184","3.140688","2251","3.14156","2251","3.143344","2252","3.141036","2251","3.139788","2250","3.137768","2250","3.143672","2226","3.139712","2250","3.139856","2226","3.14148","2250","3.141312","2249","3.143952","2251","3.141132","2225","3.140976","2249","3.14066","2250","3.141452","2173","3.142852","2197","3.143576","2198","3.139896","2100","3.140856","2065","3.142456","2036","3.140972","2035","3.142484","2035","3.140952","2036","3.141632","2035","3.140836","2036","3.14296","2033","3.140964","2035","3.13992","2033","3.14174","2034","3.143408","2032","3.141012","2033","3.1423","2033","3.142364","2034","3.144688","2033","3.142356","2032","3.143076","2033","3.143924","2032","3.141108","2029","3.141792","2030","3.139892","2029","3.14132","2028","3.141728","2027","3.141336","2029","3.142348","2028","3.142312","2029","3.138508","2029","3.144628","2027","3.140416","2026","3.14496","2027","3.14161896","2173","6046"
"2","3.142272","801","3.13954","927","3.141444","776","3.144184","874","3.140296","927","3.139748","927","3.141656","927","3.139692","873","3.142248","925","3.143272","925","3.141684","925","3.140584","920","3.138844","893","3.143452","893","3.142312","915","3.142888","915","3.143212","915","3.142036","915","3.1408","892","3.139452","915","3.143484","915","3.143152","1102","3.140876","892","3.141308","893","3.139568","908","3.142924","905","3.141044","1047","3.139408","1129","3.14292","1086","3.140936","1038","3.140944","1125","3.141092","1125","3.140616","1125","3.143444","1119","3.141332","1031","3.1415","1076","3.13892","1119","3.144728","1119","3.142016","1137","3.141916","1136","3.139068","1030","3.139332","1136","3.140984","1137","3.143792","1136","3.141416","1076","3.14244","1134","3.137976","1116","3.142344","1115","3.141716","1115","3.141636","1115","3.140376","1132","3.14104","1132","3.139984","1130","3.138508","1130","3.145456","1130","3.140296","1112","3.140532","1129","3.140904","1129","3.14114","1130","3.142816","1129","3.138784","1129","3.139628","1129","3.14012","1127","3.142588","1123","3.143396","1120","3.14462","1096","3.145272","1111","3.140836","1111","3.13988","1111","3.14216","1111","3.140132","1111","3.142532","1111","3.138224","1112","3.140992","1111","3.138732","1111","3.140476","1111","3.14218","1111","3.144984","1108","3.13984","1107","3.140224","1107","3.143388","1090","3.142388","1089","3.145616","1089","3.141372","1089","3.143776","1088","3.14292","1088","3.14122","1086","3.138644","1086","3.141096","1085","3.14414","1085","3.141644","1085","3.144056","1085","3.143296","1085","3.138132","1085","3.14098","1085","3.141864","1085","3.143036","1085","3.139572","1085","3.141816","1085","3.139724","1085","3.1414777999999988","1053","1200"
"3","3.141068","815","3.141636","1131","3.138684","1087","3.140312","945","3.145632","1087","3.14344","945","3.14196","1083","3.140884","1058","3.138152","1082","3.14278","1057","3.14174","1082","3.143212","1077","3.141904","1076","3.141444","1118","3.143348","1161","3.14334","1076","3.142264","1076","3.141656","1117","3.144192","1070","3.141784","1023","3.1415","1154","3.141432","1112","3.141604","1112","3.141904","1111","3.140632","1111","3.140864","1150","3.140852","1150","3.142584","1151","3.144352","1150","3.143004","1150","3.141232","1150","3.142424","1150","3.1404","1151","3.142676","1151","3.140736","1102","3.140584","1146","3.142116","1103","3.143864","1146","3.142888","1103","3.136212","1145","3.141908","1146","3.143488","1146","3.139176","1147","3.141148","1146","3.140624","1146","3.142088","1146","3.143124","1146","3.141624","1146","3.138884","1146","3.142872","1145","3.141956","1144","3.140428","1144","3.140184","1141","3.143852","1140","3.140532","1135","3.142192","1133","3.1416","1134","3.14138","1134","3.138864","1134","3.139644","1129","3.140512","1130","3.140516","1130","3.14374","1129","3.140612","1129","3.141868","1129","3.142852","1129","3.140084","1129","3.14268","1129","3.13908","1130","3.141376","1123","3.140052","1123","3.142828","1123","3.143484","1124","3.14044","1122","3.141388","1121","3.140476","1121","3.140604","1120","3.140148","1121","3.143408","1121","3.141172","1121","3.14182","1120","3.145512","1119","3.144972","1117","3.1416","1117","3.138552","1118","3.142488","1116","3.139656","1116","3.14242","1117","3.139516","1117","3.14202","1110","3.140716","1109","3.142828","1104","3.141576","1103","3.142244","1104","3.143184","1103","3.141272","1103","3.141864","1104","3.141568","1104","3.143012","1092","3.140948","1092","3.141619480000001","1113","1177"
"4","3.141504","555","3.142804","708","3.14234","811","3.141864","837","3.141016","811","3.143864","811","3.140084","811","3.142784","879","3.143836","829","3.141052","875","3.141688","875","3.141332","875","3.141372","875","3.143904","875","3.141628","1032","3.145404","1126","3.143924","997","3.143556","1126","3.13912","1125","3.140828","1125","3.141188","1050","3.1422","1126","3.140424","1066","3.140792","1084","3.140036","1125","3.139956","1126","3.140664","1125","3.14158","1125","3.143388","1013","3.14272","1013","3.14064","1032","3.140292","1014","3.142872","1013","3.1392","1013","3.14142","1060","3.14292","1045","3.142396","1114","3.139596","1113","3.142536","1112","3.140508","1113","3.139192","1113","3.143988","1113","3.140636","1112","3.142544","1113","3.140644","1054","3.14214","1113","3.14268","1112","3.142428","1114","3.139084","1112","3.14228","1071","3.142892","1113","3.14304","1112","3.142152","1112","3.139872","1113","3.14216","1113","3.140468","1112","3.14244","1112","3.139476","1114","3.143672","1113","3.139012","1113","3.14094","1113","3.14324","1103","3.140396","1102","3.142132","1100","3.139828","1101","3.141208","1100","3.139764","1101","3.14366","1100","3.141224","1101","3.14008","1101","3.141544","1100","3.140656","1100","3.141248","1101","3.142836","1100","3.14184","1100","3.142916","1101","3.144532","1095","3.14088","1095","3.142188","1095","3.141648","1094","3.143012","1053","3.138936","1095","3.142544","1091","3.143016","1091","3.141312","1090","3.140984","1090","3.139544","1090","3.143656","1090","3.14132","1090","3.141588","1090","3.14066","1090","3.144996","1090","3.143308","1090","3.143824","1090","3.138756","1047","3.141316","1089","3.141808","1082","3.140156","1082","3.141296","1081","3.141924","1082","3.141667480000002","1052","1140"
"5","3.141108","954","3.141092","954","3.143024","926","3.138696","891","3.142804","861","3.142468","865","3.138932","1012","3.141308","833","3.146572","891","3.141752","955","3.144744","929","3.142696","801","3.143132","954","3.141628","926","3.140572","922","3.141876","861","3.141192","926","3.140376","954","3.141376","931","3.145428","1012","3.13956","865","3.140224","930","3.141976","891","3.138036","865","3.14016","930","3.140748","955","3.14124","926","3.14046","921","3.139512","921","3.140448","1006","3.142408","947","3.143092","946","3.141864","1000","3.141704","1000","3.142736","1000","3.14294","908","3.140008","943","3.142448","943","3.14328","941","3.142696","943","3.142892","943","3.141504","999","3.141736","941","3.141116","1000","3.141528","941","3.142692","1000","3.140036","909","3.140444","1000","3.140628","845","3.14268","894","3.138572","862","3.14028","916","3.139752","916","3.141956","916","3.142036","916","3.140608","916","3.140248","915","3.13894","915","3.14304","883","3.139076","904","3.142284","878","3.145012","879","3.140416","878","3.141024","904","3.140432","895","3.141152","895","3.14144","895","3.138932","895","3.139536","896","3.138748","895","3.145348","896","3.142816","895","3.139376","895","3.14112","895","3.139624","895","3.14254","871","3.142764","896","3.1362","894","3.14374","896","3.142536","895","3.141728","895","3.140564","895","3.140236","895","3.141012","894","3.140236","895","3.138744","895","3.14224","895","3.14378","895","3.143392","894","3.142116","894","3.142024","894","3.143796","894","3.1438","894","3.140704","894","3.142624","895","3.141672","891","3.143176","891","3.142044","890","3.141484","891","3.143336","891","3.1414982799999995","913","1014"
"6","3.14442","283","3.140688","668","3.141332","544","3.140832","544","3.14156","617","3.13988","617","3.14086","614","3.142168","610","3.13896","537","3.1421","609","3.1422","564","3.142208","606","3.142676","606","3.142696","948","3.137916","919","3.140532","924","3.138388","921","3.13834","921","3.14364","924","3.144328","919","3.142316","924","3.141548","924","3.141812","919","3.141428","922","3.140444","948","3.140696","918","3.141924","922","3.142252","948","3.142676","922","3.142704","919","3.143428","921","3.13766","923","3.13998","918","3.140992","922","3.141064","919","3.141576","918","3.13834","922","3.144284","921","3.141984","924","3.140768","921","3.14214","923","3.141836","919","3.143656","948","3.142856","948","3.139476","928","3.141272","913","3.142008","913","3.140632","924","3.140568","918","3.141084","913","3.143496","923","3.144148","922","3.142176","913","3.142228","918","3.14042","912","3.14054","947","3.14154","948","3.140804","922","3.139984","947","3.141196","920","3.143428","937","3.14428","936","3.14112","900","3.142428","900","3.140564","895","3.143448","895","3.14104","871","3.142644","874","3.14026","895","3.14666","895","3.14154","895","3.141872","865","3.144012","895","3.140604","895","3.140724","895","3.14412","895","3.14128","895","3.140728","895","3.141656","895","3.145504","895","3.141632","875","3.142848","872","3.143784","894","3.140928","894","3.142224","894","3.14146","894","3.143176","894","3.14304","894","3.143916","893","3.140256","894","3.138352","894","3.140552","894","3.145264","894","3.140468","894","3.141904","894","3.14086","894","3.142536","894","3.140536","894","3.143036","871","3.142756","894","3.141730999999999","866","961"
"7","3.141164","362","3.140772","666","3.14366","757","3.142172","758","3.140776","777","3.141228","758","3.139076","777","3.141112","758","3.142116","758","3.141364","666","3.143104","757","3.141388","750","3.142756","770","3.140612","770","3.142264","770","3.140784","750","3.146028","770","3.13972","750","3.145796","750","3.141624","750","3.141748","750","3.14092","758","3.140128","757","3.141972","776","3.141576","755","3.141752","735","3.140208","735","3.143248","755","3.140048","755","3.138668","752","3.14214","752","3.14218","893","3.143604","893","3.14066","924","3.141396","956","3.143328","946","3.14124","946","3.142544","952","3.141628","916","3.14364","946","3.14634","952","3.138872","943","3.140848","948","3.139904","953","3.141532","957","3.142796","948","3.1425","948","3.143604","957","3.140424","954","3.143496","943","3.142744","943","3.13984","931","3.141604","933","3.139288","934","3.140472","933","3.143332","921","3.138856","928","3.142972","900","3.141692","921","3.143676","934","3.140172","930","3.142456","931","3.141544","934","3.14458","933","3.142208","932","3.140772","929","3.14222","933","3.142252","927","3.139684","933","3.140552","930","3.138584","932","3.143696","928","3.141168","932","3.145176","934","3.143064","931","3.142664","920","3.14228","920","3.14026","924","3.141292","931","3.140964","930","3.141392","932","3.14108","926","3.140944","932","3.14042","924","3.14376","931","3.140344","926","3.143964","929","3.141452","925","3.139328","926","3.145648","917","3.141352","929","3.141204","931","3.14114","931","3.141492","917","3.145012","925","3.141136","928","3.1425","931","3.14176","931","3.142076","923","3.14214","931","3.1417866799999996","871","993"
"8","3.142216","302","3.140748","302","3.139876","946","3.1435","891","3.139884","947","3.140588","945","3.1428","945","3.141548","864","3.141732","945","3.13824","946","3.140412","859","3.141516","776","3.143484","945","3.139844","804","3.140252","735","3.139756","943","3.1435","943","3.142424","944","3.140292","943","3.13926","801","3.139672","943","3.139948","944","3.140684","846","3.14124","942","3.141096","909","3.143164","909","3.13946","939","3.144052","939","3.139372","939","3.141172","939","3.140944","909","3.143968","938","3.141808","908","3.144088","939","3.142388","909","3.13732","938","3.140136","938","3.142028","938","3.140096","938","3.145352","939","3.143552","939","3.142888","938","3.141852","939","3.14152","938","3.141896","938","3.144408","938","3.142352","938","3.141556","898","3.142644","893","3.141596","892","3.142244","863","3.144388","893","3.140052","892","3.140576","870","3.141412","893","3.142832","893","3.13944","854","3.140328","852","3.142364","852","3.141424","831","3.142436","853","3.141192","833","3.142716","853","3.142664","833","3.140592","853","3.14238","854","3.140652","853","3.140704","853","3.142632","853","3.141544","848","3.141448","848","3.142268","848","3.143332","848","3.141156","848","3.1428","848","3.14266","848","3.141596","848","3.14078","848","3.143724","847","3.140544","848","3.143024","848","3.141344","847","3.141136","848","3.1435","848","3.141832","848","3.141504","847","3.13976","848","3.145568","847","3.14558","848","3.143564","847","3.14348","847","3.144516","848","3.141844","848","3.143764","848","3.14236","819","3.143344","848","3.141616","847","3.139644","826","3.139616","847","3.14196","847","3.1417596000000003","870","948"
"9","3.144344","882","3.14528","903","3.14236","882","3.13894","903","3.14044","951","3.141792","903","3.14136","882","3.141284","882","3.142836","903","3.143596","903","3.140928","903","3.137372","903","3.140848","882","3.1455","882","3.14152","897","3.139888","897","3.142576","876","3.142344","945","3.14246","898","3.138592","897","3.144056","898","3.14432","897","3.140172","897","3.140168","976","3.142916","942","3.141212","942","3.1408","941","3.139908","942","3.140552","941","3.144024","973","3.142344","973","3.13958","973","3.139872","893","3.141644","972","3.14038","972","3.140244","972","3.142748","962","3.141484","960","3.140744","963","3.141704","962","3.140692","962","3.14146","931","3.143384","962","3.140256","953","3.142256","955","3.142104","981","3.146344","959","3.140416","958","3.141156","922","3.140236","959","3.142244","958","3.140592","958","3.141884","981","3.142396","959","3.1389","972","3.142272","950","3.14076","955","3.143276","939","3.141872","945","3.141764","965","3.143932","945","3.141172","965","3.140636","943","3.142752","965","3.138748","942","3.142236","965","3.143808","943","3.140512","945","3.143556","944","3.141836","965","3.13956","965","3.14052","944","3.140312","965","3.140788","961","3.141648","957","3.1403","937","3.142432","957","3.14218","950","3.140988","950","3.139108","925","3.141648","925","3.140772","939","3.136084","938","3.14434","939","3.141192","939","3.141604","939","3.141716","938","3.139624","939","3.140564","939","3.141488","938","3.142456","939","3.140744","938","3.14306","939","3.142652","939","3.140396","938","3.141756","939","3.141148","939","3.144564","939","3.14296","917","3.14376","938","3.1415694799999976","938","1006"
"10","3.13976","299","3.14368","963","3.141324","962","3.144448","939","3.143272","963","3.141364","963","3.138828","963","3.139936","962","3.140912","934","3.137604","963","3.1429","962","3.140052","963","3.141872","929","3.140964","929","3.140084","962","3.14192","963","3.140264","962","3.140148","963","3.1439","932","3.141208","933","3.142864","962","3.140036","962","3.140512","922","3.138788","962","3.140928","962","3.142264","932","3.143132","962","3.141876","939","3.145296","932","3.1405","938","3.140628","962","3.140216","962","3.138516","962","3.140616","937","3.142784","962","3.141676","963","3.144512","963","3.140972","962","3.14248","962","3.13986","962","3.14014","963","3.1397","962","3.139928","962","3.14112","958","3.14168","957","3.142536","957","3.143012","958","3.141404","958","3.141896","957","3.140084","932","3.141432","958","3.144448","923","3.143264","957","3.143372","958","3.142804","931","3.143288","955","3.14026","954","3.13946","955","3.139776","956","3.142412","955","3.13988","955","3.141648","955","3.138664","955","3.140556","952","3.141228","951","3.138956","952","3.138156","953","3.14062","952","3.14124","952","3.142636","948","3.13898","947","3.144184","948","3.143248","947","3.141368","947","3.140836","948","3.140796","947","3.144156","907","3.141068","948","3.139552","947","3.141724","947","3.141368","948","3.142984","947","3.140844","948","3.143036","947","3.14272","947","3.145164","947","3.141248","947","3.142096","924","3.139368","947","3.1397","947","3.141288","947","3.141752","948","3.1426","948","3.139276","932","3.146264","932","3.141384","933","3.144324","932","3.143112","923","3.141064","923","3.138616","923","3.1414261600000013","942","964"
"11","3.1405","92","3.141852","177","3.14092","177","3.142248","171","3.14208","236","3.141028","264","3.141956","258","3.141616","257","3.143096","337","3.142252","257","3.139424","337","3.140716","264","3.140604","405","3.14238","405","3.140412","264","3.142412","401","3.142716","382","3.141536","403","3.142908","381","3.143396","380","3.142328","401","3.139908","442","3.138944","421","3.140688","650","3.139656","719","3.14322","674","3.13932","608","3.145416","873","3.141648","874","3.143876","874","3.140536","873","3.142448","872","3.141936","873","3.141728","873","3.139232","874","3.142992","874","3.141964","875","3.141076","890","3.139192","873","3.143644","874","3.142396","873","3.14298","873","3.13962","873","3.141328","873","3.13982","876","3.143216","876","3.142252","875","3.141772","876","3.140132","873","3.142044","873","3.14114","873","3.145708","874","3.144812","873","3.141108","873","3.143696","873","3.138928","874","3.144044","874","3.142984","873","3.142116","873","3.140808","874","3.14382","873","3.14412","873","3.143188","876","3.140776","874","3.14266","873","3.140288","874","3.141168","874","3.142644","873","3.14112","890","3.139784","873","3.144228","873","3.141004","874","3.145456","872","3.142508","872","3.141884","890","3.139352","890","3.140592","873","3.139124","876","3.140904","873","3.14194","873","3.13856","890","3.14182","872","3.14252","872","3.143884","873","3.140504","872","3.140276","874","3.14138","890","3.14114","873","3.141752","890","3.144712","875","3.143304","872","3.143244","873","3.141156","890","3.143184","890","3.140548","872","3.141808","872","3.140948","872","3.139012","873","3.144156","890","3.142956","873","3.1417813200000015","736","983"
"12","3.144932","568","3.139384","568","3.14186","638","3.140768","951","3.141916","951","3.141116","947","3.142268","953","3.140488","946","3.140944","950","3.13992","950","3.14298","950","3.139452","952","3.141912","952","3.142904","952","3.139828","952","3.141612","945","3.139688","952","3.139348","945","3.141944","952","3.141212","952","3.14108","945","3.141984","952","3.142456","945","3.144156","952","3.140548","952","3.142944","952","3.14322","939","3.139672","945","3.140756","948","3.138416","941","3.14336","940","3.139932","942","3.143136","935","3.141828","942","3.141308","942","3.142236","933","3.14058","930","3.142768","925","3.141488","915","3.141688","913","3.142988","915","3.143316","922","3.14092","921","3.14146","914","3.141184","921","3.14324","920","3.142648","919","3.144184","919","3.141064","912","3.14348","909","3.139516","919","3.139008","940","3.139272","940","3.13972","908","3.14274","940","3.138952","915","3.142644","915","3.1405","931","3.14056","932","3.140956","931","3.139344","931","3.14064","932","3.140412","932","3.140268","932","3.143316","931","3.141308","932","3.144252","932","3.145748","932","3.142428","932","3.140416","932","3.1436","931","3.142544","932","3.141792","932","3.142724","931","3.142364","931","3.139812","931","3.145408","931","3.142336","931","3.141308","931","3.1404","931","3.140868","930","3.140816","932","3.143488","931","3.1426","931","3.143532","932","3.138264","932","3.144968","931","3.13884","932","3.143908","930","3.142304","932","3.14084","931","3.140984","931","3.143848","931","3.13922","930","3.140076","931","3.141592","932","3.141708","931","3.139256","931","3.138092","930","3.142676","931","3.1415468399999997","924","987"
"13","3.141372","504","3.141836","878","3.14404","774","3.142608","504","3.143916","503","3.141472","920","3.140564","962","3.140968","962","3.141816","939","3.140572","834","3.142488","956","3.142984","955","3.138344","955","3.142688","955","3.143608","955","3.142632","955","3.142324","951","3.14118","951","3.142244","932","3.141632","967","3.141728","951","3.142164","930","3.144184","967","3.142216","951","3.14416","967","3.143168","950","3.14178","967","3.141804","950","3.142932","950","3.13882","951","3.142432","951","3.143008","967","3.14096","951","3.139264","967","3.141016","967","3.140388","947","3.142088","963","3.139544","947","3.138964","963","3.14004","964","3.143296","963","3.14082","963","3.14272","927","3.141868","963","3.141172","946","3.143412","947","3.14326","946","3.141072","946","3.144968","963","3.138712","963","3.139072","964","3.13994","963","3.140016","963","3.143708","963","3.140248","959","3.141164","943","3.140704","942","3.140792","959","3.14422","960","3.144548","943","3.138188","959","3.14262","943","3.140672","959","3.144016","959","3.142448","949","3.143536","949","3.1405","949","3.142268","932","3.144196","949","3.141024","949","3.140004","949","3.140032","948","3.138784","948","3.1438","948","3.141484","948","3.142704","948","3.141332","949","3.13964","948","3.140848","948","3.143264","949","3.140256","948","3.141748","949","3.143496","949","3.142216","948","3.141644","949","3.141732","949","3.137856","948","3.139736","949","3.141672","949","3.14142","945","3.141812","945","3.142152","945","3.143164","945","3.140104","939","3.143796","938","3.142348","922","3.141816","911","3.139584","911","3.142608","911","3.13722","911","3.1416340000000003","932","983"
"14","3.140252","353","3.140572","882","3.139656","912","3.139856","906","3.141208","906","3.137024","906","3.140336","906","3.139608","906","3.139044","912","3.141668","906","3.141328","906","3.141228","903","3.143752","912","3.145864","912","3.142012","882","3.143284","906","3.141772","906","3.14408","912","3.142208","906","3.141932","807","3.141612","912","3.141992","906","3.14294","896","3.139024","914","3.143436","913","3.142232","883","3.14224","916","3.138176","916","3.142548","916","3.142344","900","3.141288","899","3.139556","896","3.144172","899","3.140904","899","3.139116","896","3.140396","899","3.143916","898","3.138736","890","3.140464","891","3.142788","900","3.142776","896","3.14162","916","3.140912","896","3.144092","899","3.14352","900","3.137468","899","3.139228","900","3.14112","896","3.140676","900","3.14138","890","3.144028","897","3.141108","864","3.142768","899","3.143348","916","3.141788","899","3.140792","912","3.14334","912","3.141344","912","3.14192","892","3.143332","895","3.142572","912","3.140192","912","3.141032","912","3.144616","912","3.140732","912","3.141456","895","3.143016","894","3.141128","891","3.140424","912","3.139444","895","3.144188","912","3.14176","912","3.141832","894","3.14372","912","3.138636","912","3.142248","895","3.139752","893","3.141764","911","3.139536","912","3.138632","912","3.13962","893","3.14178","892","3.140712","893","3.146184","874","3.141252","866","3.141584","866","3.142004","866","3.14214","863","3.144844","862","3.138432","862","3.139528","859","3.141752","859","3.1392","859","3.141872","859","3.142008","859","3.140952","859","3.141336","859","3.141744","859","3.142108","859","3.142792","859","3.1414964800000003","889","961"
"15","3.141756","197","3.142676","915","3.139748","913","3.13906","934","3.143216","914","3.14196","935","3.142668","935","3.141244","935","3.141392","914","3.139844","912","3.143788","934","3.142044","915","3.141656","935","3.142656","934","3.137708","934","3.142228","934","3.14016","934","3.1429","913","3.141776","915","3.143276","915","3.140516","935","3.140796","934","3.140708","913","3.139244","934","3.140852","913","3.1455","915","3.142192","934","3.139148","934","3.144624","934","3.138956","934","3.1417","934","3.14348","911","3.141488","911","3.142928","915","3.141844","934","3.141576","934","3.142292","934","3.141488","934","3.141168","911","3.140736","934","3.146104","934","3.144092","883","3.142748","914","3.140292","912","3.141896","912","3.141144","914","3.144116","913","3.140152","913","3.141348","915","3.141152","913","3.138588","911","3.140932","934","3.144428","930","3.144368","930","3.139096","911","3.14364","930","3.14242","930","3.1388","930","3.138644","930","3.139076","930","3.142244","930","3.141868","930","3.141216","907","3.143216","910","3.141904","930","3.139388","930","3.142304","909","3.139472","930","3.141068","906","3.142808","908","3.142972","930","3.14106","907","3.142604","930","3.140696","930","3.138996","930","3.142804","930","3.143368","930","3.142672","930","3.144892","930","3.143244","926","3.14092","926","3.140736","926","3.139632","926","3.144152","926","3.141644","926","3.141272","926","3.141508","905","3.13958","915","3.140144","896","3.1435","915","3.14124","915","3.143896","908","3.141884","908","3.141396","909","3.141908","908","3.140768","908","3.144608","908","3.142188","897","3.138788","886","3.141724","879","3.1416631199999996","913","936"
"16","3.143344","658","3.142128","700","3.139216","806","3.1418","782","3.139892","806","3.141876","803","3.141048","803","3.140184","804","3.142556","967","3.140564","803","3.142584","803","3.14148","803","3.140304","802","3.144044","778","3.142888","964","3.140764","963","3.139356","846","3.1387","868","3.140388","963","3.139756","822","3.14338","963","3.142076","963","3.14192","821","3.138056","963","3.140456","963","3.139756","846","3.143988","845","3.141572","963","3.142716","821","3.142292","868","3.141556","948","3.1426","942","3.140576","942","3.141052","943","3.140328","940","3.142416","844","3.1425","865","3.14358","938","3.144164","938","3.144752","864","3.14402","843","3.140916","863","3.14108","858","3.140752","931","3.139988","932","3.140028","904","3.142304","904","3.139544","928","3.14174","928","3.143392","901","3.143248","928","3.142964","934","3.143044","901","3.1428","901","3.138648","928","3.142324","879","3.141836","901","3.143624","928","3.144768","932","3.141908","920","3.140476","920","3.143016","916","3.142344","917","3.14366","911","3.14048","916","3.143068","917","3.140256","911","3.141824","914","3.142212","914","3.144468","914","3.14114","910","3.144484","909","3.141572","915","3.141108","915","3.137992","909","3.142648","899","3.140364","902","3.141404","905","3.141336","909","3.143872","902","3.13856","903","3.142844","905","3.143424","905","3.139552","909","3.14278","909","3.14442","909","3.142556","903","3.142804","890","3.141964","889","3.140532","890","3.143","888","3.143008","887","3.14282","887","3.145316","887","3.14028","887","3.14478","887","3.140856","887","3.141392","887","3.141156","887","3.14358","887","3.1418488399999998","889","984"
"17","3.1408","185","3.14134","957","3.140956","957","3.144144","957","3.140288","956","3.14424","956","3.142464","956","3.140696","936","3.141584","935","3.141668","956","3.14032","957","3.14106","956","3.141432","914","3.142876","956","3.139204","957","3.141324","956","3.141348","953","3.141636","953","3.141028","953","3.14018","953","3.141556","953","3.139648","953","3.140508","933","3.144492","933","3.139576","953","3.142708","934","3.1416","934","3.142088","925","3.1406","925","3.13738","920","3.141708","919","3.14022","919","3.140548","919","3.14054","919","3.141444","917","3.142464","916","3.141772","916","3.140928","916","3.141332","917","3.143124","934","3.140836","917","3.14066","917","3.143364","916","3.142572","916","3.141868","916","3.14416","916","3.142948","916","3.140072","928","3.142032","927","3.142424","928","3.140456","927","3.1426","910","3.14112","928","3.141648","928","3.141276","928","3.140728","928","3.141672","928","3.140892","911","3.143184","928","3.141192","910","3.14144","927","3.140916","928","3.144296","927","3.141044","928","3.14214","927","3.144696","927","3.138004","927","3.136584","927","3.143144","927","3.14136","927","3.140552","927","3.139412","927","3.140772","922","3.144212","922","3.139932","922","3.14108","922","3.142524","915","3.13956","915","3.141016","912","3.142536","913","3.141012","911","3.140928","911","3.143792","911","3.145072","911","3.140056","893","3.14386","911","3.137784","911","3.142544","911","3.141244","910","3.140596","895","3.140492","894","3.141936","895","3.141008","895","3.14022","895","3.139436","894","3.14458","895","3.141004","895","3.140484","895","3.142196","895","3.141296","895","3.1414328800000004","917","976"
"18","3.140516","595","3.142772","594","3.142052","594","3.139276","590","3.14352","917","3.141","918","3.13952","917","3.142652","893","3.14388","917","3.141608","917","3.139556","892","3.141428","918","3.140748","917","3.140692","918","3.143636","889","3.142972","917","3.141376","636","3.139968","918","3.1421","917","3.1436","893","3.139508","636","3.14426","694","3.14496","889","3.141344","889","3.140124","892","3.14332","917","3.142548","888","3.145156","917","3.142128","893","3.141552","917","3.139416","889","3.141024","893","3.13998","892","3.141684","917","3.139984","889","3.14182","893","3.142","894","3.141504","893","3.14324","890","3.143352","888","3.142208","890","3.14298","890","3.140812","890","3.142512","890","3.13964","884","3.140892","881","3.138576","885","3.141312","886","3.139564","883","3.140076","883","3.142384","886","3.1392","886","3.142","884","3.14286","886","3.142352","886","3.142776","883","3.14416","904","3.141392","883","3.145472","824","3.140884","844","3.143316","844","3.142504","844","3.140916","823","3.139972","823","3.140476","823","3.14348","823","3.139888","840","3.141936","820","3.14302","820","3.141032","840","3.142116","839","3.142448","839","3.143368","840","3.138952","815","3.143044","840","3.143252","839","3.140748","839","3.141832","819","3.145496","839","3.14242","815","3.144068","829","3.141692","829","3.141924","829","3.141056","829","3.141428","826","3.143668","826","3.138784","826","3.144716","826","3.142244","826","3.140396","826","3.143328","826","3.142328","826","3.14036","826","3.139992","826","3.139912","826","3.139648","826","3.143064","826","3.14086","826","3.140068","826","3.139612","826","3.1417319200000002","849","948"
"19","3.143104","310","3.142536","377","3.141804","487","3.140132","377","3.140584","594","3.139236","643","3.1416","457","3.14088","486","3.143824","487","3.141228","487","3.139904","377","3.140988","961","3.139888","958","3.141136","957","3.140836","959","3.142636","957","3.142324","943","3.13932","947","3.142412","947","3.144604","946","3.142072","948","3.141712","869","3.140464","947","3.140788","947","3.141552","941","3.1421","943","3.144884","945","3.140324","946","3.138772","965","3.142308","946","3.142324","947","3.144016","945","3.140768","947","3.139428","965","3.139872","947","3.140784","945","3.139492","944","3.142444","942","3.141576","902","3.140192","965","3.14004","909","3.143596","941","3.1415","965","3.141264","947","3.142808","947","3.142808","965","3.141792","944","3.141356","965","3.1409","965","3.140296","947","3.145216","913","3.143592","941","3.142888","944","3.139356","944","3.142264","947","3.142528","946","3.144232","946","3.140684","965","3.141488","946","3.14382","946","3.140292","944","3.140528","942","3.143224","944","3.142592","965","3.1392","946","3.14306","947","3.141204","900","3.141908","965","3.138648","886","3.141772","883","3.142736","907","3.142832","907","3.14478","906","3.14066","907","3.13936","906","3.140124","906","3.138428","906","3.139544","886","3.143148","906","3.137688","886","3.141992","886","3.143772","907","3.140304","861","3.137936","879","3.141056","877","3.141096","857","3.141764","877","3.144024","878","3.13888","877","3.142232","863","3.141112","863","3.13844","842","3.1407","863","3.143208","860","3.1411","859","3.140152","839","3.14106","850","3.140896","850","3.140288","850","3.141836","850","3.14140852","870","994"
"20","3.14148","392","3.142392","416","3.142104","415","3.144712","415","3.142892","415","3.142572","392","3.144496","740","3.139352","814","3.142676","697","3.14472","794","3.14184","740","3.141284","742","3.13812","771","3.14378","740","3.139964","736","3.14064","733","3.140352","764","3.138064","735","3.142528","735","3.143564","735","3.140376","739","3.144444","941","3.140304","934","3.143504","933","3.141316","934","3.141144","947","3.139716","947","3.14214","944","3.139424","933","3.142384","943","3.143756","935","3.14054","945","3.142928","935","3.142432","943","3.139492","943","3.140196","943","3.14","943","3.142772","943","3.141704","944","3.143892","933","3.139404","914","3.138676","943","3.140032","942","3.137924","963","3.140728","943","3.140524","944","3.140892","944","3.140144","943","3.145124","934","3.1413","944","3.1391","932","3.138908","933","3.141764","944","3.141456","962","3.139588","936","3.142536","962","3.142136","942","3.137688","962","3.140364","962","3.142996","936","3.140136","944","3.138636","931","3.141408","943","3.142168","943","3.140852","962","3.14052","933","3.14318","935","3.141068","942","3.143352","934","3.141472","942","3.141032","934","3.1427","942","3.141456","935","3.141876","942","3.142892","962","3.145036","943","3.142224","942","3.14056","943","3.14524","944","3.141236","931","3.139388","935","3.138932","931","3.144436","943","3.14014","942","3.138028","942","3.140404","942","3.140036","943","3.141092","962","3.137108","931","3.138296","944","3.143096","934","3.139332","934","3.143068","962","3.140724","931","3.13904","944","3.14298","962","3.1415","962","3.1424","942","3.141956","942","3.142796","943","3.1413307600000007","881","1003"
"21","3.142448","523","3.139656","523","3.140844","547","3.141172","547","3.141988","546","3.141172","546","3.144768","543","3.139544","966","3.141384","946","3.142952","967","3.142708","939","3.13908","968","3.139016","915","3.14172","939","3.139976","966","3.142976","946","3.143972","944","3.139776","943","3.139268","967","3.1418","967","3.145072","967","3.142068","967","3.144016","944","3.140024","966","3.144048","966","3.14332","967","3.14158","966","3.140324","940","3.141344","967","3.142232","944","3.139708","967","3.140616","967","3.141228","966","3.141084","966","3.141752","966","3.142172","946","3.139596","967","3.143784","966","3.140988","966","3.138732","943","3.140188","966","3.144492","966","3.14584","966","3.141112","966","3.141628","942","3.141068","939","3.139672","967","3.143424","943","3.141372","965","3.139208","967","3.141924","966","3.142008","966","3.14138","967","3.14026","968","3.14116","965","3.14254","965","3.139832","967","3.141864","965","3.14222","945","3.1434","959","3.140836","960","3.13956","932","3.143328","960","3.141084","959","3.14214","958","3.14066","960","3.14046","960","3.140216","958","3.140948","950","3.139812","951","3.1373","949","3.1433","951","3.14376","950","3.141844","951","3.142492","950","3.1451","950","3.142168","951","3.140316","951","3.14192","950","3.142652","950","3.14552","951","3.140848","950","3.142196","950","3.14152","951","3.141768","950","3.142108","950","3.138816","950","3.1417","951","3.141496","943","3.1418","944","3.140636","931","3.141244","931","3.141188","932","3.142516","932","3.141832","932","3.139736","922","3.141072","916","3.143584","916","3.142168","916","3.14066","911","3.141568040000002","923","974"
"22","3.141744","208","3.138312","540","3.141824","590","3.139904","485","3.140484","590","3.13964","540","3.140376","900","3.142884","925","3.141708","925","3.1437","925","3.141172","926","3.143164","925","3.140856","926","3.141068","905","3.144416","900","3.143332","925","3.143548","925","3.14114","926","3.137612","925","3.141484","925","3.143188","900","3.14048","925","3.140972","925","3.141768","926","3.14184","925","3.142128","926","3.142132","926","3.139644","901","3.141312","926","3.142152","925","3.14392","893","3.143924","926","3.144504","901","3.140432","900","3.14196","925","3.142644","900","3.14202","925","3.141804","925","3.140632","925","3.145128","925","3.141904","925","3.142188","864","3.142288","926","3.138508","925","3.139276","896","3.14258","925","3.1444","895","3.141732","925","3.143504","899","3.142308","925","3.143252","901","3.140652","925","3.143844","925","3.144656","925","3.141956","925","3.141316","926","3.145028","926","3.14506","925","3.1404","925","3.143172","925","3.140748","926","3.140428","925","3.141044","895","3.141444","925","3.138732","925","3.140144","925","3.140204","926","3.14008","925","3.140872","901","3.140048","907","3.13864","906","3.139096","907","3.143456","907","3.1434","906","3.14166","906","3.140964","906","3.141168","907","3.140248","880","3.142056","874","3.141784","869","3.138944","853","3.142688","852","3.141112","852","3.142648","852","3.143104","853","3.14196","852","3.141016","853","3.14314","851","3.141504","852","3.137924","851","3.138748","852","3.143148","852","3.141148","851","3.139804","852","3.141644","852","3.143808","852","3.141488","852","3.142592","852","3.142192","851","3.142488","851","3.1416629199999995","877","931"
"23","3.143132","627","3.142784","902","3.14502","1008","3.139692","944","3.142012","1008","3.141056","1024","3.140572","944","3.141424","1024","3.144012","756","3.141696","1008","3.141092","1007","3.143","1007","3.141416","902","3.142672","1024","3.1408","944","3.140828","679","3.14146","944","3.140956","708","3.141112","993","3.14382","980","3.140132","976","3.142532","992","3.140196","992","3.138808","976","3.141544","992","3.140148","991","3.140592","976","3.1387","976","3.142492","991","3.141108","992","3.142152","976","3.14358","991","3.142808","959","3.142","991","3.14084","991","3.142464","976","3.140844","976","3.143268","992","3.1412","991","3.141884","991","3.14092","991","3.14156","991","3.144176","991","3.141688","991","3.143288","976","3.144256","976","3.138932","991","3.143408","991","3.143484","991","3.143148","992","3.143128","991","3.141328","991","3.145332","976","3.142692","991","3.139724","991","3.141104","992","3.142588","991","3.141972","991","3.139044","975","3.143516","976","3.144732","975","3.142768","991","3.141456","991","3.14204","991","3.142988","991","3.141104","991","3.14242","976","3.139508","991","3.143092","991","3.142704","991","3.1412","991","3.141648","991","3.13988","991","3.143612","991","3.142256","976","3.142264","991","3.137284","991","3.138616","991","3.141208","983","3.14246","982","3.142644","982","3.143288","967","3.14","982","3.142952","982","3.140496","982","3.14044","982","3.1413","981","3.14312","982","3.142944","982","3.140192","982","3.143732","981","3.139972","966","3.140356","967","3.1423","982","3.141208","979","3.140404","964","3.141504","979","3.141276","978","3.140712","979","3.142164","979","3.1417538","971","1025"
"24","3.141828","489","3.14194","543","3.141204","542","3.141596","542","3.14246","990","3.139116","950","3.140008","990","3.14192","989","3.143708","969","3.143232","989","3.145516","969","3.140176","969","3.140772","989","3.143636","990","3.143164","950","3.140256","969","3.140552","969","3.1424","961","3.140124","982","3.140092","961","3.14018","981","3.139164","982","3.143832","981","3.140552","982","3.14264","857","3.145456","969","3.139156","949","3.142032","949","3.143588","968","3.141864","949","3.140288","969","3.140444","969","3.140564","949","3.142308","949","3.145224","969","3.141892","968","3.1415","968","3.14186","969","3.141312","969","3.144584","866","3.140868","969","3.143976","949","3.142464","969","3.14352","969","3.140672","949","3.140116","969","3.138908","969","3.142252","949","3.13912","969","3.14086","969","3.139824","969","3.13854","948","3.140724","968","3.14196","948","3.143072","948","3.144088","968","3.1446","948","3.139496","948","3.141324","949","3.141048","968","3.139188","968","3.143484","965","3.142048","965","3.139688","965","3.143268","935","3.13874","934","3.139084","934","3.141668","925","3.141916","925","3.143636","925","3.14312","921","3.140704","920","3.143312","920","3.144144","920","3.142736","941","3.139664","920","3.14252","941","3.142936","920","3.140136","920","3.140804","920","3.139348","920","3.14018","941","3.141724","920","3.138688","920","3.139532","920","3.141112","920","3.140896","920","3.143364","904","3.142576","924","3.14244","924","3.142084","921","3.141628","921","3.14156","921","3.1398","921","3.14272","921","3.141168","921","3.140848","921","3.1418","921","3.143684","921","3.13882","921","3.1415634000000017","931","1015"
"25","3.14266","319","3.142204","799","3.141208","709","3.14208","769","3.14104","944","3.140496","806","3.145492","829","3.14434","827","3.142168","755","3.140696","709","3.141372","909","3.139644","943","3.142628","907","3.137632","881","3.141764","855","3.14124","886","3.14104","934","3.14246","939","3.140732","934","3.140504","934","3.14066","934","3.14394","912","3.140716","938","3.140284","935","3.141032","904","3.140868","935","3.14294","935","3.142584","936","3.141868","934","3.14156","934","3.140352","934","3.14394","934","3.143308","935","3.142008","934","3.140936","935","3.144548","934","3.14154","934","3.141836","934","3.140844","933","3.139596","933","3.14058","933","3.139484","935","3.143124","933","3.140908","936","3.139048","933","3.143384","935","3.141444","935","3.1411","934","3.14358","938","3.14296","927","3.140068","930","3.143608","930","3.141144","929","3.138164","930","3.141692","929","3.142488","930","3.141256","932","3.146392","904","3.1408","927","3.141316","928","3.140608","928","3.138884","929","3.143288","927","3.141004","928","3.14394","928","3.140416","931","3.141632","932","3.139388","927","3.141748","928","3.141424","928","3.1397","927","3.14272","930","3.1431","931","3.142524","928","3.142224","927","3.1372","928","3.140148","931","3.142724","928","3.140608","927","3.141304","932","3.141572","927","3.139892","927","3.143664","929","3.140908","929","3.139792","930","3.144388","927","3.142808","927","3.143936","928","3.143236","931","3.141028","931","3.14256","931","3.139816","932","3.139544","932","3.141168","927","3.141616","927","3.141936","925","3.143352","920","3.139712","922","3.14074","920","3.140548","924","3.1415609999999994","909","950"
"26","3.14254","10","3.141728","941","3.141944","942","3.14176","941","3.139788","940","3.14086","940","3.138468","933","3.14014","942","3.139464","940","3.141124","942","3.139648","943","3.141964","940","3.142584","941","3.143852","940","3.14236","904","3.139768","940","3.139012","932","3.139944","940","3.13706","941","3.141244","933","3.142148","943","3.14058","909","3.142452","941","3.145392","944","3.142356","940","3.142048","944","3.142196","932","3.14448","942","3.140836","943","3.140792","930","3.144576","934","3.143548","896","3.1429","932","3.142692","933","3.138188","922","3.143276","922","3.145716","929","3.140256","932","3.14316","929","3.141676","922","3.143128","929","3.14178","929","3.140568","930","3.1438","934","3.141204","933","3.143036","931","3.1402","930","3.142392","932","3.142128","931","3.141496","932","3.138324","895","3.144204","923","3.142168","924","3.140228","934","3.141512","930","3.14058","928","3.141852","924","3.143448","929","3.144444","923","3.143492","930","3.140036","931","3.140304","922","3.141104","923","3.139528","934","3.141944","893","3.141404","929","3.139656","929","3.142052","930","3.140444","932","3.139216","933","3.143128","929","3.1419","931","3.142272","932","3.141168","930","3.141228","895","3.140824","910","3.141792","875","3.14146","859","3.140608","858","3.140532","859","3.140636","860","3.140296","875","3.1428","856","3.140368","857","3.14266","860","3.14074","860","3.1412","857","3.142396","860","3.140012","860","3.13768","860","3.140952","843","3.137784","843","3.14428","855","3.141992","839","3.140612","837","3.145184","840","3.140972","841","3.142184","841","3.141524","841","3.139744","841","3.1414912000000004","902","961"
"27","3.141228","241","3.142028","241","3.14176","241","3.1406","241","3.141256","269","3.138736","264","3.141388","264","3.142596","857","3.142852","975","3.143396","651","3.142144","950","3.142424","827","3.142304","857","3.14264","975","3.141988","975","3.139012","975","3.14164","820","3.142044","699","3.139664","853","3.140852","822","3.141824","979","3.140632","974","3.141572","826","3.140996","974","3.140212","742","3.141692","974","3.141824","822","3.139784","766","3.142516","974","3.141184","948","3.142044","944","3.144448","948","3.141836","948","3.140652","948","3.137576","948","3.143104","944","3.141024","948","3.141192","948","3.142124","948","3.141176","944","3.143944","948","3.14124","948","3.140176","948","3.141832","948","3.140004","900","3.144104","901","3.141472","897","3.139924","901","3.14098","901","3.141352","901","3.140416","901","3.142764","897","3.143012","830","3.143168","897","3.142204","879","3.139296","882","3.140476","882","3.14242","881","3.141452","882","3.13988","882","3.141468","882","3.141088","878","3.138888","880","3.143736","878","3.13782","878","3.138564","881","3.144076","882","3.141832","880","3.141584","882","3.140016","866","3.141864","867","3.143112","863","3.142172","861","3.1403","860","3.141732","862","3.140336","858","3.143488","832","3.139924","855","3.142148","860","3.143348","860","3.143244","855","3.140052","858","3.140932","860","3.140352","855","3.143592","860","3.140216","861","3.141036","858","3.139784","860","3.142648","857","3.140868","857","3.141632","857","3.142996","857","3.141412","857","3.13744","857","3.141436","857","3.142256","857","3.143692","857","3.140392","857","3.140716","857","3.140016","857","3.1414028800000007","839","988"
"28","3.140284","336","3.142976","336","3.141632","436","3.141484","942","3.142044","943","3.142424","942","3.144372","942","3.140288","919","3.142344","912","3.142468","943","3.14226","943","3.140556","912","3.142672","943","3.140472","942","3.143272","943","3.138972","878","3.139584","916","3.14286","913","3.14188","943","3.141148","943","3.142368","943","3.142756","921","3.144432","912","3.138848","942","3.14096","942","3.140528","942","3.139328","911","3.140992","942","3.14008","942","3.138624","942","3.139988","915","3.141456","942","3.140552","885","3.142584","911","3.141548","942","3.138604","943","3.140148","942","3.140548","941","3.14206","942","3.141584","942","3.139072","941","3.143916","912","3.141712","942","3.140708","942","3.143472","911","3.14162","942","3.142544","942","3.142864","937","3.143836","937","3.141196","914","3.142816","914","3.14262","933","3.143208","933","3.140936","933","3.140912","932","3.142032","933","3.141412","933","3.143728","924","3.142356","924","3.140908","923","3.144924","923","3.138416","923","3.141092","923","3.143356","923","3.140244","923","3.139768","924","3.142332","923","3.141028","923","3.143696","923","3.143052","923","3.142672","923","3.143928","923","3.141696","922","3.143528","922","3.142496","923","3.144488","923","3.142784","922","3.141452","923","3.142924","922","3.144316","923","3.143124","923","3.139796","922","3.141648","923","3.143856","923","3.13826","923","3.139596","923","3.141664","922","3.142876","922","3.145388","923","3.140892","922","3.143432","923","3.140868","923","3.142868","923","3.141128","923","3.14506","918","3.14054","919","3.139236","919","3.139572","918","3.140028","919","3.142168","919","3.1417404000000007","910","948"
"29","3.14166","457","3.14168","835","3.141768","960","3.143672","960","3.140316","810","3.140528","960","3.143208","960","3.141716","960","3.144776","810","3.141156","810","3.141564","960","3.139056","810","3.142968","835","3.142464","845","3.140132","960","3.140392","960","3.14134","810","3.139572","960","3.141876","957","3.142252","924","3.1451","947","3.140624","924","3.14144","947","3.140132","925","3.140308","947","3.1421","907","3.141304","929","3.139124","930","3.141232","930","3.142624","925","3.144404","923","3.140572","923","3.139424","925","3.139396","926","3.141908","927","3.143912","922","3.14356","923","3.140812","921","3.140888","927","3.137324","927","3.142732","926","3.13994","926","3.141964","926","3.14272","925","3.143212","925","3.141316","922","3.141776","925","3.1428","926","3.14036","926","3.141348","899","3.141892","897","3.139668","895","3.138488","895","3.138352","899","3.14388","897","3.142144","892","3.140084","888","3.140948","891","3.141852","892","3.141716","884","3.141012","904","3.143432","881","3.142144","903","3.143876","903","3.143952","904","3.141696","903","3.141696","904","3.141836","903","3.142524","887","3.142988","904","3.14016","904","3.141612","903","3.142852","903","3.139384","887","3.14184","903","3.140504","903","3.142336","887","3.140764","903","3.142012","903","3.1402","881","3.140008","893","3.144668","893","3.143092","893","3.142688","893","3.139592","871","3.141832","893","3.14018","893","3.143488","893","3.142572","893","3.144072","893","3.142276","873","3.145216","893","3.139732","874","3.144156","893","3.144076","890","3.138632","890","3.142028","884","3.141576","884","3.141356","883","3.141232","884","3.141647679999999","899","984"
"30","3.14196","548","3.139724","621","3.144492","664","3.142292","663","3.141444","663","3.141768","978","3.140084","1001","3.141364","1001","3.14054","1001","3.142176","1001","3.140384","997","3.140368","997","3.139852","997","3.140724","1001","3.142332","1000","3.142392","997","3.143004","997","3.140732","997","3.141424","997","3.142476","997","3.141232","997","3.14268","997","3.140472","1000","3.141496","1001","3.14438","1000","3.138896","997","3.141224","997","3.140616","960","3.137904","996","3.144056","1001","3.145424","1001","3.143452","997","3.142584","1000","3.143416","1000","3.141628","1001","3.138984","1000","3.1415","997","3.141152","996","3.142564","997","3.140092","997","3.142424","1001","3.143044","1001","3.143564","1000","3.14192","1001","3.14208","997","3.14278","1000","3.143408","975","3.140836","997","3.138308","997","3.140664","996","3.14128","1000","3.141132","996","3.143448","996","3.140932","996","3.140068","1000","3.13878","1000","3.141052","971","3.145084","996","3.14054","1001","3.142484","1000","3.138352","965","3.141672","996","3.14408","1001","3.142576","1000","3.141472","1000","3.1425","1001","3.141892","1000","3.142812","1000","3.141428","1000","3.141244","996","3.139716","1000","3.144604","1000","3.14128","996","3.139308","1000","3.14362","999","3.14166","1000","3.143332","1000","3.14188","1000","3.139712","974","3.14266","970","3.145056","1000","3.140296","1001","3.141876","1000","3.140708","975","3.140788","996","3.141888","1000","3.142596","1000","3.141248","974","3.140968","1000","3.140336","1000","3.140744","996","3.142668","1000","3.14084","997","3.144212","994","3.13952","997","3.140368","997","3.143064","993","3.143784","998","3.14138","997","3.140888","998","3.1416614","977","1006"
"31","3.141704","586","3.14222","734","3.141644","712","3.14176","711","3.144164","734","3.140884","711","3.144392","710","3.14218","730","3.141268","731","3.144364","730","3.14224","730","3.143604","730","3.145428","731","3.141636","730","3.138964","696","3.143104","894","3.144836","957","3.142624","897","3.14296","957","3.139188","926","3.141684","905","3.138956","897","3.141644","957","3.140004","957","3.139728","957","3.141784","894","3.1412","936","3.141012","956","3.140472","956","3.141492","934","3.14052","926","3.141616","956","3.141248","926","3.141576","956","3.142676","900","3.144408","957","3.138824","956","3.139508","926","3.140124","957","3.142156","928","3.143272","956","3.142452","956","3.141788","934","3.143292","900","3.14064","932","3.141232","936","3.143688","929","3.142268","949","3.142372","949","3.14088","918","3.141492","949","3.142492","949","3.144792","948","3.139876","948","3.14544","926","3.141168","948","3.14402","929","3.14332","948","3.142312","949","3.141744","948","3.141244","948","3.141448","948","3.140164","948","3.142648","923","3.139548","948","3.141668","948","3.142148","948","3.145132","948","3.140384","948","3.143532","949","3.14192","948","3.14224","948","3.139988","948","3.140512","948","3.140484","948","3.142468","933","3.142692","933","3.141604","933","3.143152","933","3.138004","889","3.140196","889","3.142364","889","3.143676","889","3.14254","889","3.141984","889","3.14386","889","3.141292","889","3.142716","889","3.14316","889","3.142112","889","3.14074","889","3.139564","889","3.143784","889","3.142364","889","3.141008","889","3.140736","889","3.14098","888","3.139892","889","3.141876","889","3.140196","889","3.14184356","894","976"
"32","3.140712","984","3.142276","984","3.142632","984","3.139668","984","3.138764","958","3.143812","984","3.144068","984","3.140844","984","3.14024","984","3.13888","984","3.144988","984","3.140012","963","3.144712","958","3.139196","955","3.140496","984","3.139232","963","3.141284","955","3.140896","984","3.139752","984","3.141112","966","3.14066","984","3.142672","984","3.140712","984","3.142408","955","3.139892","959","3.140772","984","3.143552","959","3.141172","984","3.142736","984","3.142676","958","3.14086","984","3.141868","955","3.142764","984","3.1416","957","3.141556","963","3.14104","984","3.142584","984","3.141528","984","3.140188","984","3.141596","984","3.139996","984","3.14254","966","3.141572","984","3.139008","984","3.139436","984","3.142884","984","3.142376","959","3.14168","984","3.140652","984","3.144492","957","3.143544","959","3.140656","984","3.141916","959","3.14168","957","3.143272","983","3.142688","966","3.140856","984","3.141552","984","3.141604","984","3.141416","984","3.141112","983","3.14112","955","3.143212","934","3.137948","984","3.142552","983","3.144052","984","3.143196","983","3.142212","984","3.142164","960","3.13866","956","3.142712","984","3.14002","983","3.141616","983","3.1421","983","3.141","984","3.139032","983","3.140896","984","3.143468","965","3.143012","955","3.142104","983","3.14004","983","3.144732","983","3.144076","983","3.145696","983","3.141516","983","3.140636","984","3.139032","983","3.142564","984","3.13922","983","3.139728","983","3.1406","960","3.142784","984","3.138444","983","3.139612","983","3.142984","963","3.141636","983","3.142524","984","3.139948","965","3.13954","984","3.140084","983","3.141478159999999","976","985"
"33","3.139888","180","3.138468","769","3.140964","892","3.142692","894","3.144216","893","3.139832","719","3.140144","915","3.143944","893","3.144064","892","3.140072","915","3.139056","915","3.142108","892","3.145504","915","3.142508","915","3.141584","720","3.143428","720","3.139116","915","3.143148","915","3.14122","891","3.14202","915","3.1438","892","3.139056","894","3.14264","872","3.140388","893","3.140868","870","3.141632","872","3.140576","889","3.140832","888","3.139868","888","3.138248","888","3.143652","886","3.140484","884","3.141176","861","3.142636","884","3.1412","884","3.138684","884","3.137084","881","3.139088","881","3.140204","881","3.141684","881","3.140436","874","3.139968","875","3.140448","873","3.143112","873","3.141676","873","3.140044","872","3.144896","873","3.138944","870","3.1415","896","3.141868","868","3.13926","870","3.140476","868","3.1411","870","3.142268","846","3.14274","869","3.141712","870","3.14184","896","3.137836","870","3.142096","870","3.141216","870","3.143228","868","3.141516","870","3.143472","895","3.142092","896","3.138604","870","3.142332","895","3.144116","868","3.139876","896","3.141968","870","3.140532","868","3.140288","870","3.142972","870","3.144316","874","3.138924","892","3.142308","893","3.139372","874","3.142876","874","3.142672","874","3.142444","892","3.139576","892","3.14078","874","3.142172","887","3.1418","887","3.139204","886","3.141656","887","3.143304","886","3.142084","842","3.141728","842","3.14342","841","3.142524","842","3.143","841","3.141888","841","3.142832","841","3.14154","841","3.139972","841","3.137552","841","3.1438","841","3.14374","841","3.142048","841","3.141712","841","3.14141452","864","962"
"34","3.140352","513","3.141192","486","3.141552","458","3.14518","513","3.145488","486","3.14006","486","3.141172","966","3.14326","966","3.14226","960","3.1396","961","3.140764","924","3.143928","966","3.140824","960","3.139364","928","3.139824","966","3.1454","966","3.140724","966","3.146016","966","3.138804","961","3.140916","966","3.139936","966","3.140924","966","3.143004","965","3.143148","960","3.141216","966","3.142092","961","3.140732","966","3.14076","966","3.140372","966","3.14356","960","3.141728","966","3.143156","957","3.142496","957","3.144256","963","3.142728","962","3.141996","962","3.143276","962","3.142204","957","3.140372","963","3.139964","962","3.145964","955","3.141096","952","3.14426","953","3.142184","947","3.141368","953","3.142208","953","3.14076","953","3.142396","952","3.14188","914","3.14242","913","3.141348","952","3.142656","948","3.141064","942","3.14354","942","3.141076","947","3.144316","948","3.137208","942","3.1393","948","3.137108","948","3.138012","948","3.143824","941","3.138932","920","3.141576","946","3.143308","924","3.14068","946","3.140232","945","3.1407","926","3.13996","924","3.145288","946","3.141308","920","3.144108","945","3.141068","914","3.143328","927","3.139924","927","3.14054","927","3.141844","927","3.142756","927","3.138464","927","3.140376","927","3.140052","927","3.141788","927","3.14258","927","3.142924","927","3.139928","927","3.1407","927","3.143284","927","3.142312","927","3.140916","927","3.141548","927","3.1434","927","3.138928","927","3.138016","901","3.141092","927","3.139752","927","3.14286","916","3.143508","905","3.141276","904","3.144272","904","3.142892","904","3.143308","904","3.141683159999999","915","991"
"35","3.14378","245","3.143092","523","3.140256","571","3.141956","523","3.141836","472","3.141168","571","3.139964","570","3.139356","570","3.141468","570","3.142216","571","3.14374","570","3.14254","913","3.14036","692","3.140244","916","3.138868","660","3.14328","919","3.139024","916","3.142312","910","3.141168","910","3.140468","916","3.14156","910","3.143044","916","3.142192","660","3.140564","696","3.141464","919","3.143228","890","3.141564","878","3.142684","878","3.1449","690","3.14028","881","3.141712","881","3.142144","691","3.142052","872","3.14116","872","3.140992","872","3.143656","869","3.141584","869","3.139452","864","3.141536","869","3.142824","869","3.143448","871","3.138088","870","3.140104","870","3.139968","839","3.143076","867","3.142492","869","3.141272","871","3.138568","866","3.141788","870","3.14258","866","3.145936","867","3.143056","867","3.141444","864","3.139708","868","3.143308","863","3.139608","867","3.142656","867","3.13858","868","3.13892","867","3.141712","865","3.139572","869","3.140244","869","3.140184","869","3.140496","862","3.143432","868","3.142052","869","3.14222","866","3.140808","858","3.138556","868","3.139348","861","3.138524","868","3.143652","866","3.1421","868","3.141504","862","3.143828","863","3.140568","868","3.141664","862","3.140124","861","3.141304","860","3.14216","863","3.138352","863","3.14114","863","3.139816","863","3.14104","857","3.138212","862","3.140156","858","3.142048","862","3.141956","862","3.142568","863","3.13984","862","3.143524","858","3.140768","860","3.144272","857","3.138348","853","3.142632","852","3.142228","858","3.142296","860","3.141096","857","3.14102","853","3.139756","852","3.1413540799999993","821","928"
"36","3.141972","92","3.143376","625","3.144168","717","3.145192","717","3.142528","553","3.139496","600","3.142892","650","3.140188","649","3.141468","767","3.14088","767","3.142168","715","3.140776","622","3.142496","743","3.142708","837","3.140124","796","3.142836","830","3.139796","742","3.143488","796","3.140412","715","3.141488","920","3.1428","743","3.140324","920","3.14232","796","3.143228","796","3.14144","834","3.14308","917","3.1425","800","3.1438","776","3.142308","917","3.1405","917","3.141952","834","3.142004","767","3.142592","765","3.142748","917","3.143832","917","3.140584","799","3.14338","834","3.142784","822","3.137944","821","3.13958","896","3.139444","896","3.143716","867","3.140996","844","3.142816","866","3.140184","894","3.142024","894","3.138648","802","3.142132","891","3.142392","891","3.140476","889","3.141912","869","3.143792","888","3.142904","888","3.143124","869","3.14242","868","3.145596","887","3.141792","888","3.141716","889","3.144256","888","3.143624","887","3.142368","865","3.1401","887","3.143624","888","3.141468","887","3.1416","888","3.14298","868","3.1398","887","3.14122","887","3.141472","886","3.141112","887","3.140612","886","3.138656","850","3.144512","843","3.141608","843","3.14368","842","3.140464","845","3.14094","845","3.141652","841","3.140624","841","3.143956","841","3.139572","837","3.14262","841","3.143016","837","3.13952","838","3.144088","840","3.140396","840","3.140076","840","3.144968","841","3.14018","837","3.141672","841","3.143164","837","3.142156","832","3.143128","828","3.14178","831","3.141648","831","3.140448","828","3.141272","831","3.14058","831","3.14204","828","3.1412","827","3.14188088","821","953"
"37","3.142692","935","3.1431","933","3.14112","938","3.142796","924","3.142844","927","3.14132","937","3.141992","924","3.141268","935","3.14212","938","3.139676","932","3.140028","934","3.138848","931","3.14198","924","3.139512","931","3.143856","937","3.139124","924","3.141568","936","3.142908","935","3.139716","931","3.141204","936","3.141416","934","3.14114","924","3.139968","937","3.144016","931","3.139764","934","3.143652","935","3.140268","937","3.14238","924","3.142776","923","3.141876","935","3.140664","934","3.141532","936","3.140748","936","3.144492","924","3.141452","925","3.14186","932","3.14214","925","3.139864","936","3.143736","932","3.141124","931","3.142472","933","3.141156","933","3.140216","904","3.142236","935","3.143236","901","3.139716","936","3.142164","937","3.142148","932","3.139712","893","3.139072","923","3.142432","933","3.141104","936","3.14344","933","3.139388","930","3.141748","934","3.140864","934","3.14378","924","3.140636","935","3.144628","932","3.14264","934","3.142752","923","3.143484","926","3.14012","933","3.142472","936","3.140616","934","3.142128","933","3.142572","935","3.140024","937","3.140628","926","3.141624","937","3.140104","932","3.14064","936","3.141084","937","3.142092","935","3.141344","931","3.1404","924","3.141288","934","3.14028","935","3.140896","936","3.141344","933","3.141692","935","3.14174","924","3.142156","924","3.142328","936","3.141388","925","3.141132","936","3.141328","935","3.139708","923","3.139596","937","3.142464","933","3.141168","936","3.140728","933","3.1417","936","3.144808","923","3.139476","933","3.14166","932","3.144964","932","3.139172","934","3.140636","923","3.13994","937","3.141490040000001","930","938"
"38","3.145376","34","3.140264","355","3.140812","732","3.1421","625","3.141924","625","3.14108","649","3.140232","649","3.14112","649","3.139564","649","3.139876","625","3.14114","648","3.138868","649","3.141772","649","3.141028","609","3.139536","609","3.141588","609","3.14328","874","3.140552","893","3.140116","893","3.14292","876","3.14308","874","3.14196","876","3.142768","875","3.139972","893","3.142844","786","3.14254","875","3.142084","876","3.146248","873","3.14386","780","3.143096","876","3.140696","874","3.142404","873","3.141608","893","3.142476","893","3.138984","876","3.139972","876","3.146332","876","3.142448","875","3.142832","874","3.14502","876","3.140092","874","3.140156","893","3.142664","786","3.142972","871","3.13836","865","3.142536","871","3.141912","889","3.140768","871","3.137912","861","3.140244","861","3.143276","858","3.1427","858","3.1431","840","3.142152","858","3.142508","836","3.141108","841","3.143172","858","3.142364","858","3.144168","858","3.138916","858","3.14256","840","3.142812","835","3.139496","835","3.141304","857","3.141156","858","3.14126","855","3.139964","854","3.141564","854","3.140232","832","3.140056","832","3.140216","850","3.143608","836","3.139496","836","3.140488","835","3.140212","836","3.13964","836","3.141308","832","3.144088","813","3.144752","832","3.143908","832","3.141688","827","3.140292","827","3.143776","806","3.143232","806","3.146144","821","3.140032","822","3.14186","821","3.138648","821","3.14312","821","3.14266","821","3.1434","821","3.14114","821","3.142348","821","3.142964","818","3.141208","818","3.14068","817","3.142052","809","3.14314","810","3.138488","810","3.143588","808","3.1417403199999994","805","939"
"39","3.142496","660","3.140216","935","3.143092","934","3.141312","935","3.141988","934","3.141908","935","3.140372","935","3.141716","934","3.14152","934","3.1433","935","3.139676","935","3.142556","935","3.141472","909","3.142664","934","3.140012","800","3.140056","800","3.141544","800","3.141712","934","3.140296","934","3.141164","935","3.1395","935","3.143184","935","3.140812","936","3.141428","935","3.140612","935","3.141748","911","3.142564","934","3.14152","935","3.139932","934","3.144632","935","3.140488","934","3.142032","914","3.14178","934","3.141508","934","3.142104","935","3.138752","934","3.14338","826","3.142736","934","3.137196","934","3.140584","935","3.142736","934","3.145196","934","3.142356","934","3.1404","852","3.141956","914","3.141584","915","3.13996","910","3.142972","894","3.142212","893","3.1424","894","3.141284","893","3.14054","893","3.141584","894","3.141884","894","3.145592","894","3.143732","894","3.139632","893","3.146836","894","3.140108","894","3.139656","893","3.142344","894","3.142796","893","3.142468","881","3.142964","872","3.1451","869","3.142564","868","3.141544","868","3.14532","868","3.141932","844","3.143148","868","3.139072","867","3.142408","864","3.14078","868","3.1406","864","3.142068","866","3.142688","864","3.143372","866","3.141356","868","3.14192","866","3.140568","868","3.145004","864","3.139936","867","3.142104","864","3.14204","864","3.14146","865","3.142032","866","3.141336","866","3.138512","867","3.140056","864","3.143712","864","3.13862","851","3.141196","845","3.14236","839","3.143852","839","3.140044","839","3.140552","838","3.142448","836","3.138576","835","3.13878","833","3.140004","835","3.1416582","889","940"
"40","3.142832","619","3.143692","618","3.139028","616","3.14116","464","3.142748","924","3.139568","924","3.140148","924","3.138848","924","3.140856","640","3.141096","924","3.142812","690","3.141892","640","3.142","690","3.142376","917","3.140776","924","3.143728","917","3.142112","749","3.139172","914","3.141364","726","3.141536","906","3.139464","914","3.14508","914","3.140424","909","3.13786","908","3.140724","817","3.141028","909","3.140896","907","3.14144","907","3.140372","908","3.142484","908","3.141496","909","3.143968","907","3.14198","908","3.140444","907","3.140864","900","3.141068","908","3.143604","908","3.14352","908","3.141112","908","3.13972","806","3.139876","907","3.139152","908","3.142752","917","3.14088","914","3.142276","914","3.14144","914","3.142992","914","3.14172","914","3.14126","914","3.139928","914","3.141452","893","3.140032","892","3.143792","914","3.142952","914","3.1424","914","3.14232","914","3.141544","914","3.143012","914","3.140712","914","3.1439","914","3.142604","914","3.140572","914","3.145828","882","3.142596","914","3.140908","914","3.14252","914","3.141","914","3.14058","913","3.14254","913","3.14108","913","3.138188","914","3.143924","894","3.140184","914","3.14344","914","3.143544","914","3.141936","913","3.143204","913","3.142336","914","3.139404","880","3.142056","894","3.141608","914","3.142092","914","3.140824","914","3.14448","913","3.139792","913","3.141988","914","3.140336","913","3.142676","913","3.139584","914","3.140524","913","3.141012","886","3.139308","914","3.142356","914","3.140396","880","3.141812","914","3.142912","913","3.140716","887","3.141476","914","3.143856","913","3.141864","914","3.141577400000001","882","955"
"41","3.14068","507","3.139848","507","3.141808","507","3.143684","507","3.143976","434","3.14252","811","3.143832","959","3.141044","785","3.14104","785","3.1407","762","3.140612","762","3.140528","785","3.143876","831","3.13932","785","3.138212","740","3.142096","959","3.143248","785","3.141404","830","3.144424","959","3.143952","785","3.140884","809","3.14182","762","3.141428","959","3.141404","866","3.14446","945","3.140764","866","3.145156","945","3.14142","838","3.141592","945","3.140536","945","3.142668","838","3.140788","945","3.140324","817","3.141964","921","3.140848","914","3.142596","914","3.141056","914","3.142428","911","3.141772","911","3.14142","864","3.140088","860","3.142972","861","3.139428","910","3.141296","860","3.143464","860","3.141964","860","3.14222","910","3.143664","910","3.140932","910","3.141404","860","3.141424","860","3.141704","860","3.140488","858","3.14032","908","3.141256","858","3.141448","908","3.144576","904","3.142912","904","3.141784","904","3.141448","861","3.144584","900","3.1409","900","3.140772","899","3.142104","899","3.144828","899","3.141532","899","3.140148","900","3.143596","900","3.143484","900","3.139564","899","3.139948","900","3.140112","900","3.143664","899","3.140968","899","3.14082","899","3.141468","900","3.139412","900","3.139548","889","3.14092","885","3.139656","885","3.1395","885","3.141268","884","3.139588","885","3.144584","884","3.141912","885","3.141464","884","3.143672","884","3.141236","884","3.139376","884","3.142096","884","3.141536","880","3.1427","881","3.144156","880","3.1373","880","3.141108","880","3.139708","880","3.14052","878","3.139156","874","3.142648","870","3.143696","870","3.1416217599999983","858","965"
"42","3.140248","59","3.140288","60","3.140072","455","3.142828","432","3.140576","432","3.140528","432","3.142156","407","3.141336","360","3.140516","454","3.144268","432","3.142856","455","3.143196","497","3.139144","497","3.140136","548","3.141988","439","3.14174","487","3.141616","487","3.145772","562","3.142936","513","3.141804","587","3.1397","587","3.143068","514","3.1401","587","3.141796","513","3.138448","735","3.141096","513","3.141592","562","3.140256","512","3.140916","839","3.140484","839","3.140772","838","3.140684","839","3.139132","839","3.141488","831","3.141836","831","3.137424","831","3.139292","825","3.140468","825","3.141928","827","3.142472","827","3.140424","827","3.142284","827","3.141972","823","3.140428","821","3.141744","737","3.13892","821","3.138688","823","3.142448","821","3.140256","823","3.140588","823","3.144788","823","3.144808","823","3.142988","823","3.141508","823","3.144024","823","3.143252","820","3.142076","812","3.14098","809","3.140696","808","3.142268","810","3.145048","807","3.140544","805","3.13966","807","3.14134","810","3.14072","809","3.143352","780","3.139984","808","3.140736","804","3.140716","807","3.142892","810","3.140132","809","3.137528","808","3.143028","808","3.139036","809","3.140636","807","3.141048","810","3.140864","808","3.140228","809","3.141276","810","3.141356","804","3.14054","810","3.143728","804","3.139968","808","3.142052","809","3.142984","806","3.14264","807","3.143536","806","3.143376","799","3.140472","799","3.14054","800","3.141108","798","3.143124","800","3.140244","799","3.142668","800","3.144044","798","3.141044","800","3.142328","791","3.140788","792","3.13974","791","3.142432","792","3.14139576","715","929"
"43","3.141052","182","3.139952","455","3.140504","508","3.140432","687","3.141788","688","3.141904","661","3.139256","609","3.142352","662","3.142424","582","3.141412","604","3.1399","601","3.140736","653","3.1412","653","3.142008","751","3.138276","816","3.14106","724","3.142952","678","3.143472","725","3.143128","702","3.139752","916","3.141428","916","3.140452","915","3.140936","916","3.140356","915","3.141028","916","3.140184","916","3.141816","916","3.144648","915","3.147088","916","3.142352","915","3.144756","916","3.140184","916","3.141684","915","3.141544","916","3.141888","915","3.143888","912","3.141824","912","3.138588","912","3.141164","912","3.143552","912","3.139416","912","3.14326","912","3.141508","912","3.144972","911","3.140924","912","3.139168","912","3.142496","912","3.142132","912","3.141392","912","3.14212","912","3.147084","911","3.143408","912","3.141764","912","3.140984","912","3.143192","911","3.14034","912","3.144304","911","3.144008","912","3.144496","912","3.144036","912","3.141144","912","3.139188","911","3.139256","912","3.137992","911","3.142556","911","3.142808","912","3.141612","912","3.140984","911","3.14282","911","3.141904","912","3.143348","911","3.1405","911","3.144068","912","3.141012","911","3.14194","912","3.141904","912","3.140312","911","3.142148","908","3.140304","908","3.139452","908","3.138128","908","3.140732","908","3.140916","908","3.142008","907","3.139372","908","3.143232","908","3.141408","908","3.14304","908","3.1403","907","3.141908","908","3.143236","908","3.143516","908","3.139732","908","3.140808","908","3.14218","904","3.139952","904","3.143032","904","3.141384","904","3.143364","904","3.140792","903","3.14168216","857","952"
"44","3.14028","45","3.141072","478","3.143736","478","3.14244","433","3.141656","356","3.144488","634","3.143104","756","3.14128","757","3.141656","728","3.141276","702","3.141908","731","3.143064","727","3.141752","703","3.142424","693","3.143412","756","3.14132","728","3.14242","754","3.140508","729","3.144548","754","3.141244","700","3.137276","742","3.144448","738","3.139668","738","3.145268","738","3.140512","738","3.142892","739","3.140596","711","3.14262","738","3.14184","714","3.141692","713","3.14204","739","3.140364","714","3.140408","738","3.141352","711","3.141932","711","3.142832","714","3.140012","738","3.142444","738","3.1394","710","3.142768","738","3.141212","711","3.141184","738","3.140912","714","3.144496","738","3.142952","704","3.143044","679","3.137564","734","3.144228","847","3.139756","850","3.144948","847","3.145752","702","3.14138","727","3.141272","778","3.143476","779","3.139404","849","3.143128","864","3.140316","840","3.13828","839","3.139908","839","3.142856","839","3.142876","839","3.138448","839","3.142872","822","3.139984","840","3.141308","839","3.144812","819","3.142068","840","3.144528","839","3.142384","840","3.142032","839","3.141364","840","3.14006","820","3.141476","839","3.141956","839","3.142484","819","3.142916","819","3.143364","839","3.143512","821","3.138584","839","3.145284","820","3.14202","839","3.140928","820","3.142128","839","3.1429","839","3.14242","839","3.14248","838","3.14096","813","3.140892","819","3.1425","839","3.142712","839","3.142732","839","3.141828","839","3.14082","812","3.139812","839","3.14198","839","3.142892","839","3.139772","838","3.142944","839","3.142204","839","3.139144","787","3.1418640000000004","761","946"
"45","3.141188","487","3.140728","551","3.142424","973","3.141984","487","3.142784","511","3.144132","973","3.14192","461","3.142436","958","3.140812","959","3.143132","960","3.14584","927","3.141836","960","3.138924","959","3.141648","960","3.142688","959","3.13782","959","3.139808","958","3.142252","959","3.14186","959","3.141476","959","3.141832","959","3.138656","958","3.143884","959","3.142172","959","3.140116","958","3.141308","959","3.139396","959","3.142256","959","3.14054","959","3.141152","959","3.142472","959","3.142576","960","3.139352","959","3.142648","959","3.1427","958","3.14302","959","3.142072","958","3.143464","959","3.141152","927","3.141372","959","3.142272","958","3.142108","958","3.139884","959","3.140864","958","3.13964","959","3.143092","932","3.141696","925","3.141052","959","3.14078","958","3.142724","959","3.140536","959","3.14098","957","3.139544","947","3.140148","915","3.143756","947","3.141584","948","3.141388","947","3.139236","946","3.141076","948","3.141896","948","3.14208","946","3.14234","948","3.141104","948","3.143668","946","3.142048","948","3.14316","932","3.143972","931","3.145352","933","3.141076","933","3.140948","933","3.141644","899","3.143184","903","3.139436","903","3.141652","903","3.141476","896","3.14368","900","3.141956","918","3.140828","917","3.141368","916","3.141528","896","3.141104","915","3.145044","897","3.139944","915","3.139788","913","3.143772","892","3.140488","910","3.141164","910","3.143184","908","3.14172","907","3.141096","907","3.141332","907","3.140692","904","3.142076","904","3.138568","904","3.141508","904","3.141576","885","3.142892","904","3.145692","885","3.139088","904","3.142104","904","3.141674200000001","915","992"
"46","3.142708","830","3.141208","830","3.141284","831","3.141848","803","3.142656","830","3.13998","830","3.141072","830","3.140096","830","3.142164","830","3.139712","830","3.14156","831","3.140404","770","3.140528","830","3.143936","830","3.142604","893","3.140948","950","3.143656","950","3.139584","947","3.14126","945","3.143508","912","3.140772","857","3.1428","947","3.139788","946","3.14242","885","3.141124","947","3.142628","944","3.141092","943","3.139244","941","3.143796","912","3.139452","921","3.140456","913","3.142296","942","3.141268","947","3.141772","940","3.139292","914","3.138828","923","3.141384","947","3.142524","922","3.139892","919","3.13914","947","3.142904","942","3.14012","922","3.146028","923","3.140836","940","3.142224","943","3.141368","944","3.141372","941","3.14392","920","3.141348","947","3.14086","946","3.143308","943","3.141704","943","3.139084","917","3.143344","942","3.139364","920","3.138156","918","3.140704","942","3.142524","948","3.14058","921","3.141068","946","3.141284","908","3.141292","933","3.142404","926","3.141036","922","3.141676","925","3.142588","925","3.143144","930","3.141372","930","3.142256","930","3.14292","926","3.142536","925","3.141212","926","3.13852","927","3.141708","922","3.139664","926","3.14178","927","3.142016","925","3.141944","919","3.14362","924","3.143024","922","3.144024","919","3.142068","918","3.1399","913","3.14238","913","3.143456","908","3.141528","913","3.141372","915","3.145688","914","3.143548","915","3.140848","909","3.144568","913","3.139972","915","3.13986","915","3.1427","910","3.143904","915","3.141928","914","3.145252","907","3.14202","914","3.141044","915","3.142808","914","3.1416636400000018","911","956"
"47","3.145188","155","3.139856","824","3.142676","859","3.143896","824","3.143316","823","3.142876","824","3.142336","823","3.145688","823","3.137636","736","3.143764","823","3.142556","981","3.13948","922","3.14108","859","3.139552","823","3.138912","823","3.139836","824","3.142344","796","3.141568","796","3.14388","796","3.143856","823","3.14192","823","3.14254","823","3.140624","859","3.143536","823","3.142288","824","3.142864","923","3.14126","859","3.139228","851","3.143072","791","3.138784","812","3.140672","812","3.141252","833","3.142024","872","3.143728","853","3.140604","872","3.140584","911","3.140632","911","3.144144","872","3.139716","871","3.1422","911","3.140892","911","3.1387","912","3.140492","930","3.145672","833","3.141864","872","3.14078","911","3.142028","853","3.1419","911","3.14098","852","3.144012","914","3.139548","914","3.141228","914","3.141144","913","3.141744","914","3.136088","913","3.143108","913","3.141532","913","3.141044","914","3.140492","913","3.14262","914","3.140684","914","3.142004","914","3.141108","913","3.144424","914","3.143968","913","3.140676","914","3.14428","914","3.143828","914","3.139","914","3.141536","913","3.141608","914","3.140408","913","3.144792","913","3.143956","914","3.142256","914","3.145292","914","3.142612","914","3.1424","910","3.140852","926","3.141556","910","3.13732","910","3.141048","910","3.142772","926","3.143168","910","3.140528","909","3.141356","909","3.143792","909","3.139992","899","3.140908","903","3.142416","887","3.139484","903","3.142976","887","3.143308","887","3.141984","903","3.14224","903","3.141344","886","3.142652","890","3.139604","874","3.142192","871","3.143204","888","3.141773640000001","873","999"
"48","3.144476","427","3.141352","897","3.14474","963","3.139512","934","3.140088","863","3.140348","903","3.143608","963","3.142396","935","3.141848","934","3.138956","930","3.14334","934","3.141016","963","3.143112","963","3.141112","963","3.14338","897","3.143504","963","3.144308","963","3.140564","865","3.140096","935","3.142824","931","3.141264","962","3.141928","963","3.14164","934","3.14098","923","3.139732","926","3.143892","924","3.14302","887","3.13952","927","3.139188","953","3.145352","952","3.142668","952","3.141568","908","3.142048","939","3.140372","939","3.140428","939","3.138224","913","3.143664","940","3.142072","939","3.142896","940","3.14334","908","3.142656","880","3.141236","940","3.143932","939","3.141196","939","3.140056","939","3.140476","939","3.14","940","3.14038","940","3.141316","940","3.143972","939","3.141624","939","3.141864","940","3.145276","939","3.141544","939","3.1421","939","3.14258","939","3.142308","907","3.1431","940","3.143352","939","3.142928","939","3.14056","934","3.142276","933","3.140804","934","3.138164","910","3.144452","934","3.142752","901","3.141296","933","3.14408","933","3.140356","932","3.1437","933","3.140308","934","3.143436","905","3.141228","933","3.140244","932","3.145808","932","3.144156","932","3.141236","933","3.141416","933","3.139984","922","3.142948","920","3.139812","919","3.1424","920","3.14004","892","3.142152","892","3.1406","892","3.139848","892","3.142512","891","3.142096","892","3.140956","892","3.142168","891","3.142168","892","3.140624","892","3.143028","892","3.141876","891","3.141928","892","3.141648","892","3.141088","892","3.139892","892","3.140952","892","3.144648","892","3.141859120000001","919","965"
"49","3.142688","534","3.14114","562","3.142864","910","3.139192","910","3.140932","910","3.139888","910","3.138876","887","3.142592","910","3.141136","887","3.141828","910","3.141588","910","3.141236","910","3.141124","887","3.143432","899","3.140744","899","3.142584","917","3.143908","899","3.141512","899","3.143264","899","3.142456","899","3.137604","899","3.141608","899","3.140876","917","3.140132","899","3.14078","899","3.1429","898","3.140912","917","3.145464","917","3.144568","899","3.140244","898","3.141116","917","3.140188","915","3.141896","904","3.145872","900","3.140556","881","3.142328","900","3.142588","899","3.141808","914","3.14068","895","3.140432","914","3.142192","914","3.140944","914","3.14236","914","3.144304","914","3.138936","914","3.145152","914","3.14486","914","3.141592","895","3.142644","914","3.141464","914","3.14282","914","3.142644","914","3.139608","914","3.140792","914","3.14462","914","3.143304","914","3.138492","915","3.1428","914","3.141348","914","3.143264","914","3.141796","914","3.143196","914","3.142272","895","3.14242","914","3.140044","914","3.144396","914","3.141468","914","3.139044","914","3.140788","914","3.145536","914","3.140616","914","3.138784","914","3.143444","914","3.14136","914","3.142568","914","3.141044","895","3.1431","914","3.139328","914","3.140092","914","3.14098","895","3.14292","914","3.140292","914","3.140504","914","3.141628","914","3.140188","914","3.141972","914","3.137836","914","3.143108","895","3.139748","914","3.141196","914","3.140684","914","3.143108","914","3.141948","914","3.142408","903","3.14342","903","3.141004","903","3.142612","903","3.139456","903","3.139796","903","3.142728","903","3.14168508","900","950"
"50","3.142568","167","3.1397","908","3.13872","960","3.143392","574","3.143796","600","3.140356","960","3.143448","960","3.142076","960","3.140096","960","3.14316","600","3.139384","960","3.144896","960","3.141164","905","3.142532","895","3.139884","883","3.1421","904","3.14336","904","3.140676","904","3.143292","904","3.140496","904","3.143292","903","3.14144","903","3.143356","883","3.142816","904","3.141292","904","3.141756","904","3.1413","880","3.143052","903","3.142688","904","3.140884","880","3.139928","903","3.142784","904","3.142948","904","3.14132","904","3.144032","904","3.14006","905","3.140316","903","3.143312","882","3.140172","904","3.144416","903","3.14106","903","3.141428","882","3.145396","903","3.142708","868","3.140584","891","3.1397","885","3.142316","885","3.141316","885","3.144508","885","3.14236","873","3.142844","846","3.140784","864","3.141896","864","3.141548","863","3.138808","864","3.142696","863","3.140604","840","3.142772","863","3.141808","863","3.143296","863","3.1448","856","3.141912","856","3.145208","855","3.140468","885","3.142764","832","3.140864","885","3.140156","855","3.1419","885","3.139264","883","3.14116","853","3.140852","848","3.141832","846","3.139472","876","3.138948","823","3.142944","876","3.142528","840","3.141684","869","3.139344","815","3.14018","849","3.142936","838","3.143128","868","3.144424","868","3.140648","868","3.141748","868","3.14144","844","3.1421","868","3.142076","848","3.142628","868","3.143352","859","3.14382","859","3.14142","859","3.138988","859","3.144692","859","3.146308","859","3.145508","859","3.137124","859","3.139476","770","3.14076","770","3.141056","751","3.142372","751","3.1418697599999996","861","961"
"51","3.144704","227","3.141012","907","3.139268","936","3.14072","907","3.141752","937","3.139444","907","3.140896","907","3.143104","941","3.141824","880","3.138196","936","3.14166","912","3.140104","938","3.139752","907","3.140344","907","3.142416","938","3.139592","907","3.141196","923","3.140672","919","3.141708","919","3.142952","919","3.140056","919","3.141708","919","3.14304","924","3.14452","919","3.142128","908","3.142344","929","3.142424","929","3.14266","929","3.144764","903","3.140484","924","3.138836","903","3.14272","903","3.141228","903","3.142112","924","3.140044","901","3.143032","922","3.14196","901","3.140672","921","3.142784","898","3.1432","922","3.142184","922","3.141396","922","3.142476","892","3.14174","913","3.142796","913","3.1407","913","3.140888","913","3.142728","884","3.143392","907","3.140488","905","3.140492","884","3.14158","904","3.140988","883","3.14218","900","3.139788","873","3.141976","900","3.139712","880","3.141128","900","3.143004","899","3.140992","899","3.14186","900","3.141192","880","3.143516","900","3.14258","900","3.139184","880","3.14096","900","3.142472","899","3.141508","873","3.14126","872","3.142424","868","3.140992","885","3.142508","859","3.13832","882","3.141564","882","3.14416","882","3.140196","882","3.145724","882","3.14408","865","3.138952","865","3.14324","859","3.135564","865","3.14346","856","3.1424","867","3.142324","867","3.144856","850","3.141832","850","3.140604","850","3.143244","850","3.1396","867","3.142036","850","3.139496","835","3.14558","857","3.140272","856","3.141668","854","3.143612","854","3.142096","854","3.141988","854","3.143952","854","3.140508","851","3.140088","851","3.1416453199999994","886","964"
"52","3.142048","530","3.140048","502","3.13822","502","3.144476","502","3.14038","530","3.141176","502","3.1399","502","3.140776","529","3.139656","493","3.139132","493","3.14114","901","3.141948","901","3.14338","651","3.13964","906","3.142748","704","3.139444","906","3.142112","897","3.142004","897","3.142588","904","3.143568","903","3.139916","897","3.14428","899","3.142752","899","3.141556","903","3.140652","896","3.141976","904","3.141908","903","3.143424","903","3.141984","896","3.138848","895","3.144368","879","3.14296","878","3.14422","874","3.142472","874","3.138852","878","3.141812","878","3.142292","890","3.141324","890","3.14152","871","3.141924","870","3.140792","890","3.140828","860","3.14334","890","3.139792","890","3.140668","889","3.140552","889","3.14344","869","3.142952","889","3.140688","889","3.143372","889","3.142784","889","3.1422","889","3.13946","867","3.143924","889","3.1402","889","3.141432","889","3.14066","889","3.139384","889","3.141664","858","3.140716","868","3.140196","889","3.140688","888","3.141516","889","3.140476","889","3.146092","889","3.1398","870","3.142324","888","3.143232","889","3.143724","866","3.14034","889","3.142036","868","3.139644","886","3.14014","886","3.142192","886","3.141432","886","3.141828","886","3.141828","885","3.141528","885","3.14052","885","3.141724","865","3.141684","886","3.1405","886","3.143164","886","3.14318","867","3.1439","885","3.143844","866","3.142272","886","3.141468","885","3.143224","885","3.142016","886","3.143632","885","3.14194","865","3.146","885","3.144508","867","3.143396","885","3.141132","885","3.143984","885","3.140644","885","3.143648","885","3.145192","885","3.1418286","843","940"
"53","3.143588","425","3.141764","554","3.139148","453","3.140896","930","3.140864","932","3.142148","930","3.141292","931","3.138068","931","3.142184","932","3.14136","897","3.141972","932","3.143036","932","3.142532","932","3.138484","930","3.145172","931","3.14032","931","3.138656","932","3.141396","931","3.141644","932","3.141944","932","3.143508","931","3.143612","932","3.143904","924","3.140684","924","3.141872","925","3.142008","924","3.143504","924","3.14182","923","3.142204","926","3.139392","895","3.14102","925","3.1402","925","3.140976","896","3.143752","947","3.141504","921","3.138492","921","3.139848","923","3.141624","941","3.140624","941","3.140612","920","3.142504","918","3.141384","923","3.139524","916","3.142756","942","3.140048","941","3.140452","920","3.141124","941","3.144028","941","3.139488","941","3.141008","941","3.143372","917","3.143184","941","3.14008","920","3.140756","941","3.140596","941","3.144336","918","3.14288","916","3.141684","918","3.141736","941","3.141976","917","3.142588","941","3.143728","941","3.142108","941","3.141688","923","3.1399","923","3.140556","920","3.141172","921","3.1402","920","3.144264","920","3.140984","920","3.142508","921","3.14096","921","3.140776","920","3.142484","920","3.141364","920","3.142076","920","3.142396","920","3.140688","920","3.141748","920","3.144908","898","3.144176","896","3.139448","920","3.139932","920","3.14156","917","3.143952","912","3.14334","912","3.141804","912","3.142712","912","3.140604","913","3.140412","902","3.141688","903","3.139596","902","3.139428","902","3.140492","902","3.141444","902","3.14176","902","3.142552","898","3.142632","871","3.139384","869","3.143104","869","3.1415766","907","957"
"54","3.138216","345","3.143428","344","3.140912","623","3.142568","593","3.14006","623","3.1414","623","3.141412","520","3.143164","623","3.138312","623","3.140752","623","3.145304","623","3.139932","623","3.140236","623","3.141128","607","3.139988","606","3.138792","576","3.141404","907","3.140392","793","3.14314","904","3.143988","824","3.142024","908","3.139104","904","3.140768","904","3.143976","902","3.141392","902","3.143612","904","3.142136","908","3.14294","904","3.139708","901","3.1441","904","3.13946","903","3.139816","903","3.14214","908","3.141728","908","3.14266","908","3.14292","903","3.143372","907","3.143248","827","3.14046","901","3.141324","905","3.144464","907","3.140656","903","3.142548","824","3.139416","901","3.144992","824","3.140196","892","3.141944","868","3.141964","854","3.14344","860","3.141956","860","3.139304","856","3.13982","857","3.142584","850","3.143776","853","3.14266","861","3.142184","857","3.141632","856","3.141776","857","3.140476","856","3.14116","850","3.141316","857","3.141152","861","3.142176","854","3.143348","858","3.143796","854","3.141356","854","3.142784","858","3.141444","847","3.141136","858","3.141688","854","3.14412","858","3.141652","837","3.142008","835","3.143304","827","3.143796","832","3.141816","835","3.1435","838","3.139864","834","3.14296","838","3.142376","835","3.14116","853","3.142764","853","3.141116","831","3.140972","853","3.145536","836","3.143196","834","3.140536","853","3.142412","836","3.139728","831","3.143972","834","3.139064","833","3.141824","852","3.143144","853","3.140704","842","3.143484","842","3.142828","822","3.14098","810","3.142828","810","3.141048","806","3.138332","824","3.1417958400000003","815","957"
"55","3.143348","426","3.14282","725","3.14268","883","3.139568","883","3.1412","883","3.140464","883","3.141504","861","3.142448","884","3.141152","861","3.140352","861","3.143028","861","3.140468","883","3.141012","883","3.140368","703","3.142348","883","3.138908","884","3.140988","883","3.141716","861","3.142268","883","3.143508","883","3.143804","876","3.143324","855","3.143804","855","3.142708","854","3.141152","852","3.142684","852","3.14362","852","3.143856","852","3.140324","852","3.14392","754","3.143152","849","3.14232","847","3.1429","824","3.141716","845","3.140124","824","3.141196","846","3.141848","900","3.142148","900","3.140692","899","3.141212","899","3.141488","902","3.144832","900","3.14006","901","3.143468","900","3.140616","900","3.14248","899","3.141972","900","3.139512","904","3.137016","852","3.14132","899","3.14148","900","3.142996","872","3.142756","899","3.1426","900","3.143032","900","3.145292","900","3.142528","871","3.141784","900","3.140432","900","3.140916","876","3.1411","899","3.142404","870","3.138292","899","3.140944","899","3.138996","900","3.14436","900","3.14418","900","3.141592","899","3.140788","899","3.14344","870","3.14396","899","3.141","899","3.140356","844","3.139992","844","3.146172","844","3.14214","845","3.1403","844","3.14194","844","3.14048","844","3.142208","844","3.144996","842","3.13872","845","3.142468","845","3.143624","844","3.140776","844","3.140484","845","3.139956","841","3.14016","845","3.141992","841","3.139356","840","3.144328","840","3.14332","841","3.137828","839","3.137548","840","3.138616","837","3.14038","841","3.142372","839","3.14126","840","3.140084","837","3.137884","833","3.1416402800000003","860","944"
"56","3.142464","439","3.14024","364","3.139656","829","3.141572","829","3.142116","829","3.142888","807","3.1436","805","3.141676","803","3.143824","804","3.141948","804","3.141384","825","3.141892","803","3.143212","825","3.143916","823","3.140596","824","3.140344","823","3.141984","823","3.141528","823","3.143304","823","3.142352","823","3.140704","823","3.143288","822","3.139928","822","3.137968","822","3.144312","792","3.140636","813","3.142844","812","3.142364","813","3.141004","935","3.13942","927","3.142656","926","3.140984","928","3.142232","927","3.141448","931","3.140836","928","3.142928","927","3.138692","932","3.141544","929","3.140604","896","3.146172","928","3.138548","932","3.140932","923","3.141788","948","3.141868","948","3.142952","927","3.141984","924","3.142496","927","3.13974","928","3.142344","948","3.1412","922","3.139112","922","3.143184","928","3.143996","929","3.140948","928","3.141088","928","3.141596","948","3.144348","948","3.141688","928","3.143728","922","3.142004","947","3.140456","928","3.141544","922","3.141104","928","3.14122","928","3.143264","929","3.141372","928","3.141088","929","3.140972","928","3.143328","947","3.143812","947","3.142932","902","3.141916","901","3.13914","901","3.144816","901","3.141484","880","3.139992","898","3.142444","898","3.141656","897","3.140188","898","3.142808","893","3.142184","893","3.140756","890","3.141268","890","3.142192","890","3.139836","890","3.139344","890","3.139252","890","3.139592","890","3.13808","890","3.140428","886","3.14056","886","3.141208","886","3.140708","887","3.142112","875","3.143864","875","3.144064","875","3.142828","875","3.14324","875","3.142936","875","3.144028","875","3.1417062","877","980"
"57","3.139544","489","3.14346","467","3.14332","489","3.139364","489","3.141148","691","3.139928","815","3.141104","815","3.140308","512","3.140928","815","3.14046","815","3.140368","815","3.141784","759","3.141772","793","3.140484","814","3.139792","796","3.142032","796","3.14056","769","3.141128","769","3.139868","735","3.144728","790","3.141196","790","3.138168","791","3.143976","790","3.139084","767","3.138548","790","3.141224","791","3.14238","790","3.140096","767","3.143088","736","3.14406","790","3.14166","767","3.142744","791","3.141688","790","3.145176","790","3.140336","790","3.140252","767","3.13938","790","3.145692","767","3.139568","790","3.141952","791","3.143088","790","3.139908","723","3.141576","790","3.14204","764","3.143612","728","3.140056","767","3.143076","790","3.14214","853","3.1432","870","3.139784","849","3.142296","870","3.13836","870","3.141368","869","3.14256","846","3.140752","844","3.14046","846","3.14012","844","3.140528","846","3.141968","849","3.141236","845","3.140768","866","3.143328","866","3.14042","866","3.143164","850","3.14274","850","3.141476","845","3.142248","866","3.141492","849","3.138592","866","3.138752","787","3.143876","785","3.140272","785","3.142148","785","3.142532","785","3.14164","785","3.1394","785","3.142364","783","3.140288","766","3.139","783","3.140924","783","3.142652","782","3.144396","783","3.142744","783","3.140668","783","3.143112","783","3.144976","783","3.139956","783","3.141052","783","3.140864","783","3.142224","783","3.140992","783","3.140892","767","3.142164","783","3.141252","782","3.141384","783","3.139156","783","3.142588","783","3.143368","782","3.142048","783","3.142052","782","3.141444399999999","782","926"
"58","3.140644","395","3.141284","817","3.142368","954","3.141676","792","3.144652","954","3.139368","741","3.141412","817","3.145596","954","3.140612","741","3.143008","954","3.144464","929","3.14242","954","3.143508","929","3.141684","954","3.14332","792","3.141964","768","3.142804","793","3.142468","792","3.142508","792","3.143808","950","3.142376","925","3.14102","926","3.141168","950","3.141516","944","3.141168","944","3.140476","945","3.140704","946","3.14272","910","3.141608","947","3.14148","945","3.139312","951","3.14326","951","3.138792","947","3.14008","946","3.142392","944","3.14616","944","3.141984","953","3.14352","945","3.142056","944","3.143712","944","3.140896","970","3.142364","951","3.14284","947","3.139804","948","3.142116","942","3.14198","949","3.140588","950","3.143404","944","3.142616","949","3.142224","940","3.139888","948","3.140548","940","3.141096","947","3.140472","946","3.141228","933","3.141816","931","3.139684","924","3.144408","935","3.145212","930","3.14328","935","3.139876","926","3.13726","934","3.141168","933","3.141624","932","3.143128","934","3.138284","934","3.140636","933","3.141416","927","3.145828","930","3.14182","933","3.14158","953","3.1435","934","3.141756","933","3.139544","931","3.142472","926","3.142676","930","3.140944","933","3.1427","933","3.140052","931","3.140188","930","3.141508","933","3.140852","933","3.144192","932","3.142664","932","3.14124","934","3.14094","933","3.142452","935","3.143028","933","3.1393","934","3.142256","929","3.141592","929","3.143416","953","3.13886","934","3.141196","931","3.14204","931","3.141976","931","3.141864","934","3.141588","932","3.14232","931","3.139916","952","3.1418118799999983","918","985"
"59","3.142852","499","3.142232","941","3.14078","942","3.145444","918","3.141692","937","3.145216","941","3.146264","918","3.14128","918","3.140568","937","3.143184","937","3.143252","936","3.143452","941","3.142344","941","3.14108","924","3.139752","928","3.142064","924","3.141388","926","3.143264","926","3.141672","926","3.142676","926","3.138872","926","3.141208","891","3.14166","926","3.144448","921","3.142308","921","3.139608","926","3.142608","920","3.142876","914","3.141052","918","3.1425","918","3.140772","918","3.141204","910","3.141016","912","3.144804","912","3.14222","912","3.141056","905","3.14154","905","3.139868","910","3.14282","910","3.14368","906","3.140756","905","3.143404","909","3.140964","908","3.142712","906","3.14126","907","3.142676","926","3.141044","926","3.144","925","3.138128","926","3.141624","926","3.1419","926","3.140592","926","3.141256","926","3.140176","907","3.1416","925","3.141764","924","3.140932","924","3.142652","924","3.139288","924","3.14352","924","3.140364","924","3.142664","924","3.142424","924","3.14196","924","3.140988","924","3.141344","924","3.140232","924","3.141648","924","3.140588","924","3.141772","905","3.14516","924","3.140852","924","3.141448","924","3.141824","924","3.13964","924","3.140728","924","3.143372","924","3.140436","924","3.142068","906","3.143396","924","3.142752","924","3.141236","923","3.141172","923","3.143564","923","3.14306","924","3.142552","924","3.141136","924","3.139644","924","3.1429","923","3.141588","924","3.142136","905","3.14162","924","3.14162","924","3.141404","923","3.143904","923","3.143336","924","3.144304","923","3.141124","924","3.143444","924","3.1379","923","3.1419012799999995","917","965"
"60","3.140808","413","3.1393","463","3.143084","463","3.144544","412","3.138268","838","3.143444","657","3.141076","809","3.141444","838","3.143308","805","3.140972","681","3.140492","710","3.139484","838","3.141228","771","3.141684","838","3.142096","805","3.139964","838","3.14152","834","3.143132","804","3.140588","767","3.144252","833","3.141836","833","3.142784","833","3.138424","834","3.141964","804","3.14144","804","3.1424","765","3.142932","804","3.139532","833","3.142164","833","3.141428","800","3.141464","833","3.140564","804","3.142044","833","3.143716","804","3.142748","833","3.14194","796","3.1403","833","3.141356","833","3.139468","833","3.141804","809","3.142328","809","3.14358","867","3.140904","800","3.142216","857","3.141444","857","3.14244","857","3.140316","890","3.1415","888","3.142208","888","3.138004","907","3.140568","887","3.14072","890","3.140372","890","3.139676","888","3.143448","888","3.14246","882","3.139924","882","3.141044","880","3.13832","889","3.140896","891","3.141368","873","3.141432","891","3.13966","874","3.142112","875","3.139848","891","3.140988","891","3.139148","891","3.142188","891","3.143112","873","3.14176","890","3.143064","890","3.140344","890","3.142692","891","3.138804","890","3.139544","873","3.140948","890","3.140816","874","3.139884","891","3.14418","890","3.14262","874","3.140724","890","3.14328","873","3.138016","890","3.1415","873","3.143648","890","3.141992","874","3.144952","872","3.137736","890","3.140216","890","3.14392","890","3.138908","890","3.137504","872","3.140348","890","3.13868","890","3.14122","890","3.141168","890","3.1416","890","3.143424","890","3.143404","872","3.141104","888","3.1413121999999998","836","957"
"61","3.140556","60","3.143644","819","3.142212","754","3.143032","814","3.139152","785","3.143152","823","3.13914","847","3.13966","848","3.139948","847","3.142016","753","3.141156","753","3.141472","792","3.142824","814","3.141796","847","3.143084","847","3.14196","873","3.14262","925","3.139684","926","3.14308","846","3.13992","926","3.139648","873","3.143188","925","3.143284","874","3.144368","873","3.141128","925","3.141724","925","3.1409","925","3.141068","845","3.141928","843","3.142052","925","3.142852","925","3.14262","925","3.1419","921","3.14364","869","3.141592","910","3.141556","909","3.139132","909","3.141248","908","3.143648","909","3.143476","909","3.144176","909","3.141804","826","3.14048","899","3.1397","899","3.14328","899","3.14358","846","3.141796","899","3.14328","899","3.143396","899","3.14228","873","3.142808","898","3.141416","898","3.140564","898","3.142336","898","3.140564","898","3.142256","899","3.1407","899","3.14324","898","3.1403","898","3.140844","898","3.138096","844","3.140116","844","3.141552","823","3.142704","844","3.142936","843","3.141176","844","3.144072","844","3.142208","819","3.141516","844","3.142288","844","3.144048","844","3.13872","843","3.141736","844","3.142576","837","3.140596","836","3.14098","832","3.142568","829","3.141136","828","3.141","829","3.143752","829","3.144208","829","3.144548","829","3.140324","828","3.14078","810","3.1417","810","3.142648","810","3.140172","810","3.140848","809","3.141536","810","3.144704","809","3.140284","809","3.141204","810","3.143308","806","3.141492","806","3.1418","806","3.140752","806","3.142464","805","3.141196","806","3.13934","806","3.140356","806","3.141773000000001","847","933"
"62","3.143176","272","3.144008","519","3.14308","687","3.145116","687","3.139616","687","3.142744","687","3.141624","687","3.139976","685","3.138436","687","3.143804","686","3.142592","686","3.140836","687","3.143576","686","3.141688","685","3.141088","661","3.140716","878","3.143036","940","3.140392","942","3.14356","940","3.144336","940","3.143136","940","3.142536","938","3.142048","938","3.143116","940","3.14318","940","3.143148","940","3.141844","937","3.140932","940","3.138728","938","3.142148","937","3.140836","940","3.144048","938","3.137656","868","3.14168","928","3.14356","930","3.143548","932","3.141236","934","3.141748","933","3.141528","934","3.141544","928","3.1432","937","3.141268","925","3.143392","932","3.14044","953","3.138756","927","3.140548","932","3.138312","953","3.14012","932","3.14292","927","3.141028","929","3.138768","929","3.143156","930","3.141256","927","3.141588","929","3.138948","928","3.141956","925","3.142868","922","3.139936","950","3.142504","949","3.141948","929","3.144216","928","3.142584","927","3.142508","945","3.143196","945","3.144012","945","3.140556","945","3.139516","945","3.14232","924","3.143232","923","3.140124","927","3.14192","929","3.139912","945","3.141208","925","3.139176","945","3.140288","927","3.1409","943","3.140676","927","3.1387","924","3.14146","942","3.14484","926","3.141924","943","3.138016","925","3.140676","913","3.142472","908","3.140824","901","3.142844","903","3.142468","919","3.142","919","3.142612","900","3.138748","903","3.142616","919","3.140684","919","3.14136","914","3.14354","905","3.140664","903","3.142128","902","3.142352","902","3.139232","902","3.141404","897","3.14124","897","3.141636600000001","885","983"
"63","3.143044","60","3.139664","534","3.14036","576","3.14016","752","3.140084","792","3.1399","534","3.140804","577","3.14094","533","3.145264","577","3.141512","576","3.140776","577","3.142112","534","3.140488","792","3.14094","747","3.142204","745","3.142032","736","3.14218","739","3.14156","616","3.142336","741","3.142112","615","3.141996","644","3.140888","744","3.1432","719","3.14298","716","3.142532","720","3.144736","719","3.142132","719","3.143184","716","3.13982","660","3.13888","720","3.141572","720","3.140792","719","3.143676","715","3.142996","715","3.143028","719","3.140648","719","3.140744","715","3.142124","713","3.142292","716","3.139648","672","3.140992","675","3.144536","675","3.143572","681","3.141368","681","3.142092","680","3.143216","644","3.140296","680","3.136636","680","3.141964","680","3.140408","680","3.142516","677","3.141884","680","3.140904","677","3.144288","865","3.13906","865","3.141132","865","3.139604","865","3.140516","847","3.142024","865","3.14482","844","3.142476","843","3.141892","847","3.139644","844","3.142324","865","3.14096","844","3.137272","847","3.138948","865","3.139344","847","3.14364","846","3.143892","846","3.142076","846","3.141032","844","3.141076","864","3.14204","847","3.141288","844","3.139988","844","3.144724","843","3.14094","843","3.141388","847","3.140204","846","3.141536","865","3.143024","843","3.138936","847","3.142756","847","3.141416","844","3.141628","864","3.143788","841","3.145156","846","3.141976","844","3.142772","846","3.14394","865","3.1421","864","3.142512","846","3.140688","864","3.140288","846","3.141084","843","3.14226","842","3.140828","864","3.141972","846","3.1406","844","3.1416257600000006","753","968"
"64","3.139008","151","3.14162","490","3.143908","616","3.141616","489","3.144092","585","3.146564","900","3.143136","900","3.143376","900","3.142572","899","3.142588","876","3.1418","900","3.140436","898","3.142744","898","3.143152","900","3.142116","900","3.139828","752","3.13968","900","3.141516","904","3.140768","900","3.144824","900","3.139364","899","3.14224","899","3.13966","880","3.140076","860","3.141436","860","3.13804","860","3.141148","859","3.139576","856","3.141248","854","3.13974","851","3.139952","821","3.138884","850","3.138268","851","3.13954","851","3.143528","851","3.142324","851","3.140584","851","3.141932","851","3.139832","844","3.142288","845","3.142276","846","3.141772","846","3.139924","845","3.140628","844","3.142672","844","3.13812","844","3.142788","844","3.14038","843","3.140712","845","3.1426","844","3.137952","845","3.142956","846","3.142508","931","3.141096","843","3.1428","843","3.14144","931","3.14272","931","3.14128","844","3.143172","844","3.143932","844","3.14096","845","3.139532","844","3.1439","845","3.145472","919","3.143508","883","3.141344","920","3.140392","920","3.141236","919","3.140036","920","3.142936","913","3.14404","913","3.142556","873","3.144256","873","3.142588","841","3.144516","839","3.142288","837","3.142952","839","3.14444","838","3.14338","840","3.143716","839","3.141224","841","3.139764","841","3.142544","839","3.140796","834","3.1425","834","3.140292","837","3.142464","838","3.141276","836","3.144612","838","3.142596","838","3.140028","831","3.144948","827","3.139304","828","3.140692","827","3.143004","828","3.142272","828","3.1421","823","3.144316","828","3.139384","828","3.142148","828","3.1417704400000006","840","996"
"65","3.141588","949","3.143908","787","3.140628","950","3.140992","950","3.143404","949","3.143024","949","3.141616","787","3.143828","948","3.140468","949","3.141668","949","3.140008","949","3.140092","949","3.143632","891","3.142192","949","3.13942","949","3.140568","918","3.144604","949","3.137428","949","3.141184","949","3.142268","949","3.139068","949","3.141556","949","3.1416","949","3.14054","918","3.13798","949","3.138448","948","3.141576","750","3.137856","950","3.142496","950","3.140856","949","3.14298","949","3.14076","949","3.143484","948","3.14098","944","3.138884","944","3.14484","944","3.141752","945","3.143124","925","3.141364","926","3.14202","926","3.14094","871","3.138164","865","3.137724","864","3.141204","860","3.142828","860","3.144904","860","3.138972","859","3.141436","859","3.14206","859","3.140176","859","3.142056","859","3.142224","856","3.143364","858","3.138836","852","3.14352","856","3.142912","857","3.144252","856","3.144904","858","3.14014","859","3.143608","858","3.140472","858","3.143396","858","3.139572","858","3.140988","858","3.13914","852","3.142492","856","3.141144","852","3.138808","855","3.140988","857","3.14248","859","3.141784","850","3.143488","858","3.13836","832","3.141544","852","3.139028","857","3.140788","852","3.13926","855","3.140784","857","3.139668","858","3.142616","856","3.141324","850","3.14466","850","3.140996","856","3.141788","851","3.141592","857","3.140148","852","3.14412","858","3.14224","858","3.142244","856","3.138444","852","3.141464","855","3.142608","858","3.139972","856","3.14122","852","3.136916","858","3.143196","856","3.140392","858","3.14298","856","3.141676","856","3.140756","856","3.141344439999999","886","958"
"66","3.141156","318","3.142036","678","3.142704","629","3.138604","606","3.140152","607","3.142916","606","3.140152","652","3.143144","629","3.143076","651","3.141388","629","3.14612","629","3.142344","582","3.143072","651","3.142392","888","3.138432","895","3.145128","775","3.140028","895","3.142256","894","3.143188","888","3.138936","888","3.141752","801","3.141444","894","3.142208","894","3.14148","741","3.142832","894","3.142828","888","3.1405","740","3.141244","905","3.139572","845","3.142532","880","3.139892","905","3.14388","877","3.140456","885","3.140208","883","3.140212","884","3.142596","904","3.142872","877","3.138708","852","3.1405","882","3.143544","882","3.143736","844","3.139668","904","3.140296","884","3.146676","884","3.142472","882","3.142216","883","3.14256","883","3.140992","884","3.139956","883","3.140488","880","3.141192","883","3.14038","880","3.14262","880","3.142864","901","3.142932","881","3.141128","880","3.140368","879","3.14268","880","3.144372","874","3.14258","894","3.142016","867","3.141056","887","3.14366","887","3.141868","886","3.141204","886","3.142716","867","3.1415","887","3.140652","886","3.143416","887","3.142568","886","3.141892","886","3.138452","886","3.140732","867","3.14178","887","3.1414","886","3.13958","886","3.140984","878","3.141472","860","3.140476","878","3.143152","878","3.14412","871","3.146112","871","3.141288","870","3.142596","871","3.14326","871","3.14316","871","3.142636","857","3.139168","857","3.1401","857","3.14204","857","3.14294","857","3.143416","856","3.144484","857","3.141588","857","3.139216","857","3.143444","857","3.1429","857","3.139796","857","3.143976","857","3.142196","849","3.1418567200000003","837","929"
"67","3.141604","548","3.140064","548","3.140944","467","3.140988","467","3.142496","465","3.144176","437","3.142008","496","3.14132","495","3.141532","930","3.139776","931","3.139872","930","3.143036","931","3.141516","930","3.141212","930","3.142008","931","3.145032","930","3.141208","891","3.141432","921","3.142856","926","3.143276","930","3.144428","928","3.138784","922","3.141384","929","3.142728","921","3.142964","928","3.1406","922","3.143132","929","3.141692","931","3.142688","928","3.143536","930","3.140756","929","3.140496","897","3.142572","928","3.137872","925","3.140888","922","3.142096","929","3.141392","928","3.140088","928","3.142552","893","3.141236","922","3.143804","925","3.141804","928","3.141012","930","3.14332","922","3.143692","928","3.140864","930","3.143292","929","3.141804","921","3.141664","911","3.14126","909","3.140172","912","3.141464","914","3.140484","911","3.140176","912","3.142408","905","3.141192","905","3.14318","931","3.14328","931","3.142436","931","3.14424","911","3.14234","911","3.138936","910","3.141032","931","3.143012","931","3.139752","931","3.140624","912","3.142776","931","3.140452","931","3.141608","902","3.141312","912","3.140348","911","3.140328","909","3.13932","908","3.14186","905","3.139976","923","3.140868","894","3.141704","890","3.140296","919","3.142188","919","3.141408","907","3.141892","907","3.143196","907","3.141568","890","3.143252","907","3.14018","907","3.140772","907","3.139132","887","3.139384","907","3.140604","907","3.143784","907","3.140684","907","3.142792","907","3.141824","907","3.141992","907","3.142796","889","3.141576","907","3.141868","907","3.140812","888","3.144936","907","3.139408","886","3.1416237999999996","882","961"
"68","3.141192","331","3.142468","717","3.142008","795","3.144024","795","3.140512","769","3.141348","734","3.144128","764","3.140112","764","3.143892","764","3.140724","764","3.142944","761","3.142188","761","3.140332","761","3.14476","761","3.14078","761","3.141288","731","3.142996","731","3.14478","761","3.14146","761","3.139756","720","3.142188","805","3.142576","839","3.140948","890","3.14462","891","3.143372","749","3.141616","749","3.145064","807","3.141796","839","3.140044","749","3.1404","807","3.14328","839","3.144332","890","3.1411","749","3.140216","749","3.141824","749","3.138936","806","3.140864","807","3.141752","876","3.140828","875","3.14114","824","3.140688","882","3.141684","883","3.143964","884","3.14016","878","3.138712","882","3.141576","882","3.139908","882","3.14384","854","3.14214","866","3.141104","864","3.13748","865","3.13956","863","3.141716","863","3.140156","864","3.144152","887","3.140244","864","3.141684","859","3.14034","864","3.141488","887","3.142052","866","3.140108","859","3.143516","864","3.138956","859","3.144504","866","3.14154","866","3.142304","866","3.1403","887","3.139428","858","3.145616","880","3.143524","846","3.141028","867","3.138608","865","3.144104","866","3.144396","865","3.139376","865","3.141564","865","3.142472","865","3.140688","864","3.142536","865","3.141056","865","3.13972","862","3.141304","862","3.142052","862","3.142648","862","3.142192","863","3.142624","862","3.140984","852","3.142616","851","3.142892","851","3.141756","851","3.144032","851","3.140216","851","3.141396","848","3.139612","847","3.14028","841","3.140904","835","3.14156","835","3.143688","835","3.142128","835","3.140224","835","3.1416968800000005","827","946"
"69","3.141764","948","3.14196","926","3.141972","921","3.140692","930","3.14246","947","3.139692","925","3.14366","894","3.139416","915","3.143928","915","3.140948","920","3.143412","925","3.141188","918","3.138664","947","3.142688","927","3.138264","930","3.1403","930","3.139708","922","3.141436","927","3.142156","923","3.14328","926","3.141724","947","3.141784","947","3.139892","947","3.143696","920","3.1426","923","3.140092","919","3.141932","921","3.143952","915","3.141452","947","3.14248","948","3.140524","923","3.144504","925","3.141892","921","3.14162","922","3.14368","927","3.139568","926","3.141708","915","3.139372","926","3.142288","947","3.143544","947","3.142124","927","3.140596","947","3.1413","924","3.144176","927","3.142672","925","3.14304","924","3.142816","925","3.140024","920","3.143456","947","3.140548","925","3.1363","947","3.143456","929","3.140456","925","3.142432","920","3.142208","926","3.141488","929","3.145424","929","3.142964","947","3.139032","918","3.145316","921","3.141856","947","3.141524","947","3.141416","924","3.14198","926","3.139732","923","3.143284","923","3.140376","925","3.142104","924","3.140396","924","3.143768","921","3.141196","925","3.142644","927","3.14142","925","3.14438","926","3.14272","947","3.141828","923","3.14206","917","3.141936","947","3.139504","947","3.141724","929","3.141096","921","3.139428","917","3.137448","916","3.143632","926","3.140996","923","3.14318","919","3.1399","926","3.14196","926","3.1413","915","3.14366","947","3.141264","916","3.143996","926","3.142192","929","3.13936","918","3.143504","920","3.14056","915","3.142696","923","3.13988","947","3.141556","929","3.140848","914","3.1417002399999996","927","948"
"70","3.144784","171","3.140284","921","3.145208","926","3.14118","921","3.142012","923","3.139892","920","3.142624","920","3.142384","921","3.13922","921","3.141196","722","3.141836","921","3.143536","924","3.14364","920","3.141744","921","3.142348","923","3.138648","920","3.143588","921","3.144876","920","3.14286","923","3.140296","923","3.139868","926","3.1413","869","3.14222","921","3.140976","923","3.138844","921","3.140176","926","3.141916","915","3.139864","887","3.143088","884","3.143436","885","3.14154","881","3.141176","886","3.14142","882","3.142476","876","3.14256","882","3.138896","886","3.140548","857","3.146836","885","3.140136","876","3.143184","884","3.138676","881","3.144628","881","3.142388","877","3.14136","884","3.14048","885","3.146224","886","3.14188","885","3.141764","877","3.140556","885","3.140724","876","3.144264","885","3.14054","877","3.143352","875","3.1439","881","3.142676","887","3.143628","877","3.141728","874","3.143184","871","3.142448","881","3.14018","882","3.142372","884","3.140804","881","3.141436","881","3.144472","878","3.143768","871","3.139168","883","3.141696","880","3.141256","877","3.141136","873","3.141916","883","3.143532","883","3.143924","879","3.140752","880","3.138516","879","3.139316","878","3.13854","869","3.14192","879","3.142496","879","3.141356","878","3.142644","879","3.14012","879","3.141404","879","3.142088","879","3.143052","880","3.141948","878","3.139716","879","3.144308","878","3.141732","877","3.141804","879","3.142608","870","3.139272","876","3.1426","876","3.139308","878","3.144884","875","3.141512","879","3.139276","878","3.14298","879","3.142048","879","3.14244","877","3.14334","870","3.1418465600000003","880","933"
"71","3.142212","239","3.141588","239","3.140696","497","3.143988","339","3.141184","573","3.141624","470","3.140372","595","3.143084","639","3.144204","548","3.143036","573","3.142632","531","3.143944","557","3.142928","578","3.139608","578","3.142792","574","3.142332","550","3.142764","571","3.142552","909","3.141884","909","3.142112","908","3.143028","912","3.140868","879","3.139344","908","3.143848","909","3.141044","908","3.138448","857","3.142852","908","3.14234","908","3.143184","908","3.139264","912","3.142436","909","3.139716","908","3.14232","908","3.142632","909","3.139328","908","3.140924","912","3.144108","912","3.14224","908","3.138916","907","3.141992","908","3.140272","908","3.137728","908","3.141092","908","3.142108","908","3.143188","908","3.143616","908","3.14092","908","3.141012","908","3.140572","908","3.142556","908","3.143832","912","3.142168","909","3.142108","909","3.140944","884","3.1452","884","3.140924","887","3.139516","884","3.1414","854","3.14264","883","3.140352","887","3.143936","883","3.14252","878","3.142976","875","3.137084","844","3.143296","872","3.142016","875","3.142012","875","3.143044","871","3.139112","875","3.1427","872","3.141896","872","3.143876","871","3.141544","845","3.142308","844","3.141316","840","3.141468","839","3.140504","838","3.144328","842","3.139548","842","3.140884","842","3.1427","842","3.141376","842","3.1418","842","3.141388","832","3.143072","836","3.141676","834","3.143296","833","3.140312","829","3.144184","833","3.141508","833","3.14246","833","3.14052","833","3.140548","833","3.14402","833","3.143304","833","3.137568","829","3.143","833","3.14","829","3.14196","830","3.144256","830","3.141818319999999","813","941"
"72","3.141268","461","3.141084","396","3.141096","459","3.14416","559","3.143212","560","3.143064","722","3.140252","584","3.141568","624","3.13994","559","3.141964","561","3.142672","559","3.140608","559","3.141788","560","3.14266","603","3.142704","601","3.140868","622","3.139936","764","3.13834","702","3.14058","785","3.145604","744","3.14232","701","3.142736","765","3.1419","764","3.143932","744","3.143552","785","3.138636","785","3.138288","765","3.14456","742","3.141792","744","3.142228","764","3.141744","763","3.142968","763","3.138504","744","3.14236","785","3.143088","743","3.142172","744","3.141916","763","3.142604","763","3.142452","785","3.14226","764","3.140996","778","3.140764","758","3.143344","797","3.140856","755","3.137932","776","3.140916","775","3.1379","776","3.141128","749","3.141","771","3.137204","770","3.139556","788","3.145448","786","3.137816","786","3.143648","766","3.141136","769","3.142088","892","3.138264","843","3.143032","862","3.140296","867","3.143168","861","3.14034","892","3.140136","865","3.1449","864","3.139552","836","3.142224","837","3.139916","837","3.138492","810","3.143692","835","3.139096","837","3.141456","838","3.142396","835","3.139292","837","3.142104","837","3.141012","835","3.142068","837","3.141348","831","3.140376","836","3.142156","835","3.144172","835","3.140904","834","3.146132","834","3.141284","834","3.141176","835","3.139784","835","3.142876","836","3.140836","835","3.141396","834","3.143164","837","3.142724","834","3.139936","831","3.1407","835","3.142688","837","3.139668","836","3.141728","835","3.141328","834","3.141644","834","3.14096","835","3.141252","834","3.139704","834","3.141428","836","3.1414591199999995","765","959"
"73","3.141744","917","3.1431","893","3.143596","917","3.138976","917","3.1429","917","3.141472","917","3.141588","917","3.14088","917","3.14228","887","3.141924","891","3.14274","917","3.140412","918","3.139456","918","3.143092","918","3.138796","917","3.142112","917","3.142364","917","3.143944","918","3.139208","917","3.140792","918","3.142048","917","3.14094","917","3.140052","883","3.143932","918","3.139932","918","3.143248","917","3.140768","895","3.143272","917","3.140384","918","3.141572","917","3.142312","917","3.14106","917","3.141456","918","3.13996","883","3.140212","918","3.143364","917","3.14396","898","3.138756","917","3.143408","918","3.142268","917","3.141584","917","3.142312","918","3.138392","917","3.141952","918","3.141332","893","3.140768","891","3.142084","918","3.140596","917","3.142572","918","3.141104","896","3.14178","917","3.143504","896","3.140992","917","3.142532","918","3.140224","918","3.142116","917","3.141576","917","3.141224","918","3.140656","918","3.143088","918","3.14444","918","3.13902","917","3.140892","917","3.141544","917","3.14344","917","3.141704","918","3.139272","886","3.142448","914","3.140688","914","3.140912","913","3.141292","913","3.143932","914","3.142216","914","3.141248","914","3.14194","913","3.143728","913","3.142156","913","3.142312","914","3.14096","913","3.14152","913","3.143396","914","3.141416","913","3.14054","913","3.1405","905","3.140692","903","3.144756","902","3.138636","903","3.140884","902","3.14224","903","3.141792","904","3.14138","903","3.142272","903","3.139568","902","3.13872","903","3.139304","902","3.142924","902","3.141652","886","3.13946","885","3.142072","886","3.138692","885","3.1415122799999993","910","919"
"74","3.145152","340","3.141368","769","3.1419","623","3.14054","699","3.142204","697","3.140452","744","3.142268","965","3.141452","741","3.142728","744","3.142868","741","3.141136","965","3.140564","741","3.136632","842","3.142976","742","3.14114","742","3.140028","744","3.140268","764","3.143288","965","3.141276","719","3.139304","792","3.144476","965","3.139436","719","3.141544","719","3.14126","820","3.143424","964","3.139456","785","3.140588","872","3.141928","764","3.139808","949","3.14022","914","3.14268","894","3.139256","914","3.145628","894","3.143192","948","3.13992","948","3.140724","948","3.141856","948","3.141788","893","3.142224","914","3.142636","888","3.13924","943","3.14104","888","3.14282","888","3.143536","942","3.14064","942","3.142064","942","3.139172","887","3.141684","942","3.13816","884","3.143208","878","3.143","942","3.137968","942","3.139232","908","3.141204","938","3.141492","939","3.1408","939","3.143636","939","3.14064","939","3.140392","938","3.141908","939","3.141236","905","3.144252","885","3.141652","939","3.142096","827","3.138676","858","3.142464","859","3.139536","858","3.14018","859","3.14192","860","3.138688","859","3.141436","848","3.140016","845","3.1441","846","3.141552","845","3.14006","845","3.141976","845","3.142028","845","3.1404","846","3.140844","846","3.142268","844","3.14124","845","3.141668","845","3.137376","841","3.141556","840","3.139136","840","3.145228","832","3.141592","827","3.138756","827","3.141652","825","3.142044","826","3.14144","826","3.140308","827","3.139224","823","3.142644","822","3.14214","823","3.143932","823","3.141304","822","3.139564","823","3.139752","823","3.14188","823","3.1412923999999998","849","973"
"75","3.140404","311","3.140968","469","3.140252","469","3.137068","332","3.14264","664","3.13912","664","3.142104","664","3.144208","664","3.143292","664","3.140724","652","3.1392","651","3.142048","675","3.137784","652","3.141716","675","3.14262","675","3.14332","652","3.142712","675","3.143604","904","3.139692","843","3.142132","903","3.139412","903","3.14294","876","3.140148","903","3.142656","843","3.141548","903","3.141332","872","3.142608","903","3.143032","893","3.139756","925","3.141812","924","3.141756","867","3.140832","924","3.141696","903","3.140932","867","3.14388","866","3.142208","895","3.14094","917","3.13974","916","3.141328","916","3.138476","916","3.14276","916","3.140752","917","3.138404","917","3.139528","916","3.141048","917","3.141924","916","3.142892","916","3.141692","916","3.143728","917","3.14368","916","3.140652","889","3.141996","916","3.143364","913","3.143356","914","3.139612","914","3.14402","914","3.13918","913","3.141088","894","3.141956","914","3.13882","913","3.144228","913","3.143704","913","3.143928","914","3.142512","913","3.140276","900","3.140812","901","3.14114","900","3.14218","900","3.140088","901","3.141312","900","3.138348","900","3.14072","901","3.139488","900","3.139356","899","3.137764","900","3.142596","901","3.14366","900","3.144312","900","3.141664","900","3.137792","900","3.142516","900","3.140644","900","3.142632","900","3.142992","900","3.137824","900","3.145148","900","3.143188","878","3.142432","900","3.138084","899","3.142544","900","3.139428","900","3.142776","881","3.141488","900","3.142608","900","3.137956","899","3.142016","893","3.140652","893","3.138448","893","3.140056","893","3.14046","893","3.1413286400000002","850","949"
"76","3.142764","348","3.143348","347","3.140212","498","3.141768","498","3.143224","423","3.140288","498","3.14216","892","3.139112","891","3.137584","890","3.143304","889","3.142704","910","3.140468","910","3.141084","910","3.145264","886","3.14326","888","3.143032","891","3.139848","891","3.143556","889","3.141112","891","3.13964","889","3.13888","863","3.141792","891","3.14394","910","3.142332","886","3.141768","854","3.142788","892","3.143","890","3.144304","891","3.140496","910","3.140308","890","3.138896","890","3.140488","890","3.140664","891","3.1435","910","3.141212","886","3.142264","885","3.143832","886","3.142024","891","3.140828","890","3.14184","909","3.140784","888","3.142544","886","3.140356","910","3.139436","892","3.140404","889","3.1406","890","3.14128","886","3.139916","885","3.14514","889","3.141056","889","3.145796","886","3.141908","888","3.142008","853","3.139688","891","3.140036","909","3.142412","892","3.140668","888","3.143544","891","3.14038","891","3.141284","909","3.142136","909","3.14336","891","3.140448","887","3.140152","909","3.143532","885","3.138932","904","3.14224","904","3.142228","904","3.141496","882","3.142592","886","3.14152","877","3.141632","877","3.139844","881","3.143828","893","3.139888","871","3.139616","884","3.13856","884","3.14148","883","3.143848","884","3.139144","884","3.139812","884","3.141172","884","3.143632","866","3.142152","884","3.1412","884","3.141176","884","3.1393","884","3.14148","884","3.140828","883","3.139804","884","3.1433","884","3.137704","864","3.141076","884","3.142696","883","3.13968","865","3.140396","883","3.140728","884","3.141148","884","3.143472","883","3.139468","884","3.14144828","861","928"
"77","3.1415","271","3.142576","656","3.142352","633","3.140504","656","3.14288","653","3.143648","653","3.141076","653","3.1441","653","3.142504","625","3.142252","653","3.141632","653","3.138196","653","3.140108","653","3.142248","620","3.141648","653","3.138744","620","3.145272","653","3.143188","653","3.1393","630","3.138772","630","3.139464","653","3.14216","653","3.14074","653","3.141628","619","3.141148","653","3.144076","653","3.141072","653","3.141616","653","3.143144","653","3.143452","859","3.141892","825","3.141412","910","3.142388","911","3.141744","911","3.142584","912","3.138784","911","3.139556","910","3.139252","910","3.143264","909","3.145488","907","3.143328","909","3.141696","908","3.142236","856","3.143288","908","3.13974","908","3.141216","909","3.142724","908","3.14048","907","3.14338","907","3.142424","908","3.140536","908","3.141432","913","3.141772","855","3.143768","909","3.141196","909","3.141596","909","3.140572","909","3.141344","913","3.140952","909","3.137136","908","3.141856","908","3.143616","907","3.140048","907","3.142348","907","3.140596","909","3.138996","909","3.141676","828","3.144632","834","3.142328","825","3.14214","831","3.142772","834","3.139144","834","3.137028","832","3.14228","834","3.141732","831","3.141624","832","3.143916","834","3.139368","834","3.142156","834","3.14258","834","3.14104","833","3.141536","825","3.140468","825","3.139868","823","3.143316","821","3.140512","820","3.144424","820","3.140772","818","3.14288","821","3.14332","820","3.142","821","3.140108","821","3.142504","819","3.144788","821","3.142732","821","3.143524","820","3.14236","820","3.139088","819","3.14018","821","3.142152","819","3.1416658799999997","798","949"
"78","3.14264","831","3.143288","918","3.14038","918","3.143588","864","3.140056","821","3.143948","854","3.142436","855","3.14228","855","3.140784","855","3.141392","855","3.143008","827","3.139704","855","3.14382","854","3.143048","866","3.141152","918","3.138988","855","3.142256","855","3.144208","855","3.141992","890","3.141652","854","3.14232","917","3.139464","854","3.142316","854","3.142272","855","3.140764","866","3.137504","890","3.14076","854","3.140084","854","3.143876","853","3.140628","855","3.141328","890","3.136248","854","3.141552","854","3.145432","853","3.140004","855","3.141916","855","3.141672","917","3.141044","854","3.139448","831","3.142588","854","3.143136","891","3.138608","853","3.14072","854","3.141872","854","3.141284","854","3.140796","866","3.14438","890","3.140368","923","3.140828","923","3.141804","906","3.139716","923","3.141312","923","3.141188","923","3.139456","892","3.142564","922","3.141096","922","3.14328","923","3.13974","923","3.142832","923","3.140988","923","3.144708","923","3.138724","922","3.144052","922","3.142868","895","3.141104","907","3.13992","923","3.143656","923","3.13998","922","3.142584","923","3.138604","923","3.141652","906","3.141444","910","3.140608","910","3.141948","910","3.142212","910","3.140256","910","3.141108","908","3.140364","909","3.142076","909","3.140952","908","3.141408","908","3.141668","909","3.14272","908","3.144832","908","3.141096","909","3.141164","908","3.139444","908","3.138444","882","3.140408","882","3.142464","859","3.140228","859","3.144696","860","3.140468","860","3.142776","859","3.142336","860","3.14248","860","3.141568","860","3.145196","859","3.143468","859","3.141596","859","3.1415508799999996","883","981"
"79","3.140384","333","3.142028","953","3.141256","886","3.138048","881","3.144164","859","3.141096","890","3.140684","881","3.141136","954","3.140076","777","3.142064","753","3.1397","953","3.139008","852","3.141732","853","3.145488","881","3.141896","853","3.142588","881","3.139876","954","3.138664","844","3.14528","913","3.138484","849","3.139716","974","3.140156","881","3.1454","887","3.14264","953","3.144088","881","3.14034","953","3.142708","885","3.1402","885","3.142744","847","3.138896","891","3.141544","973","3.140692","913","3.140156","777","3.14108","910","3.143504","949","3.142136","950","3.14168","911","3.139304","970","3.14446","883","3.140752","908","3.143","949","3.14008","918","3.142176","918","3.145268","931","3.140672","918","3.140536","951","3.137696","951","3.142404","952","3.144204","951","3.141064","951","3.140028","933","3.138372","912","3.138724","946","3.138396","927","3.143508","942","3.14112","924","3.139492","941","3.141884","941","3.141672","914","3.139864","914","3.139792","914","3.140872","914","3.142864","914","3.143912","915","3.1406","895","3.140448","896","3.138572","915","3.14248","896","3.142072","915","3.141344","895","3.140764","896","3.142168","894","3.13948","914","3.139232","914","3.139676","888","3.139392","888","3.140672","893","3.1391","894","3.142048","915","3.14332","914","3.139024","914","3.141232","914","3.1417","914","3.14608","914","3.14016","914","3.138528","914","3.14188","914","3.139828","914","3.144496","914","3.141328","914","3.140372","914","3.140832","888","3.144592","896","3.1406","895","3.140412","913","3.143332","914","3.141716","896","3.141892","895","3.141676","913","3.141728","914","3.1412622399999997","901","975"
"80","3.140572","316","3.141208","717","3.139068","764","3.14354","742","3.139448","695","3.142012","718","3.142548","741","3.144668","695","3.143352","854","3.141304","854","3.144676","718","3.143928","742","3.144228","742","3.141056","741","3.140872","854","3.14098","854","3.138568","854","3.143336","741","3.142956","718","3.141416","787","3.142948","717","3.142632","765","3.139524","854","3.14114","854","3.143536","764","3.142816","854","3.143052","943","3.13806","765","3.140528","853","3.139724","927","3.143","915","3.142328","921","3.138788","918","3.141052","922","3.140216","922","3.14172","921","3.1427","922","3.13914","922","3.139924","913","3.142528","918","3.142616","917","3.138208","915","3.142604","915","3.141204","918","3.141504","921","3.141564","921","3.14286","897","3.14316","915","3.140588","889","3.141344","896","3.140612","914","3.139156","914","3.139816","893","3.14164","892","3.1419","896","3.142156","895","3.141388","892","3.139804","895","3.142976","896","3.141712","914","3.138256","914","3.143","897","3.140496","914","3.13932","892","3.143292","914","3.14268","889","3.13992","896","3.142144","914","3.13866","914","3.141576","914","3.1405","889","3.143272","896","3.142056","889","3.142804","914","3.141352","890","3.140748","886","3.143728","890","3.140784","891","3.14218","909","3.142548","909","3.1422","909","3.142384","887","3.142928","909","3.139276","909","3.142432","909","3.142268","887","3.143252","894","3.142524","894","3.140368","872","3.142788","846","3.143048","865","3.141192","865","3.142248","864","3.140972","863","3.143756","862","3.142816","862","3.14118","862","3.143392","861","3.140556","859","3.143412","858","3.14164212","860","974"
"81","3.141612","570","3.139224","971","3.144164","971","3.142368","951","3.14198","1000","3.140912","951","3.142292","951","3.141144","1000","3.137876","971","3.13938","951","3.14344","971","3.142836","951","3.143016","930","3.142596","951","3.143328","950","3.141404","1000","3.14064","951","3.142664","970","3.139412","971","3.140264","1000","3.142404","971","3.142052","971","3.13996","1000","3.14146","1000","3.143536","971","3.142712","1000","3.142912","951","3.144584","951","3.140848","971","3.143132","970","3.143324","950","3.144736","971","3.141308","951","3.136248","970","3.142004","1000","3.140856","951","3.14114","951","3.140428","1000","3.139376","1000","3.140816","1000","3.140912","950","3.139524","971","3.142176","971","3.141224","985","3.14306","955","3.141892","955","3.140184","985","3.143276","985","3.142428","984","3.141264","985","3.143312","985","3.142436","984","3.1414","981","3.14292","980","3.138668","980","3.141816","981","3.140784","981","3.143652","981","3.141484","953","3.1397","977","3.142144","977","3.137656","977","3.143708","977","3.14212","978","3.14274","977","3.143672","977","3.13874","977","3.140568","977","3.139628","977","3.140548","977","3.139476","977","3.142016","969","3.141824","969","3.140192","969","3.140516","970","3.139824","969","3.140476","968","3.142304","969","3.140116","969","3.142576","969","3.14278","968","3.141528","968","3.143836","959","3.142684","958","3.142492","948","3.141184","949","3.14232","943","3.143652","943","3.1444","943","3.140884","943","3.143004","942","3.139576","942","3.142404","943","3.141204","943","3.1421","943","3.136532","943","3.141656","940","3.140868","936","3.142152","936","3.140124","937","3.1415272400000007","963","1002"
"82","3.143412","514","3.141808","561","3.141344","559","3.144884","651","3.140164","557","3.142132","824","3.140364","825","3.143144","825","3.141288","913","3.142284","847","3.141968","913","3.141892","847","3.142724","913","3.139616","913","3.142836","913","3.145004","913","3.139156","913","3.139768","913","3.141328","905","3.139672","905","3.137972","906","3.142948","906","3.142488","906","3.140088","906","3.14072","906","3.140268","905","3.144444","907","3.140468","906","3.144444","905","3.145472","905","3.14244","906","3.142","906","3.140208","905","3.140128","906","3.138608","906","3.141832","905","3.142416","927","3.141208","905","3.144108","905","3.142856","905","3.141268","906","3.139584","905","3.14042","905","3.142504","905","3.140468","906","3.144932","906","3.13992","905","3.141976","906","3.140956","905","3.141084","906","3.143192","906","3.141068","906","3.142368","882","3.1414","902","3.140164","903","3.140816","902","3.140988","922","3.143672","924","3.140448","920","3.142012","922","3.14114","920","3.141692","922","3.139604","923","3.14054","922","3.14096","894","3.14378","894","3.14208","894","3.142532","894","3.143528","887","3.142304","887","3.1408","887","3.140256","887","3.142884","887","3.140544","886","3.144864","869","3.140164","869","3.141284","869","3.144132","869","3.139856","869","3.141644","869","3.140768","869","3.13898","870","3.138568","869","3.140176","869","3.139376","869","3.141212","869","3.142736","869","3.141244","869","3.14176","869","3.143324","869","3.142316","869","3.141236","858","3.146156","857","3.142956","858","3.14248","858","3.142864","858","3.140272","857","3.143308","857","3.142016","858","3.142048","858","3.14167528","874","964"
"83","3.139988","553","3.14114","553","3.141032","957","3.141856","995","3.141016","995","3.145116","992","3.14328","992","3.141716","992","3.141148","992","3.140204","992","3.140564","992","3.140168","992","3.143776","955","3.140836","992","3.141112","894","3.140988","955","3.143324","955","3.141784","992","3.14242","933","3.137892","992","3.142384","954","3.138692","955","3.143692","992","3.141344","992","3.14134","984","3.14124","984","3.140832","1002","3.140512","946","3.1424","984","3.144264","984","3.13868","984","3.141464","984","3.141336","1001","3.141704","984","3.140884","947","3.141704","984","3.141084","983","3.14432","1001","3.140024","983","3.141824","964","3.143644","984","3.139672","983","3.139852","964","3.143792","946","3.138084","1001","3.139048","1001","3.142896","980","3.14462","981","3.143412","980","3.140372","998","3.140572","981","3.138608","998","3.14306","943","3.141612","980","3.144112","943","3.142552","980","3.144196","963","3.140936","981","3.141724","981","3.141856","963","3.140132","981","3.141016","981","3.143132","981","3.141116","981","3.142412","963","3.14252","963","3.140276","980","3.143372","963","3.140724","962","3.14252","981","3.140324","981","3.139088","981","3.142804","980","3.141696","981","3.138804","980","3.142028","980","3.143256","980","3.142024","981","3.141708","949","3.141804","909","3.143552","909","3.143008","890","3.139796","909","3.140976","909","3.14254","909","3.141984","891","3.140864","902","3.14446","901","3.1387","902","3.140276","902","3.140568","901","3.142908","902","3.141648","902","3.139612","901","3.141284","883","3.141824","902","3.143212","884","3.143776","901","3.141368","901","3.143336","886","3.1416015199999983","952","1015"
"84","3.141152","925","3.143112","936","3.143084","931","3.140748","925","3.141532","935","3.140772","935","3.140596","935","3.139516","930","3.140184","924","3.14122","936","3.140456","936","3.14074","931","3.140852","931","3.143576","939","3.141376","934","3.140556","935","3.142532","939","3.140148","931","3.141884","929","3.1435","930","3.141008","939","3.140684","805","3.14236","931","3.14302","931","3.143284","929","3.143316","936","3.140568","932","3.139564","928","3.142484","922","3.1433","931","3.142108","936","3.143112","931","3.14008","932","3.14016","933","3.142348","935","3.1425","921","3.137476","931","3.140028","937","3.147004","937","3.137752","926","3.142008","932","3.140308","929","3.144276","932","3.140336","922","3.140244","935","3.13896","922","3.141536","920","3.14198","926","3.143872","930","3.140076","916","3.14162","925","3.14356","930","3.139868","930","3.14118","929","3.141216","924","3.143472","910","3.141028","909","3.14234","916","3.140032","924","3.141228","917","3.139468","924","3.14012","870","3.140344","903","3.141236","903","3.140884","902","3.142316","870","3.140924","884","3.143192","902","3.141748","902","3.14324","903","3.14158","895","3.1402","895","3.143592","895","3.139632","891","3.139736","891","3.143372","891","3.141564","891","3.144224","891","3.143696","891","3.143132","889","3.14192","888","3.139496","888","3.142264","889","3.14124","889","3.141748","889","3.140952","889","3.141436","889","3.14354","888","3.138984","888","3.142824","889","3.144624","888","3.144928","889","3.141116","889","3.142092","888","3.142452","888","3.140644","886","3.139632","886","3.139868","886","3.14062","885","3.141236","885","3.1415464799999997","912","961"
"85","3.141564","262","3.139228","262","3.143796","261","3.14084","284","3.141808","284","3.139288","282","3.138868","769","3.140204","725","3.144472","563","3.138164","506","3.139632","568","3.143624","488","3.140568","487","3.14194","568","3.140948","544","3.144796","568","3.137988","881","3.140188","786","3.143048","874","3.142168","880","3.141496","880","3.142652","874","3.141712","880","3.142148","880","3.139656","785","3.139476","874","3.141096","873","3.141724","759","3.139916","880","3.140864","880","3.141608","880","3.143272","881","3.14336","874","3.141452","880","3.140012","874","3.14104","881","3.14006","793","3.143376","856","3.140524","856","3.143408","790","3.14032","855","3.141084","854","3.140884","838","3.139824","855","3.143656","835","3.143836","839","3.144376","840","3.14166","839","3.143548","855","3.142308","839","3.14168","838","3.143912","838","3.142488","855","3.141952","833","3.140616","834","3.142156","839","3.140636","838","3.141748","855","3.143064","855","3.140172","855","3.141696","833","3.1394","855","3.140884","834","3.14442","855","3.142076","834","3.140996","855","3.141708","855","3.14286","839","3.142848","855","3.143692","836","3.143048","839","3.143548","838","3.142816","840","3.142548","839","3.137708","828","3.141528","854","3.142088","855","3.143388","832","3.139908","834","3.141324","855","3.141432","835","3.140792","835","3.13912","855","3.137916","855","3.142704","855","3.141136","839","3.141008","842","3.143444","831","3.139456","831","3.142468","830","3.140432","828","3.141552","828","3.13852","827","3.14328","828","3.14162","828","3.140476","828","3.143696","827","3.142032","827","3.14256","827","3.140476","827","3.141545079999999","784","932"
"86","3.14148","912","3.140212","762","3.141328","912","3.14138","721","3.141216","916","3.139924","758","3.141268","789","3.137172","916","3.139904","916","3.143416","909","3.14018","729","3.143052","722","3.141464","789","3.142404","916","3.140768","789","3.143368","762","3.13882","912","3.140896","907","3.139452","913","3.138092","913","3.141724","913","3.141304","897","3.142312","897","3.14292","897","3.14122","897","3.143344","897","3.1418","897","3.139204","897","3.143432","896","3.143892","897","3.138116","892","3.145428","895","3.140124","897","3.139384","897","3.1419","896","3.142456","897","3.140752","897","3.140612","896","3.142108","897","3.140348","892","3.141168","833","3.138732","897","3.1411","897","3.142572","897","3.14334","896","3.142708","889","3.142932","897","3.139252","832","3.143892","895","3.14268","896","3.14434","894","3.139784","856","3.141092","858","3.141708","879","3.144268","879","3.1417","879","3.140276","858","3.142888","858","3.142804","858","3.142084","873","3.141124","874","3.140772","873","3.139292","859","3.14018","829","3.145144","856","3.138972","834","3.143244","853","3.140772","853","3.141568","851","3.141684","849","3.141848","850","3.142212","850","3.140712","849","3.142772","850","3.143256","850","3.14112","850","3.142436","849","3.14062","850","3.139072","849","3.140916","849","3.142948","848","3.138608","848","3.140304","848","3.139672","850","3.14226","849","3.142352","849","3.142088","848","3.140844","842","3.140464","842","3.139748","841","3.141256","831","3.141344","831","3.141184","828","3.143772","826","3.141576","828","3.13988","827","3.13988","827","3.140424","827","3.142276","827","3.142456","827","3.141385480000001","860","940"
"87","3.14098","521","3.141616","399","3.141408","641","3.143248","642","3.141148","958","3.142356","957","3.143076","858","3.141992","858","3.146412","957","3.142752","957","3.145516","958","3.143024","858","3.142052","957","3.142272","858","3.14104","858","3.142188","957","3.142364","958","3.141976","952","3.141576","890","3.140344","947","3.140268","972","3.142656","946","3.142348","911","3.143168","972","3.141968","946","3.143252","946","3.14298","951","3.141316","971","3.14386","950","3.140424","971","3.140852","951","3.144488","971","3.139992","971","3.138696","945","3.1416","971","3.145156","971","3.141776","946","3.14048","971","3.137308","949","3.13842","971","3.142776","953","3.145436","945","3.141164","971","3.144304","971","3.140468","971","3.14198","941","3.141792","947","3.144336","953","3.140712","971","3.141604","971","3.14144","971","3.140336","971","3.1434","968","3.142104","968","3.142036","968","3.142596","968","3.141188","948","3.139504","943","3.138784","943","3.141376","968","3.139276","968","3.140228","968","3.142052","911","3.14276","968","3.141816","944","3.141872","968","3.143008","942","3.142824","947","3.14164","948","3.141316","967","3.14248","946","3.144048","968","3.137588","944","3.137872","964","3.139444","964","3.139552","944","3.14124","964","3.140132","939","3.141088","964","3.143232","935","3.142576","964","3.141268","964","3.140928","953","3.142672","953","3.143964","935","3.145572","931","3.14222","917","3.139068","917","3.142928","916","3.140096","916","3.140104","917","3.144148","917","3.13966","916","3.140684","917","3.142768","916","3.142304","917","3.142116","917","3.14104","916","3.141524","917","3.139492","916","3.14174284","928","991"
"88","3.144712","742","3.143948","777","3.14162","777","3.139896","739","3.14422","774","3.139444","738","3.140616","773","3.143844","737","3.141016","738","3.140968","737","3.141164","773","3.144952","773","3.139672","717","3.142388","773","3.14292","773","3.142428","737","3.14258","764","3.141692","764","3.142648","764","3.141344","764","3.139608","764","3.143704","764","3.14146","728","3.14242","760","3.14286","760","3.141184","760","3.141232","932","3.138244","931","3.138952","931","3.143656","933","3.144456","901","3.142684","931","3.142136","932","3.14232","931","3.142812","933","3.142812","934","3.138548","931","3.13908","933","3.142732","932","3.143448","931","3.14116","931","3.141088","931","3.142224","933","3.141792","931","3.140792","932","3.141016","931","3.143324","913","3.14166","932","3.1434","931","3.139972","932","3.139496","904","3.142908","931","3.144164","931","3.143496","933","3.140384","911","3.142368","929","3.141512","928","3.1417","930","3.139316","906","3.143488","929","3.141236","929","3.1428","930","3.144548","928","3.141384","928","3.142068","929","3.142552","929","3.143","930","3.138384","929","3.142924","929","3.141224","908","3.142576","927","3.142108","928","3.1424","927","3.142528","927","3.142316","928","3.141904","922","3.14266","924","3.139252","925","3.138288","922","3.139716","923","3.14252","925","3.143144","924","3.143448","922","3.141128","923","3.143008","922","3.144124","923","3.14032","923","3.141068","923","3.142856","924","3.140692","923","3.140432","921","3.140916","901","3.142656","901","3.139732","901","3.140312","898","3.142816","898","3.141848","900","3.139536","900","3.141688","900","3.142868","901","3.141806599999999","879","955"
"89","3.138268","226","3.14132","855","3.143088","875","3.144252","896","3.141424","531","3.14374","531","3.141764","918","3.141108","933","3.141596","910","3.140288","933","3.141796","931","3.144216","930","3.14222","930","3.14226","929","3.1433","930","3.140036","929","3.139296","930","3.142364","930","3.14","930","3.140964","924","3.138712","924","3.142204","924","3.141012","922","3.144456","922","3.14376","896","3.141084","920","3.143828","920","3.140424","920","3.141836","920","3.143196","920","3.139616","920","3.143612","920","3.14064","920","3.143188","920","3.140692","875","3.14148","896","3.139392","920","3.140268","920","3.1417","920","3.141732","920","3.1407","920","3.139456","920","3.142788","920","3.141928","920","3.140264","920","3.141596","920","3.1425","920","3.140632","920","3.138468","920","3.141212","920","3.138012","920","3.140512","917","3.14136","904","3.14368","905","3.142956","904","3.142756","903","3.143616","905","3.140776","905","3.144544","904","3.140696","905","3.140784","905","3.138316","903","3.139992","905","3.139012","904","3.142988","905","3.143624","904","3.14004","905","3.143948","904","3.140088","905","3.141168","905","3.143884","905","3.13944","905","3.139396","904","3.142796","904","3.142648","903","3.140996","904","3.141512","903","3.142572","904","3.14098","904","3.14258","904","3.1407","894","3.1412","894","3.140644","894","3.140124","888","3.142688","887","3.142144","887","3.14012","887","3.138844","888","3.142032","888","3.141952","887","3.139432","887","3.140284","888","3.14382","887","3.14142","863","3.142956","887","3.14238","887","3.141748","887","3.142584","886","3.14272","888","3.142312","888","3.141514520000001","893","944"
"90","3.14244","623","3.143512","703","3.140324","949","3.142568","948","3.141108","949","3.140812","948","3.141056","951","3.139372","909","3.141248","913","3.14088","949","3.141852","949","3.140644","949","3.140236","953","3.142972","949","3.145168","953","3.140932","949","3.14264","949","3.14174","924","3.145248","951","3.14094","950","3.143124","924","3.138612","949","3.141672","949","3.13952","953","3.1415","949","3.142572","950","3.145032","952","3.142832","952","3.14166","951","3.144656","948","3.139864","947","3.140632","945","3.144128","947","3.142632","948","3.138404","945","3.14416","944","3.139984","945","3.1419","946","3.142424","945","3.143164","947","3.139464","945","3.142408","943","3.14246","943","3.14218","943","3.141628","946","3.140292","944","3.140752","946","3.141004","947","3.13818","946","3.14498","943","3.141124","943","3.141684","946","3.139392","946","3.144008","943","3.14042","943","3.141388","943","3.144968","943","3.140256","946","3.138824","943","3.139332","946","3.142204","945","3.142872","943","3.14136","942","3.140408","943","3.144856","946","3.14292","918","3.142216","943","3.142456","943","3.141384","942","3.141576","943","3.14124","942","3.141188","943","3.138516","942","3.139212","943","3.144068","945","3.138952","944","3.141396","911","3.141328","944","3.14182","946","3.141916","945","3.142536","943","3.142256","946","3.14002","942","3.140432","946","3.14048","941","3.14382","946","3.141328","941","3.145112","946","3.141592","943","3.141088","944","3.14018","945","3.141876","942","3.141536","943","3.142804","944","3.143172","945","3.13998","945","3.141512","945","3.141236","944","3.142688","942","3.142936","943","3.141673799999999","938","954"
"91","3.139816","36","3.142264","117","3.137216","122","3.140452","117","3.142012","461","3.139992","412","3.14118","462","3.143288","461","3.141872","713","3.13956","715","3.14112","715","3.1424","716","3.141508","715","3.1436","715","3.141624","704","3.144948","702","3.144304","704","3.139684","886","3.143292","907","3.140596","908","3.143572","908","3.140692","908","3.141588","908","3.140784","908","3.139904","878","3.13996","907","3.141828","883","3.13972","881","3.143256","907","3.140284","908","3.139464","907","3.140116","878","3.141768","907","3.14118","907","3.14418","909","3.141256","888","3.14458","907","3.143256","882","3.140912","908","3.138828","877","3.13948","908","3.143388","907","3.140048","907","3.14168","907","3.14324","908","3.144456","845","3.140604","887","3.139868","907","3.143788","887","3.14276","907","3.144216","908","3.142536","905","3.141584","906","3.143092","907","3.13838","880","3.14192","905","3.140824","907","3.142236","900","3.143596","899","3.140484","899","3.146188","895","3.139364","899","3.140348","896","3.142756","899","3.140256","898","3.142552","895","3.143192","898","3.14168","895","3.140908","896","3.14426","895","3.143064","895","3.13982","871","3.140752","869","3.14112","894","3.142196","899","3.1442","898","3.141324","899","3.13966","894","3.143216","895","3.141936","899","3.140612","899","3.141248","898","3.142068","826","3.139616","822","3.140272","826","3.141684","821","3.140968","826","3.137816","826","3.14118","822","3.141872","826","3.145244","826","3.142972","824","3.141452","826","3.143904","826","3.140888","824","3.143488","826","3.140592","825","3.14102","825","3.142152","826","3.142972","822","3.1416684799999994","817","949"
"92","3.139432","72","3.141328","639","3.141092","663","3.142488","639","3.146524","663","3.13822","616","3.138528","640","3.142056","639","3.139276","639","3.14306","663","3.139852","663","3.141396","639","3.13774","663","3.140596","639","3.14236","640","3.141276","922","3.138656","797","3.14064","925","3.1413","924","3.140128","925","3.142044","923","3.142584","924","3.142288","925","3.138008","921","3.142112","918","3.14122","921","3.137812","918","3.1397","920","3.141336","921","3.141392","919","3.141444","921","3.14158","920","3.14266","917","3.139232","918","3.142884","917","3.143088","895","3.141","918","3.138116","920","3.1421","921","3.14106","919","3.138768","920","3.1411","918","3.143668","920","3.141392","917","3.144604","918","3.143048","914","3.139216","921","3.139412","914","3.141376","918","3.143724","918","3.14392","919","3.140468","919","3.139552","917","3.143028","919","3.14092","921","3.143072","920","3.140704","921","3.1431","921","3.14186","920","3.14066","917","3.138072","883","3.143516","918","3.142812","921","3.143852","920","3.139904","916","3.142812","919","3.141372","921","3.140824","920","3.140652","918","3.143724","921","3.140204","920","3.143568","920","3.140912","917","3.142652","918","3.141192","920","3.143568","918","3.142308","920","3.14256","921","3.14036","921","3.141156","921","3.139956","921","3.142052","919","3.14376","921","3.139364","920","3.141836","921","3.141528","913","3.141512","917","3.140928","919","3.142984","917","3.13854","918","3.141488","917","3.140684","920","3.143104","916","3.140964","920","3.144544","917","3.142856","917","3.139788","919","3.142232","920","3.140368","920","3.141292","920","3.1413699999999984","870","950"
"93","3.139836","408","3.144068","499","3.143084","883","3.141956","969","3.140904","962","3.142536","940","3.141584","920","3.139324","959","3.141","959","3.14192","959","3.13836","959","3.142632","958","3.141012","953","3.141772","953","3.14194","954","3.1444","953","3.141492","954","3.139056","954","3.139652","954","3.143088","953","3.141952","953","3.14262","953","3.1418","953","3.143044","931","3.14204","953","3.143136","954","3.143772","953","3.142188","953","3.142664","953","3.140608","953","3.14146","953","3.139624","953","3.145284","911","3.145908","953","3.14256","954","3.1417","953","3.143836","948","3.14016","933","3.14272","933","3.14416","933","3.143912","933","3.141732","933","3.142536","934","3.141556","933","3.140896","933","3.141596","933","3.14134","933","3.14018","932","3.140704","932","3.140808","932","3.141012","932","3.144752","932","3.142304","932","3.142692","929","3.140884","930","3.142356","930","3.140568","929","3.141504","929","3.141068","927","3.140832","926","3.143396","927","3.143632","926","3.142144","927","3.142256","927","3.139428","917","3.141804","913","3.13908","910","3.140348","910","3.139956","908","3.142032","903","3.140088","908","3.140256","908","3.142172","908","3.142984","900","3.139956","919","3.139592","919","3.142728","917","3.13986","917","3.144596","916","3.140312","916","3.140544","897","3.141596","916","3.143988","910","3.14022","909","3.141656","907","3.140936","907","3.141092","907","3.14236","907","3.140944","907","3.140648","907","3.143504","907","3.14042","907","3.142292","897","3.142872","897","3.141052","897","3.139856","897","3.139572","897","3.1397","897","3.141976","897","3.141976","897","3.1416790800000003","919","993"
"94","3.140644","374","3.140944","443","3.141492","505","3.14122","504","3.143028","502","3.138524","502","3.141492","887","3.140096","856","3.142908","887","3.141336","889","3.140676","917","3.141276","887","3.139276","917","3.142012","795","3.137172","921","3.141744","889","3.143144","917","3.138792","887","3.14152","917","3.143368","887","3.1425","921","3.140096","855","3.139668","887","3.140112","895","3.14378","921","3.1428","829","3.143144","895","3.14294","921","3.143004","917","3.141192","825","3.141104","713","3.140728","887","3.142056","828","3.140412","921","3.142428","889","3.141284","921","3.141572","921","3.142736","920","3.142052","916","3.141188","916","3.141208","887","3.139872","916","3.141364","887","3.145112","892","3.141596","894","3.139292","881","3.141988","881","3.141012","892","3.143824","884","3.142888","884","3.143076","892","3.141032","886","3.141492","882","3.142328","884","3.140456","887","3.142464","892","3.139308","891","3.141184","885","3.13954","893","3.142372","891","3.140512","892","3.142264","890","3.140424","885","3.141684","892","3.144392","892","3.140864","887","3.142944","891","3.144012","889","3.14222","882","3.139536","888","3.141","890","3.14018","881","3.139484","889","3.14434","882","3.142696","883","3.138184","877","3.142176","890","3.13838","889","3.14108","885","3.140964","880","3.14168","887","3.139556","884","3.141968","884","3.139752","879","3.139932","871","3.141232","881","3.141088","870","3.140568","882","3.143552","883","3.142904","883","3.14192","876","3.14054","880","3.138684","869","3.139812","812","3.14214","812","3.141116","805","3.142096","797","3.144568","806","3.142772","804","3.140416","805","3.1414050000000002","855","934"
"95","3.141608","210","3.143412","942","3.142276","938","3.14008","941","3.13892","941","3.140256","905","3.142444","942","3.141848","941","3.140272","941","3.1413","941","3.141844","941","3.141548","936","3.143396","937","3.144656","940","3.14166","936","3.14042","936","3.142096","939","3.142972","938","3.14136","938","3.142552","939","3.141148","934","3.141744","939","3.13934","939","3.141724","939","3.145856","940","3.143416","940","3.141436","940","3.139448","935","3.142944","938","3.1391","940","3.141884","935","3.144396","939","3.143804","939","3.139884","935","3.145104","905","3.140688","939","3.141264","934","3.139436","939","3.143864","939","3.142516","939","3.14412","907","3.142208","939","3.14134","935","3.143192","938","3.143376","939","3.139372","937","3.1398","934","3.141344","935","3.14076","935","3.14196","938","3.139528","936","3.138696","938","3.142464","911","3.141076","939","3.144412","939","3.140372","938","3.13958","934","3.140488","938","3.1401","939","3.142328","935","3.1448","935","3.14222","930","3.141228","935","3.140084","935","3.14124","929","3.140688","930","3.143664","933","3.138116","935","3.141964","930","3.141128","935","3.140888","935","3.139428","933","3.142004","935","3.144524","935","3.14264","933","3.140396","930","3.140432","930","3.142628","933","3.140028","951","3.139336","932","3.141636","921","3.146052","927","3.141192","899","3.141764","896","3.141316","891","3.139932","896","3.139692","910","3.141896","888","3.142444","909","3.143408","890","3.1434","893","3.141912","892","3.144248","909","3.141892","893","3.143304","890","3.142552","909","3.141092","893","3.141612","890","3.14242","890","3.1394","906","3.1416903200000017","920","959"
"96","3.144432","36","3.142816","938","3.140916","936","3.14408","732","3.138896","762","3.143896","936","3.1413","902","3.142548","897","3.14306","903","3.140904","936","3.141108","937","3.139528","936","3.139076","898","3.140188","897","3.140524","938","3.140668","937","3.14112","937","3.1397","937","3.141588","910","3.141968","936","3.140568","936","3.143676","898","3.142308","705","3.141712","937","3.138128","938","3.139912","903","3.142316","916","3.139648","887","3.13998","897","3.14314","899","3.142392","897","3.140308","897","3.143784","899","3.14206","899","3.140012","897","3.142928","899","3.140564","899","3.141304","897","3.14074","889","3.140696","887","3.142748","884","3.141164","882","3.144164","849","3.140824","881","3.139948","881","3.140616","887","3.137068","887","3.141996","883","3.138868","882","3.138292","855","3.140816","882","3.144848","881","3.143264","884","3.141524","884","3.141112","884","3.141972","884","3.14048","885","3.142292","884","3.142168","887","3.139904","884","3.140512","887","3.144272","883","3.14046","881","3.13908","882","3.138428","883","3.142352","882","3.141452","885","3.14006","881","3.141776","887","3.14114","881","3.142632","887","3.143736","871","3.139984","877","3.138164","875","3.140436","874","3.139856","870","3.142828","875","3.144612","875","3.141296","874","3.140556","870","3.144348","875","3.142104","876","3.140992","876","3.142588","875","3.142792","870","3.14164","875","3.143044","875","3.1422","874","3.141108","870","3.142508","875","3.140764","874","3.141616","876","3.141788","875","3.136824","875","3.142004","874","3.141504","875","3.14426","874","3.140212","874","3.14092","874","3.141556","873","3.141369639999999","877","948"
"97","3.1409","715","3.14386","946","3.1425","945","3.138276","946","3.143336","925","3.143028","946","3.141744","925","3.142512","946","3.141296","946","3.140988","945","3.139792","946","3.138624","925","3.141248","945","3.144892","946","3.14046","945","3.145636","946","3.141604","946","3.142172","945","3.143664","966","3.144944","931","3.140616","931","3.1426","931","3.141328","931","3.139964","931","3.14472","931","3.142024","931","3.140328","931","3.139188","910","3.140304","931","3.143","930","3.141964","931","3.139624","931","3.140984","931","3.145156","931","3.14212","931","3.142856","931","3.142476","927","3.141604","927","3.141888","927","3.142492","928","3.142708","914","3.142512","913","3.140668","934","3.139748","914","3.14478","914","3.141736","906","3.1424","906","3.141472","906","3.139548","905","3.140776","906","3.142196","905","3.140412","905","3.142772","924","3.140072","924","3.144016","905","3.140976","904","3.139936","925","3.142256","904","3.141344","901","3.141232","921","3.141348","902","3.141112","921","3.140256","902","3.140172","901","3.138836","902","3.144124","902","3.142672","921","3.14458","902","3.140268","921","3.143832","902","3.141128","921","3.144896","921","3.141456","902","3.143","894","3.139332","894","3.143564","894","3.139912","894","3.142336","913","3.145596","893","3.14112","893","3.139548","893","3.143684","912","3.141076","892","3.141412","893","3.140528","893","3.137552","893","3.141792","893","3.140732","912","3.141632","886","3.14382","880","3.1403","874","3.140032","874","3.14056","873","3.142692","873","3.139916","874","3.14386","874","3.143136","873","3.14238","874","3.139248","873","3.140928","873","3.1417264000000023","912","967"
"98","3.1425","464","3.141628","465","3.14206","465","3.141424","546","3.14276","461","3.140508","461","3.139936","460","3.141464","460","3.141084","460","3.141408","456","3.143096","672","3.142088","840","3.141392","925","3.142244","948","3.142624","949","3.138672","928","3.144128","949","3.138804","949","3.1405","948","3.145376","948","3.139548","923","3.140528","949","3.139052","948","3.141604","948","3.13934","948","3.14048","948","3.138412","948","3.140804","949","3.1415","948","3.139192","948","3.14032","948","3.140368","937","3.142868","936","3.145152","938","3.141984","938","3.143388","938","3.140788","938","3.14298","937","3.140652","938","3.142696","936","3.139784","937","3.139612","936","3.142564","936","3.141668","936","3.13884","937","3.139692","912","3.14082","938","3.14104","937","3.141688","936","3.141148","936","3.14282","936","3.142824","936","3.14288","936","3.142208","937","3.140388","937","3.1408","938","3.146544","938","3.141836","936","3.14042","937","3.143512","937","3.140392","936","3.138868","936","3.1449","936","3.143","936","3.140668","936","3.138916","936","3.142976","936","3.1377","937","3.140896","937","3.141732","936","3.141944","936","3.141464","937","3.143476","936","3.142284","936","3.143336","937","3.138996","936","3.143892","936","3.14382","936","3.142412","936","3.141252","937","3.14106","936","3.139132","936","3.139924","937","3.1417","936","3.140004","937","3.142632","935","3.143256","936","3.141968","936","3.141316","937","3.144064","916","3.141988","936","3.14246","936","3.139296","936","3.143044","936","3.141348","936","3.1415","936","3.14238","936","3.140172","936","3.13942","936","3.13888","937","3.1414490799999992","887","963"
"99","3.141504","720","3.140692","507","3.141064","764","3.143768","931","3.141528","719","3.141672","909","3.144736","932","3.140176","742","3.144284","742","3.142948","940","3.145828","763","3.138196","941","3.140652","819","3.144324","957","3.14204","958","3.142004","939","3.142276","958","3.141644","939","3.141272","957","3.137584","956","3.140812","957","3.142628","936","3.142064","929","3.141308","957","3.138552","927","3.143376","957","3.142968","935","3.140336","957","3.13902","956","3.141704","956","3.140616","956","3.140752","957","3.142668","939","3.140256","934","3.140864","957","3.14348","957","3.142984","957","3.13868","957","3.142312","956","3.142448","957","3.140384","957","3.14162","957","3.139012","957","3.144372","957","3.141584","925","3.141032","957","3.137656","932","3.140376","956","3.140776","953","3.142652","926","3.13784","953","3.143724","953","3.142924","954","3.141108","953","3.145808","934","3.14108","935","3.14072","953","3.142556","929","3.14082","931","3.142552","932","3.141104","953","3.14234","933","3.142712","952","3.139712","931","3.140872","931","3.141944","952","3.143504","953","3.140364","934","3.1411","953","3.137344","953","3.144256","946","3.14076","927","3.141924","919","3.144188","924","3.1397","947","3.142556","946","3.142368","947","3.142568","947","3.141612","922","3.142428","924","3.141768","927","3.141472","947","3.141556","946","3.139348","947","3.140836","947","3.142264","946","3.143156","947","3.14088","920","3.143144","947","3.140964","947","3.141528","947","3.142928","946","3.140632","946","3.141256","946","3.140504","946","3.143468","946","3.141724","946","3.14094","946","3.139632","927","3.142568","946","3.141585399999999","926","966"
"100","3.14198","275","3.139612","534","3.142916","534","3.140648","633","3.139492","633","3.142704","626","3.140964","627","3.141156","887","3.139392","911","3.140504","910","3.143612","911","3.141708","911","3.140496","910","3.143216","911","3.144804","910","3.141412","911","3.141364","911","3.14032","909","3.140768","910","3.141896","909","3.141728","910","3.14244","910","3.140428","911","3.139888","910","3.139968","909","3.13866","887","3.142184","910","3.141776","910","3.14204","910","3.142","910","3.143856","909","3.13912","909","3.140432","910","3.143264","910","3.14244","910","3.139908","910","3.13928","816","3.13846","909","3.139672","905","3.141348","905","3.14106","904","3.139312","904","3.141436","904","3.143664","904","3.140664","904","3.138708","903","3.144652","904","3.141292","888","3.143844","872","3.142964","849","3.14226","869","3.141972","868","3.144372","869","3.140736","873","3.142672","872","3.1431","872","3.141548","873","3.142572","873","3.143184","872","3.139852","872","3.144532","872","3.141536","869","3.143276","868","3.14054","867","3.140692","866","3.141472","866","3.142648","869","3.14248","869","3.141716","860","3.143252","873","3.142328","848","3.140476","853","3.140452","873","3.139772","872","3.1448","873","3.138208","872","3.141564","873","3.140692","873","3.141312","873","3.144216","873","3.144156","856","3.146356","873","3.145412","872","3.14162","873","3.143744","873","3.14028","856","3.14082","872","3.143696","872","3.142252","872","3.138484","873","3.141404","853","3.139548","872","3.140792","872","3.140856","872","3.14224","872","3.143368","872","3.141148","872","3.139228","869","3.14114","869","3.142144","869","3.14162372","861","948"
"Averages","3.1418345199999993","449","3.141610440000002","674","3.14165356","739","3.141727840000001","732","3.141785239999998","764","3.1414118000000006","787","3.1415937200000026","818","3.1414774799999994","833","3.1416405199999997","833","3.141474","831","3.1418798399999988","849","3.1414319199999987","851","3.1415149199999983","854","3.1420044799999993","871","3.14139392","864","3.1415926400000007","876","3.14165736","886","3.1414813200000005","897","3.14164968","900","3.141760120000001","903","3.14138192","906","3.1416630400000027","908","3.14154228","904","3.141602559999999","911","3.141464560000001","913","3.141723520000001","914","3.141735239999999","913","3.1414468400000004","914","3.1417145600000023","920","3.141520799999999","926","3.1415670799999993","924","3.141694679999999","927","3.1416151600000006","922","3.1417515600000008","930","3.14141368","928","3.14168208","928","3.14146932","928","3.14151092","932","3.1414036800000016","928","3.141838679999999","927","3.1416944799999995","927","3.1414229599999994","928","3.1416854","927","3.141916079999999","930","3.141415480000001","924","3.14172412","927","3.14150796","927","3.14156968","931","3.1415362399999998","929","3.1415454799999996","925","3.1415666399999993","926","3.1416781200000004","927","3.1417785599999997","926","3.1416808000000005","929","3.1416938799999996","928","3.1418379200000017","932","3.1415944000000007","930","3.1416876800000013","930","3.1415450000000003","929","3.141716760000002","929","3.1415966799999997","928","3.141452440000001","926","3.141650600000001","926","3.1417720399999998","927","3.1416097599999997","925","3.1416367200000006","923","3.1415016","924","3.1416111200000008","923","3.141519439999998","921","3.1416693600000003","919","3.14157268","919","3.1415598399999998","916","3.1415498000000004","916","3.1416123199999992","916","3.141486200000001","916","3.1413451200000013","914","3.141912559999999","914","3.1413133599999994","913","3.1414906799999986","914","3.14176436","910","3.141580479999999","911","3.1417089200000015","911","3.1416203599999992","909","3.141803360000001","908","3.1416791600000007","907","3.141773160000001","907","3.1414594399999998","906","3.1417584799999996","905","3.1415540399999986","905","3.1416681200000003","904","3.1415600000000006","902","3.1416969199999993","902","3.1416889599999998","902","3.14151348","900","3.1417767199999997","899","3.1415767600000004","899","3.141907359999999","897","3.1414047200000006","897","3.14146144","896","3.1414612399999986","896","3.1416139491999995","896","1020"
