"Iteration Count","Job[1] Result","Job[1] Runtime (ms)","Job[2] Result","Job[2] Runtime (ms)","Job[3] Result","Job[3] Runtime (ms)","Job[4] Result","Job[4] Runtime (ms)","Job[5] Result","Job[5] Runtime (ms)","Job[6] Result","Job[6] Runtime (ms)","Job[7] Result","Job[7] Runtime (ms)","Job[8] Result","Job[8] Runtime (ms)","Job[9] Result","Job[9] Runtime (ms)","Job[10] Result","Job[10] Runtime (ms)","Job[11] Result","Job[11] Runtime (ms)","Job[12] Result","Job[12] Runtime (ms)","Job[13] Result","Job[13] Runtime (ms)","Job[14] Result","Job[14] Runtime (ms)","Job[15] Result","Job[15] Runtime (ms)","Job[16] Result","Job[16] Runtime (ms)","Job[17] Result","Job[17] Runtime (ms)","Job[18] Result","Job[18] Runtime (ms)","Job[19] Result","Job[19] Runtime (ms)","Job[20] Result","Job[20] Runtime (ms)","Job[21] Result","Job[21] Runtime (ms)","Job[22] Result","Job[22] Runtime (ms)","Job[23] Result","Job[23] Runtime (ms)","Job[24] Result","Job[24] Runtime (ms)","Job[25] Result","Job[25] Runtime (ms)","Job[26] Result","Job[26] Runtime (ms)","Job[27] Result","Job[27] Runtime (ms)","Job[28] Result","Job[28] Runtime (ms)","Job[29] Result","Job[29] Runtime (ms)","Job[30] Result","Job[30] Runtime (ms)","Job[31] Result","Job[31] Runtime (ms)","Job[32] Result","Job[32] Runtime (ms)","Job[33] Result","Job[33] Runtime (ms)","Job[34] Result","Job[34] Runtime (ms)","Job[35] Result","Job[35] Runtime (ms)","Job[36] Result","Job[36] Runtime (ms)","Job[37] Result","Job[37] Runtime (ms)","Job[38] Result","Job[38] Runtime (ms)","Job[39] Result","Job[39] Runtime (ms)","Job[40] Result","Job[40] Runtime (ms)","Job[41] Result","Job[41] Runtime (ms)","Job[42] Result","Job[42] Runtime (ms)","Job[43] Result","Job[43] Runtime (ms)","Job[44] Result","Job[44] Runtime (ms)","Job[45] Result","Job[45] Runtime (ms)","Job[46] Result","Job[46] Runtime (ms)","Job[47] Result","Job[47] Runtime (ms)","Job[48] Result","Job[48] Runtime (ms)","Job[49] Result","Job[49] Runtime (ms)","Job[50] Result","Job[50] Runtime (ms)","Job[51] Result","Job[51] Runtime (ms)","Job[52] Result","Job[52] Runtime (ms)","Job[53] Result","Job[53] Runtime (ms)","Job[54] Result","Job[54] Runtime (ms)","Job[55] Result","Job[55] Runtime (ms)","Job[56] Result","Job[56] Runtime (ms)","Job[57] Result","Job[57] Runtime (ms)","Job[58] Result","Job[58] Runtime (ms)","Job[59] Result","Job[59] Runtime (ms)","Job[60] Result","Job[60] Runtime (ms)","Job[61] Result","Job[61] Runtime (ms)","Job[62] Result","Job[62] Runtime (ms)","Job[63] Result","Job[63] Runtime (ms)","Job[64] Result","Job[64] Runtime (ms)","Job[65] Result","Job[65] Runtime (ms)","Job[66] Result","Job[66] Runtime (ms)","Job[67] Result","Job[67] Runtime (ms)","Job[68] Result","Job[68] Runtime (ms)","Job[69] Result","Job[69] Runtime (ms)","Job[70] Result","Job[70] Runtime (ms)","Job[71] Result","Job[71] Runtime (ms)","Job[72] Result","Job[72] Runtime (ms)","Job[73] Result","Job[73] Runtime (ms)","Job[74] Result","Job[74] Runtime (ms)","Job[75] Result","Job[75] Runtime (ms)","Job[76] Result","Job[76] Runtime (ms)","Job[77] Result","Job[77] Runtime (ms)","Job[78] Result","Job[78] Runtime (ms)","Job[79] Result","Job[79] Runtime (ms)","Job[80] Result","Job[80] Runtime (ms)","Job[81] Result","Job[81] Runtime (ms)","Job[82] Result","Job[82] Runtime (ms)","Job[83] Result","Job[83] Runtime (ms)","Job[84] Result","Job[84] Runtime (ms)","Job[85] Result","Job[85] Runtime (ms)","Job[86] Result","Job[86] Runtime (ms)","Job[87] Result","Job[87] Runtime (ms)","Job[88] Result","Job[88] Runtime (ms)","Job[89] Result","Job[89] Runtime (ms)","Job[90] Result","Job[90] Runtime (ms)","Job[91] Result","Job[91] Runtime (ms)","Job[92] Result","Job[92] Runtime (ms)","Job[93] Result","Job[93] Runtime (ms)","Job[94] Result","Job[94] Runtime (ms)","Job[95] Result","Job[95] Runtime (ms)","Job[96] Result","Job[96] Runtime (ms)","Job[97] Result","Job[97] Runtime (ms)","Job[98] Result","Job[98] Runtime (ms)","Job[99] Result","Job[99] Runtime (ms)","Job[100] Result","Job[100] Runtime (ms)","Average Result","Average Runtime (ms)","Total Runtime (ms)"
"1","3.143916","2230","3.142328","2197","3.138608","2141","3.140632","2083","3.142744","2210","3.139032","2206","3.14146","2184","3.142568","2134","3.142556","2134","3.142764","2130","3.141696","2109","3.141548","2108","3.141508","2035","3.140896","2061","3.140528","2061","3.141688","1984","3.139264","2061","3.13902","2083","3.139528","2104","3.142508","2060","3.139952","2083","3.141336","2082","3.140904","2032","3.144644","1956","3.139984","2007","3.14044","1983","3.14506","1957","3.143884","1984","3.143316","1935","3.139204","1983","3.142752","1984","3.143748","1984","3.13864","1983","3.1421","1934","3.141988","1983","3.14372","2005","3.143888","1955","3.141912","2005","3.147416","1982","3.1403","1982","3.138164","2005","3.141868","1955","3.142708","2005","3.142632","1982","3.141776","1981","3.144004","1981","3.1426","1981","3.140092","1973","3.144392","1981","3.140928","1981","3.143476","1960","3.14252","1977","3.14172","1955","3.14266","1906","3.141816","1977","3.142872","1977","3.140592","1936","3.141492","1936","3.14092","1937","3.141832","1936","3.144104","1936","3.139124","1936","3.14202","1914","3.144352","1936","3.141552","1936","3.142684","1936","3.13982","1905","3.139824","1904","3.139668","1905","3.145304","1905","3.141928","1905","3.14524","1905","3.140712","1905","3.14414","1905","3.141316","1904","3.142004","1904","3.139036","1904","3.140188","1903","3.141708","1904","3.142252","1903","3.142244","1904","3.140724","1904","3.143664","1903","3.140912","1904","3.140656","1903","3.144104","1904","3.14112","1904","3.140912","1903","3.141076","1902","3.139584","1903","3.14184","1902","3.13872","1903","3.139744","1902","3.14008","1903","3.1444","1903","3.14098","1881","3.14242","1881","3.140004","1880","3.141572","1880","3.140712","1880","3.1417148800000008","1976","3940"
"2","3.141296","728","3.140944","727","3.142716","676","3.142984","728","3.14716","749","3.140924","701","3.140936","701","3.141292","726","3.14188","722","3.141668","743","3.13904","686","3.140152","1063","3.140076","958","3.141248","921","3.14184","958","3.140728","958","3.139692","1168","3.14288","937","3.142148","1042","3.141064","974","3.141664","1139","3.142624","1139","3.140048","1016","3.139296","1093","3.142068","1139","3.144392","913","3.141212","1094","3.140884","1139","3.141516","1139","3.144724","1121","3.143144","1139","3.140876","1157","3.142224","1120","3.141588","1118","3.139628","1155","3.142332","1136","3.140176","1117","3.142164","1090","3.14054","1148","3.141044","1108","3.141464","1143","3.138664","1142","3.142288","1139","3.139772","1138","3.14018","1139","3.140932","1120","3.14382","1102","3.142452","1120","3.1412","1121","3.140476","1102","3.143032","1119","3.143564","1119","3.140608","1119","3.140348","1116","3.141772","1134","3.144184","1134","3.141672","1134","3.142732","1134","3.140524","1134","3.142296","1134","3.138376","1134","3.141304","1134","3.140952","1134","3.14152","1134","3.139596","1134","3.141832","1134","3.136804","1134","3.142748","1134","3.143356","1134","3.1414","1134","3.140788","1134","3.140592","1134","3.142556","1134","3.14458","1134","3.139552","1134","3.139648","1134","3.142348","1134","3.1424","1134","3.144624","1134","3.142248","1134","3.142276","1134","3.143808","1134","3.144168","1134","3.14278","1134","3.142544","1133","3.141436","1134","3.140372","1134","3.142548","1133","3.14062","1133","3.14104","1133","3.14424","1134","3.141104","1133","3.141496","1134","3.141452","1134","3.141572","1133","3.142528","1133","3.141108","1134","3.142652","1134","3.142708","1134","3.14386","1133","3.1416632800000004","1069","1275"
"3","3.139324","309","3.144176","331","3.14168","329","3.141188","515","3.14016","650","3.140624","592","3.142712","542","3.145464","589","3.142128","589","3.143608","574","3.141548","636","3.142868","703","3.140332","635","3.142428","634","3.141628","634","3.14182","702","3.14228","634","3.141988","635","3.138868","702","3.142548","635","3.141916","702","3.141436","738","3.140372","696","3.142188","858","3.141904","773","3.13922","735","3.141612","857","3.141988","992","3.141592","992","3.140788","969","3.141748","899","3.143828","968","3.1429","993","3.141156","1024","3.14142","946","3.14236","1024","3.139384","1025","3.141824","1024","3.140572","1022","3.140508","1021","3.140368","1021","3.142736","1021","3.138848","1022","3.143692","1020","3.144772","1021","3.13996","1021","3.139748","1021","3.140488","1021","3.140004","1020","3.140512","1021","3.1418","1021","3.141876","1021","3.143688","1021","3.14296","1020","3.143696","1021","3.1423","1020","3.141632","1021","3.142252","1020","3.141784","1020","3.139804","1020","3.141908","1021","3.144096","1020","3.140848","1021","3.142","1019","3.140048","1021","3.141652","1020","3.14236","1021","3.141052","1020","3.141972","1020","3.144928","1020","3.141508","1020","3.141164","1019","3.142516","1021","3.142176","1020","3.141576","1020","3.143332","1021","3.140608","1020","3.142188","1021","3.142584","1020","3.142244","1020","3.139944","1019","3.139976","1020","3.140996","1020","3.14136","1020","3.142008","1020","3.139632","1020","3.144008","1021","3.145224","1020","3.14298","1020","3.140552","1021","3.139824","1020","3.142088","1021","3.143224","1019","3.142204","1020","3.143284","1019","3.141608","1018","3.143496","1017","3.14466","1016","3.144972","1015","3.140464","1016","3.141822719999999","910","1083"
"4","3.140988","1094","3.141112","1114","3.140788","1113","3.141604","1114","3.14168","1114","3.142116","1114","3.140708","1095","3.140008","1114","3.14072","1113","3.141588","1114","3.142972","1114","3.140456","1113","3.14278","1114","3.143012","1113","3.140628","1114","3.140588","1114","3.139696","1094","3.14206","1113","3.143504","1094","3.142284","1114","3.140844","1113","3.1407","1114","3.139796","1095","3.143192","1113","3.140512","1114","3.140092","1113","3.138976","1114","3.143428","1114","3.142752","1113","3.139476","1113","3.139496","1113","3.142056","1114","3.14098","1113","3.14408","1094","3.14052","1114","3.14392","1095","3.141792","1113","3.140876","1113","3.14278","1113","3.14334","1113","3.145108","1113","3.1412","1095","3.14064","1113","3.142532","1094","3.140936","1095","3.141396","1113","3.140672","1113","3.139824","1113","3.143912","1110","3.141724","1110","3.141856","1104","3.138676","1104","3.140732","1104","3.140692","1102","3.143532","1100","3.142196","1100","3.139032","1100","3.141764","1100","3.142268","1100","3.142864","1100","3.139888","1100","3.139644","1100","3.14122","1099","3.13946","1099","3.143144","1080","3.141452","1100","3.1436","1099","3.1445","1099","3.142108","1098","3.141992","1099","3.143172","1098","3.142108","1099","3.142344","1098","3.141748","1098","3.141324","1099","3.142464","1098","3.139048","1079","3.139412","1098","3.142496","1095","3.143724","1096","3.139904","1095","3.14096","1095","3.140432","1095","3.140324","1095","3.141768","1095","3.142036","1095","3.141292","1095","3.140524","1095","3.139616","1095","3.141628","1095","3.140488","1095","3.142072","1095","3.1388","1095","3.142492","1095","3.141976","1095","3.141316","1089","3.138792","1089","3.141784","1089","3.142196","1077","3.143484","1077","3.14147188","1102","1115"
"5","3.140892","71","3.140688","320","3.143532","319","3.1395","1016","3.14116","1023","3.137812","1017","3.140776","1017","3.143508","1018","3.142736","994","3.140944","966","3.141084","1017","3.142992","1017","3.1438","1016","3.144412","991","3.139356","1017","3.143836","1016","3.139636","1016","3.139044","1016","3.13816","1016","3.141344","1021","3.141544","1015","3.1432","1021","3.141168","1016","3.14196","1020","3.142404","993","3.142536","1012","3.141112","1020","3.14212","1012","3.142304","1013","3.141148","1017","3.14358","1013","3.144164","1018","3.142892","1015","3.14274","1013","3.14028","1012","3.140084","993","3.14022","1019","3.141152","993","3.146148","1019","3.142328","1013","3.142668","1017","3.1432","1012","3.14134","1017","3.141116","1013","3.146308","1014","3.140008","1014","3.138252","1014","3.143836","1014","3.137004","1013","3.139268","1012","3.141804","1017","3.142672","993","3.139636","1017","3.144996","1017","3.141496","1011","3.144744","1012","3.14044","1014","3.139264","1011","3.141624","1016","3.141876","1018","3.140608","1013","3.142612","1018","3.1414","1013","3.14128","1012","3.145356","1013","3.138856","1012","3.142584","1014","3.14352","1012","3.142608","1012","3.142252","1012","3.142952","1018","3.143724","1013","3.140364","1019","3.142764","1012","3.143696","1013","3.139028","1012","3.141772","1012","3.1395","1017","3.141604","1012","3.141036","1017","3.139528","1012","3.142832","1002","3.14234","1002","3.142328","1001","3.141932","997","3.143108","1001","3.1428","1003","3.141944","1003","3.14198","1002","3.142208","1001","3.141616","996","3.142724","998","3.14256","999","3.14172","994","3.141692","1000","3.142792","999","3.139824","998","3.14342","997","3.142472","999","3.14186","994","3.1417904400000003","986","1026"
"6","3.141592","418","3.145632","517","3.142508","417","3.141564","493","3.142648","571","3.142244","517","3.140548","517","3.139756","517","3.143176","492","3.141452","571","3.145804","548","3.141836","570","3.13954","516","3.141616","927","3.13816","698","3.13804","927","3.14084","927","3.137084","896","3.141556","927","3.142396","678","3.1414","896","3.140908","722","3.143188","722","3.14114","678","3.14502","926","3.139996","926","3.141564","796","3.139828","909","3.141312","881","3.141044","883","3.13806","883","3.139568","881","3.143964","883","3.142248","883","3.14146","879","3.139692","878","3.143236","877","3.140912","880","3.141728","879","3.139276","879","3.144936","879","3.14138","880","3.141432","878","3.142128","879","3.142032","879","3.14186","877","3.142332","878","3.140488","844","3.140516","879","3.143228","878","3.141992","879","3.141436","876","3.140904","879","3.139968","878","3.140808","876","3.139684","876","3.140856","875","3.139604","878","3.140352","876","3.143044","877","3.141632","878","3.138684","878","3.141508","879","3.143664","875","3.14486","876","3.142272","878","3.141636","877","3.139772","877","3.143008","875","3.14364","875","3.140948","876","3.141684","876","3.14218","875","3.14456","876","3.139956","876","3.137444","876","3.139028","876","3.14114","873","3.138164","876","3.141268","874","3.14126","872","3.141596","873","3.138432","872","3.14502","871","3.142328","873","3.139984","873","3.141848","872","3.143536","873","3.139036","874","3.141624","870","3.144048","872","3.139136","873","3.140176","871","3.143804","860","3.14176","859","3.141452","859","3.140176","859","3.141428","859","3.13918","857","3.143352","859","3.1413873999999993","821","939"
"7","3.141812","412","3.140416","523","3.13862","462","3.141972","462","3.140488","630","3.139764","991","3.13968","992","3.141472","992","3.141448","992","3.143608","992","3.143852","991","3.14248","992","3.1425","992","3.14324","992","3.139424","991","3.140744","992","3.139944","973","3.144808","992","3.139172","973","3.14036","992","3.143772","991","3.142164","928","3.144072","990","3.14104","992","3.142288","951","3.140168","992","3.140472","972","3.140468","972","3.144084","991","3.140416","991","3.138664","991","3.142992","991","3.14286","991","3.142332","992","3.141888","991","3.139584","991","3.141548","991","3.142492","992","3.143016","991","3.141212","992","3.141264","991","3.140156","991","3.140504","971","3.143528","988","3.142528","984","3.139624","984","3.142804","944","3.140524","984","3.14246","984","3.142068","984","3.14034","984","3.14254","984","3.13958","984","3.140316","985","3.140696","984","3.1426","984","3.143316","984","3.142296","983","3.14362","983","3.1403","984","3.139624","983","3.142532","949","3.141356","948","3.142392","948","3.14352","948","3.13994","948","3.139912","926","3.13996","926","3.143732","926","3.141372","925","3.1417","921","3.143644","920","3.14072","921","3.138404","920","3.140136","920","3.142264","920","3.13876","920","3.14182","920","3.141388","920","3.14212","938","3.1435","920","3.14452","920","3.1392","920","3.1433","920","3.141332","920","3.140848","920","3.142956","919","3.144024","919","3.140972","913","3.141868","904","3.1414","918","3.144072","909","3.142","906","3.1393","888","3.140964","906","3.14084","905","3.14146","905","3.143384","905","3.144204","887","3.142936","887","3.1416077599999994","934","1016"
"8","3.139372","659","3.140412","532","3.142656","702","3.141856","808","3.141608","679","3.141836","944","3.142224","723","3.139156","679","3.14402","679","3.145312","915","3.140684","915","3.143292","723","3.143192","679","3.143276","679","3.14304","914","3.141436","922","3.1368","921","3.140524","931","3.13928","932","3.141648","932","3.138696","931","3.144696","932","3.142568","932","3.144048","932","3.145952","932","3.14376","931","3.142032","932","3.141276","931","3.14294","931","3.142696","931","3.143292","931","3.13814","931","3.143204","930","3.140588","933","3.13934","930","3.141952","932","3.141124","931","3.142432","932","3.14222","930","3.14382","931","3.143592","931","3.142008","930","3.141956","931","3.140856","932","3.143264","906","3.141972","930","3.1422","931","3.14374","931","3.139276","931","3.14066","931","3.137268","931","3.139152","931","3.143616","932","3.141476","931","3.143008","931","3.139276","903","3.143056","931","3.144804","930","3.142996","931","3.14052","931","3.141192","931","3.14162","931","3.140404","931","3.142588","932","3.139468","931","3.13912","932","3.1406","930","3.142208","905","3.140608","931","3.142092","931","3.139332","931","3.139908","931","3.142404","931","3.139072","930","3.143412","932","3.139068","931","3.141316","931","3.140836","932","3.13986","930","3.141808","899","3.141824","929","3.142296","931","3.13954","932","3.141924","932","3.14046","931","3.141396","931","3.140292","931","3.141068","930","3.141108","932","3.141704","930","3.141752","932","3.142584","930","3.141336","929","3.13978","922","3.142176","920","3.14164","921","3.141004","895","3.143756","920","3.14372","920","3.140832","920","3.1415820400000003","901","948"
"9","3.139732","320","3.142924","766","3.14154","461","3.141696","667","3.141692","718","3.141108","741","3.141248","719","3.139316","826","3.139836","741","3.140688","742","3.14116","741","3.140072","719","3.142588","696","3.143904","741","3.14324","741","3.141352","719","3.142964","772","3.139984","750","3.139072","792","3.139468","750","3.140756","812","3.14362","792","3.143192","857","3.143692","832","3.139168","812","3.139788","768","3.141824","855","3.140428","829","3.142092","915","3.13898","854","3.141848","917","3.141192","912","3.143056","886","3.139968","912","3.141728","872","3.142528","913","3.14414","911","3.1428","854","3.140716","912","3.143888","912","3.14046","911","3.143272","911","3.143096","873","3.139972","871","3.140756","886","3.139492","910","3.142644","913","3.142276","913","3.142432","870","3.14218","879","3.141172","911","3.141348","900","3.13992","874","3.14222","865","3.14462","867","3.14264","865","3.14462","902","3.14238","856","3.142","878","3.14248","879","3.137864","859","3.1443","879","3.141196","878","3.140324","879","3.14222","880","3.141148","877","3.14028","879","3.142248","876","3.140744","879","3.142868","880","3.139244","879","3.142312","879","3.14358","879","3.141108","877","3.140716","878","3.141732","880","3.141676","879","3.13992","880","3.143892","878","3.142996","878","3.140648","878","3.13998","879","3.14158","879","3.141968","879","3.143744","880","3.140456","879","3.141772","878","3.140288","879","3.144344","877","3.139576","879","3.142556","879","3.13864","879","3.14106","878","3.146568","879","3.140268","879","3.1424","879","3.14234","878","3.143084","878","3.144156","878","3.141972","878","3.141667359999999","843","960"
"10","3.139752","224","3.140628","224","3.141808","943","3.141364","756","3.142312","944","3.138936","943","3.142604","942","3.142916","942","3.143304","942","3.14042","944","3.142788","836","3.141568","942","3.14274","942","3.13984","783","3.144984","943","3.142236","942","3.141776","942","3.140388","756","3.1407","943","3.143656","943","3.142876","943","3.140612","835","3.141096","942","3.141992","943","3.140428","943","3.144612","835","3.1413","943","3.144588","942","3.13984","836","3.140088","943","3.142028","942","3.14398","928","3.140756","916","3.141776","916","3.141096","938","3.144564","911","3.142604","933","3.140364","933","3.141464","938","3.143344","933","3.14148","909","3.13928","938","3.144464","912","3.139232","933","3.144736","910","3.141076","938","3.140612","909","3.1412","908","3.141576","933","3.14064","933","3.142836","933","3.142012","938","3.138696","933","3.143432","912","3.14142","938","3.143228","933","3.145068","913","3.143324","934","3.141944","929","3.138728","933","3.13962","929","3.141252","934","3.143096","906","3.145148","929","3.140128","904","3.140836","934","3.140228","929","3.144716","908","3.139796","933","3.141472","933","3.14352","929","3.141696","929","3.142596","929","3.143408","907","3.142752","929","3.139224","906","3.140116","929","3.14206","925","3.142648","930","3.14238","930","3.141448","925","3.141508","905","3.1391","904","3.14002","926","3.142856","925","3.140652","925","3.139684","930","3.142136","930","3.139252","925","3.140216","930","3.141212","930","3.14418","925","3.143684","905","3.141996","925","3.140476","925","3.140904","929","3.142844","925","3.14402","930","3.142724","929","3.1435","925","3.1417821599999995","906","978"
"11","3.141608","806","3.14278","718","3.140788","717","3.144336","742","3.1421","767","3.139984","868","3.140768","948","3.142676","948","3.143316","866","3.141264","926","3.142832","949","3.143448","949","3.1386","949","3.144944","948","3.14024","949","3.142416","887","3.142708","927","3.143348","985","3.142432","946","3.138204","967","3.14242","966","3.141672","946","3.139888","981","3.139008","981","3.14178","963","3.13962","981","3.139932","963","3.142056","963","3.14038","963","3.141756","981","3.140528","981","3.1395","981","3.14222","981","3.141272","943","3.143192","963","3.142064","963","3.142424","963","3.141648","961","3.140384","962","3.142256","962","3.142372","981","3.141104","981","3.142948","981","3.139676","962","3.14012","978","3.143856","978","3.144196","958","3.141132","960","3.1386","959","3.142336","978","3.142756","978","3.141356","959","3.144028","977","3.141048","973","3.138468","973","3.140996","973","3.14086","973","3.139552","973","3.141432","973","3.143292","973","3.14204","973","3.142508","973","3.142992","973","3.140496","967","3.14176","967","3.139476","955","3.138328","955","3.140368","955","3.141688","955","3.139272","956","3.141048","956","3.140396","955","3.140452","955","3.14148","955","3.140844","955","3.138592","955","3.143516","955","3.141592","953","3.14164","954","3.142028","930","3.139384","931","3.145516","930","3.142484","921","3.144604","922","3.14068","922","3.142516","922","3.143884","922","3.142156","922","3.139892","921","3.141012","922","3.139632","921","3.13922","921","3.141784","921","3.138008","921","3.141324","921","3.140708","921","3.14152","891","3.143524","890","3.141932","890","3.140836","890","3.1414405200000006","940","991"
"12","3.140832","453","3.141072","772","3.140536","798","3.14244","772","3.143604","798","3.144124","772","3.142508","798","3.142192","772","3.139708","748","3.1397","798","3.141632","748","3.14388","798","3.144044","748","3.142716","726","3.14218","798","3.140596","797","3.138932","762","3.140452","739","3.140884","762","3.141692","788","3.142012","780","3.140248","754","3.139912","779","3.142992","775","3.141224","774","3.140572","749","3.142328","774","3.141664","771","3.142464","839","3.139184","795","3.140088","795","3.142048","839","3.14302","839","3.141412","876","3.142008","856","3.14054","878","3.142728","895","3.144296","895","3.140888","895","3.140732","895","3.139004","919","3.140812","919","3.142812","919","3.142252","919","3.14028","895","3.141572","919","3.142052","919","3.142712","918","3.142072","918","3.141228","919","3.142","918","3.139932","918","3.139856","920","3.144608","918","3.144732","918","3.141752","896","3.1388","919","3.14216","918","3.139936","895","3.141468","918","3.140968","894","3.140704","919","3.139624","918","3.141344","895","3.13892","894","3.141132","918","3.140192","894","3.142244","893","3.142952","897","3.141044","896","3.143904","896","3.14422","886","3.144324","898","3.142656","890","3.139308","893","3.143028","896","3.14008","897","3.142948","894","3.140204","885","3.140276","884","3.142636","882","3.13838","883","3.14046","882","3.142408","880","3.14176","884","3.14386","884","3.140368","884","3.142212","884","3.142648","884","3.14324","884","3.14252","881","3.143036","879","3.142052","883","3.139088","883","3.140132","882","3.140604","884","3.137952","880","3.144984","882","3.13918","883","3.142168","884","3.1415388400000013","854","966"
"13","3.141092","355","3.14162","842","3.137028","842","3.141696","774","3.142312","899","3.142072","774","3.141464","773","3.14334","835","3.140752","835","3.144224","835","3.142188","835","3.142312","835","3.140416","767","3.141028","835","3.1392","835","3.143164","827","3.141716","759","3.139928","827","3.141092","827","3.138572","827","3.14148","803","3.14024","844","3.14414","843","3.143408","751","3.141928","819","3.140748","819","3.142392","795","3.1396","819","3.142268","819","3.142808","840","3.139392","840","3.146692","819","3.145676","775","3.143612","837","3.144592","816","3.142628","837","3.142048","824","3.139464","823","3.139212","757","3.142268","858","3.14068","926","3.141936","904","3.140848","858","3.141048","862","3.140004","859","3.142976","925","3.141288","904","3.141784","925","3.142552","904","3.14258","925","3.142732","904","3.142076","925","3.13922","873","3.143696","836","3.141148","870","3.140908","870","3.142676","874","3.1407","894","3.13996","870","3.1429","829","3.141212","870","3.142596","875","3.142404","873","3.143108","860","3.140484","863","3.139424","860","3.143652","884","3.141548","863","3.140724","879","3.142868","879","3.13972","879","3.14202","879","3.137628","881","3.141328","879","3.14418","879","3.14146","854","3.142992","879","3.142604","879","3.139396","879","3.139156","876","3.142984","871","3.143376","871","3.144408","871","3.141888","869","3.14124","869","3.142844","864","3.14244","865","3.14166","864","3.142716","865","3.144448","864","3.142868","864","3.137928","854","3.143288","855","3.1401","854","3.145156","855","3.140712","850","3.140632","850","3.141784","850","3.143848","850","3.140424","850","3.14174772","846","970"
"14","3.140192","25","3.140436","933","3.14186","910","3.145072","908","3.142188","910","3.142112","881","3.14358","934","3.14082","909","3.143872","934","3.137068","933","3.142172","907","3.14334","933","3.141664","910","3.138588","933","3.14168","933","3.14356","907","3.142688","933","3.141032","934","3.142048","933","3.13976","933","3.14104","933","3.14138","933","3.143396","932","3.140516","909","3.140172","933","3.142252","933","3.142172","933","3.14216","933","3.142576","910","3.142972","933","3.141604","933","3.143412","909","3.140412","932","3.143564","933","3.144268","933","3.142032","909","3.142952","933","3.141744","906","3.143364","933","3.141096","907","3.142996","880","3.141224","907","3.1385","933","3.141636","909","3.142168","932","3.1438","933","3.140616","907","3.14124","908","3.14098","932","3.141044","933","3.14346","932","3.142288","932","3.14348","933","3.142676","906","3.143604","908","3.139136","933","3.142224","906","3.142588","932","3.141188","906","3.140168","907","3.145616","932","3.141788","908","3.142308","910","3.144088","932","3.14368","908","3.14046","908","3.142484","908","3.141284","908","3.13914","908","3.140104","908","3.14108","888","3.142988","876","3.14306","899","3.143004","895","3.141584","894","3.143916","889","3.141724","859","3.141604","857","3.14476","834","3.143336","858","3.144332","857","3.139892","857","3.141268","855","3.143964","854","3.141812","850","3.14246","843","3.142252","832","3.140976","832","3.14282","832","3.142344","831","3.143452","832","3.14426","831","3.139976","831","3.144004","831","3.13912","831","3.141416","827","3.13948","827","3.13868","827","3.141016","827","3.139456","822","3.1419281999999993","890","935"
"15","3.142084","536","3.141416","968","3.141472","1012","3.141952","988","3.141064","946","3.14176","988","3.139028","919","3.141984","855","3.138308","946","3.139608","1030","3.141004","1030","3.140136","965","3.141284","1009","3.142008","1008","3.140516","1029","3.14142","1030","3.14202","1030","3.141528","1008","3.143604","1029","3.142212","1008","3.141588","1008","3.140708","1008","3.140124","1029","3.143144","1025","3.142896","1025","3.144732","1025","3.140412","1026","3.143072","1026","3.139084","1025","3.143128","1025","3.143568","1026","3.142376","1026","3.140464","1026","3.14138","1026","3.1431","1025","3.141964","1025","3.143576","1025","3.142624","1025","3.13892","1026","3.138912","1025","3.142532","1025","3.142364","1025","3.13832","1026","3.14336","1004","3.144176","1026","3.140748","1025","3.142168","1025","3.143704","1025","3.140728","1026","3.141452","1025","3.139284","1025","3.141224","1020","3.144148","1020","3.143684","1020","3.141228","999","3.140784","1020","3.144492","1020","3.140496","1020","3.140428","1020","3.140212","1021","3.13958","1019","3.142256","999","3.142868","1020","3.142956","999","3.142944","1020","3.14022","1020","3.139852","1020","3.143724","1019","3.142116","1020","3.145876","1019","3.1411","1020","3.142884","1020","3.141568","1020","3.140544","1020","3.14256","1020","3.140016","1020","3.142776","1021","3.142992","1021","3.137572","1020","3.143172","1020","3.143884","1020","3.141404","1020","3.142332","1020","3.142428","1020","3.140148","1019","3.138232","1020","3.144996","1020","3.14316","1019","3.1408","1019","3.14198","1020","3.14228","1020","3.141184","1019","3.1413","1020","3.141944","1020","3.143148","1020","3.139208","1020","3.140748","1019","3.141552","1020","3.142312","1020","3.13988","1019","3.1416620800000006","1009","1034"
"16","3.141256","234","3.143228","233","3.143388","233","3.141812","214","3.141864","233","3.144176","970","3.142152","867","3.137436","867","3.142076","744","3.138716","971","3.141216","867","3.145184","665","3.143824","970","3.142152","970","3.140056","688","3.141628","970","3.143528","909","3.141608","970","3.142124","970","3.140376","951","3.139212","949","3.140748","943","3.138616","943","3.142056","962","3.141428","943","3.141708","943","3.13786","943","3.141336","943","3.143988","943","3.141212","943","3.141232","961","3.142236","943","3.142568","923","3.141496","923","3.13936","923","3.143908","941","3.143988","920","3.141488","937","3.142012","937","3.141156","937","3.141124","937","3.139408","937","3.141116","920","3.142176","919","3.141136","937","3.143868","937","3.143396","937","3.14274","937","3.143196","937","3.141528","936","3.14072","937","3.144144","936","3.143796","919","3.143024","918","3.141856","917","3.141652","917","3.141756","917","3.141564","935","3.144216","917","3.140856","918","3.140552","918","3.140324","918","3.144492","917","3.143628","918","3.141396","918","3.1413","917","3.140004","918","3.140736","918","3.142608","918","3.138012","917","3.142896","918","3.143016","915","3.142464","915","3.139252","931","3.13874","915","3.142548","926","3.14062","910","3.144368","926","3.139872","909","3.143056","910","3.138472","926","3.13946","909","3.141812","926","3.13906","926","3.139156","909","3.140812","898","3.142884","915","3.143408","915","3.142604","908","3.142048","905","3.139872","905","3.141112","888","3.144192","905","3.138588","888","3.13908","905","3.140156","900","3.141644","900","3.14122","900","3.141708","883","3.141408","896","3.1415725999999995","883","1010"
"17","3.139892","949","3.140376","947","3.139908","947","3.1414","949","3.141328","946","3.142136","948","3.143068","947","3.14132","946","3.139996","949","3.141612","947","3.143056","947","3.137748","948","3.14272","947","3.141108","948","3.142056","947","3.140436","949","3.143976","946","3.139796","948","3.146024","947","3.140712","947","3.143984","947","3.141456","949","3.143192","947","3.144612","946","3.141636","947","3.139928","946","3.140684","946","3.1431","946","3.141952","947","3.142176","947","3.141944","947","3.141536","946","3.143172","948","3.142432","946","3.142864","946","3.143332","949","3.141112","947","3.143504","947","3.13964","946","3.139948","946","3.140648","946","3.140624","947","3.13888","947","3.1382","945","3.140184","947","3.140776","946","3.14132","948","3.140516","947","3.142328","947","3.142112","927","3.142352","947","3.141604","947","3.143312","946","3.138716","947","3.1409","946","3.139844","946","3.141024","948","3.14142","947","3.141144","945","3.143596","927","3.144072","946","3.142736","947","3.140204","948","3.140472","946","3.143896","948","3.14168","949","3.14314","947","3.142648","946","3.145208","946","3.140104","947","3.143604","947","3.14158","946","3.139248","947","3.143812","947","3.143368","946","3.143352","945","3.143868","948","3.144304","946","3.144412","949","3.143684","949","3.141236","946","3.141332","946","3.138484","945","3.139204","947","3.141508","947","3.141764","948","3.13904","946","3.14186","947","3.139024","947","3.141812","893","3.140788","948","3.141776","945","3.143508","948","3.139496","946","3.142928","947","3.140416","921","3.141088","919","3.138516","946","3.14146","945","3.140572","946","3.1416157600000014","945","949"
"18","3.14208","58","3.142736","830","3.142136","920","3.143304","830","3.141628","830","3.143232","798","3.1437","830","3.138472","798","3.142632","769","3.142948","769","3.139336","864","3.141536","798","3.143836","799","3.141492","769","3.13994","774","3.1438","920","3.141248","747","3.143032","919","3.140232","774","3.141148","798","3.142708","806","3.14292","830","3.141424","774","3.141804","769","3.140604","898","3.142464","769","3.140712","830","3.141516","918","3.140504","877","3.140256","899","3.141748","913","3.142932","913","3.139972","872","3.142228","838","3.141156","894","3.141548","913","3.140184","894","3.141552","893","3.13862","893","3.14104","893","3.14376","913","3.140032","894","3.143516","872","3.14036","857","3.140416","897","3.14048","897","3.142568","897","3.143256","877","3.142056","854","3.141628","854","3.141412","874","3.140948","833","3.143336","874","3.141512","854","3.141748","874","3.143444","854","3.14144","834","3.1426","874","3.141932","874","3.140708","847","3.14122","855","3.14018","855","3.140448","855","3.1448","854","3.1422","855","3.140796","835","3.142212","852","3.142228","851","3.139468","851","3.13996","851","3.14146","851","3.142452","850","3.139448","850","3.142724","850","3.139856","844","3.141972","844","3.139908","844","3.142084","837","3.141056","837","3.14332","836","3.143904","837","3.142724","836","3.142028","837","3.14024","836","3.140728","836","3.141056","835","3.142596","837","3.145332","836","3.14196","836","3.140796","835","3.142468","837","3.1433","836","3.142508","836","3.142464","836","3.139916","836","3.140252","837","3.141996","836","3.140672","835","3.139596","836","3.141636","836","3.1416547599999998","839","941"
"19","3.143744","906","3.142476","906","3.141844","905","3.139348","911","3.141984","906","3.142704","905","3.14228","905","3.140816","882","3.143464","905","3.138952","906","3.142024","640","3.14308","908","3.142248","906","3.13906","905","3.141732","908","3.142604","905","3.140964","876","3.140684","905","3.14062","755","3.140952","890","3.143916","896","3.139784","895","3.141472","889","3.140516","895","3.142536","896","3.143028","895","3.143172","892","3.141484","896","3.14116","893","3.143004","892","3.142316","896","3.144328","886","3.141384","886","3.143912","886","3.140444","886","3.144484","898","3.142456","896","3.141216","896","3.143068","898","3.140204","896","3.144012","897","3.139596","896","3.141204","895","3.14526","896","3.139688","896","3.143112","871","3.145388","895","3.141868","871","3.143176","897","3.141544","895","3.14286","871","3.142332","897","3.1451","895","3.1452","896","3.142192","897","3.140136","897","3.14186","897","3.139184","897","3.140084","897","3.140392","897","3.142996","897","3.1411","896","3.14184","894","3.139868","893","3.1401","894","3.141408","894","3.141344","894","3.14608","894","3.141608","894","3.139148","870","3.144284","892","3.140632","894","3.14178","894","3.144712","894","3.141192","894","3.141284","894","3.142504","894","3.143308","892","3.142896","894","3.13966","894","3.1442","894","3.143352","894","3.142016","869","3.140752","893","3.140208","893","3.139248","893","3.141216","893","3.142316","893","3.140788","894","3.140148","892","3.142692","894","3.141224","893","3.14334","870","3.141044","893","3.1418","894","3.141396","894","3.13994","894","3.141752","894","3.140772","891","3.140564","894","3.141861640000002","890","935"
"20","3.143988","399","3.141664","844","3.139052","844","3.142728","844","3.141908","865","3.143544","819","3.138432","843","3.143312","865","3.14018","820","3.137808","855","3.141352","809","3.142668","852","3.141784","852","3.141128","966","3.139324","966","3.142016","966","3.145468","946","3.143056","946","3.14418","946","3.14164","946","3.145284","851","3.14144","947","3.144416","874","3.141912","852","3.141508","945","3.142584","946","3.142816","851","3.139896","947","3.141128","852","3.144468","966","3.139472","945","3.13746","851","3.146776","946","3.141888","945","3.144096","873","3.140208","828","3.138676","933","3.141764","955","3.1427","954","3.141736","955","3.14534","955","3.142268","955","3.141548","951","3.13968","931","3.14334","951","3.139228","951","3.142656","951","3.143132","930","3.13864","951","3.144244","951","3.14404","951","3.14134","951","3.140392","951","3.141428","897","3.141564","917","3.14202","912","3.13978","891","3.143916","910","3.139896","910","3.14262","905","3.141212","905","3.142148","904","3.145252","909","3.140928","909","3.13724","909","3.14444","909","3.142216","909","3.143508","874","3.141672","910","3.14154","909","3.13962","910","3.142044","909","3.144656","910","3.145076","902","3.143588","909","3.140588","909","3.14188","909","3.142652","909","3.138132","909","3.143936","910","3.145244","908","3.141044","904","3.140584","909","3.14368","909","3.14276","909","3.138024","909","3.142652","901","3.142132","908","3.138896","909","3.140896","909","3.141048","899","3.140832","907","3.14252","899","3.146276","906","3.14176","907","3.140004","906","3.138976","906","3.141592","906","3.1422","907","3.141376","898","3.1418735599999987","903","990"
"21","3.142468","184","3.140972","643","3.142256","585","3.139012","585","3.13992","684","3.145076","1002","3.142888","1023","3.143508","1022","3.143508","1003","3.141496","1022","3.141324","1002","3.139024","1003","3.142616","1012","3.1415","993","3.140588","1012","3.140424","993","3.13998","992","3.143516","993","3.139072","1012","3.14124","993","3.142976","1012","3.142744","1012","3.140036","993","3.143104","1012","3.139812","992","3.140832","993","3.14192","1012","3.140528","1012","3.140216","993","3.144404","992","3.141684","987","3.141208","989","3.138896","984","3.14468","1004","3.142636","1003","3.14176","1004","3.140376","1004","3.139836","1003","3.14026","995","3.139044","995","3.139552","996","3.141848","995","3.141856","996","3.142056","976","3.14224","995","3.14188","995","3.140412","977","3.14132","977","3.144496","977","3.14242","977","3.142456","978","3.141268","977","3.142164","977","3.13974","977","3.140896","977","3.142684","977","3.141336","977","3.142184","957","3.144124","968","3.141888","967","3.139952","968","3.14126","965","3.144544","964","3.1393","965","3.14236","964","3.14228","964","3.14108","964","3.14078","964","3.143712","965","3.140444","964","3.141836","964","3.141476","964","3.1415","964","3.14476","965","3.141072","964","3.142012","964","3.140548","964","3.143764","964","3.14242","964","3.14292","964","3.1418","963","3.141328","964","3.141044","963","3.13978","965","3.13944","964","3.143528","964","3.142568","964","3.14128","964","3.144548","952","3.1412","952","3.14086","951","3.137816","945","3.141928","944","3.142272","945","3.142592","945","3.141956","945","3.139812","945","3.142536","945","3.143904","945","3.139768","945","3.1416213999999987","957","1028"
"22","3.139548","27","3.141892","959","3.142556","959","3.141448","959","3.143568","938","3.138852","959","3.141856","959","3.140228","938","3.141624","938","3.138404","937","3.140224","938","3.140952","938","3.140936","958","3.141168","938","3.141312","916","3.139104","958","3.142352","959","3.1399","958","3.143672","938","3.144192","959","3.142228","937","3.142872","958","3.142476","959","3.138836","937","3.140348","937","3.142988","958","3.14102","938","3.14238","958","3.142732","958","3.14206","937","3.139788","959","3.142972","937","3.141516","937","3.143584","958","3.143924","938","3.140424","959","3.14098","958","3.141292","951","3.1397","949","3.140964","949","3.140072","950","3.142708","951","3.142508","953","3.142192","949","3.143224","949","3.143372","949","3.140656","950","3.142188","949","3.143544","948","3.141908","950","3.140352","953","3.140764","948","3.14098","950","3.142124","927","3.141428","949","3.139636","948","3.14196","953","3.14238","950","3.144348","950","3.141736","948","3.144084","928","3.140612","949","3.139888","953","3.143464","953","3.140684","949","3.141004","948","3.1412","953","3.140788","949","3.143264","950","3.140628","949","3.142164","949","3.14","924","3.14068","933","3.143952","938","3.140824","938","3.142092","937","3.139652","938","3.140396","934","3.139984","935","3.14392","938","3.142324","935","3.142148","934","3.142204","938","3.140812","933","3.141852","934","3.14396","937","3.140128","935","3.142852","934","3.140292","937","3.142924","933","3.14094","908","3.141016","905","3.142252","905","3.142608","905","3.138588","905","3.141308","905","3.141324","904","3.139632","905","3.142084","905","3.14196","904","3.1415544","932","965"
"23","3.143036","907","3.141964","968","3.141624","694","3.142292","968","3.140696","951","3.136748","951","3.139788","968","3.14102","968","3.140908","694","3.144468","885","3.143004","907","3.14128","948","3.142768","927","3.143064","945","3.145056","963","3.142096","963","3.139564","979","3.139944","963","3.14518","979","3.141444","963","3.139564","944","3.13974","979","3.141384","979","3.139496","979","3.140476","962","3.141084","979","3.1399","979","3.140336","963","3.142372","963","3.142368","945","3.139244","962","3.143944","978","3.140864","978","3.141912","962","3.141676","978","3.139768","943","3.141556","979","3.139012","960","3.140604","940","3.139912","960","3.141884","941","3.139308","976","3.141028","960","3.141612","976","3.14374","959","3.140996","976","3.141396","959","3.141504","975","3.138848","959","3.141644","959","3.140592","959","3.14096","975","3.142288","976","3.140088","960","3.142684","975","3.139816","940","3.13984","959","3.140216","976","3.14084","975","3.142204","976","3.144148","959","3.138392","958","3.141348","959","3.142708","941","3.138584","959","3.13982","959","3.143528","937","3.1407","936","3.141948","936","3.142568","920","3.142512","936","3.140016","936","3.140488","936","3.144724","936","3.142776","936","3.13994","936","3.143876","936","3.140444","936","3.139704","920","3.14172","936","3.140852","936","3.143012","936","3.142116","936","3.142316","936","3.139856","936","3.14138","936","3.14356","936","3.145352","936","3.143792","936","3.143712","936","3.142032","936","3.142252","936","3.143912","936","3.144","936","3.140352","936","3.144764","936","3.13818","920","3.14286","936","3.14108","936","3.142748","936","3.1415071599999997","946","986"
"24","3.141304","244","3.14238","634","3.143056","525","3.142016","633","3.140756","959","3.139068","980","3.143296","959","3.139976","959","3.1451","941","3.145176","959","3.145556","940","3.14236","959","3.13992","940","3.142188","959","3.141532","959","3.142356","959","3.138504","938","3.139788","938","3.142752","975","3.139848","937","3.140848","953","3.143248","953","3.140496","933","3.141968","933","3.140916","933","3.142284","932","3.140708","932","3.141368","926","3.140708","926","3.141616","926","3.140512","926","3.13952","942","3.143048","959","3.144188","942","3.141248","959","3.14328","943","3.139876","959","3.144468","959","3.143308","922","3.141932","943","3.141956","959","3.14062","959","3.142968","959","3.142468","942","3.138076","959","3.140264","941","3.139012","959","3.142332","942","3.141116","941","3.143396","959","3.138952","958","3.141244","958","3.142696","958","3.141276","941","3.138876","958","3.141532","958","3.141916","958","3.141236","941","3.141684","958","3.141756","958","3.141588","957","3.142464","958","3.143444","959","3.144956","951","3.140392","934","3.14422","933","3.139988","934","3.143688","950","3.142436","950","3.141856","950","3.14494","951","3.139128","950","3.142396","933","3.145284","933","3.144128","950","3.141672","950","3.141424","914","3.14356","914","3.142436","914","3.14252","914","3.141292","914","3.140968","914","3.141404","914","3.140052","913","3.14214","913","3.1449","913","3.143524","913","3.140448","913","3.141368","913","3.141048","913","3.142556","913","3.141028","913","3.142168","913","3.1405","913","3.140932","903","3.142512","900","3.140468","900","3.139808","900","3.141808","900","3.14152","882","3.1417881200000015","921","1003"
"25","3.144292","25","3.14144","950","3.142692","950","3.14252","950","3.142868","926","3.142096","950","3.139588","950","3.14308","891","3.139632","950","3.140632","950","3.144464","975","3.141676","950","3.142204","949","3.142468","950","3.143684","950","3.13876","949","3.140212","950","3.14286","949","3.143452","951","3.140784","950","3.139964","950","3.140944","950","3.141512","950","3.142452","950","3.140856","915","3.141852","949","3.145416","949","3.141428","950","3.1418","877","3.14282","950","3.14308","949","3.142816","949","3.142004","915","3.14202","925","3.140612","949","3.140972","949","3.140952","949","3.141904","949","3.14176","949","3.139892","950","3.138364","949","3.140956","891","3.14336","944","3.141096","943","3.142096","944","3.14294","943","3.141968","969","3.139808","943","3.144404","920","3.142776","943","3.138704","943","3.143608","926","3.142988","949","3.145572","952","3.141584","927","3.139608","951","3.141476","924","3.140272","948","3.139768","934","3.14224","936","3.142724","936","3.140912","903","3.141188","906","3.141404","906","3.142164","906","3.13958","904","3.141624","907","3.14216","904","3.139956","906","3.143","884","3.142612","884","3.138908","875","3.14072","875","3.14282","876","3.142268","876","3.14114","873","3.141624","874","3.140476","874","3.140768","872","3.14154","872","3.141012","870","3.13902","869","3.137348","870","3.141552","863","3.144464","863","3.140964","860","3.140764","860","3.139052","860","3.142212","860","3.142436","859","3.141452","859","3.14338","859","3.139744","859","3.1398","859","3.13804","859","3.141952","859","3.142452","857","3.143908","857","3.140232","854","3.139236","854","3.141546559999999","906","979"
"26","3.139172","927","3.143116","954","3.14162","957","3.140332","955","3.141744","957","3.142328","954","3.141104","954","3.141324","928","3.1403","957","3.144864","956","3.14388","957","3.143016","954","3.144884","957","3.142316","930","3.141532","952","3.144092","956","3.139572","954","3.141676","952","3.139948","952","3.143028","956","3.13664","957","3.143108","952","3.142516","955","3.143444","956","3.140688","952","3.140152","956","3.140064","957","3.139008","931","3.143488","927","3.14252","954","3.14034","928","3.140936","957","3.136488","957","3.140644","928","3.140876","949","3.140128","946","3.141528","949","3.14286","944","3.139496","948","3.142568","949","3.14212","949","3.140508","949","3.142928","944","3.141404","947","3.140456","944","3.144548","944","3.141524","949","3.142548","950","3.141892","950","3.14078","949","3.14202","949","3.141768","949","3.141172","948","3.142028","946","3.139956","948","3.142824","949","3.142304","947","3.141516","944","3.141964","949","3.142128","949","3.140944","949","3.13976","950","3.140644","945","3.141164","950","3.140804","945","3.141576","944","3.14054","949","3.141464","948","3.14296","949","3.140968","945","3.143636","949","3.14244","949","3.14206","949","3.138684","945","3.140812","948","3.144252","948","3.138984","946","3.144372","949","3.140972","947","3.142564","946","3.14204","949","3.145892","947","3.143448","949","3.141216","948","3.140068","947","3.142256","948","3.141976","947","3.142744","947","3.141548","921","3.140592","944","3.140432","947","3.14412","949","3.141372","949","3.137724","946","3.142116","944","3.142524","948","3.141604","948","3.141616","948","3.14248","944","3.14178","949","3.1416087599999982","947","958"
"27","3.141976","126","3.141984","761","3.138672","781","3.141776","780","3.140748","760","3.139176","781","3.144508","781","3.143492","781","3.142524","973","3.140068","724","3.143028","976","3.1418","781","3.142812","816","3.141712","781","3.146","781","3.142496","760","3.14192","780","3.1435","781","3.141412","752","3.13902","728","3.143976","760","3.139576","780","3.141648","780","3.141744","781","3.143316","939","3.141944","844","3.142452","936","3.138316","809","3.141108","808","3.140944","845","3.140072","912","3.140968","823","3.141848","904","3.140824","872","3.141788","902","3.140176","951","3.141008","939","3.142244","912","3.141528","945","3.139284","944","3.139836","967","3.14118","945","3.141552","950","3.142376","950","3.140292","967","3.1406","940","3.140992","946","3.144864","946","3.14186","948","3.142732","951","3.141708","948","3.138564","947","3.1432","950","3.14084","939","3.142144","945","3.142204","950","3.138652","948","3.139472","919","3.141732","943","3.140668","923","3.141176","941","3.142924","941","3.14046","941","3.142608","941","3.141524","920","3.142424","920","3.143328","921","3.14166","923","3.145256","924","3.141072","920","3.139744","941","3.138888","923","3.142848","924","3.142732","941","3.14186","922","3.142372","940","3.140984","919","3.141796","941","3.142168","940","3.13914","924","3.140168","923","3.14046","924","3.142632","940","3.14278","940","3.142748","940","3.140208","920","3.143368","940","3.143604","922","3.142176","923","3.141772","940","3.141032","940","3.143764","921","3.1443","916","3.142896","916","3.14332","940","3.14124","940","3.142184","916","3.143648","940","3.14148","940","3.141652","922","3.14169252","887","998"
"28","3.140832","119","3.141596","83","3.142892","396","3.14192","397","3.141012","397","3.141148","397","3.140588","397","3.14266","335","3.140396","396","3.141536","367","3.138348","397","3.141592","368","3.140552","367","3.142868","397","3.145876","897","3.138968","896","3.14068","897","3.14164","896","3.14168","897","3.141028","897","3.140728","874","3.141548","874","3.145216","896","3.142608","873","3.143844","870","3.138268","872","3.142364","897","3.141408","897","3.141632","897","3.140136","897","3.140552","896","3.139668","896","3.14092","897","3.142092","867","3.144028","844","3.143484","870","3.1398","897","3.139132","896","3.1418","897","3.140712","897","3.141464","874","3.144716","896","3.14464","896","3.144232","875","3.13982","896","3.14356","897","3.143432","876","3.139672","896","3.140524","874","3.142544","867","3.139424","877","3.143608","846","3.142232","897","3.142212","803","3.14272","802","3.14396","801","3.140368","800","3.142016","801","3.141012","801","3.140568","800","3.141204","801","3.142728","804","3.139516","801","3.141008","804","3.141956","801","3.139816","804","3.1426","804","3.141152","800","3.141216","800","3.142228","804","3.141156","800","3.14168","804","3.142168","801","3.139912","803","3.141868","801","3.141712","800","3.141772","804","3.14344","804","3.142728","800","3.1429","800","3.14266","801","3.141208","800","3.144228","801","3.143144","804","3.144084","801","3.141144","804","3.14242","801","3.142304","803","3.139248","800","3.141044","800","3.143136","801","3.142452","801","3.14218","799","3.143712","800","3.143732","801","3.140396","804","3.141568","804","3.14124","800","3.140896","799","3.141404","802","3.1417543600000006","770","926"
"29","3.140588","666","3.142272","667","3.142812","840","3.141628","667","3.143712","667","3.143844","861","3.140316","666","3.14298","914","3.144084","934","3.138708","934","3.14036","913","3.140888","934","3.139456","913","3.138576","913","3.14344","893","3.143072","934","3.143448","833","3.144604","934","3.141776","934","3.14014","934","3.140548","934","3.141972","934","3.141312","893","3.140912","913","3.141888","930","3.139428","909","3.144652","929","3.143908","909","3.14236","929","3.13748","909","3.1425","909","3.142648","888","3.139356","888","3.142924","909","3.142288","889","3.141588","909","3.141228","909","3.13974","926","3.138636","926","3.141944","909","3.143408","892","3.141568","870","3.143472","908","3.142656","891","3.139488","890","3.142084","890","3.137972","904","3.142764","904","3.142944","903","3.140224","903","3.142608","903","3.139968","903","3.1432","903","3.140464","903","3.139032","897","3.139316","897","3.14286","896","3.140384","896","3.140508","895","3.141632","878","3.14178","878","3.1394","893","3.14042","890","3.139276","890","3.14198","889","3.142376","889","3.140864","887","3.140012","887","3.143388","887","3.142068","886","3.14238","878","3.138364","878","3.144316","878","3.141112","878","3.14186","878","3.13932","878","3.144088","860","3.143892","878","3.14362","878","3.141876","878","3.143564","878","3.142276","878","3.1438","878","3.1403","878","3.140804","878","3.138832","878","3.140772","878","3.140412","878","3.143508","860","3.14128","878","3.142948","878","3.144148","878","3.138232","862","3.141072","862","3.14248","862","3.14034","838","3.142536","856","3.139528","855","3.139292","855","3.139832","851","3.14148916","881","959"
"30","3.1418","289","3.142724","484","3.139656","538","3.142484","538","3.141524","534","3.1419","509","3.139912","533","3.143804","507","3.139376","599","3.14286","505","3.139408","529","3.14412","529","3.140612","529","3.143368","924","3.14028","924","3.13906","924","3.143644","924","3.141088","924","3.142028","924","3.139012","924","3.14182","924","3.1413","924","3.140372","923","3.138828","827","3.1407","923","3.142788","924","3.140008","924","3.142364","924","3.139968","924","3.14256","923","3.140928","923","3.14424","923","3.139056","924","3.142516","924","3.142292","923","3.143636","901","3.14472","901","3.14278","901","3.140336","901","3.140216","901","3.14366","893","3.143056","893","3.139772","893","3.140896","893","3.14224","893","3.141016","893","3.14032","893","3.14236","893","3.143288","893","3.143764","874","3.140628","821","3.1428","874","3.143068","875","3.141964","871","3.143392","871","3.14272","866","3.144328","866","3.140508","866","3.14494","866","3.142136","865","3.141796","866","3.1441","866","3.14382","865","3.139784","865","3.140284","863","3.142524","865","3.140944","865","3.143216","863","3.139828","829","3.140788","862","3.141528","863","3.14244","862","3.143464","856","3.14408","856","3.14014","856","3.139048","853","3.143548","856","3.144364","851","3.141648","852","3.140252","849","3.141016","847","3.138604","850","3.14234","847","3.142508","846","3.143772","848","3.141936","847","3.140968","846","3.139584","848","3.143004","848","3.141212","847","3.139936","847","3.140524","847","3.145656","848","3.142316","847","3.140152","847","3.143712","847","3.144228","847","3.143564","848","3.143356","848","3.141824","847","3.1418475199999993","830","944"
"31","3.144864","21","3.142848","554","3.140024","553","3.13942","554","3.14382","553","3.14092","527","3.141276","527","3.14408","608","3.141032","505","3.141388","527","3.139004","527","3.140904","634","3.140604","657","3.14332","657","3.139516","633","3.14328","657","3.1427","824","3.142344","703","3.14252","824","3.14356","824","3.141724","703","3.139736","680","3.14458","834","3.14446","791","3.142092","790","3.142248","790","3.140744","855","3.1415","856","3.140684","790","3.144016","791","3.140856","855","3.140708","791","3.142244","766","3.144396","834","3.141684","855","3.138464","834","3.139564","828","3.142476","849","3.14128","849","3.138132","849","3.143932","849","3.142864","849","3.14036","828","3.143496","822","3.142324","843","3.141368","893","3.14282","843","3.14184","869","3.141832","893","3.141056","893","3.141336","893","3.142904","843","3.139808","869","3.143124","871","3.14516","817","3.141544","842","3.142016","848","3.140384","842","3.140164","848","3.142816","863","3.139268","833","3.14112","832","3.145056","831","3.142024","828","3.14308","828","3.144352","811","3.1421","811","3.141192","826","3.143452","826","3.141028","826","3.142008","824","3.144524","823","3.14078","823","3.140444","823","3.142944","824","3.139764","822","3.13976","823","3.143992","824","3.143524","823","3.141908","824","3.138688","824","3.14138","823","3.140936","824","3.141848","823","3.141112","821","3.141004","821","3.140896","821","3.14022","821","3.1421","820","3.139372","821","3.14118","821","3.143532","821","3.141616","821","3.138956","821","3.142152","820","3.13886","820","3.140312","821","3.13814","821","3.139836","821","3.14296","821","3.141675800000001","780","986"
"32","3.141052","214","3.142144","238","3.138272","236","3.142912","233","3.139696","232","3.143184","233","3.141436","231","3.140648","966","3.14214","967","3.140932","967","3.142904","967","3.14028","964","3.138176","964","3.1414","964","3.141792","964","3.142336","937","3.13856","964","3.144688","965","3.143536","964","3.142192","964","3.14154","964","3.140544","943","3.142556","964","3.14172","964","3.139864","936","3.140228","963","3.142672","941","3.13956","944","3.142572","965","3.138932","964","3.141084","963","3.141532","964","3.139368","941","3.139436","935","3.141056","964","3.13886","965","3.141224","943","3.141988","964","3.141568","964","3.143284","943","3.140684","964","3.14124","933","3.144236","942","3.141152","938","3.141632","964","3.140932","963","3.141644","964","3.143024","965","3.141316","965","3.139116","944","3.143912","942","3.142932","933","3.141208","964","3.143564","964","3.143688","964","3.1417","941","3.140968","963","3.142676","964","3.142132","933","3.14024","963","3.142288","941","3.1442","937","3.140128","964","3.142736","964","3.13996","964","3.138976","964","3.138772","964","3.141244","964","3.142056","949","3.144488","948","3.143144","948","3.14174","947","3.140728","948","3.144016","927","3.142112","910","3.139008","934","3.1422","934","3.142628","935","3.139348","910","3.14174","935","3.142324","934","3.144016","935","3.14088","934","3.140036","934","3.140356","935","3.14228","934","3.143032","933","3.143328","914","3.14126","935","3.143084","934","3.142204","935","3.14028","931","3.14274","932","3.140936","931","3.135648","932","3.142308","932","3.14152","909","3.140968","932","3.143012","911","3.142068","932","3.1414965600000007","897","976"
"33","3.143824","720","3.143156","720","3.141396","720","3.141228","717","3.143344","741","3.139284","716","3.139796","716","3.139436","716","3.140816","741","3.141248","717","3.139896","711","3.141912","735","3.141788","792","3.140244","968","3.141796","963","3.139396","964","3.141528","963","3.139988","965","3.142484","963","3.141744","967","3.142116","966","3.141796","969","3.14146","968","3.140816","965","3.14234","963","3.144212","963","3.142944","962","3.141728","966","3.141148","967","3.14366","966","3.140416","969","3.141316","963","3.137336","968","3.144012","934","3.142436","963","3.14052","969","3.144512","963","3.139048","966","3.139904","968","3.140888","962","3.141884","965","3.141064","966","3.143664","963","3.14128","965","3.139932","929","3.141424","967","3.1425","969","3.141812","965","3.142872","967","3.142568","966","3.141004","963","3.143304","963","3.1419","969","3.143104","963","3.143244","967","3.142844","967","3.144224","963","3.141524","963","3.140488","963","3.138504","966","3.139732","967","3.144156","967","3.142768","967","3.14418","967","3.143556","936","3.142488","966","3.143392","963","3.143828","963","3.142716","966","3.140576","965","3.14082","962","3.14156","960","3.141612","957","3.142268","957","3.14246","960","3.140716","961","3.14016","956","3.139864","961","3.14312","959","3.14222","928","3.14208","961","3.14002","961","3.141808","962","3.141224","961","3.141936","945","3.139388","944","3.143736","940","3.142836","942","3.138088","944","3.1412","943","3.141556","944","3.139404","944","3.141216","941","3.142332","944","3.142588","943","3.141016","944","3.14466","942","3.141016","942","3.143252","936","3.1392","939","3.141668000000001","928","980"
"34","3.14442","98","3.141692","319","3.143596","696","3.138732","696","3.142596","696","3.144636","695","3.142348","695","3.141328","695","3.142692","695","3.142404","691","3.140504","692","3.13958","691","3.139756","692","3.143112","692","3.13906","692","3.142888","918","3.139712","692","3.144228","691","3.143","692","3.142188","669","3.14194","691","3.141308","919","3.141608","691","3.142932","691","3.142424","691","3.1415","691","3.14198","691","3.14114","669","3.139968","691","3.140148","691","3.142744","669","3.141152","641","3.14126","672","3.141724","899","3.142964","899","3.140644","902","3.140552","899","3.14292","899","3.14268","895","3.141984","899","3.141748","898","3.141292","898","3.14338","898","3.144516","898","3.139804","895","3.139144","891","3.140996","903","3.142388","885","3.14024","903","3.139532","902","3.142124","885","3.140412","903","3.142112","902","3.143336","902","3.138896","902","3.143996","902","3.14432","884","3.137912","902","3.140288","902","3.146296","903","3.142984","883","3.139108","884","3.14042","903","3.140436","902","3.143156","902","3.143484","885","3.141848","903","3.141276","885","3.144348","883","3.142272","883","3.139532","883","3.142816","885","3.13974","885","3.141628","902","3.140496","885","3.142564","902","3.141904","902","3.14346","902","3.141196","902","3.140708","883","3.141036","878","3.142292","902","3.138108","872","3.138916","879","3.141292","902","3.140148","902","3.140048","902","3.14132","883","3.14036","902","3.143488","885","3.140156","871","3.140552","902","3.143564","902","3.141588","902","3.142484","902","3.140436","902","3.142728","842","3.142948","859","3.140372","859","3.141448","841","3.1416143600000015","819","958"
"35","3.141404","309","3.143728","730","3.143772","699","3.142904","670","3.144844","794","3.139452","762","3.141592","937","3.140848","769","3.13922","729","3.140916","937","3.142336","730","3.140428","937","3.143204","762","3.141764","937","3.138856","706","3.141764","730","3.137936","939","3.143256","730","3.1401","794","3.140652","669","3.142896","789","3.139192","766","3.142056","791","3.138768","789","3.141044","700","3.142416","936","3.14158","936","3.142248","936","3.14024","928","3.140676","930","3.143548","819","3.143424","928","3.1429","927","3.139852","917","3.141552","914","3.144416","914","3.143556","917","3.142608","914","3.139492","914","3.141136","911","3.141624","917","3.141372","911","3.142332","917","3.141412","917","3.141024","918","3.139764","918","3.142016","910","3.13746","917","3.14108","917","3.141852","914","3.143136","901","3.139848","875","3.141664","877","3.1424","880","3.141468","879","3.140744","876","3.140068","876","3.141744","875","3.142772","875","3.141616","868","3.139228","872","3.141084","893","3.143548","893","3.141548","891","3.140648","891","3.14274","867","3.141708","891","3.141672","892","3.138448","893","3.141032","889","3.140384","890","3.142404","893","3.138004","890","3.143088","890","3.137052","890","3.143208","890","3.140936","889","3.13676","890","3.140104","890","3.140868","886","3.141136","890","3.143456","885","3.141064","886","3.140924","890","3.141928","886","3.142344","889","3.143316","886","3.143096","890","3.14162","885","3.140744","886","3.140376","886","3.139928","885","3.143992","885","3.144148","885","3.141108","890","3.138164","885","3.14084","889","3.141504","889","3.139644","886","3.137788","889","3.1412955600000005","862","973"
"36","3.140156","861","3.141632","860","3.140504","815","3.143276","899","3.143196","837","3.1407","837","3.14058","942","3.139868","940","3.142436","899","3.139736","931","3.142472","931","3.142368","889","3.14318","931","3.142016","931","3.142128","931","3.141456","931","3.141872","931","3.139764","931","3.143136","889","3.139964","890","3.14292","931","3.144708","911","3.143336","850","3.141496","931","3.14092","931","3.143036","964","3.13732","931","3.141172","911","3.14538","931","3.1433","970","3.139848","969","3.142628","931","3.143052","931","3.139672","961","3.141624","886","3.142336","908","3.143396","928","3.141712","928","3.141756","887","3.145008","969","3.143016","965","3.141768","967","3.139652","948","3.14062","949","3.141984","949","3.142096","950","3.144136","952","3.139576","952","3.143944","945","3.143268","946","3.144548","948","3.142592","949","3.143252","945","3.141204","947","3.140712","949","3.140352","949","3.144556","943","3.141392","951","3.1429","943","3.141936","948","3.143368","945","3.143836","949","3.141292","943","3.14096","952","3.139904","948","3.140076","944","3.140608","947","3.144204","945","3.14038","951","3.137572","942","3.142956","947","3.143248","943","3.141484","947","3.139036","934","3.141372","933","3.139012","931","3.142932","929","3.14176","932","3.139808","931","3.142476","931","3.142336","935","3.141908","936","3.140316","936","3.143184","928","3.143444","929","3.143196","934","3.140296","953","3.14152","925","3.139916","933","3.14288","924","3.143008","926","3.142992","953","3.140932","935","3.14394","934","3.140968","953","3.14142","932","3.140832","936","3.141576","934","3.14458","933","3.141612","928","3.141857039999999","930","1005"
"37","3.14144","622","3.14272","546","3.140216","621","3.142808","668","3.140696","668","3.139348","665","3.143776","949","3.145808","665","3.140616","949","3.143188","965","3.141404","964","3.141808","964","3.141768","965","3.14246","965","3.142132","940","3.141356","964","3.141224","965","3.14068","945","3.14356","964","3.144176","965","3.142004","965","3.14208","965","3.139808","964","3.14404","964","3.13922","907","3.140568","964","3.140656","964","3.14158","964","3.140848","964","3.141988","964","3.142576","964","3.142936","964","3.142008","964","3.141324","961","3.140624","960","3.143436","961","3.141928","960","3.142988","960","3.141888","936","3.143268","933","3.141444","955","3.139604","955","3.141512","930","3.141652","955","3.13944","955","3.141792","930","3.140156","955","3.141892","955","3.143604","955","3.140004","954","3.140488","955","3.143608","955","3.14406","955","3.14412","955","3.13948","954","3.139892","955","3.140932","954","3.142108","954","3.139992","955","3.143224","954","3.14392","949","3.142844","929","3.141772","951","3.142864","950","3.142892","950","3.140392","930","3.140048","950","3.1407","950","3.138988","950","3.141588","950","3.143872","930","3.142564","950","3.143748","950","3.13982","949","3.141852","950","3.142292","950","3.140736","950","3.14264","949","3.140708","949","3.140508","949","3.13672","949","3.143388","950","3.14168","927","3.143008","949","3.142852","950","3.1422","950","3.143384","950","3.14376","950","3.139068","950","3.135944","949","3.140056","949","3.14046","930","3.14328","949","3.14292","949","3.142016","950","3.139864","949","3.140632","949","3.141732","949","3.140944","944","3.141492","945","3.141661040000001","929","973"
"38","3.14066","911","3.141072","886","3.143056","1015","3.140772","1015","3.14382","1015","3.141864","794","3.141492","956","3.14028","1015","3.143084","885","3.139548","1015","3.141596","864","3.142776","910","3.141588","816","3.14198","910","3.13992","910","3.139452","910","3.14068","1015","3.143012","852","3.141316","944","3.142152","981","3.141696","981","3.14238","944","3.1449","943","3.141956","941","3.142144","978","3.14316","978","3.141372","978","3.140732","978","3.140312","978","3.141488","978","3.139444","999","3.140808","1021","3.141412","1021","3.142176","1021","3.142172","1021","3.14014","1021","3.139496","1021","3.140964","1021","3.141264","1021","3.139556","1021","3.14098","1021","3.141272","1021","3.14422","1021","3.14214","1021","3.141284","1004","3.141536","1004","3.137284","1004","3.1409","1021","3.142536","1020","3.14246","1020","3.142956","1021","3.144684","1021","3.14104","1020","3.142028","1021","3.141384","1020","3.141244","1021","3.140364","1021","3.140236","1004","3.141204","1020","3.139372","1004","3.13976","1021","3.144776","1020","3.141364","1020","3.14008","1004","3.143852","1021","3.143108","1021","3.14108","1000","3.139432","1001","3.142156","1001","3.13784","1001","3.14212","1001","3.14238","1000","3.1432","1000","3.140648","1000","3.141692","1000","3.14138","1000","3.142036","1000","3.1436","1000","3.143348","1001","3.140564","1001","3.14192","1001","3.143412","1000","3.144576","1001","3.141124","1000","3.143764","1001","3.141952","1000","3.141124","1000","3.144756","1001","3.141668","1000","3.142852","1000","3.14028","1000","3.143116","984","3.140884","1000","3.143012","1001","3.142084","1001","3.141216","1001","3.142572","1000","3.141784","1000","3.14002","984","3.141624","1000","3.1416497199999984","989","1051"
"39","3.1409","525","3.142208","774","3.139972","774","3.141872","706","3.14018","815","3.1424","815","3.144436","815","3.139732","815","3.140388","752","3.138648","774","3.141648","815","3.142208","815","3.142264","816","3.13826","815","3.144796","815","3.141148","774","3.142796","774","3.143444","750","3.145464","751","3.142616","815","3.142336","815","3.141616","813","3.140092","798","3.143388","794","3.143508","753","3.140996","794","3.141844","793","3.143396","752","3.138516","794","3.143272","752","3.140676","793","3.141544","793","3.13928","752","3.141352","793","3.14066","903","3.14216","846","3.141388","842","3.140308","846","3.138788","853","3.140896","790","3.141136","902","3.139416","785","3.13998","819","3.142628","819","3.142644","846","3.140688","846","3.142544","843","3.141984","904","3.140928","843","3.141608","902","3.1424","821","3.14084","869","3.14","867","3.14146","867","3.139416","867","3.1435","867","3.140132","897","3.14068","894","3.140436","895","3.1429","847","3.142552","847","3.140608","847","3.14258","847","3.140548","847","3.146604","847","3.142288","847","3.14236","846","3.140648","846","3.14348","846","3.142744","847","3.142436","847","3.141008","847","3.143192","847","3.141224","847","3.139352","847","3.140064","847","3.141776","847","3.140976","846","3.140852","847","3.142944","846","3.13996","847","3.142048","847","3.143728","846","3.138272","847","3.139452","846","3.14138","846","3.140908","847","3.140172","847","3.140944","847","3.14472","847","3.140752","846","3.140436","846","3.142448","846","3.14026","846","3.14236","846","3.136336","840","3.142296","847","3.142112","841","3.141792","847","3.143672","846","3.1414900000000006","826","943"
"40","3.141364","270","3.139932","270","3.14324","746","3.145332","929","3.140612","929","3.1401","746","3.141724","908","3.141896","744","3.142604","929","3.14188","744","3.138352","899","3.144668","929","3.13824","904","3.141884","746","3.141852","929","3.141116","904","3.142132","921","3.142092","921","3.141056","920","3.138444","863","3.137708","921","3.142724","899","3.140604","921","3.141308","921","3.142124","895","3.1408","921","3.139948","921","3.141224","921","3.139924","919","3.142532","921","3.137868","922","3.14348","921","3.141112","919","3.14222","905","3.142116","904","3.1398","904","3.138668","906","3.141924","904","3.14346","906","3.140716","880","3.14382","883","3.141244","879","3.140012","869","3.141516","864","3.141644","854","3.143232","855","3.143196","855","3.140012","855","3.141688","853","3.141896","855","3.139076","855","3.141556","853","3.140644","853","3.140676","855","3.141132","854","3.141868","854","3.143184","853","3.142212","853","3.142884","851","3.141032","825","3.141344","844","3.140616","844","3.140576","815","3.14336","812","3.144736","841","3.142456","838","3.141032","843","3.141872","843","3.144264","840","3.141748","843","3.13964","840","3.139412","841","3.141504","841","3.144628","844","3.141696","843","3.14086","841","3.141256","844","3.14286","838","3.142408","840","3.139352","840","3.141828","839","3.140456","838","3.136188","840","3.139372","840","3.143224","834","3.140228","834","3.140728","832","3.143568","833","3.141784","832","3.143732","834","3.143664","833","3.139084","834","3.14392","835","3.14126","832","3.1422","832","3.137788","823","3.140044","812","3.141564","812","3.141664","811","3.142284","814","3.14141504","848","938"
"41","3.144464","954","3.142008","953","3.142448","931","3.144216","954","3.14298","953","3.140752","931","3.142984","954","3.142992","954","3.141956","953","3.142732","953","3.142916","953","3.143612","953","3.140364","933","3.142868","954","3.142056","953","3.139444","953","3.1444","954","3.141444","931","3.14262","954","3.14258","954","3.142812","954","3.140016","954","3.141552","953","3.140556","933","3.141944","926","3.142292","953","3.1388","953","3.136596","953","3.140104","933","3.143032","954","3.141004","933","3.139636","953","3.14186","933","3.1417","953","3.14154","954","3.141856","893","3.141348","953","3.141748","953","3.141368","953","3.141592","953","3.140044","949","3.143512","949","3.142232","948","3.143204","948","3.14168","948","3.143404","948","3.140572","949","3.144608","948","3.142196","949","3.139744","922","3.13986","948","3.144444","928","3.142812","928","3.140352","947","3.138796","948","3.14202","948","3.13826","926","3.143936","948","3.143504","948","3.139564","948","3.139168","926","3.140584","925","3.141176","925","3.14538","926","3.138388","926","3.142924","925","3.140696","925","3.143896","925","3.144072","925","3.14006","926","3.141368","925","3.139528","903","3.141176","903","3.141728","903","3.141812","903","3.140076","903","3.138676","903","3.1421","903","3.139648","903","3.140688","903","3.14016","903","3.139612","902","3.142556","903","3.14286","903","3.139872","903","3.141352","903","3.138972","884","3.138272","884","3.14184","884","3.140844","877","3.141216","876","3.141392","845","3.141648","827","3.142336","822","3.140576","818","3.142704","818","3.140928","818","3.141696","818","3.142948","817","3.13818","818","3.14149044","922","955"
"42","3.139292","547","3.141748","572","3.143076","935","3.142056","1009","3.14264","1009","3.141916","1033","3.141968","1051","3.140272","973","3.141228","1009","3.139336","1050","3.14118","955","3.140692","1049","3.138672","1050","3.143456","1008","3.144124","1050","3.14062","1009","3.142772","1008","3.142116","1050","3.14348","1008","3.141616","1008","3.142536","1008","3.141472","1049","3.139928","1049","3.141932","954","3.143748","1049","3.142276","954","3.140152","1032","3.14304","1049","3.140428","1049","3.141132","1049","3.143176","1031","3.142144","1032","3.143156","1049","3.142632","1041","3.141688","1037","3.140968","1038","3.139924","1020","3.14196","1038","3.140336","1037","3.140444","1037","3.140764","1019","3.140212","1037","3.144376","1037","3.141312","1019","3.139476","1016","3.141152","1034","3.139652","1016","3.143024","1035","3.142612","1029","3.139676","1011","3.141232","1028","3.143048","1029","3.143096","1029","3.145032","1029","3.138164","1028","3.142976","1029","3.144028","1011","3.141264","1029","3.143976","1029","3.140016","1029","3.141896","1028","3.142096","1028","3.140148","1028","3.140752","1010","3.140596","1029","3.138864","1028","3.137288","1028","3.143176","1029","3.140416","1029","3.141716","1028","3.1412","1029","3.139972","1029","3.14152","1028","3.143132","1029","3.14202","1028","3.13876","1028","3.1395","1028","3.141464","1004","3.142084","1005","3.140844","1005","3.141144","1004","3.1412","1005","3.140936","1005","3.140444","1005","3.141304","1005","3.145412","1005","3.14094","987","3.14198","999","3.141116","998","3.14266","998","3.142096","981","3.141628","999","3.1448","999","3.141576","994","3.141912","991","3.143352","990","3.139148","989","3.14368","990","3.142596","990","3.142672","990","3.1415846000000003","1009","1055"
"43","3.144856","310","3.139156","925","3.141388","936","3.14172","927","3.143232","925","3.140284","928","3.141244","924","3.139936","930","3.144644","924","3.139676","928","3.1426","931","3.139172","929","3.144268","928","3.139944","926","3.141784","931","3.14058","927","3.138644","925","3.140168","928","3.143164","931","3.14158","928","3.142036","934","3.142016","927","3.140924","928","3.143468","931","3.139536","927","3.14096","926","3.140692","927","3.1422","929","3.140152","926","3.139796","924","3.143648","929","3.14002","927","3.141924","927","3.140696","921","3.13864","893","3.1451","928","3.142668","923","3.140092","921","3.140648","921","3.141872","928","3.140868","933","3.139344","933","3.14312","930","3.14188","931","3.142244","930","3.139768","931","3.141104","929","3.142592","927","3.140532","930","3.140964","930","3.143176","931","3.141344","929","3.140816","927","3.140012","921","3.142844","925","3.139892","929","3.13956","931","3.140064","929","3.141176","932","3.140856","927","3.142424","929","3.139388","932","3.142144","930","3.141568","931","3.140796","932","3.139472","929","3.141668","891","3.142416","928","3.141224","927","3.141424","928","3.141356","931","3.141168","932","3.141988","932","3.137972","925","3.139644","920","3.141496","931","3.145392","929","3.13968","928","3.140272","924","3.141932","932","3.137176","926","3.142968","930","3.142976","921","3.143884","924","3.140196","929","3.140644","930","3.141616","924","3.142128","924","3.141416","931","3.140836","903","3.14136","901","3.141624","912","3.141928","911","3.14322","912","3.141168","911","3.14136","905","3.139928","912","3.141008","911","3.138004","901","3.140272","903","3.141244200000001","918","937"
"44","3.141924","637","3.142068","927","3.137768","986","3.14406","927","3.141456","927","3.143356","879","3.140596","879","3.14122","927","3.142264","927","3.140428","927","3.141108","926","3.141296","927","3.140496","927","3.14104","878","3.139632","986","3.142916","927","3.140868","900","3.13786","900","3.139776","927","3.144588","986","3.141372","926","3.142392","926","3.142848","904","3.139992","903","3.141168","903","3.140396","903","3.139368","903","3.141792","902","3.139744","903","3.1436","903","3.143036","903","3.143664","903","3.141812","900","3.140904","900","3.14028","900","3.140588","897","3.137144","913","3.14342","932","3.141216","951","3.141124","913","3.142024","951","3.141664","932","3.139128","933","3.14352","932","3.143592","913","3.140912","932","3.142276","933","3.143568","950","3.142812","932","3.141748","933","3.140788","932","3.139428","933","3.142672","951","3.142936","931","3.143972","951","3.1405","942","3.143196","942","3.142472","942","3.139152","924","3.143724","925","3.143984","942","3.141144","943","3.141176","942","3.139228","942","3.139844","942","3.143132","943","3.139668","942","3.142108","942","3.143812","942","3.140068","942","3.142384","942","3.142756","925","3.141284","924","3.140436","942","3.141104","924","3.142172","942","3.13782","925","3.141172","942","3.141832","936","3.14324","935","3.14282","930","3.14086","930","3.14188","930","3.141512","930","3.140108","930","3.142244","930","3.139284","930","3.142152","930","3.141244","923","3.13976","923","3.142844","916","3.14174","917","3.142636","913","3.140428","913","3.142236","913","3.14216","911","3.141808","911","3.142976","825","3.14266","825","3.14194","824","3.141523199999999","920","987"
"45","3.142128","672","3.14408","673","3.141592","1054","3.142932","1035","3.142496","1054","3.142912","1054","3.139608","934","3.139636","1035","3.140752","975","3.143752","975","3.141992","934","3.141552","1014","3.143636","1014","3.140748","1035","3.1402","1014","3.140088","1014","3.142196","1008","3.139404","1029","3.140852","1028","3.140356","1028","3.141692","1029","3.141232","1048","3.14168","987","3.143184","1019","3.141212","1019","3.14066","1019","3.138344","1019","3.140952","1019","3.139896","1019","3.13748","998","3.1417","1019","3.141872","1018","3.140136","1019","3.141436","1037","3.144512","1018","3.143828","1019","3.141392","1019","3.140476","1019","3.142508","1018","3.144204","1019","3.14204","997","3.142124","1019","3.1439","1003","3.14404","1003","3.140396","998","3.139496","998","3.139432","998","3.143388","998","3.141532","997","3.140904","997","3.139396","997","3.142048","996","3.141988","997","3.14096","1008","3.142056","1008","3.140844","1008","3.145504","990","3.14102","1008","3.139684","1008","3.138444","990","3.144624","1008","3.139964","1008","3.142448","1008","3.14114","990","3.142092","1008","3.142124","1008","3.139432","1008","3.1424","989","3.142072","990","3.137124","1008","3.1429","1008","3.14368","1008","3.143616","1007","3.14064","1008","3.139804","989","3.143016","1007","3.143832","1007","3.142836","1008","3.141096","1007","3.142072","989","3.140996","1007","3.138256","976","3.139888","971","3.143116","971","3.14026","952","3.141616","971","3.140748","969","3.141072","969","3.142228","969","3.142196","969","3.142036","969","3.142328","968","3.142676","968","3.141736","968","3.140668","968","3.140004","968","3.139364","968","3.140476","968","3.140676","968","3.143232","968","3.141489879999999","994","1056"
"46","3.141372","903","3.142556","891","3.142108","899","3.140556","894","3.140376","904","3.143608","904","3.143596","907","3.141732","893","3.141924","905","3.141044","907","3.140308","897","3.14356","906","3.141796","903","3.14156","903","3.141096","907","3.144488","893","3.140516","898","3.140972","898","3.140364","907","3.142768","891","3.141924","892","3.140336","896","3.139448","895","3.141724","907","3.1422","895","3.144556","905","3.14306","905","3.14458","904","3.137976","900","3.140428","906","3.1424","902","3.141852","906","3.14468","907","3.141572","904","3.1444","900","3.140692","904","3.141048","902","3.14178","891","3.141904","902","3.143692","906","3.14032","900","3.140044","906","3.142688","906","3.140528","922","3.138056","906","3.143736","895","3.141036","904","3.14124","903","3.140136","906","3.142868","921","3.141928","891","3.141856","906","3.141636","903","3.13922","898","3.141636","896","3.14164","900","3.141336","897","3.14238","905","3.137928","899","3.142004","891","3.13834","905","3.14108","899","3.142032","905","3.143116","899","3.139352","906","3.140396","906","3.140876","904","3.140804","903","3.138764","899","3.140016","902","3.141592","899","3.14258","896","3.140192","893","3.14062","901","3.142144","906","3.142","906","3.139572","904","3.142588","899","3.141312","896","3.142508","906","3.139476","921","3.140944","890","3.142328","906","3.145104","902","3.143168","906","3.138344","905","3.141428","894","3.14154","904","3.141048","905","3.13984","921","3.142804","896","3.140616","902","3.14074","899","3.141728","820","3.141236","805","3.142196","813","3.140032","833","3.143964","803","3.138872","816","3.141956","814","3.1414601600000003","895","922"
"47","3.141328","525","3.141452","825","3.147428","689","3.140608","803","3.142528","782","3.143044","667","3.141488","782","3.144268","803","3.142292","782","3.142904","689","3.14116","781","3.141","803","3.141792","782","3.143996","803","3.142404","803","3.143064","781","3.1418","803","3.14262","782","3.139204","803","3.139796","803","3.142408","786","3.141564","786","3.141788","785","3.138868","764","3.14348","781","3.142504","827","3.139752","827","3.142336","894","3.141572","802","3.13972","781","3.142608","802","3.142104","827","3.145212","802","3.141048","827","3.141568","828","3.13904","827","3.141552","893","3.144288","883","3.141596","912","3.142736","883","3.140984","892","3.142048","911","3.145144","891","3.141812","891","3.141024","888","3.143888","889","3.143448","911","3.140476","911","3.141316","891","3.141604","873","3.143696","889","3.143476","889","3.141424","889","3.143668","869","3.143536","866","3.141856","865","3.141588","889","3.143196","889","3.13696","889","3.140104","889","3.143788","889","3.142068","889","3.143104","889","3.14274","869","3.140712","870","3.140416","867","3.142704","863","3.140724","889","3.140468","889","3.140952","889","3.142684","889","3.14126","889","3.139252","889","3.14118","889","3.139552","889","3.142832","889","3.139388","889","3.140892","889","3.140196","863","3.142256","888","3.141696","889","3.143648","889","3.140316","871","3.141412","889","3.144552","889","3.141128","869","3.139636","889","3.142032","889","3.14128","865","3.141808","889","3.143464","870","3.1397","889","3.143196","889","3.142996","889","3.140228","889","3.139092","888","3.139372","889","3.139672","889","3.145364","889","3.142524","888","3.1418145199999983","849","944"
"48","3.13854","922","3.14174","921","3.143336","922","3.142504","921","3.142052","921","3.14252","892","3.141444","921","3.140916","920","3.140136","921","3.1398","920","3.141232","922","3.141852","922","3.139992","921","3.142644","921","3.141116","921","3.143756","921","3.14244","921","3.144568","901","3.139236","863","3.144164","899","3.141536","922","3.141028","920","3.140048","922","3.143324","922","3.13846","921","3.140332","922","3.140112","921","3.141136","922","3.138344","920","3.14174","921","3.142848","921","3.141524","922","3.142876","920","3.141064","921","3.138492","900","3.14338","920","3.140152","920","3.141664","921","3.140588","921","3.14162","900","3.140984","921","3.142184","921","3.141444","921","3.142376","901","3.141084","920","3.14108","922","3.145132","920","3.14356","920","3.140508","921","3.142168","921","3.142416","921","3.140168","921","3.144132","921","3.142716","899","3.141308","922","3.141376","899","3.140808","921","3.141444","892","3.142104","920","3.141236","920","3.142064","922","3.142608","921","3.142488","921","3.14018","920","3.142488","897","3.141168","920","3.141744","920","3.142572","922","3.14306","920","3.14006","921","3.143496","920","3.142376","920","3.13904","920","3.143528","921","3.140616","920","3.142184","900","3.143476","920","3.141772","920","3.14328","921","3.143048","921","3.139612","900","3.13956","921","3.140632","921","3.140468","920","3.142564","920","3.141976","921","3.144852","920","3.139272","921","3.14132","921","3.14154","920","3.142088","921","3.140692","920","3.14194","920","3.142176","920","3.139836","920","3.140364","920","3.144916","920","3.142076","920","3.141796","920","3.141832","921","3.1416324399999995","917","922"
"49","3.141288","446","3.140472","515","3.140972","538","3.13988","937","3.139912","915","3.142784","915","3.142728","915","3.142696","934","3.141356","894","3.143124","914","3.14126","914","3.139984","894","3.14268","913","3.14426","915","3.140888","914","3.14038","914","3.142792","914","3.141076","915","3.14114","914","3.14116","914","3.140212","914","3.141528","914","3.140784","915","3.141448","894","3.139856","914","3.140284","914","3.140936","914","3.144104","914","3.141964","914","3.143032","914","3.143596","913","3.146196","914","3.14292","914","3.139468","933","3.141788","914","3.1419","914","3.142328","914","3.1395","914","3.142032","914","3.141648","914","3.13732","914","3.141676","914","3.14034","914","3.142144","913","3.142904","909","3.141264","908","3.139132","897","3.14122","898","3.13994","889","3.140684","888","3.141644","897","3.14108","850","3.141592","867","3.144356","844","3.143956","882","3.141616","881","3.138516","863","3.142732","879","3.141828","878","3.139188","878","3.142024","877","3.140472","875","3.141992","875","3.141016","874","3.140252","855","3.1412","872","3.141172","833","3.141204","872","3.14132","872","3.14018","871","3.139828","872","3.141384","871","3.139656","868","3.141352","870","3.142504","867","3.144732","870","3.139808","870","3.14258","868","3.14274","870","3.142876","867","3.140496","870","3.13894","868","3.140124","870","3.140512","885","3.141672","884","3.143192","792","3.143624","792","3.138864","792","3.140256","793","3.1422","792","3.142484","793","3.141964","771","3.142316","771","3.141024","771","3.142268","771","3.143832","771","3.143948","770","3.14462","771","3.13912","769","3.143424","770","3.1415265999999993","865","965"
"50","3.140048","363","3.14014","623","3.143652","623","3.14072","575","3.142324","620","3.139012","900","3.139616","899","3.139556","879","3.1424","900","3.142096","899","3.14038","899","3.1413","900","3.141064","899","3.14176","900","3.145344","900","3.137176","899","3.140464","899","3.139952","900","3.141796","898","3.139404","897","3.140428","898","3.141948","899","3.140832","898","3.14146","860","3.140848","883","3.144048","882","3.140612","883","3.142244","879","3.140828","879","3.142092","879","3.140208","877","3.142164","877","3.142008","875","3.139892","875","3.1455","878","3.1413","873","3.142088","871","3.141116","871","3.138008","872","3.139332","877","3.144164","872","3.142856","874","3.14344","872","3.140788","871","3.139332","871","3.14164","871","3.139936","871","3.141644","858","3.141452","863","3.14204","856","3.141056","862","3.14166","856","3.140384","855","3.140504","856","3.140184","855","3.14106","854","3.14172","858","3.138708","883","3.142284","883","3.14434","856","3.141604","833","3.140644","854","3.142004","856","3.141904","850","3.139272","874","3.142168","874","3.140196","869","3.141356","869","3.14224","869","3.139864","869","3.140948","839","3.14102","866","3.140792","842","3.140952","862","3.1427","862","3.142236","862","3.140056","862","3.142932","862","3.140608","861","3.14346","862","3.139652","858","3.141816","858","3.140684","858","3.140728","858","3.139488","858","3.14336","858","3.142712","858","3.139228","856","3.141832","855","3.14242","855","3.14164","855","3.142204","827","3.144008","846","3.142216","846","3.137268","846","3.140356","846","3.140484","836","3.140148","836","3.142236","835","3.145096","834","3.1412888400000014","853","934"
"51","3.143652","716","3.142712","641","3.141148","642","3.143788","641","3.144072","689","3.1442","689","3.139496","641","3.140572","689","3.140696","641","3.141092","681","3.143264","681","3.13964","633","3.143152","681","3.14188","633","3.140984","949","3.141528","950","3.143052","948","3.14036","898","3.141056","857","3.14146","949","3.137476","949","3.142732","949","3.142828","949","3.140388","949","3.1412","949","3.141364","949","3.1447","949","3.14164","893","3.144136","949","3.145932","898","3.13952","949","3.140168","892","3.14006","892","3.145688","949","3.142528","949","3.144444","949","3.143468","949","3.139032","896","3.141828","949","3.14086","898","3.140164","949","3.141452","893","3.141512","949","3.1419","949","3.144016","949","3.14266","910","3.141744","910","3.143168","911","3.143192","910","3.144092","906","3.143704","906","3.143256","906","3.140668","911","3.138564","907","3.141884","910","3.14134","879","3.13812","911","3.140652","901","3.142136","901","3.142724","902","3.143312","901","3.137828","905","3.140344","902","3.141428","901","3.142344","902","3.138816","904","3.140096","906","3.139652","901","3.14114","902","3.140568","902","3.143532","902","3.141104","901","3.1402","900","3.143672","906","3.140664","902","3.142464","902","3.140304","906","3.141052","872","3.140164","873","3.142432","875","3.14238","875","3.14076","870","3.141484","872","3.144072","872","3.143308","873","3.139536","871","3.140136","875","3.1404","873","3.14076","875","3.140568","875","3.140416","875","3.142912","862","3.14094","863","3.141656","863","3.142016","862","3.139944","861","3.13922","862","3.143236","862","3.141076","862","3.143204","851","3.141638840000001","870","969"
"52","3.141112","475","3.140076","847","3.140892","847","3.143492","847","3.14604","847","3.142796","847","3.142868","847","3.141796","847","3.139388","847","3.140984","847","3.143848","847","3.143336","827","3.142424","847","3.142832","845","3.139536","825","3.144252","845","3.139424","813","3.14234","831","3.14134","829","3.142084","829","3.14078","829","3.140444","826","3.141048","805","3.14358","826","3.14264","826","3.144824","826","3.139232","826","3.140908","805","3.139984","805","3.141552","819","3.141564","839","3.144448","818","3.139484","818","3.141948","818","3.14276","818","3.141988","818","3.141304","818","3.142708","810","3.142216","810","3.140896","810","3.141288","831","3.145872","810","3.141644","905","3.143604","910","3.142616","910","3.1405","911","3.140572","911","3.137772","903","3.1409","885","3.14252","910","3.138892","903","3.13974","903","3.142412","905","3.1432","903","3.140152","910","3.1399","911","3.139464","910","3.143344","903","3.139596","910","3.139276","910","3.140052","911","3.143824","903","3.143544","911","3.142032","903","3.140748","905","3.142524","911","3.144404","881","3.13984","909","3.141524","905","3.142256","910","3.142432","911","3.140844","909","3.142824","909","3.142516","905","3.144752","910","3.141656","910","3.144028","903","3.14126","910","3.140172","910","3.139336","903","3.144248","909","3.140856","910","3.14106","909","3.141468","903","3.141116","909","3.138552","910","3.140656","903","3.142024","909","3.14232","903","3.141144","909","3.14352","909","3.140156","910","3.142956","878","3.13972","910","3.145376","883","3.14246","909","3.142672","910","3.144988","909","3.141188","911","3.142212","905","3.14177692","869","953"
"53","3.14152","450","3.139088","753","3.14286","753","3.141336","805","3.139672","731","3.14092","752","3.141488","750","3.143344","749","3.143848","749","3.139264","750","3.142764","750","3.14062","750","3.139092","749","3.140504","749","3.143552","750","3.14184","750","3.138084","750","3.141148","749","3.143368","748","3.14182","747","3.140924","748","3.1416","747","3.142132","747","3.139172","748","3.139736","740","3.140112","741","3.143196","741","3.14148","916","3.140568","740","3.14014","740","3.139132","740","3.143404","740","3.141796","900","3.140112","725","3.14168","897","3.139724","679","3.13956","720","3.138308","720","3.141616","895","3.143292","893","3.1419","894","3.140496","893","3.143908","894","3.139072","815","3.14428","894","3.139896","870","3.140492","872","3.139596","870","3.13516","872","3.139368","868","3.140948","863","3.13982","865","3.139748","864","3.14072","807","3.141044","865","3.143524","862","3.142244","861","3.141624","861","3.140364","860","3.141732","860","3.140532","855","3.140968","856","3.141484","853","3.142328","856","3.142624","856","3.14506","852","3.13928","855","3.14318","850","3.14116","855","3.142264","854","3.1409","853","3.143636","854","3.1406","852","3.14168","856","3.139912","850","3.140272","854","3.142532","854","3.144528","855","3.143204","854","3.141792","856","3.138872","854","3.140636","851","3.141324","839","3.141548","839","3.142916","840","3.140104","837","3.143792","839","3.139008","837","3.139984","840","3.141088","839","3.141316","839","3.1417","837","3.140536","837","3.140828","840","3.13996","840","3.143268","840","3.141392","821","3.141692","821","3.141728","821","3.14248","821","3.1412186000000006","813","938"
"54","3.1432","60","3.14192","254","3.142456","256","3.143032","278","3.140484","278","3.140792","291","3.143852","279","3.138968","279","3.14184","279","3.141956","279","3.142136","279","3.142592","279","3.138408","884","3.143484","885","3.140152","885","3.141252","886","3.141408","885","3.142224","884","3.13928","885","3.141804","885","3.141052","885","3.142696","865","3.142564","884","3.141404","885","3.142348","884","3.141424","885","3.141984","884","3.141076","884","3.140084","885","3.139696","884","3.141472","885","3.14292","853","3.142588","861","3.139464","884","3.137396","885","3.140652","863","3.139808","884","3.143288","858","3.141048","857","3.140004","861","3.142888","885","3.142068","885","3.140768","885","3.141604","884","3.142168","884","3.142964","884","3.140548","885","3.141328","884","3.142296","885","3.14218","885","3.14218","861","3.141564","884","3.142232","885","3.144444","884","3.140716","884","3.139212","884","3.140476","885","3.141616","885","3.14192","885","3.142392","885","3.144148","884","3.139988","854","3.146756","884","3.141508","884","3.140512","884","3.13962","884","3.143532","884","3.14402","885","3.144496","884","3.139012","885","3.141904","884","3.142948","864","3.143804","884","3.141968","884","3.143764","865","3.139252","864","3.138364","860","3.143448","859","3.143776","884","3.1418","884","3.14218","884","3.138636","884","3.139844","884","3.143768","885","3.144496","884","3.139692","884","3.1407","885","3.141108","883","3.14166","864","3.14094","856","3.143624","883","3.141908","884","3.142816","884","3.141668","851","3.140992","850","3.139696","850","3.141468","853","3.141756","883","3.14234","884","3.142336","883","3.1416601999999982","803","930"
"55","3.139848","902","3.143144","902","3.14088","903","3.141952","902","3.142168","903","3.139728","902","3.143512","902","3.143872","903","3.13866","903","3.141736","903","3.14482","901","3.140396","903","3.142552","902","3.1429","902","3.140996","901","3.140612","902","3.14112","903","3.14172","903","3.140492","902","3.139528","902","3.141416","847","3.145436","902","3.143796","902","3.14338","874","3.14148","902","3.141424","902","3.142744","874","3.142824","902","3.140192","902","3.1402","876","3.141788","902","3.143048","902","3.142164","902","3.141576","902","3.142104","902","3.141196","902","3.143688","902","3.139732","901","3.144432","902","3.140616","901","3.139208","902","3.14422","902","3.141964","902","3.141844","902","3.141572","902","3.142636","880","3.139004","902","3.141452","902","3.142808","902","3.141032","902","3.140628","902","3.144172","902","3.139236","902","3.137956","902","3.143376","901","3.137644","902","3.137624","902","3.141828","902","3.146612","901","3.139368","901","3.140768","902","3.143492","902","3.139624","902","3.140032","902","3.142728","902","3.143444","902","3.142972","902","3.144424","901","3.13996","901","3.141224","902","3.14344","901","3.13864","901","3.141812","901","3.139776","902","3.142256","902","3.142468","897","3.139632","896","3.142076","897","3.14286","897","3.142256","897","3.139844","897","3.140884","896","3.143036","897","3.141892","897","3.140584","883","3.140132","872","3.141148","872","3.1449","872","3.144672","872","3.14028","872","3.140772","872","3.141992","872","3.1415","872","3.140708","872","3.14046","872","3.14146","872","3.139272","872","3.14116","872","3.1458","871","3.14278","872","3.1416521600000005","895","903"
"56","3.140548","584","3.14052","609","3.14022","558","3.143456","584","3.141488","584","3.14422","584","3.141688","608","3.13986","577","3.139132","601","3.143312","931","3.139408","936","3.141008","925","3.141984","641","3.139516","932","3.138428","927","3.137036","921","3.13896","929","3.143956","923","3.141728","929","3.14134","929","3.14124","930","3.140976","923","3.14332","930","3.142608","929","3.139372","929","3.140028","929","3.142444","929","3.142288","930","3.139752","921","3.139096","929","3.14516","915","3.1405","915","3.142424","934","3.144016","933","3.142804","933","3.140264","934","3.14066","914","3.143192","933","3.142028","933","3.14208","911","3.14102","934","3.14228","933","3.138844","903","3.145456","906","3.143084","933","3.141936","933","3.141804","911","3.141984","933","3.136588","934","3.14256","903","3.141404","933","3.142492","933","3.14248","933","3.14334","911","3.141288","933","3.14052","933","3.140516","933","3.142508","875","3.143472","933","3.140684","912","3.14028","902","3.143376","909","3.140928","933","3.144064","865","3.14326","933","3.13984","910","3.140664","905","3.140424","909","3.144736","933","3.143868","933","3.1434","933","3.140776","931","3.143548","931","3.144832","931","3.14504","920","3.142988","889","3.138864","889","3.142652","907","3.143292","889","3.142892","908","3.141028","886","3.141724","908","3.144408","908","3.143116","907","3.140152","908","3.140748","908","3.143932","888","3.143004","908","3.142964","888","3.143256","908","3.137864","908","3.138284","898","3.142168","878","3.141564","897","3.137928","894","3.1395","891","3.140236","871","3.142464","890","3.141972","890","3.14134","869","3.14163696","883","971"
"57","3.14316","870","3.147092","868","3.14106","869","3.141172","901","3.140388","871","3.139744","929","3.140696","930","3.13988","932","3.14244","931","3.143872","870","3.14364","901","3.142464","824","3.14198","901","3.142096","901","3.143696","871","3.1418","847","3.144856","824","3.143284","901","3.140524","928","3.142412","929","3.143276","869","3.140296","871","3.140684","901","3.14132","848","3.142128","929","3.14462","869","3.1422","824","3.142704","868","3.14226","901","3.139732","901","3.14406","901","3.142084","824","3.141348","900","3.142656","848","3.141324","848","3.141984","900","3.14298","901","3.14078","928","3.138232","930","3.142396","901","3.140068","900","3.143932","902","3.141476","868","3.14594","900","3.144444","869","3.1404","923","3.141624","920","3.143348","894","3.14278","897","3.140956","917","3.143072","921","3.14082","895","3.140084","895","3.140612","922","3.14202","895","3.141144","902","3.141892","896","3.140596","902","3.141076","902","3.14066","900","3.142456","896","3.141544","900","3.14044","902","3.14192","896","3.140792","900","3.142516","899","3.1366","901","3.142228","896","3.142476","902","3.139516","901","3.142996","901","3.14206","902","3.14312","896","3.142088","898","3.14152","883","3.141644","888","3.143888","882","3.141284","887","3.141728","887","3.143492","884","3.141876","886","3.143016","885","3.141564","888","3.141072","886","3.140024","879","3.14018","868","3.140476","867","3.144228","868","3.144184","824","3.141408","828","3.142404","828","3.142684","767","3.141712","765","3.140964","766","3.142956","766","3.142292","765","3.145548","767","3.141972","767","3.14188","767","3.142776","767","3.1419778800000002","877","934"
"58","3.141296","15","3.143232","954","3.140444","954","3.143512","895","3.139684","953","3.138772","927","3.143052","922","3.141508","954","3.140432","953","3.14316","953","3.141632","953","3.139964","953","3.14214","953","3.142512","953","3.140016","921","3.142064","945","3.142048","945","3.142092","945","3.142376","946","3.143544","916","3.142288","946","3.139644","945","3.141788","945","3.142148","945","3.139756","946","3.138612","923","3.142848","945","3.13928","944","3.14218","943","3.140988","944","3.139624","943","3.141372","943","3.141756","943","3.141368","944","3.142292","943","3.14052","943","3.139136","919","3.141736","944","3.136956","933","3.14204","933","3.140176","933","3.140928","908","3.144448","933","3.141964","932","3.140524","933","3.14018","933","3.14242","933","3.140276","902","3.141336","932","3.139928","933","3.13822","928","3.140364","899","3.142848","928","3.140348","925","3.13754","915","3.141008","905","3.142748","902","3.144144","902","3.140428","902","3.144368","901","3.141764","900","3.144636","900","3.142488","899","3.145404","898","3.13928","898","3.143092","898","3.138048","897","3.142952","898","3.143956","868","3.140944","897","3.13878","898","3.13998","898","3.144012","898","3.142604","898","3.145288","898","3.138404","899","3.14064","898","3.143252","898","3.140392","898","3.139132","898","3.14022","898","3.143044","898","3.139976","898","3.139936","898","3.143076","898","3.142192","898","3.141712","897","3.14138","898","3.14328","898","3.138728","898","3.144192","898","3.142356","898","3.142068","898","3.142236","898","3.14194","898","3.14016","898","3.14198","898","3.139384","898","3.141188","897","3.14186","897","3.141399639999999","909","956"
"59","3.139672","246","3.140936","915","3.142968","883","3.141232","887","3.140424","910","3.142892","891","3.138556","910","3.146692","911","3.142908","915","3.1441","911","3.143772","915","3.140356","910","3.141188","888","3.141924","915","3.140684","912","3.142376","913","3.14276","926","3.14232","926","3.141808","926","3.141956","901","3.140108","926","3.14384","926","3.142548","926","3.141484","903","3.1432","900","3.141852","904","3.138856","926","3.14324","922","3.142432","922","3.143808","923","3.141176","923","3.141416","923","3.143736","923","3.143828","922","3.142528","901","3.141124","897","3.141812","902","3.140928","922","3.141928","922","3.140424","895","3.139948","922","3.138784","896","3.139228","922","3.142424","922","3.14016","895","3.141656","898","3.140348","897","3.140976","922","3.142712","922","3.14274","922","3.144056","922","3.14404","900","3.138792","922","3.141768","922","3.141616","895","3.1401","922","3.140256","898","3.142604","922","3.14266","922","3.141568","922","3.14142","922","3.140532","922","3.141788","900","3.142352","922","3.141896","922","3.143208","922","3.140356","904","3.141212","897","3.140144","922","3.141784","922","3.138688","899","3.13848","893","3.141108","917","3.139724","917","3.14104","917","3.142584","891","3.143056","896","3.141584","890","3.141496","897","3.140876","917","3.140232","917","3.13976","917","3.142016","917","3.141452","917","3.143156","917","3.138876","890","3.141544","917","3.141224","917","3.143148","917","3.140876","917","3.141472","917","3.140992","895","3.142888","917","3.141972","917","3.144308","917","3.139444","917","3.141968","913","3.14188","912","3.141404","913","3.140548","913","3.1415871600000016","905","940"
"60","3.142204","803","3.138992","802","3.142048","780","3.140292","780","3.144672","780","3.141408","780","3.144848","803","3.139552","803","3.142208","780","3.141844","845","3.14048","731","3.143476","802","3.141768","779","3.1446","802","3.142976","838","3.141632","837","3.141332","796","3.141816","837","3.145524","795","3.13952","816","3.14272","773","3.14384","896","3.14088","858","3.14142","795","3.144584","873","3.142888","894","3.1409","834","3.141024","834","3.143036","873","3.142224","835","3.142212","813","3.142972","770","3.141608","854","3.143772","973","3.142708","834","3.141932","867","3.14038","962","3.141248","879","3.141244","858","3.140568","957","3.139504","879","3.140732","951","3.142256","953","3.139756","873","3.141268","951","3.142196","951","3.141456","873","3.139136","953","3.143676","918","3.140828","917","3.142804","857","3.141892","915","3.141492","915","3.138816","915","3.140268","914","3.139032","853","3.142688","911","3.141552","906","3.139552","905","3.141528","882","3.13868","881","3.142436","904","3.139936","904","3.140468","905","3.141684","878","3.140216","901","3.139332","898","3.143448","899","3.142808","875","3.141768","875","3.139448","898","3.138976","898","3.142084","898","3.142208","898","3.143236","898","3.142656","898","3.140528","891","3.145004","891","3.144632","891","3.142408","891","3.143036","891","3.144252","890","3.14102","891","3.141292","891","3.142228","891","3.144492","891","3.142004","891","3.140592","891","3.141584","890","3.14012","891","3.144252","891","3.144132","890","3.14184","891","3.141416","890","3.138644","890","3.139188","890","3.143436","891","3.14244","891","3.14184","890","3.141976","890","3.141755240000001","870","984"
"61","3.14118","654","3.139752","500","3.140252","653","3.140712","925","3.14002","885","3.139932","925","3.14292","819","3.141788","906","3.142036","860","3.143376","840","3.144124","860","3.141384","860","3.139512","860","3.139428","904","3.140308","860","3.140264","883","3.142716","840","3.141132","861","3.143556","860","3.141404","860","3.141236","837","3.139416","901","3.141548","861","3.141988","928","3.142104","926","3.142824","931","3.139324","927","3.137416","927","3.144344","931","3.141308","927","3.143036","896","3.14004","927","3.139476","896","3.140628","927","3.140208","925","3.141828","926","3.14336","927","3.142696","925","3.1398","927","3.143324","927","3.141308","902","3.14072","927","3.143304","931","3.140656","927","3.142512","931","3.141924","895","3.14024","931","3.138608","927","3.142056","927","3.140732","926","3.142136","900","3.142472","927","3.140676","925","3.140728","927","3.141276","931","3.141528","925","3.143048","931","3.142444","922","3.141284","918","3.140588","921","3.14066","918","3.140988","922","3.143776","918","3.139964","922","3.144596","922","3.139484","922","3.142232","922","3.140312","918","3.14406","920","3.14088","922","3.141228","921","3.140132","922","3.144664","918","3.14104","921","3.143996","920","3.139744","921","3.13746","920","3.139924","922","3.143168","918","3.14018","918","3.140912","922","3.140052","921","3.140664","922","3.140864","921","3.139272","922","3.137852","918","3.140736","917","3.142076","917","3.141224","918","3.139732","922","3.142292","920","3.142584","922","3.1428","917","3.141148","918","3.142176","922","3.139924","922","3.144392","918","3.141172","918","3.141916","903","3.141412","904","3.1413162800000007","901","979"
"62","3.144212","26","3.141288","266","3.14082","266","3.145464","266","3.139832","266","3.144272","933","3.142148","910","3.142448","933","3.142512","915","3.140872","933","3.14386","911","3.14296","878","3.142704","911","3.14106","901","3.140996","905","3.14214","910","3.142388","933","3.141816","901","3.14178","911","3.140428","905","3.141588","915","3.139224","908","3.142172","915","3.141648","901","3.14078","916","3.141844","916","3.141716","916","3.141452","916","3.145592","916","3.141944","916","3.14118","916","3.13946","916","3.143108","916","3.143224","916","3.140952","884","3.14132","916","3.143256","916","3.1422","915","3.144108","916","3.144612","915","3.13956","895","3.142392","885","3.143636","916","3.14092","916","3.138956","915","3.139984","916","3.144412","915","3.140392","888","3.13952","916","3.143444","905","3.143524","905","3.142744","905","3.14","905","3.141928","905","3.14168","905","3.14218","905","3.142984","905","3.141912","905","3.140408","905","3.141648","905","3.138004","905","3.140812","905","3.142556","884","3.13916","905","3.14402","905","3.140356","905","3.143132","904","3.139428","904","3.143328","904","3.143228","884","3.144048","905","3.140296","905","3.139876","905","3.141468","904","3.144168","905","3.147108","905","3.139844","905","3.140276","905","3.143256","905","3.13962","905","3.13892","880","3.140408","903","3.141924","903","3.141048","903","3.141624","876","3.143872","886","3.141808","887","3.141796","886","3.143648","886","3.142164","858","3.139876","886","3.139656","886","3.143424","886","3.143176","887","3.140776","886","3.145708","887","3.141424","886","3.142656","887","3.140212","882","3.140524","882","3.141862320000001","869","939"
"63","3.137764","526","3.141852","552","3.141228","552","3.14238","552","3.14178","525","3.140668","580","3.140708","525","3.141092","573","3.14068","768","3.141152","888","3.14082","928","3.141776","832","3.14292","921","3.143672","892","3.14106","887","3.14114","861","3.139884","898","3.142144","833","3.142548","928","3.140408","863","3.144964","898","3.14586","918","3.141784","945","3.140276","946","3.144176","946","3.141776","924","3.141396","946","3.143392","943","3.141976","943","3.142016","942","3.142756","942","3.142728","942","3.140468","943","3.139424","942","3.142076","942","3.142008","943","3.14134","942","3.142672","942","3.141496","942","3.137136","942","3.142708","942","3.140732","942","3.141888","942","3.141008","943","3.141732","942","3.14076","942","3.14266","941","3.14344","941","3.14058","942","3.142752","941","3.142572","942","3.139712","941","3.142508","942","3.141792","941","3.141788","941","3.143228","941","3.1438","941","3.142376","942","3.139476","942","3.143284","941","3.141148","942","3.143932","942","3.140428","942","3.138516","942","3.143544","942","3.140792","941","3.141916","920","3.142824","942","3.139796","941","3.1417","941","3.141248","942","3.143256","942","3.141204","941","3.139488","941","3.141924","941","3.138816","941","3.141324","941","3.142824","941","3.143532","941","3.141748","942","3.140396","941","3.140308","941","3.139904","941","3.143184","942","3.141032","941","3.142184","942","3.139952","942","3.140912","942","3.141976","941","3.144868","942","3.141684","942","3.14342","941","3.142868","941","3.140956","941","3.142324","941","3.140652","941","3.141768","877","3.142324","869","3.139924","868","3.143024","866","3.14167812","898","959"
"64","3.144612","457","3.142472","944","3.144548","945","3.139912","944","3.138932","944","3.14264","945","3.141232","945","3.143812","944","3.142156","944","3.143464","921","3.139176","920","3.141048","945","3.139152","943","3.139128","943","3.139836","944","3.143836","949","3.137256","944","3.142496","944","3.140216","943","3.13778","942","3.141308","941","3.140604","942","3.139648","966","3.141028","942","3.140292","943","3.143672","944","3.140188","966","3.142052","942","3.141732","943","3.139624","948","3.141556","944","3.142544","941","3.141092","943","3.14388","942","3.139704","943","3.14016","944","3.141212","942","3.141716","942","3.14386","942","3.144232","966","3.14044","943","3.140404","944","3.140548","919","3.141076","966","3.14306","944","3.140932","942","3.142464","942","3.13962","942","3.143564","942","3.143152","942","3.138584","941","3.14452","943","3.143336","943","3.141368","942","3.142768","914","3.139828","944","3.143444","943","3.13876","942","3.138896","944","3.140208","941","3.143804","941","3.141844","943","3.14056","941","3.141216","946","3.142568","960","3.1438","931","3.141472","950","3.142332","930","3.140276","930","3.144016","911","3.141272","930","3.144136","906","3.142084","930","3.142756","910","3.141996","930","3.14056","930","3.139732","930","3.140268","930","3.140988","930","3.142656","929","3.142992","910","3.142896","930","3.140524","930","3.142228","909","3.141872","909","3.1429","930","3.143496","930","3.141988","929","3.144672","929","3.13884","930","3.140976","929","3.140528","930","3.140644","930","3.142016","912","3.141696","930","3.14286","930","3.143196","908","3.140188","911","3.143044","929","3.1402","929","3.1415687199999995","932","970"
"65","3.1392","954","3.142136","933","3.139228","868","3.140676","954","3.142452","933","3.140836","933","3.142048","954","3.140656","933","3.141176","933","3.139368","933","3.140384","954","3.1421","933","3.140256","954","3.141252","933","3.141576","954","3.141556","954","3.139672","954","3.141072","933","3.14172","913","3.143056","954","3.14452","933","3.1412","953","3.14174","933","3.143444","933","3.139224","933","3.141452","959","3.139896","958","3.146468","948","3.138452","929","3.141424","948","3.140428","948","3.13886","929","3.145532","948","3.140228","930","3.140384","945","3.139712","945","3.141916","946","3.141068","946","3.140568","945","3.142004","926","3.14186","946","3.139008","946","3.141468","945","3.140508","946","3.139148","946","3.142416","945","3.141568","945","3.140464","946","3.14072","945","3.13794","945","3.140968","946","3.139952","945","3.141116","945","3.13978","946","3.144316","945","3.13996","946","3.14192","945","3.142368","945","3.144824","945","3.144544","946","3.141296","945","3.139628","945","3.1424","946","3.142096","945","3.143364","943","3.139464","943","3.142424","934","3.142544","929","3.140696","929","3.143332","929","3.144016","929","3.141216","929","3.1411","928","3.139944","929","3.14292","929","3.140308","928","3.139408","929","3.143208","928","3.143456","929","3.139244","929","3.141744","921","3.142584","921","3.141608","921","3.14104","921","3.143716","921","3.138292","921","3.142844","921","3.139932","921","3.142216","921","3.14112","921","3.142148","921","3.13978","921","3.139432","921","3.143728","921","3.140124","870","3.139544","870","3.142868","870","3.140444","868","3.141516","868","3.141208","868","3.1413173999999997","932","974"
"66","3.13946","439","3.143344","439","3.138896","565","3.141172","909","3.142548","565","3.142448","565","3.141224","636","3.143","565","3.142324","565","3.1405","588","3.136436","565","3.139148","565","3.140492","565","3.141392","541","3.145244","563","3.1373","906","3.140952","907","3.139184","906","3.143172","906","3.143412","905","3.14218","905","3.138896","907","3.140904","906","3.142068","906","3.138304","905","3.14164","907","3.14286","906","3.140724","906","3.142024","906","3.139924","906","3.139884","905","3.142512","906","3.143652","906","3.14126","906","3.1386","906","3.14032","905","3.144468","906","3.143368","907","3.14258","906","3.142704","907","3.140732","906","3.14256","906","3.140048","906","3.142488","906","3.140116","907","3.142068","907","3.142624","906","3.144864","905","3.140776","906","3.14134","905","3.141552","904","3.140584","907","3.142592","905","3.14224","906","3.142432","906","3.14054","901","3.139732","901","3.14218","901","3.142484","900","3.139776","900","3.138676","902","3.141744","902","3.142112","901","3.141412","902","3.13906","902","3.139368","902","3.141048","902","3.144352","901","3.14258","902","3.144284","900","3.142208","902","3.140688","901","3.140676","902","3.14264","902","3.144516","900","3.140724","902","3.142184","901","3.138304","901","3.140216","901","3.141404","901","3.142596","902","3.143876","902","3.144264","901","3.14506","902","3.137508","901","3.143448","900","3.14164","902","3.141136","900","3.142064","901","3.140028","902","3.140984","901","3.14156","901","3.142376","900","3.138696","881","3.139644","900","3.141856","901","3.14272","901","3.1434","901","3.14134","901","3.138944","900","3.14143584","854","931"
"67","3.138528","367","3.141796","665","3.13992","684","3.139144","662","3.138596","683","3.140424","638","3.139628","661","3.142172","683","3.142244","661","3.140868","683","3.141904","661","3.140088","683","3.141812","683","3.141968","683","3.141576","661","3.140708","661","3.140172","897","3.14048","900","3.142872","898","3.14144","898","3.1377","900","3.142676","868","3.142932","898","3.144932","839","3.138868","836","3.142832","897","3.140232","861","3.13976","874","3.145548","897","3.142048","899","3.141432","898","3.142108","864","3.141544","898","3.141552","897","3.143284","834","3.141336","864","3.142244","829","3.138304","833","3.143236","868","3.141036","893","3.141112","843","3.142448","914","3.139488","890","3.13928","913","3.14012","913","3.142592","890","3.142408","891","3.144156","911","3.13986","889","3.142244","889","3.14172","911","3.143636","911","3.139324","884","3.142144","884","3.143412","884","3.140284","884","3.144504","884","3.141344","884","3.144284","884","3.137956","884","3.139856","866","3.143244","884","3.14132","884","3.143408","863","3.140688","884","3.141232","884","3.13638","884","3.144212","884","3.14144","884","3.139772","884","3.138312","884","3.141","884","3.13908","884","3.143296","884","3.140024","884","3.14366","884","3.143088","884","3.140856","884","3.142616","884","3.142704","884","3.14338","864","3.142852","884","3.13932","884","3.140548","884","3.141204","884","3.1452","884","3.142284","884","3.14126","883","3.1414","884","3.14204","883","3.1406","883","3.14048","863","3.140948","883","3.140184","883","3.142664","883","3.142424","883","3.142468","883","3.139016","877","3.140596","864","3.140584","853","3.141379000000002","845","938"
"68","3.141212","421","3.142428","691","3.141224","712","3.141824","712","3.140476","635","3.14274","712","3.141496","691","3.139548","712","3.141948","704","3.140144","704","3.14206","704","3.141208","704","3.142952","704","3.141744","683","3.144364","683","3.140008","704","3.140496","702","3.14212","701","3.140928","701","3.139924","701","3.141468","697","3.14068","697","3.139932","697","3.141044","916","3.143488","915","3.144016","915","3.143204","915","3.13938","916","3.14126","894","3.142992","916","3.141396","915","3.141944","916","3.143668","916","3.14092","915","3.140384","917","3.143044","883","3.14238","915","3.1391","917","3.142172","917","3.14334","915","3.139352","916","3.139644","915","3.143368","917","3.143716","915","3.138172","910","3.141752","910","3.14376","912","3.14502","910","3.141304","912","3.14312","910","3.141408","910","3.142668","910","3.143372","909","3.14164","912","3.143452","912","3.139988","910","3.1438","912","3.140344","890","3.14028","911","3.141876","911","3.138996","910","3.14258","913","3.14228","910","3.1405","911","3.14226","911","3.144108","912","3.141016","912","3.143128","910","3.142756","911","3.142216","911","3.141912","912","3.139568","910","3.143464","912","3.144196","910","3.142352","912","3.142448","911","3.143932","912","3.142532","909","3.140284","912","3.142168","909","3.14234","910","3.142028","911","3.139628","912","3.14","912","3.141988","912","3.13924","910","3.140404","912","3.137712","912","3.140896","909","3.140416","889","3.141084","912","3.140936","909","3.140452","912","3.13998","890","3.14226","912","3.141368","911","3.141476","909","3.14514","911","3.140268","911","3.140344","912","3.1416334799999994","858","940"
"69","3.142668","689","3.143648","782","3.142964","641","3.139628","642","3.141212","643","3.138108","642","3.142748","714","3.143676","714","3.141224","714","3.141264","706","3.140388","749","3.143972","706","3.139396","633","3.1399","706","3.140976","706","3.142084","633","3.141208","882","3.145976","886","3.141192","875","3.140304","881","3.144876","886","3.140724","883","3.139524","882","3.143884","876","3.144648","883","3.139704","882","3.141344","807","3.14166","882","3.141616","886","3.140972","875","3.14022","883","3.141544","871","3.1388","877","3.143804","882","3.138704","883","3.141672","875","3.14062","882","3.143188","866","3.14114","869","3.142792","869","3.139124","862","3.138372","872","3.144152","863","3.143532","863","3.141172","870","3.144832","870","3.141144","864","3.142164","863","3.14162","863","3.143028","869","3.142884","869","3.141304","870","3.143532","870","3.141084","865","3.142972","866","3.142972","864","3.142252","871","3.143532","871","3.139336","871","3.141608","871","3.139464","871","3.142416","871","3.142136","871","3.139948","870","3.14182","871","3.140656","871","3.140456","871","3.143208","871","3.141356","871","3.142948","870","3.14114","871","3.143484","870","3.143384","870","3.140552","871","3.141052","871","3.13932","870","3.14046","850","3.141736","871","3.141932","870","3.1421","870","3.139832","871","3.143008","870","3.143144","870","3.14052","871","3.143364","870","3.143608","870","3.143792","871","3.138584","871","3.143916","870","3.14116","870","3.141428","870","3.142396","870","3.142644","870","3.142764","870","3.140264","870","3.140792","870","3.141776","870","3.140756","867","3.140288","867","3.139404","867","3.1416759599999993","841","927"
"70","3.14296","462","3.142984","462","3.141156","487","3.144844","915","3.139716","858","3.140596","917","3.14148","912","3.1416","917","3.142472","917","3.142536","917","3.141228","908","3.142676","908","3.14066","912","3.14264","913","3.14592","913","3.138392","910","3.141992","908","3.140304","913","3.142572","913","3.140724","912","3.14398","912","3.141452","913","3.141052","912","3.14104","913","3.14056","912","3.14226","910","3.142724","912","3.140112","912","3.141548","908","3.142412","913","3.139032","912","3.142792","912","3.14558","912","3.140212","900","3.142016","903","3.141808","904","3.14244","904","3.14052","906","3.142036","902","3.142076","905","3.138416","906","3.139948","904","3.141168","903","3.140084","899","3.141636","904","3.14076","898","3.142624","900","3.143756","911","3.142184","911","3.141524","890","3.141136","890","3.140824","889","3.142296","895","3.141436","910","3.14162","911","3.141156","910","3.14042","910","3.14094","910","3.141152","911","3.142488","888","3.142848","910","3.137456","895","3.14292","910","3.140976","910","3.143176","895","3.144296","890","3.141112","895","3.142844","910","3.13988","890","3.142808","891","3.137932","910","3.141768","910","3.143676","910","3.141984","900","3.143032","900","3.144112","895","3.141928","895","3.144036","895","3.138228","879","3.140156","892","3.140036","873","3.141152","892","3.14038","865","3.139192","891","3.13908","872","3.142932","887","3.140628","887","3.139604","886","3.14164","870","3.143356","886","3.143552","886","3.141424","886","3.141056","886","3.142952","886","3.141252","886","3.142044","886","3.139952","886","3.141692","886","3.140452","886","3.142032","885","3.141582479999998","887","943"
"71","3.140884","398","3.142028","661","3.1427","661","3.141324","660","3.143296","661","3.140724","661","3.142712","661","3.141188","571","3.138776","661","3.140712","661","3.14112","920","3.142664","919","3.143856","919","3.142128","917","3.142308","917","3.143752","918","3.14276","918","3.140168","917","3.14078","894","3.142664","917","3.1414","905","3.141664","905","3.139992","905","3.140232","905","3.140344","905","3.142608","905","3.142928","905","3.14152","904","3.1414","905","3.142904","905","3.142496","905","3.14388","904","3.140416","905","3.142648","905","3.140708","905","3.14438","901","3.14098","889","3.13954","890","3.140784","889","3.143984","889","3.139332","888","3.138584","889","3.137608","888","3.14228","881","3.141708","788","3.142128","880","3.140516","877","3.1392","878","3.139496","877","3.141528","877","3.139708","877","3.142424","877","3.141128","855","3.141252","878","3.139528","877","3.143536","878","3.143496","877","3.141228","875","3.142104","878","3.142756","878","3.139596","876","3.14272","875","3.139364","878","3.138236","872","3.143256","878","3.14144","879","3.142136","872","3.142008","876","3.140764","876","3.141768","876","3.139368","878","3.14242","875","3.141568","873","3.142212","878","3.139248","877","3.143184","878","3.142436","873","3.141392","875","3.140716","876","3.139076","877","3.141724","872","3.142544","875","3.140768","878","3.141256","876","3.142512","874","3.140908","876","3.141176","872","3.1422","875","3.143204","872","3.14182","876","3.142816","837","3.141268","866","3.141356","866","3.141268","858","3.138644","858","3.141596","857","3.143076","857","3.142712","853","3.141744","857","3.14182","850","3.141482120000001","857","931"
"72","3.142084","553","3.142788","812","3.142092","852","3.140028","720","3.143068","790","3.14014","790","3.144368","790","3.143104","812","3.139384","790","3.142292","790","3.142764","791","3.143008","790","3.13908","790","3.139824","721","3.142772","790","3.142092","790","3.139412","806","3.140656","807","3.141884","802","3.141064","896","3.142516","915","3.143604","913","3.141284","894","3.14236","894","3.14158","894","3.140408","913","3.139796","913","3.141204","838","3.139344","913","3.14066","894","3.139608","837","3.1409","913","3.142788","913","3.142428","913","3.141556","913","3.144336","894","3.142476","913","3.140824","913","3.137032","913","3.144116","885","3.141352","885","3.140444","885","3.141604","885","3.141804","885","3.14006","866","3.142864","885","3.141772","885","3.144532","885","3.139444","885","3.143128","885","3.141908","866","3.144416","885","3.14212","885","3.140512","885","3.142188","885","3.13772","885","3.138816","884","3.141864","885","3.139744","879","3.14292","879","3.139676","879","3.146548","878","3.143836","879","3.14408","879","3.142356","879","3.138692","878","3.139812","878","3.143196","878","3.141428","878","3.145256","878","3.139244","878","3.142232","878","3.142668","878","3.14238","876","3.142432","875","3.141636","876","3.141708","875","3.144372","876","3.138668","875","3.14224","875","3.14186","875","3.141736","876","3.142788","875","3.141456","876","3.143496","875","3.143272","876","3.141276","876","3.14278","875","3.139836","876","3.143844","874","3.13918","875","3.1423","844","3.141304","845","3.140676","844","3.14138","844","3.142244","840","3.140692","839","3.141204","837","3.143656","837","3.143528","826","3.1417090400000007","860","930"
"73","3.143612","155","3.142664","923","3.142996","923","3.143316","923","3.138016","905","3.141308","854","3.142364","923","3.14336","916","3.139312","916","3.140444","897","3.14024","915","3.14246","916","3.140528","912","3.145748","912","3.142328","912","3.142944","912","3.143308","912","3.141956","912","3.142588","912","3.141564","908","3.13906","908","3.139132","908","3.142424","908","3.141108","908","3.13986","907","3.14028","908","3.142112","908","3.140604","908","3.1403","925","3.142684","908","3.141828","908","3.14408","908","3.140172","908","3.136872","925","3.143552","908","3.13886","925","3.140788","908","3.140284","908","3.14196","908","3.142428","908","3.142272","905","3.14054","901","3.142444","883","3.140032","900","3.143424","900","3.1427","900","3.142208","900","3.143096","900","3.139884","900","3.139048","900","3.1432","899","3.141068","899","3.142396","899","3.140928","898","3.140412","898","3.142948","899","3.145564","899","3.138668","895","3.141724","895","3.141012","895","3.142972","895","3.140708","895","3.141288","895","3.14204","895","3.139124","887","3.144144","887","3.140404","879","3.141644","879","3.144132","877","3.140944","877","3.14056","877","3.138888","877","3.140648","874","3.14266","874","3.143756","874","3.143784","874","3.142928","874","3.141568","874","3.139736","874","3.143944","874","3.14068","874","3.1413","871","3.142748","864","3.141356","865","3.142476","865","3.14066","865","3.14282","865","3.141468","864","3.141192","865","3.141792","852","3.142164","852","3.141116","852","3.13968","852","3.144636","852","3.140352","851","3.137928","852","3.140848","852","3.142392","851","3.138972","845","3.14028","844","3.141537439999999","883","943"
"74","3.1398","476","3.143952","675","3.13994","646","3.13888","646","3.144364","571","3.139052","673","3.140036","673","3.141516","713","3.141148","930","3.140536","961","3.141088","961","3.142688","953","3.141104","927","3.140584","927","3.143024","932","3.139524","925","3.144432","964","3.145988","981","3.1392","981","3.141052","951","3.1406","951","3.141972","965","3.141836","965","3.137864","981","3.143604","961","3.143084","954","3.140948","963","3.143588","927","3.140688","963","3.144004","964","3.1423","953","3.14126","954","3.14818","953","3.143528","961","3.141288","961","3.143088","929","3.140648","981","3.13944","981","3.142324","953","3.141916","958","3.142328","963","3.14006","957","3.143756","887","3.143008","953","3.13946","927","3.143412","963","3.141828","980","3.14272","981","3.14294","927","3.144804","961","3.138072","980","3.140944","964","3.14144","932","3.145548","964","3.140852","964","3.142248","961","3.140608","963","3.141256","964","3.139308","952","3.138604","980","3.141692","980","3.140464","963","3.143828","958","3.144968","980","3.141728","924","3.13928","980","3.14126","964","3.141836","964","3.144044","961","3.142668","946","3.139456","941","3.14188","940","3.141492","939","3.142724","940","3.142384","939","3.13864","939","3.13716","940","3.13984","940","3.141892","939","3.14326","939","3.140676","940","3.13784","919","3.138604","917","3.140564","923","3.14128","918","3.138936","939","3.141984","939","3.140828","940","3.14136","939","3.142072","939","3.141236","922","3.142972","940","3.139376","938","3.144908","938","3.143256","877","3.143184","877","3.139912","874","3.139628","875","3.140456","874","3.139992","875","3.141528239999999","920","988"
"75","3.140592","393","3.142416","355","3.140956","392","3.139192","392","3.138956","392","3.140408","392","3.140896","392","3.13796","392","3.143236","392","3.14298","392","3.142856","912","3.144576","911","3.14008","935","3.142116","934","3.14246","935","3.141656","915","3.139356","914","3.142924","915","3.1426","915","3.142556","903","3.14118","934","3.140496","934","3.141032","911","3.140656","933","3.14304","935","3.140796","913","3.13964","935","3.142664","935","3.142616","935","3.144628","934","3.143444","933","3.141752","905","3.143752","934","3.14212","936","3.14418","934","3.138852","934","3.1414","913","3.141784","935","3.142376","914","3.140836","935","3.140908","934","3.142248","934","3.14062","910","3.1402","934","3.14044","934","3.141384","935","3.14226","911","3.141076","933","3.142332","933","3.14286","901","3.137816","933","3.141","906","3.143088","934","3.140148","914","3.142976","910","3.141716","930","3.1444","930","3.143632","932","3.142032","910","3.138248","932","3.139216","910","3.143004","930","3.139644","904","3.142712","932","3.142096","932","3.14152","929","3.144612","930","3.141992","931","3.140264","929","3.143536","895","3.142644","894","3.141044","895","3.138708","896","3.143028","895","3.139896","895","3.139284","897","3.14372","895","3.13952","895","3.140208","895","3.140472","894","3.143104","896","3.14156","895","3.1422","895","3.139","896","3.140832","894","3.140056","896","3.138768","895","3.140532","895","3.141932","895","3.140744","896","3.143244","895","3.143376","894","3.140496","895","3.142848","895","3.138704","895","3.144144","894","3.14262","894","3.141388","895","3.142664","895","3.14066","895","3.1415139200000004","862","944"
"76","3.13728","513","3.138328","514","3.141008","513","3.140228","562","3.142416","936","3.1426","937","3.143656","937","3.142844","936","3.138752","957","3.14064","937","3.137012","957","3.141104","956","3.14054","957","3.142792","957","3.14108","956","3.141992","957","3.141636","937","3.14254","958","3.138756","916","3.13832","957","3.143572","937","3.14214","937","3.139572","957","3.141036","936","3.146068","937","3.140456","937","3.14104","937","3.142236","937","3.142564","937","3.143464","937","3.140372","937","3.1418","937","3.142264","934","3.14142","933","3.141576","934","3.139488","934","3.141836","914","3.141792","914","3.141452","934","3.141908","914","3.143956","911","3.138896","931","3.143948","930","3.140768","908","3.143248","929","3.141772","928","3.141672","927","3.14048","927","3.14058","921","3.141588","919","3.140732","920","3.143424","920","3.144984","920","3.14102","920","3.141764","920","3.141396","920","3.13908","920","3.139172","920","3.142144","920","3.14142","917","3.142548","916","3.140008","917","3.140704","917","3.139012","917","3.142892","917","3.137952","916","3.143524","917","3.145636","901","3.142336","882","3.1407","902","3.141316","902","3.142872","902","3.141724","895","3.141172","879","3.140244","878","3.141392","877","3.143036","864","3.142436","864","3.14426","864","3.143596","861","3.141536","861","3.142556","861","3.139848","861","3.142464","861","3.142968","860","3.143184","861","3.142212","860","3.14284","861","3.142048","861","3.140644","861","3.140112","861","3.144564","860","3.140756","860","3.1403","861","3.141308","861","3.14046","860","3.140796","861","3.141088","861","3.140564","841","3.141744","841","3.141509760000001","894","964"
"77","3.141188","390","3.140796","830","3.141412","809","3.14026","830","3.144764","830","3.140848","830","3.140548","830","3.14108","830","3.141044","830","3.140856","830","3.141928","830","3.139232","809","3.143248","830","3.141884","809","3.140464","830","3.145132","830","3.140944","830","3.14304","830","3.14046","830","3.138248","809","3.14304","830","3.139684","810","3.142764","810","3.140576","831","3.14276","810","3.143252","808","3.142264","808","3.141096","808","3.13996","808","3.142936","808","3.14146","808","3.14116","808","3.138796","806","3.142348","806","3.139244","885","3.141976","805","3.141432","827","3.140492","784","3.13976","878","3.1399","878","3.141336","880","3.14334","881","3.143416","876","3.142484","879","3.1415","877","3.139672","880","3.144736","872","3.141568","873","3.141612","877","3.141668","877","3.139008","878","3.142888","875","3.139672","875","3.142156","877","3.140736","879","3.140224","880","3.14108","871","3.137508","881","3.143732","879","3.140936","871","3.14262","872","3.141848","876","3.143716","871","3.137864","879","3.143532","872","3.140196","878","3.14062","881","3.14058","881","3.14136","872","3.141104","875","3.141024","877","3.140396","872","3.141964","872","3.140664","877","3.142748","873","3.141032","873","3.14194","878","3.141604","876","3.141804","877","3.14072","878","3.146092","876","3.141092","879","3.142512","879","3.142784","874","3.139704","877","3.14306","880","3.141856","871","3.141044","878","3.142972","878","3.140672","878","3.141788","874","3.14156","876","3.140832","872","3.13966","871","3.143768","879","3.13978","873","3.142888","872","3.141464","872","3.143168","880","3.140412","874","3.141459920000001","850","918"
"78","3.141148","836","3.140476","777","3.145936","903","3.143656","877","3.138284","877","3.13984","903","3.143404","877","3.142904","877","3.141196","574","3.142284","954","3.141504","951","3.142232","951","3.143708","951","3.14238","951","3.139632","951","3.140736","929","3.142928","950","3.142208","951","3.144708","950","3.140188","950","3.140992","951","3.139344","950","3.140476","951","3.141736","951","3.140112","951","3.139336","930","3.140648","950","3.142252","951","3.143476","950","3.141052","931","3.1391","930","3.140548","950","3.141376","950","3.142492","950","3.14472","950","3.141832","950","3.143384","950","3.141216","930","3.140124","950","3.142128","950","3.1417","926","3.139832","950","3.139332","951","3.143236","950","3.144104","926","3.142948","950","3.13716","950","3.14126","950","3.141692","924","3.142048","950","3.144188","950","3.140264","950","3.141388","950","3.141556","923","3.141808","950","3.141988","950","3.142524","950","3.145468","950","3.138128","950","3.14002","950","3.143752","950","3.1419","950","3.14254","950","3.14246","950","3.1407","950","3.141236","950","3.140976","950","3.145556","927","3.143668","927","3.141348","950","3.141008","949","3.142384","949","3.141936","949","3.1419","949","3.13924","949","3.14058","949","3.13958","949","3.140824","949","3.14184","949","3.14544","949","3.142676","949","3.142652","948","3.141344","949","3.142592","949","3.14162","949","3.14056","949","3.142232","949","3.143212","949","3.137716","948","3.142148","949","3.1401","949","3.142684","949","3.143212","949","3.144456","949","3.140632","926","3.14186","949","3.14136","949","3.139592","948","3.143936","949","3.141412","948","3.1417120399999994","936","963"
"79","3.141396","574","3.143316","914","3.140316","931","3.139332","932","3.141712","932","3.140624","914","3.141436","914","3.14134","932","3.141488","914","3.143092","931","3.141716","875","3.138952","931","3.140176","914","3.141696","932","3.143012","914","3.14202","932","3.1429","931","3.14194","914","3.14092","931","3.14684","914","3.142468","931","3.14002","914","3.14284","931","3.142776","922","3.139736","922","3.140108","922","3.144272","922","3.142288","921","3.13938","922","3.14028","914","3.141276","913","3.145348","913","3.142136","931","3.140488","913","3.140208","913","3.141612","913","3.140556","913","3.142588","913","3.141216","913","3.142992","896","3.13914","914","3.138688","913","3.142032","913","3.143124","913","3.143572","913","3.142116","914","3.1419","913","3.142696","913","3.140644","913","3.142212","913","3.142704","913","3.145972","913","3.139508","931","3.141496","912","3.141932","913","3.144212","905","3.140632","902","3.143328","901","3.14352","901","3.142356","919","3.1421","901","3.143836","901","3.141308","901","3.143584","919","3.141128","893","3.140804","910","3.142584","892","3.140504","910","3.14128","893","3.139836","893","3.137384","890","3.140652","890","3.144232","887","3.139984","886","3.141356","869","3.14338","886","3.141472","886","3.141652","886","3.140724","886","3.141508","886","3.141328","886","3.138384","886","3.14222","886","3.141932","886","3.142592","868","3.14352","886","3.139796","886","3.141772","886","3.141356","886","3.137532","886","3.1425","886","3.142404","886","3.143756","886","3.142332","886","3.145448","886","3.138704","886","3.142108","886","3.143672","886","3.14288","868","3.142344","868","3.141744839999999","902","951"
"80","3.143076","368","3.141604","644","3.142552","542","3.141024","623","3.142012","668","3.139756","623","3.144964","592","3.141908","592","3.141008","694","3.137128","542","3.140296","623","3.141376","668","3.141972","623","3.14108","616","3.142492","611","3.142036","660","3.1389","660","3.143728","634","3.142776","611","3.14094","895","3.142892","892","3.141084","894","3.139364","892","3.145244","896","3.141692","895","3.143008","888","3.141184","894","3.140564","896","3.139356","887","3.139484","888","3.14314","892","3.140884","894","3.137884","887","3.141056","891","3.13924","889","3.141176","891","3.141364","891","3.142084","889","3.142124","892","3.139512","891","3.139728","895","3.142004","889","3.139568","906","3.142212","889","3.142188","906","3.14176","878","3.140992","862","3.139184","878","3.139604","878","3.142208","878","3.140596","858","3.143136","878","3.141868","878","3.140492","862","3.143952","878","3.146792","878","3.144172","878","3.142192","859","3.141152","878","3.140836","878","3.14192","859","3.143604","878","3.145032","878","3.138396","878","3.141448","870","3.14246","870","3.141752","851","3.141396","871","3.144856","871","3.144552","871","3.14142","871","3.14164","851","3.141628","854","3.140884","858","3.142208","838","3.141708","857","3.141904","849","3.14176","849","3.142364","843","3.142488","841","3.141096","833","3.14124","831","3.138296","831","3.14016","830","3.143076","828","3.14466","828","3.139612","828","3.14014","827","3.141476","827","3.141556","824","3.141148","823","3.1423","823","3.14102","823","3.143632","823","3.141084","819","3.140664","818","3.140148","817","3.145084","818","3.142548","818","3.139268","818","3.14159228","815","950"
"81","3.139524","305","3.143028","697","3.140128","697","3.139316","671","3.142988","696","3.14384","697","3.13662","697","3.139512","697","3.14214","697","3.139516","696","3.140888","696","3.14384","696","3.137904","611","3.141204","696","3.138376","696","3.143084","697","3.142036","696","3.14182","696","3.141608","697","3.141992","696","3.143956","696","3.145032","696","3.142872","678","3.14228","677","3.141336","677","3.142356","872","3.142884","875","3.14082","870","3.141904","872","3.143888","756","3.1437","756","3.142312","872","3.138532","882","3.141388","883","3.141852","883","3.139824","884","3.142832","885","3.13858","878","3.142648","882","3.141852","881","3.140668","884","3.139012","883","3.142096","876","3.141816","882","3.142132","876","3.140388","884","3.14104","884","3.138992","883","3.141676","878","3.140556","883","3.144292","884","3.14332","883","3.140732","882","3.142496","885","3.141292","884","3.142736","882","3.142588","881","3.139444","876","3.139284","884","3.141768","881","3.142144","884","3.14376","883","3.141912","882","3.141144","877","3.139844","881","3.143604","881","3.143856","882","3.141408","883","3.137916","883","3.14008","883","3.142904","876","3.141948","884","3.140008","882","3.142648","883","3.14072","882","3.142448","880","3.143828","882","3.143068","882","3.141872","880","3.143244","881","3.142664","878","3.142696","876","3.140968","884","3.142404","883","3.140276","878","3.142312","880","3.142076","884","3.14034","875","3.144196","881","3.14104","884","3.144736","880","3.146","880","3.143776","876","3.138872","884","3.142668","876","3.139612","880","3.1413","884","3.140896","875","3.143728","878","3.142812","883","3.14168268","826","930"
"82","3.14004","189","3.140516","189","3.141904","925","3.1438","906","3.144416","863","3.139968","906","3.14114","925","3.141264","925","3.14112","925","3.141072","925","3.140784","906","3.141476","925","3.141988","906","3.14358","905","3.14012","843","3.139092","925","3.140448","906","3.141684","925","3.143032","925","3.143212","925","3.140172","925","3.141604","879","3.141912","899","3.141864","899","3.143968","877","3.140452","896","3.142444","877","3.143988","896","3.141872","892","3.141488","892","3.140312","892","3.14096","891","3.141364","891","3.144068","892","3.145148","892","3.14338","892","3.142396","892","3.143056","910","3.141816","910","3.139912","910","3.14214","888","3.14154","910","3.14008","890","3.141348","910","3.140628","910","3.142328","889","3.1398","910","3.141888","890","3.141548","890","3.142184","909","3.142116","890","3.141648","909","3.14268","909","3.141544","889","3.139916","889","3.141464","893","3.141172","909","3.139972","889","3.140504","909","3.141508","888","3.140944","909","3.141012","909","3.140656","909","3.143268","890","3.139084","909","3.139456","909","3.14206","909","3.140892","889","3.141164","889","3.141212","903","3.139024","883","3.144012","903","3.140252","903","3.138108","886","3.14214","903","3.141668","902","3.141348","892","3.139228","892","3.141784","892","3.142148","871","3.140444","892","3.142852","892","3.142048","892","3.140592","892","3.139952","892","3.139972","872","3.142236","892","3.14072","892","3.140608","892","3.143104","892","3.1398","892","3.141852","881","3.14372","866","3.141992","866","3.140704","866","3.143436","844","3.143112","840","3.138804","838","3.144284","838","3.141872","838","3.1415040399999996","880","952"
"83","3.137508","644","3.13972","746","3.142016","900","3.13964","963","3.1418","963","3.138948","963","3.14064","963","3.140436","900","3.14244","900","3.147328","957","3.14436","957","3.13996","853","3.139528","954","3.139256","850","3.140688","952","3.144336","954","3.13918","891","3.144164","954","3.138972","954","3.142612","954","3.141988","1084","3.138836","1066","3.140104","1067","3.138312","1045","3.141888","1046","3.14448","1046","3.144084","1046","3.143352","1045","3.1397","1001","3.142732","1067","3.140448","1067","3.140708","1024","3.139728","1045","3.144508","1067","3.142044","1067","3.143324","1022","3.142176","1045","3.142952","1066","3.141248","1045","3.140092","1045","3.139664","1083","3.14176","1046","3.14104","1045","3.142232","1045","3.13888","1001","3.140972","1066","3.141704","1058","3.14616","1037","3.139708","1074","3.139476","1074","3.140844","1052","3.140864","1068","3.140792","1068","3.141976","1051","3.13998","1051","3.14468","1068","3.143408","1069","3.142152","1051","3.143208","1068","3.142872","1069","3.144644","1069","3.141084","1068","3.142232","1066","3.142976","1058","3.141332","1057","3.145068","1057","3.14294","1053","3.142604","1054","3.141028","1054","3.143976","1054","3.144136","1054","3.140736","1054","3.140584","1037","3.144104","1054","3.1409","1012","3.141732","1011","3.142736","1011","3.141228","1012","3.141228","1011","3.140592","1011","3.144824","1011","3.142312","1011","3.141904","1011","3.142608","1011","3.14112","1011","3.140752","1011","3.142208","1011","3.140368","1011","3.144868","1011","3.14076","1011","3.139932","1011","3.139172","1011","3.142804","1011","3.14182","1011","3.140948","1011","3.143284","1010","3.141064","1011","3.141724","1008","3.139692","1007","3.141576","1007","3.1416820800000007","1013","1103"
"84","3.141108","507","3.140752","927","3.138604","843","3.1411","889","3.14074","888","3.142544","888","3.14402","888","3.140768","889","3.139624","927","3.141036","867","3.142568","927","3.140644","889","3.142304","949","3.140332","889","3.144112","927","3.1406","926","3.141064","889","3.141048","888","3.143156","888","3.14216","889","3.142876","926","3.144264","889","3.1403","926","3.14144","927","3.142704","867","3.139776","889","3.140156","948","3.140256","888","3.142048","926","3.143628","888","3.139564","927","3.142456","888","3.143044","893","3.14126","855","3.142268","893","3.140744","855","3.14066","891","3.139524","948","3.14116","913","3.141052","949","3.142936","949","3.140772","891","3.139784","949","3.140608","949","3.142548","949","3.140704","949","3.139372","912","3.142648","949","3.139048","912","3.141812","948","3.14394","949","3.141412","948","3.14184","948","3.140376","949","3.13896","911","3.140768","948","3.139904","912","3.143512","912","3.142008","948","3.143068","948","3.142004","890","3.142136","948","3.140636","949","3.141108","912","3.140128","948","3.14412","948","3.143312","911","3.142404","929","3.142552","948","3.142064","948","3.1433","912","3.14296","908","3.138652","907","3.139652","899","3.139624","900","3.140796","900","3.1437","900","3.142412","899","3.139344","899","3.14","900","3.141652","899","3.140556","899","3.139108","899","3.140788","899","3.140412","900","3.142172","898","3.142916","896","3.14256","896","3.141772","896","3.140152","896","3.143708","896","3.13932","896","3.141344","896","3.138976","896","3.14514","895","3.141448","896","3.144372","896","3.14234","896","3.143416","896","3.14038","896","3.1414692000000004","906","987"
"85","3.144092","453","3.143152","935","3.14448","902","3.141648","935","3.140068","934","3.144752","935","3.142332","935","3.140636","954","3.141664","935","3.140668","935","3.141964","934","3.142428","951","3.14372","951","3.142744","951","3.139592","951","3.142544","932","3.142648","951","3.139736","932","3.1419","951","3.141308","932","3.140004","951","3.143772","931","3.143596","950","3.142344","932","3.14012","951","3.140304","966","3.139196","931","3.142156","951","3.141856","932","3.145748","951","3.1383","966","3.144516","931","3.144372","950","3.144468","950","3.142776","950","3.1427","947","3.139672","947","3.144084","947","3.141644","928","3.144512","946","3.140552","928","3.141516","928","3.142228","947","3.141988","962","3.142988","947","3.14314","947","3.13898","962","3.141188","947","3.142364","947","3.14036","922","3.144368","941","3.144696","941","3.141652","957","3.1395","941","3.139348","941","3.142812","957","3.140924","936","3.13814","935","3.141956","931","3.144528","931","3.13922","931","3.13978","916","3.140292","931","3.14138","931","3.14074","931","3.141988","916","3.142364","915","3.143436","913","3.141892","928","3.137652","928","3.144284","928","3.141748","928","3.139476","913","3.14332","928","3.143052","928","3.140136","921","3.1411","920","3.141608","920","3.141084","920","3.143792","920","3.141044","905","3.140768","920","3.140632","920","3.142492","920","3.138368","920","3.14402","916","3.14356","916","3.142328","916","3.140456","916","3.14486","916","3.141592","916","3.141684","916","3.142264","901","3.144276","901","3.14148","916","3.137916","901","3.140284","894","3.142408","893","3.141224","893","3.143864","866","3.14185308","926","971"
"86","3.13874","886","3.139644","885","3.139192","916","3.140308","897","3.145356","916","3.142532","895","3.142808","916","3.141852","916","3.140728","884","3.142048","898","3.142436","898","3.140708","890","3.142348","897","3.141724","893","3.142792","893","3.142524","893","3.135896","897","3.141608","894","3.144888","893","3.143904","898","3.140084","899","3.138904","916","3.139084","895","3.14158","884","3.140828","893","3.143112","893","3.14322","889","3.142672","888","3.141916","888","3.141404","884","3.14078","896","3.140292","898","3.143008","889","3.14216","889","3.141832","887","3.141548","916","3.144388","890","3.143416","895","3.140632","916","3.141128","897","3.141032","893","3.140772","916","3.139608","896","3.1449","916","3.141568","895","3.141024","916","3.142608","916","3.143552","896","3.139544","916","3.140264","896","3.142788","895","3.1434","885","3.140804","896","3.144436","890","3.140744","916","3.142416","894","3.140968","915","3.141448","893","3.144088","897","3.142512","916","3.144544","889","3.140108","915","3.142524","894","3.142728","898","3.140868","897","3.138604","892","3.139636","896","3.140808","895","3.14034","915","3.142052","896","3.139856","894","3.14074","898","3.141276","895","3.141324","893","3.139552","884","3.141492","915","3.138076","883","3.142428","893","3.141948","892","3.143424","898","3.144036","887","3.141388","892","3.140128","885","3.141032","915","3.14224","885","3.139","916","3.139896","897","3.139816","897","3.14208","915","3.141492","896","3.142472","896","3.141996","915","3.141416","898","3.142592","897","3.141184","915","3.143756","896","3.142596","915","3.140216","897","3.1437","895","3.141964","915","3.1415782800000023","898","916"
"87","3.142848","550","3.140836","549","3.141732","646","3.139288","549","3.13974","545","3.142508","545","3.13986","544","3.14316","569","3.143292","544","3.142748","925","3.142432","926","3.144672","927","3.142384","927","3.142172","925","3.140468","926","3.14098","925","3.139316","924","3.141236","926","3.140952","925","3.13934","926","3.142424","901","3.14226","924","3.142268","927","3.142604","926","3.1379","925","3.141372","926","3.143104","926","3.140064","926","3.142412","924","3.142856","925","3.142004","926","3.140976","923","3.14166","925","3.142116","926","3.142484","924","3.141892","925","3.140008","926","3.140924","902","3.142672","925","3.142756","925","3.139408","926","3.139804","923","3.140816","925","3.139736","926","3.141544","925","3.13924","924","3.14308","926","3.138716","926","3.141864","926","3.141988","926","3.14122","926","3.141","926","3.141264","926","3.14264","926","3.140164","923","3.140568","923","3.141972","903","3.141404","926","3.1427","925","3.140932","925","3.137276","925","3.144416","926","3.140704","917","3.142848","912","3.141628","913","3.141756","913","3.143112","911","3.141352","911","3.142008","912","3.139724","911","3.143516","913","3.143","910","3.138504","912","3.142676","911","3.139956","913","3.140092","911","3.139224","913","3.143036","912","3.146776","911","3.143992","911","3.142296","911","3.14162","912","3.140604","913","3.141416","913","3.146392","913","3.141236","911","3.143732","912","3.140352","911","3.141564","910","3.144472","910","3.142968","911","3.140604","911","3.141428","911","3.139776","910","3.142668","911","3.140248","904","3.145356","903","3.139688","901","3.144576","903","3.141992","903","3.141633639999999","886","937"
"88","3.144384","938","3.142548","933","3.140836","938","3.139168","957","3.139604","911","3.142408","957","3.140584","938","3.1458","910","3.14102","935","3.140688","933","3.141292","938","3.143024","938","3.142416","934","3.139408","938","3.142052","934","3.142664","957","3.1426","938","3.140104","911","3.141296","934","3.145044","910","3.141396","911","3.1402","957","3.142152","937","3.143776","935","3.141708","934","3.142856","938","3.142948","911","3.143428","938","3.143936","933","3.141488","937","3.14282","910","3.142756","934","3.144136","938","3.1428","937","3.139896","936","3.141244","910","3.143144","957","3.140812","956","3.142172","937","3.140016","933","3.142892","938","3.141696","938","3.141984","937","3.140376","938","3.140764","938","3.14058","909","3.14468","938","3.142752","937","3.14004","918","3.1403","918","3.142048","918","3.140712","918","3.144648","918","3.142152","917","3.140604","918","3.141272","918","3.140268","916","3.139344","916","3.141708","916","3.142108","916","3.136416","916","3.141764","916","3.13996","916","3.139396","915","3.141152","916","3.141852","916","3.14066","915","3.14232","897","3.140668","916","3.14088","916","3.141468","895","3.142428","916","3.140824","916","3.140472","916","3.140548","916","3.139552","916","3.143628","915","3.137868","897","3.138636","916","3.143596","895","3.138852","916","3.141784","916","3.142204","915","3.140732","916","3.141704","915","3.139932","916","3.143748","916","3.142056","915","3.14054","915","3.1436","915","3.140292","915","3.140608","916","3.142844","915","3.14426","915","3.139264","916","3.139804","896","3.139116","915","3.144164","915","3.141792","916","3.142844","916","3.1415577999999997","923","958"
"89","3.14028","612","3.141524","610","3.140956","762","3.137912","585","3.136756","611","3.144772","610","3.14106","612","3.139752","691","3.141712","605","3.141696","605","3.142592","961","3.140488","928","3.141652","928","3.142384","960","3.144896","960","3.143904","979","3.143812","979","3.142368","979","3.139188","979","3.139308","961","3.139752","960","3.139636","979","3.142172","979","3.143496","979","3.142056","979","3.143712","979","3.140344","979","3.1427","960","3.140692","979","3.141464","928","3.14148","979","3.138376","979","3.138324","961","3.139704","978","3.137928","961","3.143632","960","3.138144","978","3.142044","960","3.143688","979","3.140436","961","3.140584","978","3.1404","960","3.139256","960","3.139732","978","3.141692","959","3.141888","961","3.140724","959","3.139276","961","3.143008","960","3.139776","978","3.140884","935","3.143436","934","3.138976","953","3.142816","952","3.140304","934","3.142524","952","3.14222","935","3.142672","952","3.14132","953","3.140304","953","3.145724","953","3.141136","953","3.144392","953","3.143496","952","3.138812","952","3.14192","934","3.140148","952","3.140504","951","3.14156","952","3.14142","952","3.1417","952","3.140624","952","3.143828","952","3.139608","952","3.140532","952","3.142172","952","3.143076","952","3.13942","952","3.142468","952","3.143724","951","3.143392","943","3.141768","940","3.140772","940","3.142328","939","3.141032","940","3.144776","939","3.140968","921","3.142644","925","3.141812","925","3.140856","925","3.139152","925","3.139432","920","3.141292","920","3.140776","919","3.142808","919","3.139492","919","3.142272","919","3.139712","919","3.14206","919","3.1423","918","3.141344920000001","919","988"
"90","3.142948","496","3.142388","747","3.13968","848","3.139508","845","3.14022","974","3.143104","975","3.142148","954","3.141716","975","3.144024","932","3.140556","975","3.142132","974","3.139876","954","3.140724","954","3.142684","954","3.14064","974","3.1393","954","3.14004","975","3.140668","954","3.138352","973","3.143912","972","3.141836","971","3.143152","971","3.138976","971","3.14258","972","3.141144","971","3.144928","970","3.140684","970","3.14258","951","3.141004","972","3.139192","972","3.143064","971","3.14136","951","3.14322","972","3.138148","970","3.144508","972","3.142124","971","3.143004","951","3.142732","972","3.140152","972","3.1404","972","3.139188","972","3.140208","972","3.143216","972","3.137744","950","3.143472","971","3.139948","972","3.142684","970","3.140852","970","3.141824","972","3.141268","971","3.139716","971","3.142928","970","3.145652","971","3.141452","970","3.141064","971","3.142772","971","3.14178","971","3.140568","971","3.142728","970","3.143216","971","3.141816","951","3.141392","970","3.140848","971","3.141824","970","3.142712","970","3.142596","970","3.142228","954","3.1412","953","3.143524","954","3.144416","953","3.14076","953","3.138248","952","3.141676","949","3.139684","925","3.14158","925","3.140444","925","3.140356","924","3.140476","925","3.142096","925","3.14264","924","3.138416","924","3.141692","925","3.14012","924","3.142484","924","3.140288","921","3.140984","922","3.141192","921","3.141604","922","3.141072","921","3.143456","922","3.141312","921","3.142068","922","3.142044","908","3.142828","904","3.142172","904","3.141104","903","3.14254","892","3.141996","893","3.138248","892","3.140284","893","3.141481080000001","943","980"
"91","3.144248","192","3.144436","948","3.143904","948","3.141396","886","3.141084","948","3.141772","948","3.139832","948","3.142216","911","3.138644","886","3.141868","948","3.138348","948","3.141408","949","3.141672","948","3.143792","935","3.14224","896","3.141896","933","3.141276","934","3.137352","934","3.140016","933","3.14156","934","3.13962","934","3.137236","915","3.141848","934","3.140888","932","3.14218","931","3.142916","946","3.13824","929","3.141576","929","3.140976","910","3.140976","928","3.139824","928","3.140612","928","3.143492","928","3.141948","928","3.141196","928","3.145108","928","3.143944","927","3.142232","928","3.141132","927","3.141816","927","3.14236","927","3.139072","927","3.143052","927","3.142356","910","3.139316","910","3.141552","910","3.141448","905","3.144092","867","3.142668","901","3.140264","863","3.141948","915","3.1428","901","3.143048","901","3.140124","863","3.141712","911","3.142824","897","3.140836","908","3.13998","908","3.141268","908","3.141544","906","3.142076","907","3.14266","907","3.14422","907","3.141276","906","3.140028","906","3.142172","906","3.141196","906","3.139352","906","3.140384","906","3.13962","892","3.145856","906","3.141856","892","3.141376","906","3.140976","906","3.140536","906","3.14218","906","3.142592","907","3.144032","906","3.140012","892","3.141972","906","3.142672","906","3.140468","906","3.14252","906","3.140536","906","3.141696","906","3.139436","906","3.143084","906","3.141316","906","3.141924","906","3.140192","906","3.141908","906","3.140616","906","3.1392","906","3.143008","906","3.14262","906","3.139784","906","3.14048","906","3.138764","906","3.138848","892","3.142092","906","3.1414452000000015","907","964"
"92","3.140884","487","3.1393","746","3.142304","766","3.142308","746","3.144476","746","3.140804","946","3.14474","946","3.14214","945","3.143828","942","3.140208","969","3.142272","942","3.140276","969","3.141148","949","3.138352","943","3.142104","949","3.138772","945","3.141552","904","3.143112","942","3.141268","969","3.140624","945","3.142224","941","3.140036","969","3.139884","945","3.143748","943","3.140968","946","3.137488","969","3.14302","943","3.143524","942","3.142676","969","3.142032","969","3.142884","948","3.142308","969","3.142948","941","3.142536","944","3.141652","944","3.140108","943","3.141808","940","3.143108","944","3.142028","969","3.141404","968","3.141216","968","3.139692","966","3.14122","966","3.139312","966","3.143024","966","3.140976","966","3.142044","966","3.140028","943","3.139504","943","3.142856","966","3.141752","966","3.141068","960","3.142068","960","3.142616","957","3.14026","957","3.140888","957","3.141312","957","3.140796","957","3.143016","957","3.140844","957","3.139032","957","3.142964","934","3.14316","957","3.140548","957","3.14388","957","3.143524","957","3.14092","931","3.142624","957","3.139388","957","3.139316","957","3.141472","935","3.139648","957","3.142544","956","3.140308","956","3.140728","936","3.142776","931","3.140412","938","3.141408","937","3.14362","938","3.139968","937","3.14072","937","3.141368","937","3.142428","937","3.141476","937","3.142232","937","3.142344","937","3.140164","937","3.141864","938","3.14","937","3.141868","937","3.140956","937","3.143604","937","3.139848","937","3.139556","937","3.143032","937","3.143404","937","3.145728","937","3.143088","937","3.141928","937","3.143712","937","3.1415890799999984","936","974"
"93","3.13964","254","3.140616","390","3.14156","253","3.14128","434","3.14144","939","3.137184","939","3.14146","918","3.139848","939","3.139116","939","3.142032","940","3.142724","939","3.142856","940","3.139888","939","3.139356","914","3.14168","920","3.142264","940","3.141804","939","3.141948","939","3.141368","917","3.138132","940","3.1402","939","3.14208","939","3.140988","939","3.141568","939","3.141944","940","3.140564","939","3.140912","940","3.142184","920","3.140648","940","3.141392","939","3.142008","939","3.141856","938","3.142408","940","3.140104","939","3.143648","939","3.142244","938","3.14162","938","3.139824","939","3.144572","939","3.141808","939","3.143268","919","3.141472","940","3.141152","917","3.141716","939","3.141984","938","3.141884","939","3.142188","939","3.144968","939","3.141992","939","3.141676","939","3.139492","939","3.141864","938","3.142564","939","3.141536","938","3.142184","939","3.142868","938","3.139872","939","3.145352","939","3.144488","939","3.141576","939","3.142068","939","3.141296","939","3.142916","939","3.13892","939","3.140788","939","3.142432","940","3.14428","939","3.142988","939","3.139136","939","3.141996","939","3.141076","939","3.141216","939","3.14142","939","3.138288","939","3.141152","939","3.141916","938","3.144712","939","3.140536","939","3.144836","938","3.14162","939","3.14318","938","3.142648","939","3.140716","938","3.144396","918","3.14062","939","3.139484","939","3.1435","938","3.14342","938","3.14082","939","3.141864","939","3.143236","938","3.143884","939","3.141564","914","3.13978","939","3.142468","939","3.142076","938","3.140824","939","3.140628","938","3.14188","939","3.140712","939","3.14164156","912","944"
"94","3.140284","244","3.139892","585","3.141276","509","3.143316","509","3.14322","584","3.142176","536","3.1419","536","3.141448","536","3.144864","536","3.143344","535","3.141788","536","3.144076","917","3.138356","936","3.142692","785","3.141024","936","3.14132","916","3.142668","918","3.139884","813","3.141096","936","3.141012","936","3.140976","934","3.141996","933","3.142452","821","3.142752","933","3.136436","915","3.140372","810","3.140428","933","3.14304","913","3.143752","933","3.138004","933","3.146","933","3.141352","933","3.141272","933","3.13814","910","3.140356","910","3.141484","858","3.143236","909","3.139208","910","3.144416","910","3.140392","910","3.140196","906","3.143588","906","3.14078","905","3.139124","906","3.140088","906","3.14122","905","3.14468","906","3.140992","906","3.140728","906","3.136128","905","3.139288","906","3.143616","906","3.142428","906","3.143008","906","3.14062","906","3.142652","906","3.141932","906","3.143932","905","3.14178","906","3.142048","905","3.143008","877","3.140804","905","3.140968","906","3.141488","886","3.139632","905","3.142484","906","3.1408","905","3.1407","906","3.143464","905","3.13836","903","3.141268","902","3.141728","903","3.140352","903","3.139192","879","3.1409","899","3.141012","877","3.140412","875","3.144728","898","3.141872","899","3.14316","897","3.140896","897","3.141016","897","3.14262","897","3.143212","894","3.14568","894","3.141104","894","3.141376","893","3.140004","894","3.144572","871","3.140112","894","3.140292","894","3.143508","894","3.14204","893","3.140288","894","3.141752","894","3.14002","872","3.139868","894","3.142272","874","3.142224","869","3.142408","870","3.1415212399999994","857","951"
"95","3.144424","919","3.141408","922","3.13838","919","3.141648","920","3.144484","920","3.142592","921","3.141196","921","3.143404","923","3.141736","921","3.13974","920","3.141912","920","3.138856","919","3.14188","922","3.141052","920","3.141252","920","3.143308","921","3.140008","919","3.141964","920","3.140636","888","3.137992","920","3.142024","920","3.141676","920","3.141076","919","3.142308","920","3.14112","919","3.142148","919","3.140904","919","3.140212","920","3.143228","919","3.138972","922","3.141656","923","3.141472","920","3.14254","920","3.142264","923","3.138572","919","3.137052","898","3.142296","920","3.140216","923","3.140508","923","3.14752","919","3.143084","919","3.140392","922","3.142168","921","3.139032","922","3.14254","923","3.141596","922","3.139428","919","3.142564","919","3.140624","923","3.139072","919","3.140932","920","3.1427","920","3.14476","919","3.14314","919","3.141124","923","3.14174","922","3.140692","922","3.145044","921","3.142116","919","3.142404","923","3.13998","921","3.141448","921","3.142668","919","3.140908","920","3.140712","918","3.142676","919","3.14186","919","3.142116","922","3.141284","918","3.142772","919","3.14276","922","3.142328","920","3.140192","919","3.14264","893","3.142884","920","3.143944","919","3.141476","921","3.144944","919","3.139064","920","3.14178","923","3.142808","918","3.143272","922","3.140764","920","3.142748","922","3.14442","921","3.13948","919","3.139252","920","3.141884","919","3.143408","919","3.139324","919","3.1408","920","3.143592","919","3.143568","920","3.14334","918","3.141132","888","3.138608","923","3.138356","918","3.138812","923","3.143496","923","3.144552","919","3.1416284","919","924"
"96","3.140708","512","3.140712","511","3.140908","509","3.139764","564","3.142496","942","3.142448","944","3.140056","918","3.140384","943","3.141056","942","3.14154","944","3.142276","942","3.14174","941","3.141776","939","3.139704","941","3.143864","941","3.1436","939","3.141452","938","3.141844","939","3.14376","871","3.139392","938","3.139584","961","3.143612","938","3.14376","939","3.137704","937","3.141956","942","3.141056","938","3.14146","961","3.140712","942","3.14342","939","3.140468","938","3.142244","940","3.140176","942","3.138572","938","3.139048","940","3.142936","936","3.143264","940","3.142024","958","3.142608","936","3.14268","935","3.140388","936","3.144628","939","3.14578","938","3.139348","937","3.142292","935","3.140632","940","3.143544","939","3.139812","958","3.139288","959","3.141904","935","3.14302","958","3.143392","959","3.13918","913","3.1436","911","3.137556","933","3.14492","933","3.13936","933","3.142888","932","3.142352","929","3.140948","929","3.140168","929","3.139136","928","3.141336","929","3.141072","929","3.138864","929","3.140912","928","3.144224","928","3.139688","929","3.138796","906","3.141968","929","3.140464","905","3.141764","928","3.141376","929","3.143832","929","3.141596","929","3.14054","929","3.142072","928","3.1442","928","3.141028","928","3.139904","928","3.141948","928","3.14212","928","3.141488","904","3.14324","928","3.140032","905","3.141144","928","3.138736","926","3.14324","926","3.1439","890","3.143624","890","3.14174","867","3.138808","890","3.142132","890","3.143796","890","3.141388","890","3.140688","890","3.14166","890","3.139764","890","3.14282","890","3.140656","890","3.141532","890","3.1414899200000006","911","971"
"97","3.1397","71","3.142632","192","3.142364","504","3.14236","504","3.140012","473","3.139928","474","3.141396","556","3.142308","474","3.1391","504","3.142096","755","3.13772","710","3.140284","840","3.140664","840","3.14486","711","3.142324","754","3.13764","711","3.143324","840","3.14258","618","3.142648","840","3.141036","687","3.141536","754","3.144064","711","3.140684","639","3.140988","687","3.140844","687","3.14074","840","3.14212","710","3.140272","840","3.142656","754","3.144132","687","3.141472","840","3.139624","639","3.143872","711","3.136548","754","3.142988","690","3.143092","712","3.140628","775","3.143296","734","3.140556","775","3.143508","775","3.14204","775","3.141804","734","3.141476","755","3.140404","754","3.139808","734","3.142688","775","3.141692","775","3.142348","734","3.140688","775","3.140228","734","3.140748","734","3.138632","734","3.141348","775","3.144544","734","3.143056","775","3.142416","775","3.142224","775","3.143076","775","3.14116","751","3.137572","731","3.143264","731","3.141124","747","3.140024","831","3.140828","831","3.14228","831","3.1378","808","3.137852","831","3.140876","831","3.145472","806","3.141888","831","3.139928","811","3.14192","831","3.140548","806","3.14212","831","3.141256","831","3.138872","831","3.1413","830","3.138988","831","3.142656","806","3.13774","827","3.145776","823","3.141872","824","3.14094","823","3.143464","823","3.141256","804","3.144092","723","3.141092","723","3.143528","723","3.140264","723","3.144404","723","3.14212","723","3.141124","723","3.144952","723","3.142676","713","3.143028","713","3.142468","712","3.141696","712","3.142568","712","3.141528","712","3.140668","712","3.141528","730","943"
"98","3.139324","482","3.138316","763","3.138724","763","3.143084","958","3.143996","937","3.141844","958","3.144788","958","3.14068","955","3.140244","955","3.140344","953","3.13938","954","3.140016","954","3.144508","955","3.141492","955","3.141532","953","3.143396","955","3.1396","955","3.14144","955","3.137708","955","3.140004","955","3.14434","955","3.1413","954","3.140236","954","3.142552","954","3.141696","954","3.142824","955","3.143088","955","3.141212","930","3.141396","954","3.138864","955","3.136496","950","3.14198","952","3.143356","950","3.137848","950","3.141252","950","3.142512","951","3.141272","951","3.1415","951","3.141208","927","3.141504","927","3.1451","926","3.141312","917","3.142256","917","3.139992","917","3.142576","891","3.143648","911","3.142608","911","3.139896","886","3.142584","909","3.138652","910","3.143792","883","3.14142","908","3.141528","907","3.14278","907","3.140904","907","3.140088","928","3.138576","928","3.14184","907","3.138108","928","3.139456","908","3.139236","907","3.141584","907","3.138424","909","3.139532","906","3.139104","907","3.144672","907","3.143336","907","3.14114","898","3.140088","917","3.139532","917","3.141892","917","3.143524","896","3.138728","898","3.142196","917","3.138504","917","3.143188","917","3.139764","917","3.143196","917","3.141588","917","3.141444","917","3.14198","916","3.140712","917","3.144504","917","3.140972","911","3.138136","911","3.143292","907","3.14222","891","3.141448","891","3.143088","888","3.139536","887","3.143808","887","3.140132","887","3.141356","887","3.142876","887","3.142572","887","3.14358","868","3.140528","887","3.136952","887","3.141868","887","3.141072","886","3.1412527599999986","915","982"
"99","3.140228","567","3.14352","922","3.142104","922","3.143708","922","3.140304","922","3.143204","922","3.144712","887","3.139864","897","3.140576","922","3.139832","897","3.141852","922","3.143216","922","3.146424","887","3.140996","912","3.143972","912","3.140516","911","3.141396","912","3.14026","912","3.141132","912","3.143044","911","3.141704","911","3.142564","911","3.145576","912","3.140688","902","3.142444","902","3.139808","902","3.142812","906","3.142348","905","3.143492","906","3.143512","904","3.140924","904","3.140252","901","3.142744","901","3.139664","901","3.140868","905","3.141892","905","3.140776","901","3.139236","907","3.139304","905","3.141508","906","3.137084","910","3.139784","901","3.141176","901","3.141068","901","3.14136","876","3.143496","901","3.140888","906","3.14194","906","3.141748","901","3.140484","906","3.142616","900","3.141428","901","3.140096","901","3.14158","901","3.138936","907","3.143272","898","3.143952","905","3.136644","901","3.143112","898","3.1429","904","3.140764","902","3.14334","876","3.139604","901","3.141284","906","3.144008","902","3.138","902","3.14364","898","3.14396","906","3.143476","926","3.142024","893","3.138336","897","3.142472","893","3.141276","900","3.14098","898","3.14162","866","3.144084","898","3.14188","868","3.144192","872","3.141392","868","3.143596","870","3.140596","870","3.141204","852","3.14178","869","3.14292","869","3.14224","869","3.141916","869","3.143108","862","3.1398","862","3.141968","862","3.141336","861","3.144732","861","3.14048","861","3.139888","861","3.14274","861","3.143248","861","3.138316","861","3.140464","861","3.142464","861","3.144012","861","3.144664","861","3.1417434399999986","891","952"
"100","3.1378","104","3.14096","783","3.140744","806","3.140428","785","3.141112","783","3.143972","783","3.140084","806","3.142248","785","3.144792","782","3.141924","806","3.14358","806","3.145484","784","3.13816","805","3.139728","729","3.140648","805","3.140756","728","3.141572","805","3.142456","784","3.143892","805","3.140792","784","3.140804","805","3.139964","782","3.143916","781","3.140276","802","3.143748","802","3.140016","774","3.141408","773","3.140464","750","3.142184","750","3.142368","752","3.14226","752","3.141596","769","3.143568","748","3.140752","769","3.139672","769","3.138984","769","3.138368","769","3.140556","746","3.138676","746","3.138068","746","3.136","769","3.142044","748","3.140576","769","3.141428","765","3.14392","765","3.141284","744","3.140732","745","3.142152","749","3.138524","782","3.1429","869","3.141928","869","3.143044","780","3.14128","728","3.141256","761","3.140708","815","3.142808","725","3.141424","753","3.141968","869","3.14134","749","3.142448","785","3.144528","867","3.145016","863","3.14102","864","3.143804","863","3.141176","863","3.139228","856","3.141436","857","3.143676","857","3.1415","856","3.141528","857","3.141828","856","3.143536","857","3.141228","857","3.142136","857","3.14164","857","3.140224","857","3.139788","857","3.140924","857","3.14352","857","3.139228","856","3.141144","856","3.14314","857","3.141548","856","3.139848","856","3.140168","853","3.14322","852","3.142636","852","3.140844","852","3.14186","852","3.139524","852","3.143832","852","3.14444","852","3.140748","852","3.142516","852","3.142752","763","3.139996","763","3.140888","763","3.141688","763","3.139484","763","3.144744","763","3.141485279999999","796","929"
"Averages","3.14133564","497","3.1417763599999997","709","3.1414503600000008","745","3.1415962399999997","776","3.1417683600000004","799","3.1414728800000007","824","3.14168896","829","3.141595199999999","834","3.14154928","833","3.14143056","856","3.141612559999999","864","3.1417208800000016","874","3.141498440000001","875","3.141782159999999","884","3.14166368","896","3.1414744000000003","906","3.1412009600000017","912","3.141648439999999","904","3.1416359600000003","911","3.141321439999999","910","3.14160512","917","3.141521240000001","918","3.141590480000001","914","3.1417898400000013","913","3.141510880000001","920","3.141655159999999","921","3.1413931199999996","925","3.1416353600000004","929","3.1415380399999986","926","3.14163236","926","3.1413837999999994","928","3.1418710400000003","924","3.141874999999999","928","3.1416816400000003","932","3.1416567600000014","931","3.14166876","928","3.141575000000001","935","3.1414821200000005","933","3.141397079999999","937","3.1415423200000006","936","3.14130936","939","3.1412044800000007","936","3.1416896799999994","936","3.1416529599999996","935","3.1415389599999997","934","3.14166216","938","3.1415717999999995","936","3.1417419600000005","936","3.1413653999999998","936","3.14149164","936","3.14159236","935","3.141901039999999","933","3.141840920000001","935","3.141822839999999","929","3.14152616","932","3.14158956","931","3.14166732","931","3.1415298400000005","932","3.1415169199999995","932","3.14145484","930","3.141401199999999","928","3.141725239999999","930","3.14177232","931","3.141655519999999","929","3.1415346800000004","929","3.141457640000001","929","3.1412481199999998","926","3.14201328","926","3.1418799599999994","927","3.1414429599999987","926","3.1416037199999995","926","3.14158468","925","3.14153212","925","3.14181016","924","3.1415551999999995","922","3.1414150399999996","923","3.141319800000001","921","3.141907999999999","921","3.14160144","920","3.1419001200000003","920","3.14154184","919","3.1415803600000003","919","3.1413546400000003","918","3.1416391599999995","919","3.1416304800000017","917","3.141480719999998","916","3.1417742","915","3.1416664400000007","915","3.1416701199999992","913","3.141467120000001","912","3.1417238399999987","912","3.1416403599999994","910","3.141985200000001","909","3.141734799999999","907","3.1415090400000008","906","3.1411002399999988","904","3.1414244800000004","902","3.1417245599999983","902","3.14177132","900","3.141649839999999","899","3.1415932804","905","999"
