"Iteration Count","Job[1] Result","Job[1] Runtime (ms)","Job[2] Result","Job[2] Runtime (ms)","Job[3] Result","Job[3] Runtime (ms)","Job[4] Result","Job[4] Runtime (ms)","Job[5] Result","Job[5] Runtime (ms)","Job[6] Result","Job[6] Runtime (ms)","Job[7] Result","Job[7] Runtime (ms)","Job[8] Result","Job[8] Runtime (ms)","Job[9] Result","Job[9] Runtime (ms)","Job[10] Result","Job[10] Runtime (ms)","Job[11] Result","Job[11] Runtime (ms)","Job[12] Result","Job[12] Runtime (ms)","Job[13] Result","Job[13] Runtime (ms)","Job[14] Result","Job[14] Runtime (ms)","Job[15] Result","Job[15] Runtime (ms)","Job[16] Result","Job[16] Runtime (ms)","Job[17] Result","Job[17] Runtime (ms)","Job[18] Result","Job[18] Runtime (ms)","Job[19] Result","Job[19] Runtime (ms)","Job[20] Result","Job[20] Runtime (ms)","Job[21] Result","Job[21] Runtime (ms)","Job[22] Result","Job[22] Runtime (ms)","Job[23] Result","Job[23] Runtime (ms)","Job[24] Result","Job[24] Runtime (ms)","Job[25] Result","Job[25] Runtime (ms)","Job[26] Result","Job[26] Runtime (ms)","Job[27] Result","Job[27] Runtime (ms)","Job[28] Result","Job[28] Runtime (ms)","Job[29] Result","Job[29] Runtime (ms)","Job[30] Result","Job[30] Runtime (ms)","Job[31] Result","Job[31] Runtime (ms)","Job[32] Result","Job[32] Runtime (ms)","Job[33] Result","Job[33] Runtime (ms)","Job[34] Result","Job[34] Runtime (ms)","Job[35] Result","Job[35] Runtime (ms)","Job[36] Result","Job[36] Runtime (ms)","Job[37] Result","Job[37] Runtime (ms)","Job[38] Result","Job[38] Runtime (ms)","Job[39] Result","Job[39] Runtime (ms)","Job[40] Result","Job[40] Runtime (ms)","Job[41] Result","Job[41] Runtime (ms)","Job[42] Result","Job[42] Runtime (ms)","Job[43] Result","Job[43] Runtime (ms)","Job[44] Result","Job[44] Runtime (ms)","Job[45] Result","Job[45] Runtime (ms)","Job[46] Result","Job[46] Runtime (ms)","Job[47] Result","Job[47] Runtime (ms)","Job[48] Result","Job[48] Runtime (ms)","Job[49] Result","Job[49] Runtime (ms)","Job[50] Result","Job[50] Runtime (ms)","Job[51] Result","Job[51] Runtime (ms)","Job[52] Result","Job[52] Runtime (ms)","Job[53] Result","Job[53] Runtime (ms)","Job[54] Result","Job[54] Runtime (ms)","Job[55] Result","Job[55] Runtime (ms)","Job[56] Result","Job[56] Runtime (ms)","Job[57] Result","Job[57] Runtime (ms)","Job[58] Result","Job[58] Runtime (ms)","Job[59] Result","Job[59] Runtime (ms)","Job[60] Result","Job[60] Runtime (ms)","Job[61] Result","Job[61] Runtime (ms)","Job[62] Result","Job[62] Runtime (ms)","Job[63] Result","Job[63] Runtime (ms)","Job[64] Result","Job[64] Runtime (ms)","Job[65] Result","Job[65] Runtime (ms)","Job[66] Result","Job[66] Runtime (ms)","Job[67] Result","Job[67] Runtime (ms)","Job[68] Result","Job[68] Runtime (ms)","Job[69] Result","Job[69] Runtime (ms)","Job[70] Result","Job[70] Runtime (ms)","Job[71] Result","Job[71] Runtime (ms)","Job[72] Result","Job[72] Runtime (ms)","Job[73] Result","Job[73] Runtime (ms)","Job[74] Result","Job[74] Runtime (ms)","Job[75] Result","Job[75] Runtime (ms)","Job[76] Result","Job[76] Runtime (ms)","Job[77] Result","Job[77] Runtime (ms)","Job[78] Result","Job[78] Runtime (ms)","Job[79] Result","Job[79] Runtime (ms)","Job[80] Result","Job[80] Runtime (ms)","Job[81] Result","Job[81] Runtime (ms)","Job[82] Result","Job[82] Runtime (ms)","Job[83] Result","Job[83] Runtime (ms)","Job[84] Result","Job[84] Runtime (ms)","Job[85] Result","Job[85] Runtime (ms)","Job[86] Result","Job[86] Runtime (ms)","Job[87] Result","Job[87] Runtime (ms)","Job[88] Result","Job[88] Runtime (ms)","Job[89] Result","Job[89] Runtime (ms)","Job[90] Result","Job[90] Runtime (ms)","Job[91] Result","Job[91] Runtime (ms)","Job[92] Result","Job[92] Runtime (ms)","Job[93] Result","Job[93] Runtime (ms)","Job[94] Result","Job[94] Runtime (ms)","Job[95] Result","Job[95] Runtime (ms)","Job[96] Result","Job[96] Runtime (ms)","Job[97] Result","Job[97] Runtime (ms)","Job[98] Result","Job[98] Runtime (ms)","Job[99] Result","Job[99] Runtime (ms)","Job[100] Result","Job[100] Runtime (ms)","Average Result","Average Runtime (ms)","Total Runtime (ms)"
"1","3.141688","1814","3.141868","1837","3.139344","1870","3.139352","1863","3.139872","1860","3.141692","1887","3.140736","1890","3.141604","1827","3.139984","2028","3.14056","1905","3.141208","1971","3.145876","2045","3.1413","2064","3.142052","2023","3.138336","2145","3.14352","2211","3.140412","2150","3.140408","2209","3.144688","1894","3.14362","2209","3.14418","2144","3.14098","2208","3.141716","2028","3.142944","2148","3.141156","1960","3.143508","2108","3.142896","2172","3.14276","2082","3.143996","2150","3.143032","2043","3.142944","2113","3.14244","2146","3.14266","2120","3.143496","2057","3.140324","2125","3.145212","2107","3.142012","2072","3.143476","2071","3.14268","2075","3.142168","2071","3.140088","2071","3.138388","2071","3.139952","2071","3.141756","2071","3.14262","2071","3.141328","2071","3.141292","2071","3.14418","2074","3.1433","2074","3.141896","2071","3.144176","2073","3.141612","2070","3.141176","2070","3.142464","2070","3.141404","2070","3.142868","2070","3.143","2048","3.141904","2044","3.14162","2070","3.14214","2073","3.139848","2071","3.1409","2071","3.14326","2072","3.144708","2047","3.142272","2068","3.144028","2069","3.139976","2068","3.145136","2048","3.138908","2035","3.139324","2038","3.144576","2036","3.141408","2036","3.14134","2035","3.138584","2035","3.141928","2035","3.140048","2035","3.14092","2036","3.141816","2039","3.141992","2035","3.140868","1996","3.141332","2035","3.141832","2035","3.139968","2034","3.139452","2038","3.14028","2034","3.139092","2036","3.141968","2034","3.142504","2034","3.140932","2034","3.140672","2009","3.142932","2034","3.14106","2034","3.140044","2038","3.141736","2035","3.143388","2036","3.138964","2033","3.141832","2033","3.139372","2032","3.141228","1999","3.141168","2032","3.1417146","2046","5756"
"2","3.142272","40","3.140004","49","3.142664","150","3.142192","158","3.140572","149","3.13974","1358","3.143892","1672","3.140916","1633","3.14456","1669","3.139004","1669","3.138712","1725","3.140604","1722","3.139472","1722","3.143816","1722","3.139984","1722","3.140328","1725","3.140676","1684","3.140332","1725","3.140052","1681","3.140952","1667","3.142184","1682","3.140432","1684","3.1427","1722","3.143076","1621","3.14004","1709","3.142456","1675","3.14364","1670","3.14196","1722","3.140756","1656","3.14096","1657","3.139936","1658","3.141504","1667","3.140692","1675","3.141676","1709","3.143796","1722","3.143092","1711","3.141408","1725","3.14282","1670","3.14058","1708","3.145408","1709","3.138856","1650","3.143268","1715","3.14224","1704","3.141284","1567","3.141316","1700","3.14078","1699","3.141476","1721","3.14106","1699","3.140784","1712","3.140452","1722","3.141644","1712","3.140892","1716","3.140588","1715","3.143612","1716","3.141564","1704","3.143896","1698","3.14126","1715","3.139132","1720","3.13844","1720","3.139564","1722","3.140556","1693","3.139976","1696","3.140552","1659","3.138936","1674","3.145304","1652","3.142156","1663","3.141492","1671","3.141552","1671","3.14044","1671","3.138568","1660","3.142776","1659","3.141856","1664","3.141064","1655","3.142216","1666","3.141116","1669","3.145568","1656","3.13828","1639","3.140492","1663","3.139612","1666","3.143184","1669","3.143016","1666","3.143364","1661","3.141564","1660","3.142288","1636","3.138908","1657","3.143104","1660","3.14256","1653","3.142932","1660","3.140168","1633","3.14356","1660","3.142248","1626","3.139108","1622","3.140412","1626","3.141256","1619","3.14114","1618","3.140544","1506","3.141152","1507","3.141592","1506","3.141088","1506","3.140412","1506","3.1413808000000008","1589","1790"
"3","3.142856","99","3.14016","1433","3.143832","1429","3.139312","1429","3.1379","1445","3.142032","1429","3.13626","1431","3.142","1443","3.140244","1451","3.141392","1400","3.144452","1450","3.13984","1446","3.1451","1429","3.143604","1445","3.140344","1429","3.141228","1431","3.14062","1450","3.142828","1450","3.139628","1429","3.140648","1444","3.141608","1445","3.14282","1431","3.141716","1450","3.140424","1366","3.141488","1443","3.140776","1310","3.143356","1432","3.143652","1433","3.1433","1444","3.140392","1443","3.138668","1299","3.141264","1428","3.141536","1429","3.141876","1429","3.14126","1445","3.14186","1429","3.140196","1450","3.141892","1428","3.142196","1404","3.143332","1443","3.138692","1443","3.144532","1429","3.141416","1450","3.141304","1431","3.143176","1434","3.143828","1597","3.140036","1616","3.141348","1598","3.142552","1624","3.140468","1722","3.144328","1722","3.140716","1668","3.144636","1712","3.14224","1623","3.142192","1686","3.14148","1655","3.140996","1682","3.13906","1614","3.142968","1714","3.14138","1612","3.144024","1673","3.142272","1703","3.14104","1647","3.141216","1671","3.141108","1688","3.141204","1696","3.144516","1651","3.142892","1652","3.140816","1685","3.142768","1648","3.140884","1664","3.144048","1689","3.141836","1688","3.144084","1632","3.144892","1629","3.139324","1646","3.143452","1629","3.141688","1645","3.139992","1644","3.142316","1645","3.140384","1639","3.141104","1646","3.142584","1643","3.141036","1644","3.140948","1637","3.13996","1640","3.14214","1633","3.140764","1629","3.140084","1633","3.145092","1635","3.142896","1635","3.14182","1634","3.14566","1634","3.142052","1624","3.14428","1616","3.140896","1624","3.14316","1621","3.141704","1625","3.144204","1623","3.141928","1625","3.1418230799999987","1536","1758"
"4","3.141228","435","3.142716","435","3.142704","435","3.140608","434","3.142536","435","3.144688","435","3.139696","434","3.141448","434","3.142652","427","3.14098","847","3.143504","836","3.14066","848","3.138812","823","3.143144","835","3.142316","848","3.143964","847","3.140224","877","3.142568","843","3.139116","1584","3.142316","1584","3.141032","1660","3.138056","1640","3.143196","1648","3.141","1640","3.140936","1635","3.139496","1632","3.139632","1632","3.142724","1633","3.141796","1642","3.142152","1643","3.14114","1632","3.142648","1642","3.142452","1646","3.142412","1642","3.140104","1645","3.141464","1647","3.142528","1632","3.141004","1638","3.142156","1654","3.143924","1636","3.142664","1627","3.143876","1641","3.142448","1628","3.143716","1654","3.142592","1626","3.139184","1641","3.140788","1654","3.141632","1637","3.141948","1601","3.142272","1637","3.143544","1643","3.144288","1641","3.137928","1642","3.141236","1626","3.139412","1654","3.143188","1651","3.141448","1657","3.140932","1657","3.140364","1655","3.137736","1657","3.141976","1651","3.141936","1655","3.142392","1650","3.143592","1641","3.142636","1645","3.140732","1655","3.140372","1656","3.13942","1652","3.142064","1654","3.142244","1652","3.139544","1644","3.141004","1647","3.14194","1645","3.138856","1637","3.143164","1634","3.140156","1649","3.141184","1633","3.13824","1651","3.139636","1650","3.140384","1643","3.143924","1645","3.140648","1646","3.139964","1651","3.145104","1651","3.140724","1648","3.142444","1648","3.143012","1649","3.139568","1647","3.142048","1631","3.143088","1638","3.142424","1641","3.142912","1649","3.141632","1650","3.1422","1640","3.142204","1649","3.14112","1637","3.142644","1630","3.141792","1645","3.142188","1650","3.141788","1633","3.141598280000001","1461","1728"
"5","3.142592","1262","3.142396","1224","3.14012","1261","3.141224","1178","3.141812","1285","3.141324","1262","3.1432","1261","3.139764","1285","3.140648","1285","3.142732","1285","3.141712","1178","3.140912","1262","3.14474","1285","3.141412","1262","3.142932","1261","3.140916","1133","3.142668","1282","3.139452","1282","3.141868","1269","3.14172","1268","3.141172","1269","3.14022","1269","3.142132","1266","3.140972","1266","3.141728","1266","3.141704","1266","3.140076","1266","3.141112","1254","3.142964","1254","3.142996","1254","3.139128","1254","3.14142","1254","3.139988","1214","3.143916","1250","3.141408","1286","3.139948","1371","3.142068","1305","3.140792","1372","3.140392","1247","3.142608","1246","3.139232","1370","3.140256","1518","3.140104","1675","3.141296","1675","3.141032","1674","3.140156","1674","3.14238","1675","3.139844","1662","3.142044","1662","3.142132","1675","3.139124","1676","3.142968","1662","3.143736","1661","3.144312","1673","3.141068","1663","3.142408","1633","3.142348","1635","3.141512","1633","3.144272","1633","3.140004","1619","3.141444","1636","3.143396","1632","3.142732","1633","3.142732","1627","3.141788","1622","3.143004","1629","3.141308","1617","3.142636","1629","3.140872","1639","3.143148","1641","3.143128","1631","3.143468","1640","3.141936","1632","3.142392","1643","3.14018","1641","3.140812","1635","3.141168","1629","3.142596","1644","3.142868","1640","3.142328","1641","3.144072","1630","3.143296","1642","3.141184","1642","3.140272","1629","3.14328","1641","3.142708","1640","3.143708","1640","3.141984","1635","3.142168","1633","3.142232","1638","3.141708","1640","3.14308","1641","3.142992","1633","3.138976","1638","3.14","1629","3.14528","1634","3.141192","1635","3.143332","1622","3.142908","1634","3.137636","1635","3.141770599999999","1486","1743"
"6","3.139548","1730","3.143832","1704","3.138916","1729","3.14378","1730","3.143408","1729","3.145068","1695","3.140148","1681","3.141744","1688","3.142652","1704","3.139628","1730","3.141624","1704","3.141576","1708","3.138584","1729","3.141128","1730","3.1396","1689","3.142136","1729","3.140736","1689","3.140904","1729","3.14348","1700","3.14204","1705","3.141124","1672","3.140128","1704","3.143124","1697","3.14242","1692","3.144732","1699","3.145288","1729","3.140984","1697","3.140392","1694","3.140488","1667","3.144624","1705","3.143268","1698","3.144452","1704","3.141432","1730","3.141736","1705","3.143592","1730","3.140268","1698","3.140752","1704","3.138748","1704","3.138168","1729","3.144108","1729","3.141392","1694","3.14168","1729","3.141324","1729","3.142288","1667","3.141432","1694","3.14296","1667","3.141364","1729","3.141004","1729","3.138848","1706","3.14038","1729","3.140976","1729","3.141428","1631","3.138724","1729","3.141148","1703","3.141496","1729","3.14218","1729","3.145028","1729","3.142264","1705","3.143164","1729","3.141084","1667","3.141104","1703","3.14016","1681","3.141164","1705","3.145244","1729","3.140044","1729","3.138064","1729","3.142592","1692","3.1428","1729","3.143716","1729","3.141956","1703","3.142736","1703","3.140476","1729","3.14066","1729","3.141792","1729","3.139084","1667","3.141252","1729","3.139824","1680","3.143296","1705","3.143016","1707","3.139268","1703","3.142896","1696","3.135848","1674","3.140644","1729","3.142404","1703","3.14074","1684","3.142504","1697","3.142476","1728","3.13892","1729","3.140204","1706","3.142892","1729","3.13936","1729","3.144076","1706","3.142208","1689","3.139736","1729","3.14242","1704","3.144396","1694","3.142","1705","3.143144","1703","3.14316","1728","3.143092","1677","3.1416189200000004","1708","1730"
"7","3.141408","157","3.140984","335","3.139204","373","3.143444","373","3.14214","371","3.14262","458","3.141288","806","3.14284","1439","3.142728","1439","3.141824","1129","3.1444","1348","3.142556","1411","3.141532","1040","3.144276","1439","3.142428","1129","3.141068","1439","3.143992","1314","3.13968","1411","3.139608","1439","3.142596","1711","3.143996","1683","3.144176","1674","3.140104","1711","3.14064","1652","3.14056","1654","3.14114","1711","3.14214","1711","3.14054","1684","3.141708","1682","3.143676","1685","3.143008","1710","3.140628","1693","3.139684","1659","3.14246","1710","3.140788","1688","3.142592","1681","3.14068","1666","3.141588","1687","3.143364","1671","3.141488","1691","3.140396","1647","3.142644","1689","3.142004","1692","3.143768","1673","3.141856","1672","3.14292","1688","3.141408","1684","3.143236","1678","3.141752","1685","3.144116","1679","3.142172","1665","3.142436","1683","3.141576","1690","3.141528","1647","3.1395","1710","3.14192","1686","3.14054","1710","3.14106","1676","3.138548","1710","3.143584","1689","3.141104","1691","3.140008","1710","3.139156","1675","3.140196","1670","3.137328","1685","3.14028","1707","3.142556","1658","3.14138","1707","3.141112","1707","3.141276","1687","3.139676","1678","3.143404","1707","3.140524","1707","3.142452","1707","3.141236","1686","3.141072","1682","3.144172","1702","3.14216","1671","3.14068","1702","3.141852","1672","3.143616","1672","3.141032","1702","3.14318","1679","3.141796","1680","3.143652","1683","3.140588","1677","3.143148","1702","3.139288","1702","3.14134","1702","3.140188","1702","3.140444","1668","3.138588","1702","3.142956","1683","3.14168","1702","3.139112","1702","3.143516","1702","3.140052","1701","3.144436","1701","3.142372","1702","3.139956","1684","3.1416510400000006","1555","1749"
"8","3.142516","185","3.143052","1443","3.140844","1554","3.137864","1498","3.141592","1353","3.141408","1588","3.140528","1588","3.143076","1589","3.140752","1428","3.141404","1588","3.141188","1565","3.143268","1566","3.142412","1588","3.142272","1587","3.14078","1588","3.142464","1556","3.14402","1588","3.139536","1588","3.142116","1587","3.141348","1531","3.139304","1590","3.142888","1588","3.144568","1588","3.143644","1587","3.141056","1588","3.141024","1588","3.139844","1588","3.140236","1587","3.137424","1566","3.143532","1554","3.143344","1682","3.140492","1683","3.141708","1676","3.142144","1684","3.143852","1676","3.143064","1678","3.140884","1682","3.141604","1675","3.140276","1682","3.1424","1684","3.145296","1652","3.143648","1675","3.142516","1676","3.139932","1675","3.141528","1675","3.140088","1684","3.1412","1678","3.139116","1683","3.141712","1675","3.142368","1675","3.143168","1678","3.14042","1678","3.137336","1684","3.142848","1675","3.14286","1676","3.142152","1676","3.14232","1681","3.141296","1680","3.139188","1677","3.142076","1656","3.140332","1675","3.14238","1675","3.141876","1675","3.140588","1680","3.141556","1675","3.1415","1685","3.140564","1647","3.14092","1682","3.141192","1675","3.143904","1682","3.141424","1676","3.14092","1655","3.142864","1677","3.14228","1678","3.140876","1678","3.143508","1676","3.14278","1681","3.146176","1679","3.142748","1675","3.141728","1680","3.139696","1683","3.141332","1672","3.141552","1665","3.141024","1659","3.13994","1661","3.142092","1653","3.142596","1655","3.139632","1653","3.141748","1655","3.140196","1631","3.143632","1659","3.14056","1653","3.138796","1660","3.144628","1663","3.142408","1663","3.13904","1653","3.139328","1653","3.142052","1663","3.139928","1653","3.14314","1657","3.1416023200000005","1623","1722"
"9","3.142932","837","3.140796","836","3.138744","1695","3.144504","1697","3.1411","1692","3.140928","1693","3.143868","1693","3.138552","1663","3.139628","1689","3.14138","1697","3.144796","1684","3.143796","1688","3.143916","1697","3.137348","1685","3.141084","1683","3.143344","1662","3.14266","1696","3.141148","1694","3.142592","1682","3.141636","1624","3.143392","1686","3.142144","1671","3.137476","1624","3.139108","1642","3.13878","1686","3.140908","1696","3.141688","1682","3.14362","1713","3.139668","1713","3.140708","1687","3.14016","1713","3.144008","1711","3.14278","1680","3.14218","1711","3.140376","1711","3.142428","1711","3.142292","1711","3.141012","1687","3.143236","1713","3.140004","1713","3.14222","1713","3.14312","1682","3.140392","1682","3.142288","1711","3.142232","1712","3.143172","1712","3.140964","1687","3.140764","1711","3.140448","1712","3.142424","1710","3.139956","1710","3.143048","1710","3.141692","1712","3.141516","1710","3.142144","1710","3.141","1713","3.142636","1710","3.14218","1710","3.13998","1713","3.14398","1710","3.141796","1710","3.140008","1710","3.142956","1710","3.140396","1710","3.139792","1712","3.142344","1710","3.140408","1710","3.143476","1710","3.14078","1710","3.140808","1713","3.142976","1711","3.14226","1709","3.141096","1713","3.143888","1668","3.141128","1710","3.141536","1709","3.14156","1713","3.138812","1709","3.139176","1710","3.138836","1688","3.14072","1710","3.139336","1709","3.14166","1709","3.140656","1709","3.139436","1709","3.139136","1711","3.1386","1712","3.143896","1709","3.140936","1700","3.14126","1700","3.141756","1700","3.14112","1704","3.13982","1700","3.14026","1700","3.138292","1700","3.142084","1700","3.142464","1694","3.141208","1694","3.144148","1689","3.13964","1646","3.1413733599999993","1681","1733"
"10","3.14266","277","3.143144","1330","3.142028","1329","3.140828","779","3.142208","1360","3.142468","1316","3.141004","1361","3.143352","1329","3.144124","1329","3.1446","1329","3.139428","1315","3.140072","1360","3.14258","1316","3.14386","1330","3.138344","1360","3.138496","1360","3.14126","1360","3.141592","1316","3.140032","1315","3.142964","1673","3.144472","1711","3.141604","1713","3.141984","1711","3.142828","1710","3.141312","1710","3.142488","1711","3.141752","1711","3.1385","1667","3.14176","1711","3.14358","1644","3.141204","1711","3.140316","1710","3.141484","1668","3.141128","1710","3.13942","1710","3.144076","1710","3.141152","1710","3.14558","1710","3.141184","1710","3.141644","1711","3.139424","1688","3.142292","1580","3.144052","1710","3.14056","1652","3.140064","1710","3.14186","1710","3.143856","1684","3.141656","1710","3.143372","1710","3.141624","1672","3.13872","1671","3.140036","1671","3.13954","1710","3.140968","1710","3.139872","1698","3.142624","1698","3.14182","1651","3.141168","1695","3.141172","1695","3.141968","1679","3.14142","1676","3.142788","1676","3.142696","1676","3.14078","1678","3.138576","1676","3.139276","1675","3.142232","1676","3.14374","1679","3.145056","1676","3.14032","1676","3.140564","1676","3.14034","1676","3.139452","1676","3.14214","1676","3.142884","1679","3.144064","1675","3.1418","1675","3.141944","1678","3.14126","1676","3.142748","1678","3.141668","1675","3.141928","1678","3.144544","1675","3.141064","1676","3.139912","1675","3.141228","1675","3.13866","1678","3.143732","1675","3.14314","1675","3.138936","1678","3.14334","1653","3.139248","1677","3.141488","1676","3.13976","1677","3.14178","1676","3.139416","1675","3.142256","1646","3.14282","1646","3.145512","1642","3.1415","1643","3.1416517200000005","1601","1740"
"11","3.142252","231","3.14568","383","3.143864","384","3.141568","360","3.140312","383","3.140624","383","3.141424","383","3.142476","383","3.142296","999","3.141","998","3.143448","1047","3.140128","869","3.141484","1001","3.141188","985","3.142148","1000","3.143244","999","3.139844","1000","3.142552","1059","3.143276","1047","3.14198","1047","3.142168","1691","3.144108","1696","3.14076","1699","3.142348","1706","3.142352","1694","3.14242","1692","3.137676","1683","3.142348","1703","3.14176","1693","3.143116","1699","3.140712","1699","3.143572","1689","3.14334","1693","3.144192","1684","3.141788","1707","3.13936","1699","3.1425","1703","3.141352","1697","3.141932","1705","3.1433","1698","3.141348","1691","3.142392","1687","3.13998","1682","3.14398","1685","3.1393","1701","3.139764","1694","3.140276","1705","3.139164","1705","3.141076","1703","3.141472","1705","3.14362","1701","3.140796","1706","3.140304","1700","3.143776","1692","3.138012","1695","3.14226","1685","3.139336","1701","3.143356","1698","3.141288","1702","3.140516","1701","3.141252","1704","3.140444","1705","3.142652","1689","3.142052","1700","3.139448","1683","3.142164","1692","3.139888","1706","3.13888","1703","3.140184","1704","3.141748","1682","3.141604","1697","3.139736","1690","3.140556","1705","3.141224","1701","3.14206","1702","3.14284","1706","3.142028","1687","3.144796","1690","3.143752","1693","3.139496","1688","3.139808","1682","3.143576","1698","3.141132","1694","3.14314","1686","3.138264","1682","3.141916","1664","3.143456","1701","3.14282","1703","3.140928","1681","3.140168","1700","3.138988","1704","3.140724","1703","3.141144","1704","3.143036","1664","3.141764","1695","3.142832","1695","3.141744","1702","3.14154","1682","3.1424","1696","3.141892","1682","3.14161984","1505","1740"
"12","3.139508","994","3.142112","1531","3.140112","1532","3.142068","1531","3.143368","1532","3.14138","1532","3.141072","1531","3.141668","1531","3.143548","1532","3.141416","1531","3.138732","1531","3.140352","1483","3.142604","1531","3.142496","1531","3.142412","1511","3.141604","1531","3.138168","1531","3.143264","1191","3.142332","1531","3.142004","1531","3.142216","1531","3.140552","1531","3.138672","1531","3.141564","1482","3.14188","1481","3.143364","1514","3.140916","1507","3.140924","1532","3.14228","1471","3.141172","1568","3.142476","1506","3.140744","1507","3.143132","1507","3.141416","1506","3.14032","1440","3.142796","1507","3.142524","1567","3.140404","1507","3.142088","1507","3.144556","1506","3.13878","1564","3.140264","1681","3.141824","1682","3.144552","1681","3.144928","1563","3.140596","1681","3.14258","1682","3.141556","1680","3.144704","1651","3.140256","1680","3.141316","1680","3.142804","1681","3.139948","1681","3.142272","1634","3.139008","1680","3.140364","1629","3.1415","1672","3.142964","1671","3.1414","1673","3.1434","1671","3.144356","1668","3.141916","1646","3.140872","1668","3.13928","1668","3.138316","1668","3.139784","1668","3.140412","1668","3.139352","1668","3.141616","1668","3.140972","1668","3.142208","1672","3.141684","1668","3.143436","1668","3.142648","1668","3.140424","1670","3.140388","1627","3.141728","1668","3.142648","1671","3.144524","1668","3.143732","1668","3.141392","1627","3.140944","1659","3.143136","1624","3.141732","1659","3.141284","1656","3.14198","1656","3.144056","1657","3.1425","1657","3.140212","1656","3.143464","1659","3.141964","1657","3.140524","1656","3.141552","1659","3.140236","1656","3.141492","1656","3.14414","1660","3.14116","1656","3.142252","1656","3.14238","1656","3.143068","1657","3.1416899600000012","1594","1717"
"13","3.140808","306","3.142264","306","3.140404","306","3.14276","306","3.144032","306","3.14112","1144","3.143392","1202","3.145668","1094","3.142192","1690","3.141412","1202","3.142172","1657","3.140912","1198","3.14138","1202","3.145008","1133","3.142076","1189","3.142944","1189","3.141316","1202","3.143748","1258","3.141412","1679","3.139772","1679","3.14118","1690","3.140296","1258","3.142912","1679","3.140032","1234","3.141408","1656","3.14142","1202","3.141252","1202","3.14148","1656","3.142952","1644","3.143468","1656","3.141488","1650","3.140116","1638","3.14038","1645","3.14378","1647","3.14546","1645","3.141132","1645","3.139384","1646","3.139652","1646","3.14188","1646","3.142264","1646","3.142036","1647","3.143644","1613","3.138728","1645","3.142848","1646","3.144472","1640","3.144944","1640","3.1432","1628","3.1428","1640","3.13982","1641","3.141364","1641","3.144176","1641","3.139388","1640","3.141136","1626","3.14236","1632","3.139368","1621","3.141348","1620","3.141568","1632","3.141756","1525","3.142244","1619","3.143136","1631","3.144688","1632","3.141388","1600","3.1429","1632","3.142792","1632","3.140764","1632","3.142148","1622","3.142292","1606","3.142116","1622","3.141868","1627","3.140144","1627","3.141608","1624","3.139324","1635","3.139556","1635","3.142012","1628","3.13822","1634","3.140896","1635","3.140548","1619","3.143804","1626","3.143664","1621","3.140412","1620","3.1448","1619","3.141832","1619","3.14442","1620","3.138108","1617","3.139808","1615","3.144636","1616","3.143144","1616","3.142496","1616","3.141424","1615","3.140004","1614","3.144764","1614","3.141732","1606","3.142584","1614","3.141292","1614","3.14316","1609","3.138484","1609","3.142756","1609","3.141396","1609","3.14434","1597","3.139036","1601","3.141884239999998","1499","1726"
"14","3.14172","287","3.1398","287","3.140568","287","3.142508","287","3.142596","1204","3.142964","1210","3.139632","1211","3.139352","1203","3.138936","1210","3.14004","1211","3.142212","1157","3.141016","1203","3.138292","1171","3.14002","1211","3.142504","1203","3.140648","1210","3.138772","1203","3.144344","1211","3.141004","1210","3.143156","1203","3.140512","1654","3.141504","1654","3.141148","1654","3.140844","1654","3.141312","1632","3.142204","1654","3.141424","1632","3.144028","1593","3.141364","1632","3.142652","1585","3.142172","1644","3.138596","1608","3.142284","1606","3.142628","1641","3.142144","1641","3.141348","1620","3.142668","1641","3.13998","1641","3.142168","1641","3.139476","1641","3.144232","1641","3.142928","1620","3.138892","1641","3.142796","1621","3.140952","1619","3.139872","1641","3.14018","1637","3.140936","1637","3.141516","1626","3.140308","1593","3.13832","1626","3.141828","1608","3.1389","1626","3.144452","1625","3.144504","1625","3.140164","1625","3.14288","1607","3.141708","1607","3.140436","1625","3.142612","1617","3.143004","1617","3.145224","1600","3.141892","1619","3.142152","1621","3.143692","1614","3.139028","1615","3.141888","1614","3.143268","1615","3.138756","1614","3.141688","1621","3.140868","1615","3.138244","1619","3.141504","1615","3.14128","1604","3.14242","1607","3.143216","1604","3.141392","1600","3.141588","1609","3.140956","1601","3.138496","1605","3.142788","1604","3.14162","1599","3.143924","1568","3.13992","1602","3.140364","1599","3.13984","1602","3.141832","1602","3.14022","1601","3.142852","1599","3.14368","1601","3.139664","1598","3.142528","1601","3.14066","1601","3.139048","1598","3.141288","1588","3.142156","1597","3.141828","1597","3.142808","1597","3.143788","1596","3.142432","1595","3.1414275199999997","1496","1707"
"15","3.139432","1721","3.143332","1693","3.139652","1679","3.143072","1721","3.142096","1722","3.144116","1722","3.143792","1722","3.141524","1687","3.143052","1722","3.142548","1703","3.1401","1721","3.14368","1721","3.142984","1722","3.142128","1722","3.14062","1704","3.13996","1722","3.144204","1721","3.140756","1702","3.14262","1721","3.14182","1721","3.143952","1722","3.141808","1721","3.140608","1697","3.139776","1701","3.144152","1722","3.143448","1721","3.140332","1721","3.14168","1693","3.13948","1721","3.14076","1721","3.140656","1701","3.142952","1721","3.141868","1698","3.141368","1721","3.141756","1721","3.142292","1675","3.141936","1721","3.139732","1722","3.142372","1703","3.141692","1721","3.142452","1721","3.141732","1697","3.139496","1673","3.139168","1694","3.139836","1694","3.141256","1721","3.138956","1672","3.14074","1721","3.1383","1697","3.142256","1721","3.142104","1689","3.14228","1721","3.1395","1721","3.14204","1721","3.139376","1721","3.141212","1721","3.145616","1721","3.142056","1679","3.141352","1685","3.142596","1671","3.13926","1701","3.143492","1688","3.143068","1721","3.139268","1721","3.140996","1721","3.141768","1721","3.142576","1697","3.14214","1683","3.144036","1721","3.141272","1690","3.14378","1700","3.141188","1693","3.138508","1721","3.143296","1721","3.14166","1687","3.143012","1721","3.146008","1721","3.142124","1721","3.14192","1721","3.14068","1721","3.14064","1721","3.141232","1702","3.144552","1721","3.139012","1699","3.14286","1721","3.139356","1721","3.142208","1721","3.141404","1681","3.143232","1721","3.143488","1720","3.143676","1721","3.140792","1693","3.14112","1721","3.143632","1721","3.139448","1698","3.14026","1693","3.141176","1721","3.138752","1703","3.141896","1721","3.142148","1685","3.1416736799999994","1709","1722"
"16","3.143128","786","3.14166","730","3.142196","730","3.140872","704","3.141508","786","3.141624","752","3.141532","871","3.142816","872","3.14346","786","3.13842","751","3.144092","872","3.144484","754","3.142876","706","3.140244","754","3.141608","740","3.140248","872","3.142296","753","3.140408","782","3.141708","782","3.141432","725","3.14448","868","3.143536","873","3.14184","782","3.142112","1039","3.144588","1039","3.143304","965","3.142268","1030","3.143428","1038","3.140944","822","3.141228","1596","3.142676","1657","3.140488","1650","3.143388","1651","3.143132","1653","3.141196","1635","3.142312","1658","3.142056","1657","3.145416","1635","3.140244","1650","3.14156","1647","3.144164","1652","3.14156","1645","3.140172","1613","3.142264","1656","3.1411","1658","3.141036","1637","3.141276","1658","3.140348","1655","3.14108","1649","3.145256","1661","3.144296","1658","3.142556","1655","3.144192","1655","3.142852","1659","3.144164","1656","3.139708","1646","3.140884","1650","3.143388","1610","3.14168","1645","3.143748","1649","3.141288","1657","3.143396","1649","3.1451","1656","3.140856","1643","3.139568","1655","3.141236","1655","3.143548","1635","3.140336","1647","3.139584","1635","3.141368","1647","3.138628","1610","3.140492","1645","3.140232","1647","3.143024","1654","3.142324","1661","3.141172","1656","3.13924","1658","3.143796","1648","3.142236","1577","3.138388","1565","3.139892","1572","3.1429","1579","3.140828","1576","3.137368","1577","3.141564","1576","3.140788","1578","3.142484","1577","3.142896","1577","3.140648","1572","3.141508","1574","3.141592","1578","3.141816","1539","3.14214","1517","3.140848","1539","3.14376","1540","3.141636","1537","3.141208","1539","3.142356","1539","3.140608","1539","3.141908","1539","3.14187092","1389","1720"
"17","3.141796","215","3.142252","239","3.141264","235","3.140728","235","3.140596","235","3.14406","1678","3.140668","1692","3.142612","1707","3.141256","1692","3.14108","1693","3.14194","1693","3.141672","1708","3.140636","1684","3.142644","1443","3.141456","1495","3.141968","1681","3.142428","1707","3.141708","1495","3.14018","1706","3.139176","1705","3.140208","1677","3.142808","1452","3.141464","1677","3.140128","1691","3.144632","1693","3.144636","1471","3.140844","1684","3.141792","1498","3.141684","1562","3.141564","1677","3.140504","1694","3.13878","1677","3.13946","1682","3.14252","1692","3.140372","1432","3.142","1562","3.142188","1683","3.145116","1682","3.138104","1683","3.141336","1694","3.14142","1677","3.143104","1664","3.141988","1674","3.142596","1664","3.138948","1677","3.142176","1670","3.141248","1673","3.140016","1669","3.143964","1673","3.141728","1672","3.14488","1673","3.141532","1668","3.141608","1669","3.141744","1671","3.140456","1672","3.14414","1671","3.139976","1644","3.139932","1672","3.141896","1641","3.138056","1671","3.140748","1640","3.138856","1659","3.141212","1641","3.142376","1657","3.140452","1648","3.143088","1670","3.141252","1672","3.1419","1670","3.144108","1637","3.142804","1590","3.141412","1612","3.143728","1599","3.143852","1612","3.141636","1607","3.14128","1607","3.142904","1609","3.140104","1614","3.139448","1606","3.141672","1599","3.141704","1613","3.144496","1614","3.140304","1613","3.147432","1594","3.140184","1612","3.143376","1612","3.142676","1607","3.143716","1611","3.144048","1615","3.141916","1610","3.141164","1614","3.143288","1615","3.14174","1613","3.141392","1614","3.144196","1598","3.142068","1599","3.141612","1611","3.140328","1613","3.142784","1613","3.139856","1614","3.142188","1611","3.1417496799999998","1566","1725"
"18","3.140704","383","3.140164","401","3.138272","402","3.138384","402","3.143488","1339","3.142732","1568","3.139824","1568","3.14056","1568","3.1446","1568","3.13998","1568","3.140868","1568","3.141196","1568","3.143564","1561","3.142856","1562","3.141064","1563","3.142288","1561","3.143968","1563","3.142416","1561","3.143896","1561","3.142748","1561","3.141148","1561","3.14172","1561","3.141672","1561","3.139532","1561","3.13878","1561","3.14364","1561","3.140352","1562","3.1422","1561","3.142424","1562","3.140704","1561","3.139676","1561","3.140228","1561","3.140104","1561","3.1392","1563","3.142096","1561","3.140004","1562","3.140524","1561","3.145948","1503","3.143592","1551","3.137992","1551","3.142968","1550","3.143352","1534","3.140432","1534","3.141548","1534","3.139276","1528","3.141676","1533","3.141248","1528","3.143428","1531","3.141356","1532","3.139812","1533","3.140256","1531","3.14174","1532","3.140288","1532","3.143348","1528","3.142104","1528","3.138876","1528","3.142228","1533","3.141488","1525","3.140876","1524","3.140808","1497","3.141196","1519","3.142496","1524","3.143592","1526","3.140564","1525","3.141184","1514","3.143672","1505","3.143356","1512","3.140192","1484","3.142068","1512","3.141336","1574","3.142344","1620","3.141484","1620","3.144236","1574","3.145896","1624","3.145668","1623","3.138772","1586","3.142192","1594","3.138964","1598","3.140876","1596","3.143772","1598","3.139072","1594","3.143472","1595","3.138908","1593","3.143532","1592","3.141464","1593","3.14282","1594","3.140068","1588","3.142112","1593","3.142528","1593","3.142808","1582","3.142068","1585","3.14046","1587","3.14486","1585","3.143764","1585","3.141052","1586","3.141212","1581","3.143176","1577","3.140092","1575","3.142004","1583","3.144188","1577","3.1416573599999986","1511","1701"
"19","3.145736","1724","3.141524","1674","3.140844","1728","3.141812","1701","3.14432","1718","3.142544","1701","3.142168","1717","3.14176","1714","3.136448","1710","3.143124","1714","3.137604","1701","3.141824","1709","3.140552","1710","3.141312","1670","3.143864","1710","3.14246","1701","3.141944","1710","3.139872","1722","3.142072","1701","3.142316","1660","3.140792","1700","3.14192","1710","3.143152","1701","3.141276","1728","3.143344","1700","3.14144","1720","3.141172","1701","3.143264","1723","3.142276","1676","3.142304","1724","3.138704","1700","3.142888","1701","3.139856","1712","3.144244","1701","3.141056","1662","3.141472","1701","3.139656","1726","3.14012","1724","3.14496","1727","3.143264","1717","3.139876","1720","3.139304","1719","3.142156","1725","3.140416","1701","3.139688","1710","3.141696","1701","3.140648","1725","3.139816","1710","3.142468","1717","3.140784","1677","3.139396","1708","3.142768","1701","3.13924","1696","3.139712","1716","3.138764","1698","3.140908","1720","3.143376","1641","3.142528","1721","3.14288","1720","3.14268","1698","3.141472","1697","3.141252","1707","3.139844","1724","3.141288","1719","3.14278","1713","3.13882","1644","3.142904","1655","3.141636","1696","3.142412","1718","3.142168","1696","3.140784","1714","3.13868","1706","3.143672","1694","3.141472","1684","3.142068","1697","3.141344","1701","3.143096","1690","3.141456","1698","3.13774","1699","3.140692","1694","3.141736","1701","3.142376","1699","3.141564","1676","3.140136","1702","3.142416","1698","3.140628","1693","3.141908","1693","3.142696","1687","3.139544","1690","3.140424","1680","3.144024","1692","3.13968","1694","3.14204","1694","3.139804","1694","3.142704","1695","3.14154","1687","3.140796","1693","3.142004","1684","3.141532","1694","3.140524","1694","3.141440200000001","1701","1731"
"20","3.143804","186","3.142324","374","3.14012","373","3.141892","351","3.140176","373","3.1419","1703","3.140516","1705","3.142156","1683","3.141868","1692","3.140976","1706","3.141812","1704","3.141692","1704","3.141952","1704","3.14108","1700","3.139232","1693","3.140896","1697","3.138788","1698","3.14228","1700","3.141932","1697","3.138988","1685","3.141248","1705","3.140856","1697","3.139476","1674","3.14158","1706","3.139772","1683","3.143604","1702","3.142388","1685","3.143824","1693","3.140724","1700","3.142704","1699","3.13928","1696","3.139592","1667","3.142472","1696","3.142616","1707","3.14138","1667","3.14028","1696","3.141216","1690","3.1391","1698","3.14292","1705","3.143352","1690","3.141384","1685","3.142316","1668","3.142556","1700","3.139944","1702","3.1433","1697","3.14072","1704","3.139196","1693","3.140288","1692","3.143616","1703","3.142","1706","3.143288","1682","3.13994","1681","3.141468","1696","3.142532","1702","3.1426","1675","3.142376","1667","3.141632","1706","3.141484","1698","3.144312","1698","3.14182","1689","3.14192","1678","3.1422","1702","3.142312","1696","3.141796","1673","3.140216","1679","3.140628","1707","3.14402","1628","3.14296","1704","3.14234","1700","3.14062","1690","3.140548","1701","3.144752","1677","3.140544","1680","3.142144","1674","3.1434","1703","3.142088","1701","3.142312","1694","3.143584","1695","3.141348","1697","3.142536","1684","3.14366","1683","3.14194","1693","3.144504","1699","3.140004","1695","3.141216","1695","3.14062","1697","3.143396","1703","3.142076","1695","3.142848","1700","3.143428","1699","3.141852","1692","3.139784","1663","3.138644","1684","3.13946","1692","3.140412","1687","3.14162","1697","3.140276","1703","3.14204","1702","3.141948","1692","3.140228","1702","3.1416176399999993","1624","1712"
"21","3.137788","26","3.140348","944","3.14132","977","3.140644","842","3.14052","828","3.138284","977","3.140384","842","3.144136","1676","3.141764","1687","3.14316","1689","3.142976","1688","3.143524","1678","3.143008","1543","3.143356","1675","3.141992","1450","3.142524","1418","3.14282","1499","3.140856","1675","3.140276","1451","3.142792","1662","3.136584","1437","3.14116","1664","3.144084","1665","3.140888","1690","3.141","1450","3.138464","1679","3.13758","1544","3.140932","1688","3.14078","1677","3.140544","1560","3.143936","1517","3.143432","1706","3.14116","1677","3.14008","1680","3.141712","1682","3.14038","1683","3.14094","1661","3.141548","1706","3.142152","1658","3.141136","1668","3.14282","1606","3.138816","1681","3.139456","1685","3.1417","1684","3.140356","1657","3.140592","1674","3.140224","1677","3.142408","1686","3.141292","1682","3.139376","1686","3.141752","1654","3.138408","1685","3.142196","1676","3.139544","1686","3.142528","1677","3.145444","1683","3.139096","1684","3.140992","1677","3.141472","1705","3.143228","1665","3.142108","1654","3.139492","1685","3.141668","1643","3.138864","1688","3.141628","1680","3.143148","1683","3.140228","1672","3.141924","1673","3.14112","1682","3.142072","1681","3.145584","1686","3.141552","1688","3.14198","1656","3.142296","1677","3.143328","1679","3.1401","1687","3.14256","1688","3.13982","1684","3.140732","1679","3.14108","1705","3.137608","1686","3.141648","1684","3.138912","1656","3.145584","1687","3.139928","1705","3.139812","1679","3.140868","1677","3.144796","1683","3.140916","1705","3.142976","1662","3.14076","1682","3.143468","1687","3.14136","1676","3.14024","1680","3.141384","1682","3.141244","1680","3.145116","1679","3.142764","1679","3.14118","1686","3.14154","1649","3.1413605199999988","1596","1733"
"22","3.144748","343","3.145992","343","3.141924","343","3.143356","343","3.141304","319","3.143648","343","3.141224","273","3.14006","343","3.14368","343","3.141948","387","3.140716","387","3.141868","387","3.139304","388","3.140244","1664","3.139928","1644","3.143404","1664","3.142904","1641","3.142544","1642","3.145532","1617","3.142072","1607","3.142164","1575","3.142948","1665","3.140852","1665","3.141852","1602","3.141008","1665","3.14214","1665","3.14194","1665","3.140492","1622","3.141132","1641","3.14316","1642","3.142816","1640","3.1415","1665","3.141348","1617","3.139308","1665","3.143376","1643","3.142488","1640","3.142968","1664","3.14018","1664","3.142684","1618","3.14044","1664","3.138452","1664","3.143396","1664","3.142828","1664","3.138968","1644","3.143296","1664","3.14054","1664","3.140232","1644","3.141432","1664","3.14302","1616","3.143588","1663","3.140608","1664","3.140676","1664","3.1417","1638","3.140172","1664","3.142348","1663","3.144268","1626","3.14118","1647","3.140184","1614","3.141168","1645","3.145048","1601","3.14132","1641","3.145564","1609","3.145548","1640","3.142944","1640","3.141208","1608","3.139996","1621","3.142084","1641","3.1425","1587","3.139664","1641","3.141716","1641","3.142704","1640","3.144668","1641","3.14074","1641","3.141644","1601","3.139872","1589","3.140664","1627","3.142936","1627","3.141584","1627","3.14316","1626","3.143428","1622","3.14334","1627","3.140928","1630","3.142096","1622","3.141404","1614","3.141332","1619","3.143024","1615","3.13852","1617","3.142036","1618","3.1465","1619","3.140148","1619","3.142932","1616","3.139864","1612","3.141284","1612","3.143084","1602","3.141356","1602","3.142068","1603","3.14324","1606","3.14232","1605","3.143472","1605","3.1413","1602","3.141984919999999","1466","1707"
"23","3.1412","174","3.141356","1713","3.141752","1724","3.14154","1705","3.142448","1751","3.141208","1730","3.144388","1751","3.140964","1694","3.140268","1751","3.1397","1702","3.141996","1694","3.143892","1731","3.141572","1716","3.139928","1719","3.143004","1633","3.142952","1726","3.141192","1722","3.141356","1712","3.141288","1730","3.143868","1721","3.143416","1723","3.1418","1727","3.14384","1730","3.142948","1712","3.143184","1723","3.142484","1728","3.141384","1716","3.143208","1723","3.143564","1706","3.142492","1694","3.141428","1721","3.142896","1717","3.143368","1751","3.140308","1751","3.14274","1710","3.137332","1703","3.140328","1694","3.139408","1722","3.140268","1728","3.14128","1716","3.143884","1714","3.141328","1724","3.14182","1694","3.144548","1730","3.136992","1726","3.140976","1718","3.141224","1731","3.140048","1750","3.141484","1694","3.139608","1750","3.14278","1722","3.138984","1730","3.141176","1750","3.142968","1750","3.143756","1726","3.145844","1747","3.140416","1747","3.1421","1721","3.143456","1699","3.143528","1725","3.142808","1726","3.138276","1703","3.140964","1747","3.143212","1696","3.142228","1718","3.140404","1690","3.137836","1696","3.142424","1747","3.14298","1747","3.144928","1747","3.139248","1728","3.138064","1709","3.1447","1716","3.1416","1747","3.139628","1722","3.140832","1713","3.140316","1747","3.142748","1721","3.141568","1718","3.144612","1723","3.143476","1720","3.141396","1720","3.140392","1707","3.139824","1747","3.143636","1747","3.141696","1747","3.140648","1720","3.141768","1727","3.14308","1720","3.139772","1709","3.140024","1719","3.142832","1723","3.140492","1701","3.139832","1703","3.14174","1746","3.1404","1716","3.140916","1713","3.14002","1746","3.141344","1725","3.143612","1747","3.14166744","1707","1752"
"24","3.141772","368","3.142028","842","3.143112","774","3.142048","842","3.140392","842","3.143248","774","3.14104","843","3.140016","842","3.141372","843","3.14082","841","3.140412","843","3.140012","677","3.143076","841","3.14088","843","3.138252","773","3.142028","843","3.140516","775","3.144268","769","3.14424","774","3.139204","843","3.141952","843","3.142376","1300","3.13972","1654","3.141316","1655","3.1427","1655","3.138856","1667","3.141652","1677","3.141696","1677","3.142508","1646","3.139756","1677","3.14336","1654","3.14194","1654","3.144096","1650","3.14158","1651","3.140252","1639","3.14188","1650","3.140952","1650","3.141376","1648","3.143832","1637","3.14238","1648","3.141444","1648","3.14224","1637","3.142256","1649","3.139732","1649","3.143168","1615","3.14494","1648","3.139896","1643","3.143276","1632","3.14226","1644","3.142044","1633","3.143252","1643","3.13892","1632","3.14122","1645","3.138584","1609","3.14058","1644","3.141504","1544","3.140812","1622","3.140344","1643","3.139988","1622","3.14066","1634","3.141544","1633","3.141856","1633","3.13986","1633","3.143396","1643","3.142748","1644","3.142972","1622","3.140288","1631","3.144112","1631","3.140224","1630","3.141632","1633","3.141404","1631","3.141388","1637","3.142436","1632","3.140356","1636","3.142612","1633","3.14078","1632","3.139108","1631","3.1422","1632","3.142576","1630","3.144484","1632","3.14378","1636","3.138996","1633","3.144628","1597","3.143784","1622","3.138632","1622","3.141996","1622","3.139996","1622","3.139632","1616","3.139824","1619","3.142924","1593","3.141856","1633","3.142916","1632","3.140832","1632","3.139756","1632","3.139288","1613","3.142816","1632","3.142808","1632","3.142788","1632","3.141592","1626","3.137692","1607","3.14152548","1454","1740"
"25","3.140884","393","3.141256","985","3.142856","1513","3.14028","1554","3.141404","1576","3.141292","1513","3.139828","1388","3.141356","1702","3.14118","1513","3.141452","1513","3.143488","1512","3.139932","1702","3.141256","1702","3.14188","1576","3.14224","1587","3.1414","1702","3.141124","1702","3.141664","1515","3.138992","1492","3.144832","1698","3.14286","1715","3.139372","1699","3.14192","1635","3.14258","1698","3.139204","1698","3.144504","1715","3.13992","1659","3.138948","1589","3.13764","1668","3.140524","1698","3.14244","1698","3.139516","1721","3.142068","1714","3.139232","1665","3.1391","1632","3.140196","1652","3.140764","1712","3.144104","1696","3.14124","1606","3.136744","1699","3.14174","1638","3.141404","1661","3.14258","1701","3.140884","1695","3.140324","1699","3.14248","1664","3.141116","1696","3.141732","1701","3.1438","1696","3.141048","1696","3.139264","1699","3.139468","1695","3.139512","1699","3.141172","1641","3.1358","1696","3.140316","1701","3.14072","1695","3.14138","1695","3.138744","1673","3.140704","1712","3.1393","1658","3.138496","1698","3.139928","1696","3.139152","1664","3.140368","1696","3.139912","1697","3.14354","1676","3.142092","1701","3.142912","1612","3.142364","1683","3.139904","1691","3.142744","1679","3.142676","1684","3.14352","1683","3.140168","1676","3.1425","1684","3.142056","1669","3.1414","1663","3.145008","1666","3.140132","1668","3.142836","1662","3.143356","1662","3.140832","1655","3.142444","1666","3.142496","1657","3.139788","1666","3.1417","1666","3.145332","1659","3.140844","1667","3.140064","1669","3.141316","1667","3.13896","1666","3.140948","1666","3.141628","1653","3.143036","1667","3.139404","1666","3.141556","1668","3.143328","1668","3.13886","1667","3.141504","1667","3.1411406399999997","1639","1732"
"26","3.139688","1711","3.141548","1708","3.143204","1711","3.139128","1687","3.14518","1718","3.14008","1689","3.14194","1678","3.1415","1696","3.141536","1692","3.144364","1704","3.142008","1706","3.142456","1717","3.14004","1713","3.1402","1712","3.143188","1712","3.140816","1693","3.143832","1706","3.138524","1712","3.14024","1703","3.141756","1720","3.142892","1716","3.140876","1689","3.140488","1678","3.144412","1707","3.141268","1707","3.14016","1682","3.143292","1693","3.142944","1678","3.141728","1719","3.141476","1690","3.142516","1701","3.143652","1708","3.139164","1632","3.139216","1705","3.142584","1719","3.138952","1713","3.142236","1697","3.142308","1698","3.140784","1692","3.140656","1714","3.137912","1702","3.137836","1694","3.140532","1719","3.142948","1704","3.142016","1552","3.14308","1679","3.13866","1650","3.14228","1698","3.14022","1716","3.13732","1706","3.14068","1694","3.14286","1690","3.141732","1693","3.143216","1682","3.139696","1703","3.139508","1712","3.140848","1695","3.139676","1711","3.143412","1715","3.142188","1716","3.138848","1719","3.140224","1683","3.1386","1687","3.141164","1706","3.139724","1707","3.138176","1718","3.141196","1707","3.144696","1705","3.138032","1705","3.140832","1686","3.139064","1677","3.140996","1713","3.141","1713","3.138812","1696","3.140344","1713","3.141072","1690","3.142796","1696","3.142696","1700","3.1389","1690","3.141332","1690","3.143988","1666","3.142164","1675","3.139484","1682","3.139604","1677","3.140548","1679","3.140904","1674","3.141452","1675","3.140316","1674","3.141168","1672","3.143108","1669","3.140888","1648","3.1413","1674","3.14082","1663","3.139876","1670","3.139536","1656","3.141096","1669","3.140224","1671","3.142896","1668","3.142484","1671","3.143796","1671","3.141136080000001","1692","1721"
"27","3.141568","166","3.145504","1696","3.143328","1669","3.13872","1636","3.1434","1697","3.141052","1639","3.142636","1697","3.142252","1655","3.14492","1696","3.137588","1696","3.137588","1637","3.13916","1612","3.142512","1657","3.139904","1329","3.142692","1670","3.143912","1697","3.14328","1669","3.141496","1655","3.141448","1671","3.141688","1636","3.143552","1385","3.144676","1694","3.145344","1656","3.14234","1634","3.141952","1680","3.140188","1679","3.142452","1644","3.14038","1679","3.144736","1679","3.142064","1679","3.142532","1680","3.141276","1679","3.142764","1679","3.143128","1679","3.141172","1679","3.141564","1680","3.144252","1679","3.143012","1684","3.140628","1679","3.144468","1682","3.144556","1657","3.141556","1679","3.140244","1655","3.142312","1679","3.140104","1683","3.139868","1659","3.141688","1679","3.141188","1657","3.14308","1679","3.141312","1679","3.141492","1684","3.141168","1652","3.14344","1682","3.144276","1679","3.140832","1679","3.142736","1658","3.142148","1679","3.139856","1619","3.1393","1679","3.140292","1655","3.143336","1679","3.1406","1679","3.141888","1592","3.140572","1637","3.141956","1637","3.139368","1647","3.139156","1592","3.145384","1631","3.140464","1652","3.139244","1651","3.14134","1649","3.143616","1647","3.1419","1643","3.140484","1650","3.142156","1642","3.13788","1649","3.142724","1650","3.142104","1643","3.138548","1637","3.140972","1647","3.14174","1650","3.139488","1646","3.140752","1631","3.14","1642","3.141336","1645","3.140452","1649","3.142356","1641","3.141788","1641","3.1412","1643","3.1386","1644","3.142728","1636","3.139512","1636","3.140932","1645","3.139876","1644","3.139892","1645","3.139708","1636","3.141416","1622","3.140112","1614","3.141248","1615","3.140308","1624","3.14155712","1636","1726"
"28","3.141612","1084","3.141864","1162","3.144636","1158","3.13868","1163","3.139732","1147","3.142312","1158","3.140848","1147","3.145012","1160","3.139452","1158","3.140852","1162","3.146472","1147","3.141728","1102","3.14282","1158","3.144224","1160","3.138352","1158","3.143316","1159","3.145704","1147","3.143036","1158","3.141716","1159","3.142896","1159","3.140396","1147","3.142024","1511","3.14102","1511","3.142512","1541","3.13936","1574","3.141192","1511","3.142276","1528","3.140108","1510","3.139328","1586","3.1438","1539","3.138344","1596","3.141192","1571","3.139404","1575","3.139064","1691","3.142392","1574","3.138124","1509","3.142948","1575","3.143784","1691","3.142624","1571","3.141948","1482","3.140076","1571","3.139552","1571","3.143556","1691","3.140732","1575","3.140788","1581","3.142252","1696","3.142552","1588","3.1383","1681","3.142328","1681","3.142368","1681","3.140396","1681","3.141404","1681","3.139228","1626","3.142488","1682","3.138916","1620","3.143584","1613","3.143592","1673","3.139976","1672","3.141464","1681","3.141868","1676","3.1408","1677","3.14054","1688","3.140648","1689","3.140588","1673","3.140344","1631","3.141724","1636","3.141392","1638","3.139372","1632","3.145008","1633","3.142376","1585","3.139608","1640","3.144024","1638","3.141412","1640","3.143932","1632","3.142224","1640","3.143572","1638","3.1432","1635","3.142316","1631","3.139632","1641","3.140616","1628","3.14288","1629","3.142424","1601","3.138672","1603","3.143936","1608","3.140672","1598","3.138884","1609","3.141344","1609","3.14066","1609","3.139412","1606","3.139916","1608","3.144764","1598","3.139888","1603","3.141216","1607","3.143044","1608","3.140896","1609","3.141556","1603","3.142532","1598","3.14222","1609","3.142436","1598","3.140044","1605","3.1415324800000004","1516","1731"
"29","3.142044","204","3.140184","1713","3.140556","1728","3.141028","1713","3.144892","1723","3.141392","1695","3.146304","1713","3.139708","1726","3.143516","1714","3.14246","1713","3.140032","1713","3.142696","1726","3.142648","1725","3.140596","1713","3.1406","1721","3.141036","1713","3.141952","1725","3.14194","1728","3.138296","1726","3.142136","1720","3.141748","1724","3.141844","1727","3.143156","1691","3.144672","1713","3.143496","1728","3.141652","1688","3.140668","1713","3.14062","1718","3.142384","1722","3.142152","1720","3.139468","1712","3.141608","1726","3.140624","1714","3.142008","1694","3.142844","1713","3.139808","1713","3.14244","1717","3.138532","1724","3.14504","1713","3.142264","1684","3.13996","1713","3.139584","1677","3.1394","1719","3.141052","1713","3.143116","1716","3.13988","1721","3.140816","1713","3.141196","1722","3.142332","1712","3.142612","1714","3.142288","1724","3.142452","1712","3.141624","1712","3.139956","1727","3.142564","1712","3.140756","1717","3.143636","1712","3.14288","1712","3.142548","1692","3.14304","1725","3.143824","1714","3.141128","1724","3.142144","1713","3.142132","1719","3.143732","1713","3.141384","1712","3.141868","1717","3.141436","1681","3.139612","1723","3.140856","1727","3.143888","1727","3.1428","1715","3.145024","1712","3.141128","1712","3.1383","1719","3.141528","1713","3.141184","1666","3.141516","1727","3.14098","1711","3.143032","1712","3.143664","1722","3.142616","1725","3.144016","1646","3.137924","1713","3.14474","1712","3.139772","1722","3.140648","1727","3.144872","1713","3.141516","1726","3.140888","1718","3.13942","1726","3.142508","1691","3.139528","1687","3.144248","1681","3.143092","1691","3.139768","1693","3.140848","1684","3.141108","1682","3.14218","1693","3.142804","1681","3.141763920000001","1696","1730"
"30","3.140752","56","3.142588","1674","3.142796","1693","3.144244","1702","3.142736","1706","3.14252","1632","3.139224","1691","3.139644","1702","3.142752","1699","3.140368","1701","3.141384","1698","3.142236","1706","3.13976","1702","3.139852","1652","3.14106","1697","3.1411","1705","3.140488","1675","3.139884","1674","3.1387","1703","3.1437","1674","3.142432","1703","3.1413","1704","3.143008","1703","3.1433","1685","3.14178","1700","3.142476","1696","3.144504","1700","3.143836","1696","3.142548","1696","3.14568","1677","3.143024","1674","3.140804","1682","3.1416","1704","3.142112","1686","3.140004","1681","3.138468","1697","3.141272","1700","3.141824","1673","3.140268","1703","3.142436","1691","3.142792","1680","3.14044","1698","3.141232","1676","3.1414","1677","3.141848","1697","3.138532","1674","3.141492","1693","3.143812","1704","3.137764","1706","3.142604","1700","3.144016","1699","3.142416","1683","3.14398","1684","3.139076","1704","3.140488","1674","3.142908","1701","3.144132","1695","3.141844","1696","3.140872","1675","3.14092","1697","3.142268","1676","3.140332","1694","3.139952","1691","3.142452","1704","3.138848","1678","3.139008","1692","3.139032","1700","3.141124","1684","3.14006","1688","3.139588","1673","3.14204","1674","3.143724","1703","3.140372","1693","3.14254","1690","3.143688","1702","3.143308","1704","3.1419","1694","3.141988","1687","3.140696","1702","3.14098","1706","3.142148","1699","3.139628","1695","3.14244","1674","3.139592","1691","3.140088","1701","3.144904","1699","3.140464","1704","3.138412","1702","3.14258","1678","3.140492","1695","3.145744","1691","3.142664","1702","3.140364","1692","3.140788","1701","3.141584","1705","3.14358","1673","3.1426","1688","3.143256","1663","3.142624","1687","3.139776","1687","3.1415866","1674","1707"
"31","3.139468","244","3.141276","1191","3.139732","1222","3.145952","1237","3.140408","1221","3.138424","1221","3.14092","1237","3.140884","1237","3.145516","1236","3.140844","1237","3.1421","1236","3.13906","1154","3.142424","1238","3.141356","1164","3.141844","1237","3.142432","1222","3.139608","1176","3.141488","1221","3.141148","1173","3.139864","1415","3.140808","1389","3.14172","1342","3.1411","1654","3.141628","1395","3.1403","1331","3.141264","1293","3.1427","1654","3.141172","1295","3.142236","1394","3.14274","1654","3.139512","1416","3.14162","1231","3.143924","1692","3.141644","1652","3.141476","1642","3.141288","1643","3.142408","1645","3.14202","1642","3.141508","1645","3.141644","1524","3.143284","1655","3.142584","1651","3.14176","1653","3.140892","1654","3.139752","1654","3.14046","1656","3.142716","1601","3.140732","1640","3.143904","1652","3.141604","1653","3.142444","1651","3.14348","1652","3.141856","1652","3.140556","1639","3.141424","1641","3.137284","1651","3.144824","1644","3.141512","1652","3.140536","1678","3.139108","1674","3.140856","1674","3.142348","1675","3.140036","1675","3.143092","1675","3.139416","1675","3.142644","1674","3.139284","1674","3.142116","1674","3.14172","1675","3.144072","1677","3.140588","1674","3.1408","1674","3.139536","1675","3.143204","1674","3.140056","1675","3.142152","1674","3.139388","1677","3.142908","1674","3.1426","1674","3.14034","1674","3.140848","1674","3.140444","1677","3.142412","1674","3.14156","1675","3.140324","1674","3.141076","1674","3.140888","1674","3.145468","1677","3.143488","1674","3.14062","1674","3.144","1677","3.139752","1674","3.142132","1674","3.141308","1674","3.141612","1674","3.140728","1674","3.140316","1665","3.142164","1648","3.141452","1645","3.141524","1645","3.1414744400000005","1535","1730"
"32","3.142972","112","3.145364","1692","3.14466","1676","3.143444","1710","3.13784","1710","3.14142","1656","3.140956","1678","3.14338","1685","3.141132","1710","3.143516","1692","3.140472","1711","3.138924","1692","3.141792","1679","3.141468","1710","3.14278","1676","3.141512","1687","3.143912","1689","3.141344","1690","3.139644","1711","3.142832","1710","3.143632","1682","3.14312","1710","3.139348","1692","3.144472","1710","3.144912","1710","3.143748","1648","3.144076","1710","3.140152","1710","3.139836","1650","3.142728","1710","3.142604","1686","3.140948","1710","3.143128","1710","3.142016","1710","3.14468","1663","3.139896","1687","3.142212","1673","3.143276","1710","3.141336","1710","3.144264","1660","3.141828","1689","3.142028","1688","3.1438","1660","3.14116","1687","3.141264","1710","3.143232","1710","3.140124","1684","3.139908","1710","3.140764","1710","3.142776","1672","3.140972","1710","3.14218","1690","3.143912","1686","3.142472","1710","3.141308","1674","3.140796","1710","3.13976","1680","3.142424","1688","3.139908","1710","3.14022","1710","3.142176","1710","3.139452","1710","3.143944","1684","3.142968","1710","3.141248","1671","3.142972","1687","3.14162","1688","3.1397","1710","3.142452","1617","3.14224","1672","3.1433","1686","3.141172","1709","3.143184","1709","3.142864","1690","3.139608","1673","3.140708","1690","3.141368","1709","3.142276","1681","3.13964","1710","3.141336","1673","3.145032","1679","3.139424","1683","3.14556","1709","3.139224","1686","3.142488","1676","3.145912","1649","3.14368","1710","3.14054","1680","3.140412","1690","3.14134","1709","3.142376","1682","3.1424","1710","3.142268","1709","3.137932","1709","3.141444","1674","3.142228","1690","3.142808","1664","3.14152","1648","3.1417","1709","3.145572","1686","3.141986720000001","1675","1712"
"33","3.140856","636","3.141124","637","3.139656","636","3.143496","636","3.142368","636","3.140984","553","3.144816","636","3.1415","635","3.141804","635","3.140312","633","3.141352","515","3.139996","634","3.1393","1071","3.142036","1108","3.142016","1107","3.14242","1107","3.142696","1042","3.140796","855","3.141984","989","3.141216","989","3.136548","1411","3.140872","1340","3.141108","1310","3.141916","1234","3.140792","1412","3.14146","1411","3.139496","1310","3.139144","1376","3.14094","1267","3.14308","1267","3.141392","1310","3.142224","1402","3.139992","1650","3.142716","1650","3.141108","1649","3.142696","1645","3.141052","1674","3.14142","1596","3.142452","1649","3.13972","1642","3.14144","1645","3.141996","1642","3.145232","1642","3.14202","1642","3.141552","1673","3.13924","1642","3.14162","1642","3.14014","1650","3.140076","1614","3.140584","1642","3.140544","1670","3.144272","1665","3.142516","1638","3.141068","1661","3.140704","1638","3.141728","1661","3.139092","1666","3.141928","1669","3.143372","1670","3.142392","1670","3.142192","1658","3.14478","1647","3.144544","1650","3.14168","1665","3.141148","1653","3.140672","1653","3.140372","1668","3.14158","1669","3.140956","1642","3.141888","1655","3.140996","1666","3.144408","1646","3.142108","1666","3.14266","1671","3.142388","1638","3.141676","1651","3.14042","1647","3.139892","1651","3.142156","1645","3.14002","1649","3.144108","1651","3.142544","1647","3.142728","1655","3.140416","1649","3.145236","1651","3.140924","1654","3.141624","1653","3.14308","1653","3.14134","1646","3.141232","1647","3.14266","1653","3.14094","1654","3.145032","1654","3.141748","1652","3.140732","1653","3.143196","1653","3.142412","1646","3.143544","1654","3.139636","1643","3.140688","1649","3.14162728","1440","1719"
"34","3.141836","285","3.143632","286","3.140896","1270","3.142428","1449","3.141248","1389","3.139784","1356","3.145992","1337","3.138384","1400","3.140064","1388","3.142672","1325","3.137376","1340","3.14246","1448","3.141188","1338","3.140268","1703","3.143516","1413","3.14058","1703","3.143792","1363","3.14182","1388","3.141876","1400","3.141372","1337","3.141296","1387","3.140264","1337","3.1417","1678","3.145212","1400","3.139408","1354","3.142848","1678","3.14142","1260","3.140604","1399","3.139576","1325","3.142484","1210","3.142608","1385","3.142072","1352","3.144028","1413","3.144292","1415","3.141828","1646","3.141348","1669","3.140196","1424","3.137676","1411","3.141464","1642","3.143608","1505","3.14258","1479","3.142056","1641","3.140292","1560","3.137984","1533","3.14242","1638","3.138548","1597","3.1415","1596","3.142332","1596","3.140572","1596","3.14248","1596","3.14248","1638","3.143108","1596","3.143804","1596","3.141872","1636","3.14298","1639","3.139964","1602","3.138984","1660","3.141252","1607","3.14194","1657","3.14156","1637","3.139956","1609","3.14402","1634","3.140504","1656","3.140908","1656","3.1436","1656","3.14416","1635","3.141872","1610","3.143432","1660","3.144596","1656","3.141436","1656","3.1409","1635","3.141668","1656","3.142496","1656","3.141364","1656","3.1408","1656","3.142452","1656","3.144164","1651","3.142172","1643","3.139556","1642","3.144384","1643","3.1407","1643","3.139204","1643","3.142748","1646","3.14136","1643","3.14066","1646","3.14222","1623","3.13912","1623","3.140512","1624","3.141516","1623","3.14454","1623","3.140372","1619","3.139284","1624","3.144208","1623","3.140652","1624","3.140748","1623","3.1441","1624","3.1416","1624","3.141228","1622","3.146372","1623","3.14138","1623","3.14170788","1523","1713"
"35","3.13722","94","3.137204","1327","3.14102","1031","3.140016","1030","3.142824","1631","3.13984","1632","3.14396","1632","3.143648","1325","3.140788","1600","3.141176","1600","3.141392","1328","3.144016","1631","3.140652","1651","3.139608","1654","3.141268","829","3.142932","1632","3.139796","1696","3.141832","1651","3.1403","1696","3.144876","1631","3.139672","1631","3.142936","1548","3.14094","1696","3.140132","1672","3.140152","1604","3.145128","1324","3.139836","1440","3.14298","1283","3.140912","1672","3.142876","1324","3.13966","1662","3.14144","1692","3.143236","1613","3.145404","1692","3.145064","1662","3.140852","1634","3.142476","1693","3.141524","1662","3.144444","1662","3.140352","1692","3.141956","1692","3.142112","1682","3.141264","1662","3.143804","1657","3.140656","1643","3.143424","1663","3.142856","1642","3.143192","1640","3.140272","1586","3.140712","1588","3.140684","1593","3.143412","1588","3.143996","1593","3.143664","1581","3.142732","1593","3.142576","1593","3.142816","1610","3.143928","1593","3.140952","1588","3.140684","1610","3.1422","1571","3.141604","1586","3.142604","1580","3.14354","1593","3.143184","1580","3.144948","1610","3.140136","1455","3.140708","1477","3.143012","1476","3.142304","1476","3.141912","1476","3.142436","1474","3.14086","1473","3.144036","1473","3.139788","1473","3.141052","1469","3.141292","1468","3.141724","1468","3.141228","1468","3.140112","1468","3.141888","1468","3.139972","1468","3.140436","1468","3.139408","1469","3.141612","1469","3.141472","1469","3.142644","1468","3.142228","1468","3.1435","1468","3.142","1468","3.14118","1468","3.143192","1468","3.143536","1468","3.143912","1468","3.143096","1468","3.1411","1468","3.141096","1468","3.141008","1468","3.140628","1468","3.142016","1468","3.1418468000000015","1520","1758"
"36","3.142144","208","3.13972","885","3.1402","888","3.141128","885","3.1432","825","3.140176","1653","3.142152","1666","3.141752","1666","3.142464","1654","3.14454","1666","3.140712","1630","3.143148","1630","3.139748","1667","3.141052","1600","3.143072","1600","3.139092","1667","3.141676","1668","3.142628","1630","3.14096","1572","3.14342","1666","3.140984","1642","3.13996","1667","3.140612","1630","3.143176","1641","3.142748","1667","3.143552","1657","3.142012","1658","3.13978","1631","3.140804","1656","3.1401","1574","3.14354","1657","3.139584","1655","3.1417","1643","3.1411","1632","3.140868","1642","3.138776","1655","3.14176","1643","3.139644","1655","3.144764","1618","3.140088","1643","3.1416","1643","3.142432","1628","3.141116","1628","3.141292","1649","3.142288","1616","3.141196","1649","3.141264","1593","3.140136","1604","3.139856","1602","3.142708","1652","3.140348","1628","3.140108","1652","3.143488","1649","3.143816","1649","3.139868","1650","3.14022","1628","3.141624","1649","3.143172","1650","3.13998","1641","3.143212","1643","3.143356","1605","3.14282","1643","3.13966","1642","3.146144","1642","3.139512","1642","3.140288","1642","3.14238","1642","3.142628","1643","3.144804","1642","3.141308","1643","3.143252","1641","3.139924","1641","3.142516","1642","3.141636","1642","3.143588","1642","3.141488","1612","3.140332","1644","3.139444","1643","3.142088","1643","3.141196","1641","3.143208","1643","3.140428","1641","3.138768","1641","3.143916","1641","3.143116","1636","3.142376","1636","3.139944","1637","3.140004","1636","3.141524","1635","3.14058","1635","3.139792","1635","3.14126","1636","3.140088","1636","3.140172","1638","3.140116","1636","3.141816","1636","3.14464","1635","3.143732","1635","3.142648","1636","3.141044","1637","3.1415579600000005","1594","1699"
"37","3.140568","279","3.139752","1525","3.144436","1691","3.140256","1500","3.144152","1605","3.141492","1543","3.142144","1564","3.139156","1564","3.145364","1543","3.14234","1605","3.138456","1692","3.142744","1605","3.143916","1693","3.139624","1668","3.140828","1689","3.142092","1520","3.143392","1689","3.141916","1692","3.139436","1689","3.14316","1499","3.141768","1375","3.145036","1436","3.14194","1689","3.142532","1689","3.139652","1516","3.140872","1526","3.142928","1668","3.141","1689","3.14052","1587","3.140692","1689","3.141784","1689","3.139724","1689","3.1399","1564","3.143428","1499","3.141152","1692","3.142784","1689","3.14166","1527","3.139664","1692","3.139644","1692","3.142372","1543","3.14124","1672","3.141884","1556","3.142112","1670","3.140888","1666","3.14098","1671","3.139396","1670","3.140868","1666","3.141548","1666","3.141484","1669","3.140492","1699","3.142036","1671","3.143328","1601","3.14122","1666","3.142852","1669","3.145956","1606","3.141928","1629","3.140696","1667","3.14148","1667","3.141944","1663","3.140312","1628","3.143196","1563","3.140732","1634","3.143504","1662","3.14364","1661","3.142384","1660","3.141716","1670","3.141584","1671","3.141","1660","3.144544","1661","3.142208","1665","3.140916","1671","3.143656","1690","3.143552","1639","3.141636","1621","3.139916","1635","3.142636","1655","3.14306","1628","3.142168","1655","3.139376","1633","3.142512","1655","3.142544","1627","3.141644","1655","3.14102","1655","3.14304","1655","3.140752","1636","3.141812","1655","3.142276","1636","3.143312","1654","3.140788","1636","3.139788","1654","3.140916","1645","3.142868","1646","3.138468","1646","3.14084","1645","3.141276","1619","3.14018","1646","3.141792","1645","3.142652","1622","3.142848","1645","3.14186","1623","3.141715320000001","1619","1754"
"38","3.142328","345","3.14122","1684","3.142264","1712","3.14212","1711","3.140932","1658","3.1384","1712","3.142808","1712","3.14046","1650","3.141328","1711","3.140812","1711","3.144448","1691","3.142864","1650","3.140716","1681","3.139572","1681","3.14144","1682","3.14262","1712","3.139864","1711","3.142844","1650","3.13784","1682","3.141424","1680","3.14094","1649","3.14402","1711","3.142484","1711","3.142496","1649","3.141712","1681","3.142624","1712","3.13974","1711","3.146144","1711","3.143856","1711","3.142004","1712","3.140544","1712","3.142944","1712","3.13984","1649","3.14388","1712","3.142508","1711","3.141608","1712","3.143924","1711","3.140968","1712","3.143024","1711","3.141908","1711","3.140708","1680","3.141172","1685","3.142204","1682","3.142964","1712","3.139748","1711","3.139772","1712","3.140792","1680","3.144104","1626","3.145152","1711","3.141084","1712","3.141132","1684","3.141552","1682","3.137624","1712","3.142864","1711","3.141368","1650","3.138664","1679","3.138364","1711","3.139852","1711","3.143064","1712","3.139816","1650","3.140836","1649","3.140396","1711","3.141496","1672","3.140852","1672","3.141768","1709","3.143604","1672","3.142608","1669","3.141496","1661","3.142432","1657","3.143396","1658","3.138568","1647","3.140808","1650","3.142744","1644","3.142032","1646","3.140208","1646","3.140212","1652","3.141852","1609","3.141616","1652","3.137952","1641","3.141652","1652","3.140636","1654","3.142336","1655","3.1399","1652","3.141748","1652","3.144752","1651","3.1418","1651","3.140916","1641","3.142644","1653","3.140924","1654","3.1406","1642","3.145052","1652","3.141796","1644","3.141204","1651","3.14122","1650","3.13996","1645","3.13924","1640","3.14244","1651","3.14248","1636","3.140548","1635","3.138672","1634","3.1415086799999994","1663","1730"
"39","3.140172","139","3.142008","1531","3.144484","1527","3.143504","1494","3.137752","1520","3.137756","1429","3.141968","1529","3.141928","1528","3.142804","1528","3.143216","1518","3.141628","1745","3.142528","1531","3.14046","1532","3.139524","1579","3.143004","1511","3.1412","1529","3.141524","1520","3.141132","1514","3.140136","1576","3.139232","1497","3.139628","1531","3.140772","1532","3.141868","1531","3.141068","1533","3.14136","1519","3.138812","1527","3.141512","1504","3.146244","1516","3.143484","1515","3.139712","1745","3.143068","1528","3.14362","1514","3.140084","1531","3.142488","1517","3.140116","1519","3.140876","1493","3.139296","1527","3.14046","1494","3.14064","1745","3.142536","1512","3.142052","1517","3.139912","1531","3.1406","1493","3.142468","1579","3.142696","1745","3.140928","1514","3.143016","1514","3.140684","1518","3.141708","1512","3.141076","1526","3.140872","1533","3.143348","1504","3.140108","1532","3.140972","1492","3.138916","1529","3.140624","1516","3.141608","1528","3.14058","1531","3.14488","1707","3.140496","1719","3.140544","1642","3.14362","1707","3.143964","1649","3.140592","1706","3.141272","1641","3.143452","1641","3.143492","1641","3.140732","1707","3.141908","1687","3.141884","1702","3.143824","1688","3.141356","1699","3.143584","1624","3.141976","1623","3.140636","1615","3.13858","1620","3.141692","1606","3.142012","1610","3.144976","1614","3.139676","1611","3.143036","1615","3.143072","1613","3.144332","1615","3.14358","1593","3.142772","1593","3.14154","1596","3.143288","1580","3.139796","1594","3.141692","1580","3.139368","1595","3.139956","1594","3.1441","1592","3.13808","1590","3.141092","1593","3.140184","1586","3.140596","1594","3.139032","1591","3.139824","1586","3.14206","1589","3.143344","1594","3.14151664","1560","1765"
"40","3.143228","291","3.144764","1200","3.141584","1167","3.140328","1238","3.143892","1325","3.140568","1324","3.14064","1324","3.141896","1699","3.14252","1680","3.14216","1540","3.143292","1694","3.144688","1697","3.138672","1694","3.144292","1692","3.141672","1694","3.140676","1696","3.14136","1565","3.139476","1676","3.14064","1696","3.141068","1678","3.143156","1670","3.138548","1680","3.142384","1678","3.137956","1539","3.140132","1574","3.139228","1685","3.14","1696","3.141352","1696","3.139952","1539","3.142196","1680","3.140464","1620","3.138464","1598","3.14436","1667","3.14204","1689","3.142032","1562","3.138248","1695","3.140824","1694","3.13748","1695","3.1417","1675","3.139784","1693","3.142336","1673","3.144664","1673","3.14474","1683","3.141988","1696","3.142408","1677","3.14358","1567","3.140444","1537","3.141516","1676","3.142376","1691","3.143264","1562","3.141384","1690","3.1366","1598","3.14126","1474","3.14164","1694","3.141416","1675","3.13918","1678","3.143456","1692","3.144748","1668","3.14068","1579","3.140964","1598","3.139296","1693","3.140736","1670","3.140544","1666","3.140112","1671","3.144748","1663","3.141784","1647","3.1418","1651","3.141768","1664","3.142116","1645","3.141016","1647","3.142448","1643","3.142084","1640","3.138696","1622","3.139628","1645","3.14558","1638","3.142096","1633","3.14088","1626","3.142496","1631","3.141904","1612","3.139528","1635","3.1427","1601","3.14162","1627","3.144312","1632","3.142788","1628","3.139232","1625","3.144644","1624","3.13832","1624","3.1421","1584","3.141232","1619","3.141896","1620","3.14084","1624","3.14112","1641","3.141272","1615","3.139672","1623","3.14016","1641","3.139812","1641","3.146392","1617","3.139628","1633","3.141428","1617","3.141404","1633","3.141461920000001","1607","1731"
"41","3.144008","342","3.142724","342","3.138568","342","3.14048","342","3.143496","342","3.138676","342","3.142204","342","3.143384","342","3.140732","342","3.143004","342","3.139524","331","3.143492","1390","3.142928","1362","3.140676","1390","3.143088","1390","3.140996","1424","3.143404","1362","3.141732","1424","3.142076","1401","3.141868","1299","3.140188","1424","3.1404","1389","3.13932","1299","3.140864","1628","3.144868","1663","3.141428","1652","3.143044","1664","3.141628","1656","3.140892","1654","3.141964","1664","3.143824","1666","3.14336","1654","3.139784","1659","3.14182","1664","3.140272","1652","3.143732","1646","3.141712","1653","3.141132","1652","3.141364","1668","3.140872","1668","3.141752","1626","3.140332","1655","3.141312","1666","3.141384","1661","3.14338","1668","3.138384","1665","3.141336","1668","3.139988","1636","3.140776","1669","3.139704","1666","3.141212","1666","3.143592","1665","3.142304","1662","3.143888","1662","3.141368","1667","3.140884","1665","3.14272","1658","3.140564","1667","3.141808","1668","3.141688","1663","3.14308","1668","3.141868","1659","3.138732","1659","3.143124","1656","3.141444","1659","3.144864","1629","3.141808","1655","3.143044","1637","3.144176","1661","3.142024","1645","3.137776","1656","3.14348","1643","3.14454","1654","3.139008","1660","3.141828","1652","3.141932","1652","3.140616","1650","3.140228","1660","3.139796","1664","3.141496","1653","3.14154","1660","3.142808","1662","3.141084","1656","3.138472","1656","3.143676","1661","3.141472","1659","3.139572","1653","3.140552","1659","3.142052","1651","3.142108","1657","3.138872","1658","3.141044","1638","3.139916","1657","3.139964","1655","3.140428","1650","3.142028","1650","3.143228","1664","3.141932","1655","3.142096","1663","3.141036","1663","3.141566479999999","1478","1735"
"42","3.146252","613","3.141356","1203","3.142348","1203","3.139832","1212","3.142736","1211","3.14092","1237","3.142864","1237","3.1406","1107","3.138308","1237","3.14346","1212","3.138276","1203","3.14096","1253","3.142596","1222","3.143924","1253","3.140328","1252","3.140308","1374","3.141752","1669","3.140416","1669","3.144048","1657","3.144764","1668","3.141616","1656","3.14158","1374","3.140592","1669","3.141452","1657","3.1408","1646","3.140576","1670","3.14314","1669","3.140764","1668","3.135276","1669","3.139648","1669","3.14116","1647","3.14282","1670","3.143204","1670","3.13956","1390","3.141776","1658","3.141432","1656","3.139512","1657","3.143272","1668","3.140888","1669","3.147668","1657","3.14326","1656","3.141096","1662","3.140988","1641","3.14124","1642","3.14396","1631","3.1424","1661","3.138976","1622","3.144492","1640","3.139332","1640","3.14022","1632","3.144196","1662","3.140836","1662","3.14194","1661","3.142028","1642","3.14298","1662","3.14304","1629","3.141988","1631","3.141924","1641","3.143784","1629","3.139272","1640","3.143692","1629","3.138112","1647","3.142176","1647","3.141284","1648","3.138988","1648","3.143512","1647","3.141468","1648","3.139884","1647","3.142512","1648","3.139252","1648","3.1414","1580","3.139872","1648","3.140604","1647","3.140384","1647","3.142396","1647","3.142276","1647","3.140376","1616","3.141956","1647","3.141952","1647","3.141992","1638","3.14146","1638","3.13926","1621","3.143828","1618","3.140052","1620","3.142908","1619","3.140816","1619","3.145088","1619","3.14024","1618","3.13962","1619","3.142272","1619","3.138984","1619","3.140936","1619","3.141344","1619","3.143244","1612","3.143644","1612","3.141972","1613","3.14476","1613","3.142092","1613","3.140016","1612","3.14092","1613","3.1415828","1564","1714"
"43","3.137932","157","3.141784","607","3.140828","529","3.142432","606","3.142208","440","3.142308","607","3.141384","1701","3.140484","1702","3.142356","1702","3.143432","1702","3.14098","1702","3.141152","1702","3.139988","1701","3.14272","1701","3.142472","1702","3.142416","1701","3.1397","1702","3.141152","1701","3.140696","1701","3.141152","1702","3.142136","1702","3.141796","1701","3.138804","1702","3.138672","1701","3.1413","1701","3.14122","1701","3.141168","1701","3.14188","1701","3.14254","1701","3.1412","1703","3.140728","1701","3.138868","1679","3.144544","1702","3.141892","1674","3.139956","1701","3.142612","1701","3.14382","1672","3.1417","1702","3.14126","1701","3.140872","1701","3.13984","1701","3.14306","1701","3.141284","1701","3.141548","1696","3.139732","1698","3.138412","1674","3.142696","1739","3.142144","1692","3.141852","1721","3.14184","1678","3.144112","1614","3.140392","1678","3.144288","1739","3.14106","1681","3.14054","1677","3.140808","1691","3.139828","1739","3.140076","1717","3.139984","1685","3.140084","1718","3.140224","1677","3.144908","1680","3.139248","1693","3.14156","1678","3.143636","1679","3.14162","1678","3.14292","1679","3.142152","1663","3.144012","1720","3.141216","1700","3.140824","1720","3.1404","1679","3.139792","1697","3.141272","1663","3.14072","1697","3.140384","1658","3.14484","1697","3.142596","1697","3.141692","1697","3.14172","1697","3.141236","1696","3.139688","1697","3.142888","1667","3.141668","1676","3.13682","1679","3.143228","1697","3.14092","1696","3.142476","1696","3.142688","1697","3.142328","1696","3.141752","1696","3.141584","1670","3.143528","1696","3.140744","1696","3.14148","1696","3.139624","1684","3.138556","1684","3.1412","1684","3.140832","1684","3.14174","1683","3.1413884000000003","1621","1769"
"44","3.142628","565","3.142592","606","3.140804","1728","3.14122","1741","3.143368","1735","3.14134","1738","3.141824","1694","3.146328","1729","3.14078","1673","3.141092","1728","3.141824","1737","3.143076","1726","3.14082","1736","3.143188","1729","3.14228","1737","3.140968","1729","3.142952","1727","3.142244","1731","3.145416","1736","3.139952","1733","3.1398","1726","3.142996","1726","3.141312","1742","3.141876","1737","3.142848","1740","3.141992","1725","3.140596","1740","3.140572","1694","3.14116","1742","3.14502","1738","3.140324","1725","3.144416","1739","3.138784","1739","3.140644","1741","3.138916","1738","3.142604","1725","3.140644","1726","3.143264","1726","3.14312","1733","3.138348","1740","3.1429","1727","3.141556","1740","3.143412","1725","3.142132","1732","3.1442","1739","3.14402","1737","3.141232","1742","3.141068","1736","3.142424","1730","3.138756","1739","3.143312","1726","3.140904","1725","3.140152","1742","3.141148","1729","3.14298","1726","3.1441","1737","3.140996","1742","3.14042","1737","3.142368","1683","3.143292","1742","3.140496","1732","3.141976","1727","3.146216","1725","3.141064","1733","3.142956","1734","3.14324","1730","3.14366","1742","3.142764","1734","3.141944","1725","3.140564","1725","3.14112","1733","3.141108","1740","3.143104","1725","3.143276","1731","3.142136","1725","3.142776","1693","3.142328","1725","3.138736","1738","3.14076","1728","3.140832","1687","3.141964","1725","3.14326","1726","3.141296","1726","3.142136","1740","3.141588","1702","3.14124","1726","3.138536","1741","3.14188","1730","3.139284","1731","3.144404","1726","3.14366","1735","3.143968","1739","3.14122","1741","3.142284","1725","3.14188","1737","3.142984","1729","3.141272","1725","3.142872","1725","3.139252","1726","3.141392","1728","3.141927320000001","1706","1744"
"45","3.140664","130","3.138308","1487","3.141248","1419","3.141544","1487","3.138572","1511","3.139636","1611","3.146224","1340","3.146096","1511","3.142316","1450","3.140028","1511","3.143112","1487","3.14354","1511","3.14116","1519","3.141184","1518","3.138756","1595","3.142256","1595","3.142212","1595","3.13746","1519","3.141624","1595","3.138836","1595","3.139176","1476","3.138256","1512","3.13934","1589","3.142012","1512","3.139992","1512","3.138624","1589","3.140216","1589","3.140648","1589","3.14012","1582","3.142208","1503","3.13942","1580","3.142028","1583","3.144552","1580","3.139708","1583","3.1409","1502","3.139004","1504","3.138328","1583","3.141448","1580","3.141256","1579","3.139656","1575","3.14106","1575","3.143172","1554","3.142648","1513","3.141396","1575","3.138696","1498","3.1424","1576","3.140884","1575","3.141516","1575","3.140136","1493","3.145884","1577","3.142144","1521","3.142048","1575","3.143264","1493","3.14344","1575","3.140152","1586","3.142068","1567","3.142524","1563","3.143564","1608","3.139068","1548","3.141144","1573","3.14156","1565","3.142576","1548","3.143928","1543","3.14358","1563","3.138692","1586","3.142376","1671","3.140276","1655","3.145792","1669","3.142532","1665","3.138172","1669","3.141136","1670","3.14136","1669","3.141224","1668","3.14038","1667","3.141096","1670","3.141404","1665","3.14138","1673","3.13914","1671","3.1439","1669","3.139936","1670","3.143552","1665","3.1402","1670","3.139988","1663","3.141476","1664","3.143436","1671","3.141776","1664","3.14196","1665","3.145076","1672","3.141468","1657","3.141512","1668","3.1407","1666","3.1424","1669","3.1409","1661","3.140048","1669","3.143552","1667","3.137956","1666","3.144324","1667","3.141744","1666","3.139156","1656","3.141104","1663","3.1413164399999984","1573","1744"
"46","3.142064","374","3.1413","1014","3.141628","1034","3.140808","1041","3.141996","1041","3.141332","1725","3.14048","1726","3.13976","1674","3.142896","1701","3.143188","1702","3.141892","1689","3.144936","1724","3.138976","1724","3.13832","1689","3.140992","1734","3.141552","1724","3.1423","1724","3.141704","1702","3.142456","1702","3.142352","1726","3.144484","1724","3.140556","1724","3.140056","1688","3.141792","1724","3.143656","1675","3.138976","1698","3.141888","1695","3.14414","1675","3.14282","1674","3.140084","1675","3.140308","1697","3.138536","1697","3.1396","1674","3.141928","1661","3.141216","1697","3.14302","1687","3.142324","1689","3.142768","1640","3.139952","1689","3.139868","1689","3.139388","1689","3.143632","1689","3.14078","1687","3.144136","1689","3.1431","1676","3.140064","1678","3.14084","1675","3.140192","1675","3.13932","1673","3.14072","1642","3.140484","1673","3.14036","1675","3.142348","1675","3.143384","1673","3.141516","1674","3.1412","1672","3.142312","1671","3.141824","1674","3.141464","1674","3.138952","1552","3.142984","1674","3.14132","1672","3.141432","1671","3.14052","1673","3.142664","1674","3.1447","1674","3.139988","1674","3.138592","1672","3.13972","1668","3.13942","1659","3.1385","1673","3.141068","1672","3.140608","1660","3.142272","1664","3.138308","1666","3.14392","1667","3.141976","1664","3.145036","1668","3.14016","1670","3.142336","1659","3.144808","1665","3.143888","1666","3.140944","1669","3.141456","1659","3.142672","1667","3.140748","1668","3.1441","1668","3.14206","1652","3.1425","1661","3.1437","1658","3.142964","1662","3.139848","1667","3.141604","1661","3.141656","1664","3.139728","1669","3.142876","1666","3.142988","1665","3.142196","1665","3.143568","1663","3.140808","1664","3.141555559999999","1639","1748"
"47","3.139892","45","3.140596","1724","3.140492","1752","3.142316","1714","3.143868","1741","3.140332","1744","3.14438","1749","3.143308","1748","3.139172","1748","3.139868","1750","3.140324","1714","3.142408","1713","3.140912","1749","3.14088","1743","3.143732","1750","3.141588","1718","3.142168","1721","3.140384","1748","3.141048","1750","3.142","1751","3.141676","1747","3.142596","1725","3.139108","1752","3.144508","1742","3.140056","1746","3.143728","1736","3.14176","1749","3.141112","1750","3.139736","1733","3.14198","1738","3.13986","1736","3.141856","1748","3.143424","1727","3.142032","1739","3.138956","1714","3.142872","1750","3.144052","1751","3.14526","1734","3.141652","1734","3.140784","1736","3.142684","1744","3.139908","1725","3.143696","1742","3.14178","1740","3.143516","1751","3.141392","1742","3.141876","1742","3.142136","1752","3.140084","1740","3.142984","1714","3.142564","1738","3.142612","1750","3.142936","1745","3.141316","1721","3.14656","1730","3.141668","1742","3.141232","1687","3.142152","1735","3.143228","1750","3.143744","1733","3.141208","1724","3.138536","1737","3.141288","1745","3.142064","1746","3.142396","1751","3.142784","1733","3.14224","1745","3.144432","1726","3.141344","1727","3.14076","1717","3.14028","1732","3.140872","1720","3.138136","1749","3.140056","1735","3.146352","1724","3.144164","1740","3.14078","1738","3.143972","1736","3.143448","1745","3.142232","1748","3.1422","1747","3.139952","1748","3.142508","1733","3.142848","1739","3.141696","1728","3.142028","1747","3.142568","1745","3.137688","1724","3.139164","1736","3.139828","1728","3.14402","1746","3.142576","1750","3.141364","1745","3.139396","1713","3.145468","1714","3.139264","1736","3.142532","1738","3.140032","1713","3.140128","1740","3.14328","1736","3.1418062800000013","1720","1753"
"48","3.14266","79","3.142744","1651","3.140452","1780","3.14152","1714","3.141512","1655","3.1391","1649","3.140992","1711","3.143008","1649","3.140572","1778","3.140768","1778","3.141484","1712","3.140412","1778","3.140548","1618","3.141636","1711","3.142276","1711","3.139976","1711","3.141668","1711","3.140248","1711","3.140348","1728","3.141192","1711","3.142952","1614","3.140756","1711","3.143572","1711","3.14254","1722","3.142792","1649","3.138904","1648","3.140204","1649","3.143024","1728","3.144168","1649","3.142396","1721","3.139288","1651","3.141964","1778","3.141796","1728","3.142148","1649","3.14356","1712","3.141828","1711","3.140012","1603","3.142868","1711","3.142424","1650","3.140208","1778","3.139792","1778","3.14232","1777","3.14242","1649","3.140104","1778","3.13928","1711","3.14208","1750","3.142632","1743","3.140912","1739","3.143784","1738","3.13938","1739","3.143244","1739","3.142416","1699","3.140776","1739","3.140704","1740","3.1405","1742","3.145128","1739","3.144444","1738","3.139336","1739","3.139996","1742","3.139496","1739","3.141984","1738","3.142012","1742","3.142296","1738","3.141264","1743","3.14076","1703","3.142736","1738","3.142132","1738","3.1447","1739","3.14054","1739","3.141184","1743","3.142344","1743","3.13936","1738","3.142632","1742","3.143208","1696","3.14482","1701","3.142912","1702","3.143164","1697","3.14148","1697","3.13994","1697","3.140392","1697","3.140312","1696","3.140448","1701","3.141664","1696","3.140744","1697","3.142748","1702","3.142588","1702","3.136852","1701","3.139916","1697","3.14146","1701","3.143576","1698","3.138744","1699","3.141524","1698","3.144388","1701","3.143692","1702","3.14016","1696","3.144596","1701","3.143696","1699","3.142396","1675","3.14362","1676","3.140324","1674","3.141625719999999","1694","1788"
"49","3.143328","95","3.141608","1553","3.140324","1525","3.142264","1526","3.139076","1525","3.138464","1501","3.14066","1553","3.140652","1553","3.142684","1553","3.140832","1526","3.142484","1553","3.141328","1553","3.143088","1552","3.139772","1553","3.14054","1553","3.140568","1524","3.140908","1498","3.143472","1524","3.13916","1553","3.143168","1510","3.140436","1552","3.144596","1552","3.141684","1527","3.141584","1552","3.141364","1552","3.141596","1552","3.1414","1439","3.14162","1552","3.143452","1552","3.141196","1552","3.140604","1552","3.1403","1552","3.142448","1499","3.146088","1525","3.138928","1524","3.141588","1673","3.14124","1677","3.142352","1673","3.139184","1673","3.144084","1676","3.142016","1673","3.138284","1674","3.142844","1673","3.141936","1674","3.137904","1677","3.144676","1673","3.137056","1673","3.144728","1673","3.140944","1673","3.141528","1648","3.146764","1673","3.142972","1674","3.142432","1673","3.141824","1674","3.141472","1675","3.139484","1674","3.141696","1673","3.14278","1673","3.13956","1673","3.140216","1673","3.140316","1674","3.142164","1673","3.142548","1642","3.140296","1676","3.142724","1634","3.143652","1614","3.141132","1673","3.142436","1674","3.142068","1647","3.140492","1673","3.138076","1664","3.140572","1664","3.143956","1664","3.13926","1670","3.142572","1667","3.140796","1665","3.142452","1666","3.14528","1667","3.140872","1642","3.141276","1666","3.14228","1670","3.14066","1664","3.142936","1664","3.14386","1663","3.142132","1664","3.141424","1664","3.142376","1665","3.139624","1670","3.138536","1663","3.14344","1634","3.143508","1664","3.143096","1670","3.138468","1670","3.141024","1667","3.138564","1670","3.142252","1670","3.14458","1664","3.14022","1664","3.1444","1667","3.142576","1666","3.141601360000001","1606","1746"
"50","3.143644","59","3.145756","1722","3.142776","1685","3.140632","1634","3.14298","1722","3.145936","1722","3.137672","1676","3.144044","1722","3.143608","1722","3.14128","1680","3.139588","1689","3.142","1722","3.140456","1722","3.139272","1686","3.137004","1691","3.14238","1722","3.138252","1697","3.1431","1722","3.14276","1722","3.142648","1722","3.14412","1721","3.140336","1698","3.14198","1722","3.13972","1698","3.14116","1722","3.140828","1678","3.141788","1697","3.144116","1694","3.144592","1676","3.140304","1722","3.141596","1656","3.142648","1693","3.140664","1717","3.142824","1673","3.139412","1692","3.139352","1675","3.143412","1718","3.141532","1697","3.140004","1696","3.139268","1662","3.140836","1718","3.14194","1718","3.141892","1672","3.139932","1717","3.141528","1718","3.142348","1686","3.14184","1718","3.14094","1718","3.142324","1717","3.142656","1696","3.138144","1685","3.140404","1718","3.140856","1673","3.143872","1697","3.141244","1717","3.143216","1717","3.140364","1697","3.143124","1717","3.140108","1693","3.141116","1651","3.140076","1717","3.141272","1691","3.1381","1680","3.143044","1695","3.143516","1683","3.141736","1680","3.13986","1715","3.14254","1714","3.141084","1714","3.139932","1714","3.137716","1692","3.140032","1714","3.14218","1656","3.143276","1692","3.144896","1693","3.143408","1668","3.140388","1693","3.143136","1692","3.145332","1692","3.143496","1693","3.141568","1693","3.142356","1692","3.140284","1663","3.144172","1633","3.14198","1662","3.140824","1638","3.142416","1637","3.143476","1617","3.141024","1638","3.140464","1633","3.140012","1633","3.142112","1632","3.146716","1633","3.141832","1632","3.141272","1624","3.1405","1624","3.13938","1625","3.144704","1624","3.141804","1585","3.143036","1624","3.141690800000001","1670","1723"
"51","3.142572","388","3.145464","1710","3.1404","1626","3.140484","1702","3.143088","1640","3.143336","1623","3.143088","1720","3.139788","1707","3.140788","1738","3.144216","1716","3.142692","1709","3.142644","1636","3.142892","1721","3.140368","1642","3.138608","1710","3.14036","1618","3.143964","1613","3.143084","1707","3.135516","1613","3.147588","1716","3.139468","1679","3.143372","1716","3.140412","1708","3.143272","1676","3.142872","1734","3.139308","1635","3.140028","1709","3.142928","1708","3.143312","1679","3.142604","1696","3.1385","1687","3.145952","1709","3.139932","1717","3.14146","1676","3.140924","1706","3.140144","1705","3.141888","1712","3.143184","1703","3.141284","1711","3.14348","1734","3.143316","1734","3.140384","1734","3.140344","1712","3.140184","1699","3.14018","1708","3.146808","1683","3.140756","1691","3.143056","1712","3.141732","1703","3.143052","1686","3.138748","1710","3.141772","1694","3.1404","1712","3.141896","1733","3.143744","1733","3.143184","1703","3.141124","1733","3.139728","1704","3.140648","1715","3.1435","1716","3.139948","1705","3.13972","1702","3.142924","1725","3.142812","1692","3.141692","1702","3.141748","1704","3.14388","1725","3.143984","1706","3.139532","1705","3.142136","1705","3.141592","1691","3.14122","1725","3.142676","1701","3.141084","1700","3.14176","1696","3.140656","1702","3.142","1706","3.140836","1706","3.141512","1704","3.140936","1706","3.142112","1686","3.14336","1705","3.140824","1725","3.13692","1705","3.1445","1707","3.139876","1682","3.143888","1698","3.14144","1695","3.140208","1667","3.141956","1704","3.143276","1678","3.141244","1675","3.1405","1697","3.141416","1694","3.139424","1701","3.141764","1679","3.142148","1699","3.14222","1724","3.141392","1692","3.143236","1697","3.1417417199999993","1684","1739"
"52","3.14144","596","3.142076","721","3.140416","861","3.142236","1758","3.142244","1751","3.141472","1785","3.140908","1753","3.141768","1785","3.141764","1752","3.139148","1748","3.1434","1784","3.142616","1785","3.142796","1784","3.143872","1785","3.140008","1717","3.142956","1759","3.142236","1760","3.14094","1785","3.13938","1785","3.140984","1784","3.141612","1785","3.142544","1785","3.141684","1784","3.140876","1750","3.143224","1746","3.14128","1784","3.142024","1725","3.141312","1764","3.141976","1739","3.143616","1784","3.142696","1736","3.141404","1752","3.140868","1754","3.141276","1784","3.141152","1784","3.141592","1750","3.143688","1784","3.139748","1748","3.137148","1784","3.143032","1784","3.140704","1718","3.138636","1741","3.141636","1784","3.143608","1784","3.140224","1757","3.140136","1784","3.14434","1784","3.1441","1784","3.14258","1738","3.142236","1717","3.145052","1754","3.141528","1784","3.14154","1784","3.139884","1784","3.14286","1784","3.145272","1784","3.13952","1717","3.143072","1757","3.142968","1784","3.143236","1784","3.13918","1784","3.141344","1748","3.141976","1759","3.142668","1784","3.139576","1784","3.141756","1784","3.142976","1784","3.142576","1784","3.142032","1750","3.138756","1784","3.142912","1754","3.142276","1757","3.140164","1784","3.141564","1784","3.141364","1784","3.1413","1755","3.140976","1784","3.140652","1750","3.138684","1755","3.139704","1753","3.140776","1752","3.141104","1784","3.14256","1784","3.141956","1784","3.140656","1750","3.141596","1747","3.1406","1783","3.143592","1746","3.14052","1740","3.140772","1740","3.142296","1783","3.142848","1756","3.141936","1783","3.139848","1784","3.139684","1764","3.139804","1784","3.142532","1760","3.142316","1784","3.142332","1783","3.140172","1783","3.1415887999999996","1736","1787"
"53","3.144004","1732","3.140196","1728","3.141652","1734","3.144044","1734","3.141152","1727","3.140296","1730","3.142008","1727","3.141584","1738","3.139344","1720","3.140536","1691","3.141028","1727","3.14222","1730","3.139404","1738","3.140736","1720","3.137528","1720","3.13886","1720","3.138652","1720","3.14136","1729","3.141488","1734","3.141472","1720","3.138008","1736","3.14188","1699","3.139312","1720","3.140568","1727","3.143684","1727","3.142248","1734","3.142448","1727","3.140636","1735","3.141752","1738","3.14556","1727","3.138408","1737","3.143392","1719","3.140656","1731","3.142912","1737","3.14452","1732","3.143608","1720","3.138892","1727","3.141624","1731","3.140516","1728","3.140592","1736","3.142476","1729","3.143244","1722","3.14458","1732","3.142756","1739","3.14114","1668","3.141888","1734","3.139192","1736","3.14494","1720","3.142572","1727","3.142576","1736","3.1413","1733","3.14072","1720","3.14136","1695","3.142856","1739","3.13746","1727","3.139392","1738","3.141248","1728","3.143084","1678","3.141932","1739","3.14114","1719","3.139436","1729","3.141284","1738","3.141896","1730","3.142768","1739","3.142672","1731","3.143032","1734","3.14378","1740","3.1412","1734","3.141452","1719","3.140928","1736","3.141064","1732","3.141712","1735","3.140844","1740","3.142456","1738","3.141108","1720","3.139428","1721","3.140348","1719","3.1414","1739","3.141592","1719","3.14268","1733","3.141528","1739","3.143316","1730","3.144216","1727","3.141396","1735","3.14156","1736","3.138928","1739","3.141312","1719","3.14262","1731","3.143432","1727","3.142588","1682","3.141584","1719","3.1451","1727","3.137284","1736","3.139924","1735","3.140764","1737","3.141484","1726","3.141056","1719","3.143388","1719","3.141464","1738","3.144304","1722","3.1415296400000012","1727","1740"
"54","3.139892","327","3.142148","1091","3.1429","350","3.14192","1091","3.139632","1091","3.141992","1359","3.14208","1346","3.13924","1356","3.14394","1344","3.138884","1355","3.143636","1305","3.140672","1358","3.14404","1354","3.139584","1358","3.141372","1358","3.140584","1346","3.14354","1357","3.14084","1301","3.140944","1355","3.143864","1355","3.141696","1346","3.141296","1355","3.141676","1346","3.141212","1356","3.142876","1357","3.140572","1358","3.139124","1355","3.141912","1344","3.140364","1356","3.14268","1358","3.140264","1354","3.140936","1355","3.1405","1357","3.142672","1317","3.141756","1346","3.14356","1227","3.1408","1332","3.139144","1324","3.142388","1523","3.1408","1517","3.143284","1516","3.143344","1516","3.143344","1636","3.14414","1516","3.145992","1516","3.144444","1636","3.140724","1650","3.138804","1641","3.139476","1488","3.139952","1641","3.138224","1515","3.14194","1636","3.141328","1645","3.141764","1642","3.141236","1533","3.141968","1552","3.143008","1534","3.144264","1607","3.140956","1553","3.141396","1578","3.141608","1603","3.139604","1601","3.140432","1607","3.137156","1601","3.139832","1597","3.139464","1633","3.14164","1535","3.141128","1596","3.141404","1633","3.142764","1630","3.140348","1634","3.139752","1627","3.142948","1636","3.14042","1630","3.143368","1636","3.141612","1634","3.14124","1629","3.143156","1626","3.140752","1633","3.140616","1634","3.141756","1633","3.140688","1627","3.14198","1635","3.14124","1634","3.141592","1632","3.142788","1633","3.142552","1626","3.142532","1632","3.139152","1635","3.142576","1626","3.141348","1635","3.138396","1628","3.143256","1633","3.143176","1626","3.139764","1634","3.140052","1635","3.142108","1633","3.139664","1626","3.138936","1634","3.139524","1600","3.1413984399999997","1478","1731"
"55","3.142032","166","3.140568","1642","3.138368","1717","3.140556","1718","3.142308","1705","3.14188","1719","3.143444","1687","3.144904","1718","3.143184","1719","3.141244","1659","3.143572","1719","3.14278","1703","3.141748","1686","3.141396","1689","3.141548","1688","3.14212","1688","3.141072","1718","3.142544","1717","3.143644","1689","3.13954","1687","3.139244","1718","3.141316","1717","3.141068","1675","3.139456","1686","3.141396","1702","3.141244","1667","3.140768","1728","3.139668","1728","3.143076","1688","3.140296","1729","3.14158","1688","3.139584","1688","3.142264","1700","3.141988","1728","3.144316","1687","3.144168","1729","3.139556","1729","3.14184","1729","3.139176","1698","3.139236","1685","3.143696","1728","3.143484","1684","3.141048","1686","3.144012","1689","3.1404","1669","3.143756","1723","3.14032","1723","3.141424","1723","3.142616","1695","3.139356","1722","3.1413","1722","3.13814","1592","3.13998","1672","3.140788","1722","3.141012","1695","3.14162","1722","3.139004","1723","3.13998","1719","3.143504","1718","3.144364","1690","3.14244","1718","3.138716","1719","3.138156","1690","3.141956","1713","3.143804","1713","3.144364","1710","3.14094","1711","3.14384","1710","3.143928","1710","3.14054","1710","3.141516","1710","3.144032","1710","3.142752","1710","3.14138","1710","3.140752","1710","3.140376","1711","3.141196","1710","3.14118","1702","3.140788","1702","3.142092","1702","3.141392","1702","3.1451","1702","3.140448","1702","3.142404","1702","3.140736","1702","3.141824","1702","3.142128","1702","3.142736","1701","3.14202","1701","3.142312","1702","3.143948","1669","3.140352","1702","3.140368","1701","3.143468","1701","3.14256","1701","3.142956","1701","3.140212","1702","3.1452","1702","3.141804","1701","3.1417","1691","3.14167912","1687","1750"
"56","3.140096","207","3.13852","207","3.140536","1703","3.140468","1689","3.143596","1713","3.142912","1713","3.142892","1690","3.143636","1699","3.14234","1718","3.141864","1719","3.1408","1705","3.14248","1715","3.137696","1719","3.143324","1699","3.139548","1717","3.13942","1703","3.140208","1717","3.137316","1690","3.142392","1711","3.139568","1716","3.141736","1689","3.141484","1712","3.140632","1713","3.141712","1716","3.141296","1711","3.142788","1704","3.144304","1719","3.14378","1646","3.142168","1714","3.139964","1700","3.14292","1689","3.1415","1714","3.14044","1700","3.141892","1717","3.140524","1704","3.138944","1711","3.145468","1704","3.140936","1689","3.142096","1660","3.146104","1717","3.14126","1715","3.143292","1716","3.143476","1719","3.14092","1712","3.139264","1712","3.14362","1719","3.139524","1704","3.140932","1718","3.139292","1718","3.139968","1711","3.14148","1683","3.14266","1663","3.141288","1663","3.140316","1660","3.139892","1677","3.140536","1678","3.1433","1672","3.141764","1662","3.140596","1667","3.143692","1637","3.140364","1667","3.1402","1666","3.144348","1651","3.137936","1667","3.141208","1660","3.144136","1639","3.139408","1623","3.142168","1669","3.140216","1669","3.1414","1669","3.143568","1636","3.139072","1666","3.140528","1666","3.140044","1666","3.14238","1636","3.143944","1666","3.140936","1666","3.14302","1666","3.141408","1610","3.140848","1666","3.140852","1643","3.138528","1655","3.14076","1655","3.139784","1655","3.142844","1655","3.140752","1655","3.143656","1655","3.142072","1655","3.140732","1655","3.140268","1655","3.144384","1655","3.142224","1646","3.13982","1646","3.142804","1646","3.142648","1646","3.14006","1640","3.139732","1640","3.143312","1640","3.141184","1640","3.14234","1640","3.1414326000000004","1650","1754"
"57","3.141448","1695","3.140268","1705","3.143476","1687","3.1428","1696","3.139828","1688","3.141404","1665","3.139928","1725","3.141084","1594","3.142824","1679","3.14132","1688","3.138632","1700","3.142016","1698","3.140408","1688","3.140724","1685","3.14194","1696","3.140748","1696","3.142564","1681","3.144432","1698","3.141536","1679","3.141752","1685","3.143912","1699","3.144908","1694","3.138784","1676","3.145428","1665","3.137376","1725","3.14072","1689","3.143028","1700","3.144532","1688","3.138132","1686","3.141416","1677","3.142264","1693","3.142196","1699","3.142056","1694","3.142676","1725","3.141928","1666","3.143996","1725","3.141504","1705","3.141728","1698","3.14246","1697","3.1416","1724","3.142848","1724","3.142252","1629","3.141152","1685","3.142164","1700","3.146752","1670","3.140908","1688","3.143568","1694","3.143048","1720","3.139096","1720","3.142316","1720","3.140096","1693","3.143628","1675","3.1398","1720","3.14268","1720","3.14254","1719","3.142776","1696","3.141372","1683","3.14246","1713","3.142844","1710","3.137068","1710","3.142884","1711","3.139856","1711","3.1386","1710","3.142088","1711","3.140756","1711","3.140828","1711","3.141412","1711","3.143468","1711","3.142396","1711","3.141188","1710","3.140784","1710","3.143056","1712","3.14318","1710","3.141904","1711","3.139284","1710","3.14044","1685","3.14076","1686","3.142004","1683","3.141728","1683","3.140656","1684","3.142016","1685","3.141356","1682","3.142532","1682","3.14168","1679","3.14248","1677","3.140188","1680","3.142816","1677","3.140448","1676","3.141536","1676","3.138576","1677","3.14396","1676","3.143956","1676","3.141988","1662","3.141564","1661","3.139892","1656","3.140004","1658","3.143584","1659","3.14268","1640","3.142964","1636","3.140868","1639","3.14171504","1690","1729"
"58","3.1422","514","3.142276","1641","3.140852","1640","3.14042","1669","3.141712","1667","3.144308","1650","3.138756","1660","3.142152","1645","3.144984","1669","3.141304","1673","3.143244","1650","3.139196","1669","3.141488","1641","3.140644","1671","3.139316","1663","3.142164","1720","3.142752","1665","3.14022","1670","3.14082","1662","3.141892","1645","3.141372","1707","3.139208","1663","3.142496","1704","3.140472","1721","3.140916","1711","3.143016","1650","3.141992","1705","3.144484","1665","3.141268","1654","3.140072","1642","3.140336","1652","3.142856","1702","3.142944","1668","3.143328","1661","3.142616","1705","3.13802","1720","3.142328","1663","3.142964","1705","3.143828","1720","3.140616","1717","3.1422","1719","3.142208","1669","3.138696","1712","3.138652","1705","3.138908","1705","3.144008","1719","3.14242","1719","3.137636","1671","3.142388","1658","3.142864","1706","3.142336","1721","3.141152","1718","3.14228","1656","3.143504","1703","3.137688","1675","3.139968","1697","3.139824","1683","3.141112","1704","3.139752","1702","3.140024","1704","3.14278","1689","3.143248","1702","3.141748","1704","3.138156","1701","3.137976","1693","3.142292","1703","3.140192","1695","3.143336","1694","3.140756","1702","3.140348","1702","3.142","1697","3.140904","1685","3.139444","1700","3.140964","1692","3.140132","1704","3.142892","1692","3.14378","1686","3.140984","1697","3.140756","1696","3.141988","1701","3.142112","1696","3.142408","1703","3.140564","1692","3.140552","1699","3.141676","1692","3.144332","1700","3.141724","1701","3.144504","1703","3.142608","1680","3.141276","1694","3.14416","1702","3.144372","1703","3.139812","1700","3.140952","1695","3.144848","1694","3.142532","1700","3.139568","1698","3.139532","1698","3.140564","1681","3.143216","1698","3.141494400000001","1676","1727"
"59","3.142472","345","3.14194","366","3.13914","1212","3.143016","1488","3.141048","1488","3.138588","1212","3.14118","1296","3.140236","1297","3.144792","1298","3.141516","1487","3.140392","1210","3.141008","1297","3.143224","1296","3.14064","1486","3.141804","1486","3.143764","1486","3.14358","1297","3.140968","1487","3.140304","1658","3.141416","1699","3.141488","1699","3.141948","1709","3.14178","1708","3.14018","1674","3.142956","1679","3.139716","1709","3.142904","1708","3.13988","1699","3.140608","1629","3.141344","1706","3.138096","1652","3.140768","1639","3.140604","1711","3.1401","1667","3.137336","1713","3.141092","1707","3.141836","1707","3.140872","1698","3.140608","1699","3.141076","1679","3.137312","1680","3.141712","1708","3.140668","1699","3.140864","1698","3.143256","1673","3.141348","1649","3.14292","1663","3.142432","1707","3.142604","1643","3.139648","1715","3.140316","1712","3.140292","1711","3.139528","1707","3.142968","1672","3.141612","1707","3.141104","1699","3.142104","1651","3.143836","1711","3.142952","1674","3.1403","1672","3.141304","1679","3.138608","1678","3.139836","1708","3.142012","1706","3.141168","1673","3.141304","1675","3.143724","1666","3.143524","1666","3.141408","1643","3.141996","1643","3.14278","1693","3.139208","1657","3.14","1662","3.139616","1647","3.14626","1652","3.140812","1649","3.140388","1635","3.142148","1651","3.143164","1648","3.145","1654","3.141768","1618","3.142592","1618","3.142572","1634","3.141548","1634","3.139592","1637","3.142652","1634","3.140556","1607","3.141904","1623","3.141552","1623","3.140504","1624","3.143064","1624","3.142064","1623","3.14282","1621","3.142912","1623","3.143172","1626","3.142156","1626","3.141264","1625","3.142496","1613","3.141776","1617","3.144676","1618","3.1414989600000003","1591","1740"
"60","3.139116","790","3.142696","789","3.140992","790","3.144036","751","3.14178","753","3.139184","789","3.141292","751","3.142508","745","3.142548","789","3.144904","789","3.14222","752","3.143232","789","3.140572","775","3.139692","875","3.140592","874","3.143","809","3.139828","835","3.139888","1687","3.13868","774","3.14292","873","3.141572","1684","3.143084","1683","3.141368","1702","3.14188","1706","3.143288","1699","3.13876","1705","3.14482","1705","3.14218","1706","3.140692","1699","3.14122","1702","3.142988","1707","3.144888","1707","3.141608","1675","3.143564","1699","3.141852","1704","3.143296","1676","3.138044","1705","3.14064","1701","3.14248","1698","3.143604","1699","3.139244","1698","3.141516","1699","3.141816","1706","3.142172","1698","3.144472","1699","3.14328","1676","3.140924","1698","3.139904","1707","3.142904","1706","3.142772","1701","3.14068","1698","3.144952","1700","3.141364","1671","3.141124","1698","3.140004","1706","3.142564","1703","3.144952","1698","3.140608","1701","3.141644","1708","3.139536","1699","3.143256","1698","3.139524","1704","3.139864","1699","3.144644","1703","3.143992","1707","3.142536","1671","3.144564","1665","3.143684","1670","3.140304","1704","3.140844","1699","3.144468","1698","3.142076","1678","3.143712","1699","3.143552","1698","3.14288","1698","3.141768","1698","3.141696","1697","3.141772","1693","3.142672","1694","3.1431","1701","3.140796","1700","3.14174","1693","3.14104","1699","3.141424","1676","3.142276","1697","3.142932","1700","3.139416","1699","3.141764","1694","3.144944","1694","3.141404","1697","3.140684","1670","3.144116","1693","3.141344","1693","3.14274","1694","3.141092","1693","3.141988","1670","3.143784","1701","3.1416","1702","3.13952","1702","3.14168","1693","3.1419513199999995","1524","1733"
"61","3.141228","360","3.143392","1598","3.141892","1597","3.141464","1598","3.14322","1537","3.142716","1320","3.141372","1557","3.139884","1597","3.140856","1557","3.142228","1493","3.142848","1319","3.143552","1597","3.141284","1557","3.140252","1598","3.141332","1557","3.140832","1597","3.144008","1597","3.14542","1597","3.139804","1319","3.141748","1244","3.141324","1243","3.141968","1524","3.142072","1566","3.14386","1566","3.143228","1566","3.142484","1524","3.141676","1460","3.143292","1566","3.143532","1524","3.138436","1349","3.141168","1460","3.1398","1524","3.140656","1566","3.141304","1565","3.143684","1524","3.140588","1554","3.141272","1447","3.141772","1554","3.14198","1511","3.141372","1557","3.14268","1397","3.13952","1447","3.14046","1554","3.143924","1564","3.141252","1627","3.138208","1546","3.142","1690","3.140688","1605","3.143664","1565","3.141804","1626","3.143276","1690","3.140764","1641","3.140892","1564","3.13894","1606","3.14194","1690","3.141456","1523","3.141528","1600","3.142688","1690","3.143344","1547","3.141076","1565","3.141792","1626","3.141504","1565","3.1415","1626","3.140456","1626","3.139992","1690","3.141688","1571","3.13866","1687","3.137948","1671","3.142464","1671","3.139252","1671","3.138212","1671","3.14188","1626","3.144","1671","3.14266","1671","3.14082","1671","3.139048","1635","3.141268","1638","3.142452","1638","3.141988","1635","3.142624","1637","3.142376","1637","3.142136","1635","3.140256","1635","3.141012","1636","3.141892","1635","3.139044","1637","3.13974","1635","3.14226","1636","3.14338","1635","3.1414","1635","3.138532","1635","3.140856","1635","3.140196","1635","3.143028","1635","3.140064","1635","3.141268","1635","3.141156","1635","3.142","1637","3.14174","1635","3.139892","1635","3.1414734000000006","1566","1749"
"62","3.142112","785","3.142524","1700","3.139132","1685","3.142408","1686","3.143364","1697","3.141364","1699","3.14206","1684","3.138596","1687","3.142196","1643","3.141644","1616","3.141208","1708","3.140728","1713","3.140612","1701","3.141324","1707","3.140448","1694","3.139264","1722","3.13924","1700","3.142836","1722","3.14056","1686","3.142776","1690","3.139136","1653","3.140916","1696","3.14216","1688","3.142884","1697","3.141536","1713","3.142108","1721","3.143484","1688","3.138664","1695","3.141496","1714","3.142028","1654","3.139548","1699","3.145212","1707","3.144168","1721","3.139888","1683","3.1433","1695","3.140436","1686","3.1409","1696","3.13884","1695","3.140456","1704","3.139668","1699","3.143496","1667","3.141084","1697","3.142256","1707","3.142164","1692","3.142432","1696","3.141824","1706","3.143916","1705","3.144444","1691","3.142732","1703","3.144","1691","3.142168","1700","3.140396","1698","3.139664","1684","3.142276","1704","3.14042","1698","3.14188","1705","3.144364","1693","3.140832","1703","3.142116","1679","3.140772","1707","3.140544","1708","3.143828","1662","3.142552","1707","3.14454","1691","3.14586","1709","3.14134","1697","3.14096","1673","3.143852","1702","3.141236","1699","3.142232","1700","3.142532","1673","3.139804","1695","3.138544","1704","3.143368","1708","3.143216","1700","3.141348","1698","3.14508","1697","3.144332","1695","3.142444","1663","3.137804","1693","3.14358","1693","3.139404","1699","3.14132","1687","3.141336","1703","3.14116","1702","3.142232","1698","3.142868","1698","3.142356","1694","3.143808","1694","3.143876","1694","3.140016","1676","3.140136","1694","3.141152","1677","3.142408","1676","3.142456","1678","3.14154","1677","3.1413","1672","3.13892","1689","3.14268","1670","3.142736","1689","3.1417516","1683","1744"
"63","3.142104","380","3.142612","1749","3.141724","1750","3.142692","1749","3.143908","1717","3.142468","1697","3.143624","1729","3.140992","1720","3.141648","1712","3.142712","1750","3.140028","1729","3.138476","1750","3.143092","1750","3.143144","1728","3.143084","1749","3.143852","1716","3.140496","1695","3.1437","1750","3.142588","1750","3.140228","1750","3.142856","1730","3.142488","1719","3.1441","1728","3.140752","1708","3.139584","1703","3.1426","1725","3.14202","1750","3.143432","1729","3.14238","1749","3.142456","1749","3.142428","1749","3.1389","1749","3.143016","1715","3.143216","1744","3.142472","1744","3.141528","1744","3.141584","1723","3.142796","1743","3.139428","1743","3.141112","1705","3.141536","1744","3.138344","1743","3.144776","1744","3.14238","1743","3.14218","1743","3.144288","1744","3.143152","1743","3.141216","1744","3.141408","1718","3.142624","1743","3.143388","1743","3.13958","1711","3.14162","1702","3.141936","1743","3.143272","1743","3.141272","1743","3.13984","1722","3.14112","1743","3.138476","1696","3.140056","1743","3.141348","1744","3.142976","1743","3.139696","1743","3.141108","1707","3.144004","1718","3.140244","1742","3.145472","1743","3.14294","1743","3.14016","1698","3.144284","1723","3.14086","1743","3.143588","1743","3.138424","1692","3.14114","1743","3.141808","1743","3.14214","1743","3.14316","1744","3.141468","1721","3.14096","1695","3.138448","1743","3.143136","1743","3.140896","1742","3.138932","1738","3.144076","1738","3.142276","1690","3.141152","1729","3.142636","1730","3.140444","1731","3.141452","1730","3.1426","1731","3.142796","1729","3.142848","1696","3.142896","1730","3.142572","1730","3.142096","1730","3.141956","1730","3.140956","1687","3.140932","1729","3.143268","1730","3.143192","1714","3.1419012399999984","1717","1751"
"64","3.140504","222","3.142304","1698","3.141536","1651","3.143564","1688","3.142764","1689","3.140768","1703","3.143672","1696","3.143352","1698","3.140932","1690","3.143476","1690","3.144208","1698","3.143372","1702","3.14042","1662","3.14378","1705","3.140148","1689","3.142576","1699","3.141508","1699","3.140828","1695","3.140856","1699","3.141344","1650","3.138856","1693","3.140772","1702","3.142036","1697","3.140432","1696","3.14224","1689","3.140844","1703","3.140052","1701","3.14272","1703","3.14554","1689","3.140696","1691","3.140456","1662","3.144676","1703","3.142128","1692","3.140328","1702","3.139964","1698","3.143516","1690","3.140908","1693","3.141796","1698","3.139464","1658","3.141428","1693","3.139924","1703","3.142388","1688","3.142044","1702","3.141232","1701","3.140772","1689","3.14124","1695","3.142792","1688","3.14062","1687","3.142868","1689","3.140972","1689","3.143712","1695","3.143536","1703","3.143896","1704","3.137476","1697","3.143236","1704","3.143976","1688","3.141848","1689","3.1399","1704","3.13752","1688","3.140392","1699","3.140996","1701","3.141756","1688","3.14244","1695","3.143844","1690","3.142084","1618","3.142376","1701","3.142628","1688","3.1421","1695","3.14064","1694","3.140644","1700","3.142","1703","3.140212","1698","3.140164","1692","3.142804","1698","3.140792","1688","3.140732","1655","3.140352","1701","3.141124","1688","3.144604","1689","3.142632","1700","3.142328","1688","3.144636","1701","3.145728","1630","3.142664","1687","3.141216","1688","3.140144","1696","3.142696","1688","3.142468","1697","3.14078","1663","3.141504","1699","3.142748","1693","3.14252","1704","3.145944","1700","3.14094","1704","3.14074","1689","3.143984","1658","3.14092","1696","3.141748","1698","3.140896","1703","3.142892","1695","3.141835280000001","1676","1706"
"65","3.141288","232","3.143448","860","3.141012","909","3.142264","909","3.141444","895","3.140112","860","3.140796","909","3.14064","909","3.14522","908","3.144088","1674","3.141564","1701","3.144304","1701","3.141236","1701","3.140816","1594","3.141568","1701","3.139964","1664","3.137648","1701","3.138868","1677","3.139428","1648","3.140924","1701","3.141696","1701","3.140852","1701","3.142976","1701","3.140572","1674","3.13968","1675","3.141236","1701","3.14002","1662","3.14192","1674","3.142792","1675","3.140008","1674","3.140888","1674","3.145068","1633","3.142224","1664","3.140516","1701","3.141536","1680","3.142912","1676","3.138808","1671","3.140632","1671","3.142348","1671","3.144332","1671","3.14146","1670","3.141204","1670","3.142168","1640","3.142924","1603","3.142644","1610","3.139048","1670","3.142128","1670","3.142816","1671","3.136832","1636","3.141792","1667","3.140708","1670","3.142552","1671","3.141628","1670","3.142836","1670","3.138688","1672","3.143264","1670","3.141048","1646","3.14136","1670","3.140996","1670","3.141808","1670","3.141044","1670","3.13992","1663","3.13932","1663","3.140604","1664","3.143112","1667","3.1406","1668","3.143664","1664","3.141164","1664","3.141656","1663","3.142164","1663","3.141556","1663","3.141492","1660","3.140688","1664","3.138692","1663","3.14142","1667","3.14216","1663","3.142832","1621","3.141364","1663","3.143388","1665","3.14006","1666","3.142464","1660","3.147144","1655","3.137804","1655","3.14214","1650","3.140916","1650","3.138232","1652","3.142808","1651","3.142936","1648","3.142164","1647","3.14266","1643","3.144996","1639","3.142472","1639","3.140816","1644","3.140868","1641","3.14068","1644","3.13972","1641","3.140516","1643","3.14006","1642","3.14318","1640","3.143292","1644","3.141483199999999","1587","1718"
"66","3.14118","48","3.1405","630","3.138632","630","3.144092","668","3.142668","646","3.140888","666","3.142308","646","3.14208","665","3.14218","646","3.138696","606","3.141336","667","3.143464","593","3.141424","646","3.14478","665","3.139432","630","3.142024","666","3.142232","645","3.14036","656","3.141532","621","3.140648","634","3.14184","1664","3.143288","1656","3.140476","1665","3.141436","1663","3.140904","1608","3.139944","1672","3.137408","1660","3.142112","1649","3.144792","1663","3.1409","1652","3.14294","1670","3.139948","1665","3.140488","1670","3.143856","1663","3.141124","1666","3.144176","1662","3.138348","1670","3.142392","1649","3.140596","1651","3.140604","1613","3.143716","1671","3.140272","1670","3.14082","1672","3.140952","1650","3.141292","1671","3.141392","1669","3.143452","1669","3.141432","1664","3.142008","1669","3.142236","1654","3.140292","1665","3.1419","1670","3.140512","1669","3.14352","1669","3.139408","1665","3.138472","1669","3.140688","1649","3.140692","1664","3.14112","1661","3.140792","1658","3.139104","1670","3.141976","1664","3.13922","1651","3.14086","1654","3.142892","1659","3.14378","1652","3.141228","1648","3.1411","1670","3.140792","1648","3.143888","1670","3.14018","1661","3.140244","1669","3.140064","1669","3.141648","1669","3.139364","1666","3.14188","1663","3.139288","1664","3.14312","1599","3.142344","1669","3.141292","1664","3.140376","1669","3.144136","1658","3.141144","1656","3.140004","1661","3.141784","1660","3.143892","1651","3.144592","1665","3.14166","1669","3.142044","1671","3.1405","1663","3.14016","1652","3.1442","1668","3.144804","1666","3.14136","1660","3.138512","1659","3.13886","1652","3.142272","1666","3.141624","1655","3.14136","1667","3.142324","1645","3.141428679999999","1450","1711"
"67","3.143108","158","3.140164","710","3.140904","1695","3.141388","726","3.144264","698","3.139396","1663","3.142328","1695","3.141308","587","3.140988","726","3.14156","672","3.14258","1684","3.142248","1684","3.142412","1684","3.1398","1684","3.139848","1685","3.14088","1684","3.141636","1684","3.141712","1652","3.140616","1684","3.142264","1684","3.141","1684","3.141376","1684","3.140932","1618","3.143316","1684","3.1424","1684","3.139744","1684","3.1414","1684","3.142684","1684","3.139028","1672","3.141892","1664","3.138452","1628","3.143376","1637","3.141696","1668","3.140592","1665","3.141392","1674","3.141468","1643","3.143564","1684","3.143188","1683","3.143588","1677","3.140484","1685","3.144076","1684","3.144788","1678","3.144236","1670","3.139036","1678","3.145324","1679","3.140236","1669","3.142864","1674","3.139952","1676","3.142668","1686","3.142976","1677","3.14344","1680","3.137732","1664","3.14192","1682","3.140532","1669","3.142272","1680","3.141952","1667","3.143096","1683","3.143192","1673","3.14128","1678","3.144128","1683","3.141028","1676","3.144912","1679","3.140416","1684","3.14126","1674","3.144408","1684","3.141284","1677","3.145","1667","3.142328","1665","3.139684","1668","3.14178","1665","3.139304","1683","3.14024","1669","3.142188","1678","3.1436","1676","3.142216","1620","3.141884","1684","3.14016","1675","3.140404","1684","3.141768","1671","3.140968","1671","3.141012","1679","3.144952","1675","3.139488","1682","3.142868","1683","3.142056","1677","3.14208","1677","3.140728","1685","3.142532","1684","3.1436","1667","3.14254","1669","3.142144","1665","3.143224","1672","3.142096","1685","3.142512","1675","3.140396","1665","3.144272","1679","3.1435","1675","3.141456","1682","3.141292","1666","3.141528","1679","3.14185784","1600","1717"
"68","3.142476","483","3.143","1654","3.143148","1670","3.143132","1435","3.14314","1570","3.14054","1654","3.142656","1654","3.142876","1654","3.143084","1667","3.143652","1666","3.139996","1569","3.145324","1491","3.140456","1654","3.141928","1670","3.141208","1654","3.142076","1566","3.140264","1678","3.142312","1669","3.13976","1666","3.141204","1667","3.14096","1592","3.14046","1668","3.140932","1614","3.142096","1650","3.14152","1668","3.140776","1668","3.139276","1665","3.142252","1566","3.140524","1670","3.140576","1592","3.142252","1606","3.142556","1664","3.14324","1631","3.140144","1651","3.1438","1656","3.1423","1545","3.140696","1650","3.14098","1663","3.144","1651","3.14478","1666","3.139548","1650","3.138436","1678","3.14394","1651","3.142756","1663","3.142956","1601","3.142388","1639","3.140312","1632","3.142984","1656","3.137516","1626","3.143016","1683","3.143388","1690","3.14126","1655","3.142372","1659","3.1406","1684","3.140648","1652","3.141428","1693","3.142804","1642","3.141672","1634","3.1435","1648","3.139796","1684","3.142492","1648","3.138988","1684","3.141568","1656","3.139544","1616","3.14168","1686","3.137452","1647","3.143928","1656","3.138192","1652","3.13864","1681","3.142944","1687","3.141668","1686","3.143884","1652","3.139336","1647","3.144848","1691","3.141272","1680","3.138076","1646","3.141484","1680","3.141","1635","3.14122","1636","3.14212","1647","3.142608","1650","3.14166","1655","3.143976","1661","3.141288","1660","3.14124","1659","3.138192","1660","3.141364","1648","3.13958","1644","3.140756","1652","3.141972","1654","3.142396","1649","3.142048","1637","3.139608","1647","3.141468","1647","3.144816","1647","3.141632","1639","3.142204","1645","3.140428","1643","3.142672","1642","3.139924","1640","3.1415784","1634","1732"
"69","3.141288","482","3.143764","480","3.141776","1706","3.144156","1715","3.141712","1712","3.143392","1718","3.141276","1711","3.139676","1708","3.144776","1709","3.137732","1719","3.139104","1710","3.139768","1712","3.142564","1708","3.144336","1718","3.140736","1714","3.140752","1702","3.142128","1719","3.141076","1706","3.137852","1713","3.139796","1717","3.138724","1691","3.141744","1704","3.140804","1689","3.141908","1709","3.141676","1689","3.14118","1715","3.140456","1715","3.140076","1689","3.141884","1689","3.142924","1705","3.143956","1717","3.141532","1699","3.139828","1711","3.1425","1689","3.139268","1696","3.142056","1715","3.143296","1693","3.14174","1717","3.14202","1709","3.142048","1717","3.140876","1719","3.144916","1709","3.143528","1665","3.141096","1711","3.139864","1697","3.143884","1691","3.142672","1657","3.140128","1693","3.140044","1689","3.139984","1718","3.141364","1712","3.14104","1689","3.140724","1711","3.141144","1714","3.14498","1719","3.137904","1697","3.141436","1707","3.14098","1712","3.140972","1704","3.141988","1695","3.14052","1714","3.141548","1704","3.141248","1710","3.142232","1709","3.138692","1713","3.143764","1690","3.139564","1706","3.142304","1719","3.141956","1640","3.14358","1718","3.13982","1715","3.14108","1689","3.140896","1712","3.13992","1718","3.141832","1710","3.142356","1702","3.141476","1688","3.140004","1705","3.141752","1698","3.140232","1688","3.142644","1688","3.143036","1657","3.145456","1711","3.145212","1718","3.140992","1716","3.139248","1699","3.142516","1710","3.141596","1710","3.143356","1704","3.143732","1690","3.14166","1715","3.143208","1712","3.142768","1706","3.143084","1715","3.141948","1686","3.139564","1688","3.142024","1690","3.141316","1716","3.140952","1697","3.14286","1711","3.1415875200000003","1679","1721"
"70","3.141796","260","3.142848","260","3.140848","356","3.142284","356","3.142972","1651","3.142156","970","3.141384","969","3.141256","968","3.142428","938","3.139868","1005","3.14308","953","3.140212","952","3.139344","1647","3.142224","1694","3.139364","1660","3.140508","1685","3.13968","1659","3.14082","1682","3.140924","1693","3.139456","1704","3.141848","1710","3.140352","1699","3.13968","1688","3.140256","1700","3.141636","1706","3.141504","1705","3.141308","1701","3.141672","1647","3.141728","1701","3.143468","1682","3.143096","1705","3.140936","1703","3.14176","1701","3.141656","1687","3.140688","1706","3.141264","1696","3.141008","1684","3.141052","1708","3.142936","1692","3.142796","1698","3.142948","1694","3.13958","1703","3.14098","1697","3.143796","1707","3.141852","1704","3.143644","1689","3.143272","1705","3.139096","1699","3.141476","1674","3.145576","1691","3.143172","1704","3.139524","1692","3.14278","1703","3.142552","1693","3.140716","1701","3.14204","1703","3.141064","1707","3.13852","1702","3.141736","1705","3.140944","1705","3.140892","1684","3.1407","1705","3.143048","1701","3.142988","1706","3.140948","1705","3.144288","1692","3.142384","1699","3.142064","1700","3.141828","1673","3.141212","1704","3.143028","1700","3.141112","1688","3.140468","1695","3.140544","1704","3.143108","1652","3.140108","1702","3.14392","1691","3.139896","1704","3.142","1707","3.14186","1700","3.14148","1699","3.14276","1681","3.14386","1705","3.142832","1700","3.142272","1699","3.14282","1687","3.143204","1706","3.142196","1633","3.142224","1706","3.137568","1701","3.140008","1672","3.144732","1697","3.141352","1690","3.141692","1697","3.14294","1643","3.14112","1706","3.145068","1690","3.141492","1705","3.140804","1689","3.145132","1703","3.14171316","1586","1729"
"71","3.142756","66","3.144636","392","3.14206","1078","3.140932","1003","3.143724","1021","3.141872","821","3.139848","1003","3.143388","1622","3.143436","1703","3.142428","1708","3.141608","1702","3.14112","1694","3.14344","1691","3.14308","1709","3.141556","1708","3.13766","1704","3.141288","1585","3.141876","1691","3.142312","1715","3.141168","1699","3.143428","1684","3.142104","1701","3.143336","1685","3.140412","1683","3.14194","1626","3.142252","1691","3.142672","1685","3.140612","1703","3.1411","1694","3.141116","1703","3.145936","1683","3.140984","1622","3.143156","1709","3.144104","1710","3.138032","1708","3.142096","1694","3.14072","1684","3.142904","1700","3.140056","1700","3.139824","1683","3.14258","1682","3.139656","1684","3.138324","1703","3.14372","1683","3.141212","1702","3.141248","1692","3.1402","1690","3.143564","1630","3.138688","1622","3.141324","1702","3.139936","1699","3.141584","1709","3.14214","1704","3.141784","1703","3.142216","1699","3.143048","1694","3.142644","1703","3.14192","1601","3.141084","1693","3.141904","1702","3.14214","1669","3.140488","1688","3.141568","1690","3.141984","1677","3.143244","1635","3.141568","1688","3.141404","1688","3.141084","1673","3.141512","1662","3.138504","1689","3.142788","1690","3.141844","1690","3.14058","1689","3.14192","1678","3.142664","1689","3.144068","1688","3.14002","1670","3.139648","1688","3.139972","1690","3.144936","1684","3.143704","1680","3.142268","1625","3.141236","1617","3.140112","1620","3.143928","1624","3.14134","1603","3.141876","1618","3.141604","1613","3.143748","1624","3.144192","1625","3.138368","1611","3.141988","1613","3.140252","1584","3.142232","1602","3.141344","1614","3.143728","1608","3.142992","1584","3.143468","1613","3.142036","1609","3.143188","1613","3.1418128800000007","1606","1727"
"72","3.143012","754","3.140364","1473","3.14424","1453","3.14126","1473","3.141392","1473","3.140604","1439","3.14202","1472","3.140664","1473","3.140872","1472","3.139028","1438","3.142332","1544","3.142208","1524","3.141808","1461","3.1425","1461","3.141648","1535","3.144488","1461","3.141996","1694","3.139416","1545","3.141132","1504","3.143056","1695","3.144028","1461","3.139964","1528","3.141552","1589","3.144656","1476","3.141672","1694","3.138952","1543","3.142604","1695","3.142428","1588","3.141404","1560","3.140616","1503","3.14124","1461","3.14258","1501","3.142604","1694","3.140788","1523","3.141088","1543","3.14016","1568","3.14166","1707","3.138932","1692","3.140628","1592","3.142212","1602","3.141916","1707","3.14116","1614","3.141544","1564","3.144072","1690","3.140496","1592","3.141444","1532","3.143428","1584","3.141888","1585","3.142188","1689","3.144364","1646","3.14346","1564","3.14166","1702","3.138332","1695","3.140792","1648","3.1399","1695","3.14302","1700","3.143348","1692","3.142632","1697","3.140592","1674","3.139996","1663","3.140984","1690","3.139736","1694","3.139344","1687","3.139904","1693","3.139844","1695","3.13926","1691","3.141116","1686","3.141228","1690","3.142548","1686","3.142276","1668","3.144688","1657","3.141496","1659","3.140596","1657","3.142056","1665","3.142764","1668","3.14242","1663","3.14262","1667","3.14014","1664","3.140772","1664","3.140208","1654","3.141736","1660","3.141696","1665","3.140284","1665","3.139496","1659","3.143248","1665","3.1429","1663","3.141384","1654","3.141912","1660","3.142896","1657","3.141192","1633","3.139168","1662","3.141792","1654","3.141496","1655","3.14228","1665","3.142088","1666","3.139604","1661","3.141232","1665","3.141728","1661","3.138128","1661","3.140072","1654","3.141483720000001","1604","1735"
"73","3.14266","209","3.143912","209","3.140976","1704","3.142656","1703","3.139944","1716","3.144948","1579","3.143908","1703","3.13998","1668","3.143472","1739","3.13908","1717","3.14164","1739","3.143668","1739","3.143448","1739","3.143476","1705","3.139044","1683","3.142504","1708","3.145072","1680","3.141052","1704","3.143836","1739","3.14276","1695","3.142132","1739","3.143152","1683","3.140452","1696","3.142448","1554","3.141808","1739","3.141728","1682","3.14166","1718","3.141064","1706","3.142364","1717","3.141172","1707","3.143556","1736","3.140032","1679","3.140124","1736","3.139956","1736","3.14226","1566","3.137612","1701","3.142092","1714","3.142356","1681","3.142664","1715","3.141824","1703","3.13922","1704","3.142404","1714","3.139888","1690","3.13886","1736","3.13894","1586","3.14282","1736","3.141864","1665","3.140636","1703","3.139948","1705","3.1446","1706","3.143884","1704","3.14066","1692","3.141796","1677","3.141472","1700","3.141904","1701","3.143564","1700","3.141528","1671","3.140608","1680","3.142444","1680","3.141172","1647","3.141632","1680","3.142932","1653","3.140832","1679","3.139632","1679","3.143876","1677","3.14198","1677","3.141892","1648","3.141928","1677","3.14226","1656","3.142976","1677","3.14068","1676","3.144892","1676","3.143784","1677","3.143008","1677","3.142368","1649","3.141332","1677","3.14332","1677","3.142444","1634","3.141148","1677","3.141916","1673","3.13996","1672","3.141388","1673","3.14102","1658","3.140816","1628","3.140816","1614","3.144084","1588","3.142116","1614","3.139848","1614","3.139344","1614","3.140452","1614","3.141764","1612","3.14118","1612","3.142984","1612","3.145312","1607","3.141032","1608","3.141568","1608","3.143576","1608","3.14186","1608","3.13974","1608","3.139908","1608","3.1418030400000005","1645","1741"
"74","3.142556","65","3.144636","1643","3.141928","1727","3.1397","1707","3.142052","1657","3.140768","1708","3.142212","1727","3.140388","1707","3.1401","1719","3.143724","1731","3.14176","1731","3.140028","1719","3.141772","1734","3.14176","1733","3.14024","1706","3.142048","1637","3.140556","1730","3.13834","1730","3.14052","1588","3.141168","1730","3.139772","1726","3.139464","1734","3.141584","1719","3.140848","1703","3.139696","1735","3.144264","1728","3.141444","1731","3.143108","1650","3.141288","1713","3.14118","1650","3.1421","1729","3.139164","1733","3.13982","1728","3.139924","1707","3.138748","1667","3.143432","1698","3.139888","1698","3.141732","1706","3.140868","1698","3.142224","1710","3.142236","1714","3.141336","1702","3.143932","1698","3.139232","1690","3.138028","1686","3.140656","1688","3.14394","1712","3.142124","1710","3.14278","1654","3.142676","1700","3.143244","1712","3.143464","1711","3.140504","1712","3.14104","1698","3.142852","1709","3.140576","1696","3.141068","1699","3.141572","1697","3.139596","1710","3.142448","1711","3.141748","1710","3.142772","1710","3.141596","1677","3.141228","1693","3.144132","1706","3.143432","1707","3.140712","1699","3.14438","1680","3.141612","1701","3.139356","1695","3.142252","1707","3.142584","1712","3.140256","1704","3.143128","1708","3.141532","1712","3.138672","1698","3.140928","1699","3.142788","1699","3.141276","1693","3.14214","1708","3.137976","1679","3.139728","1705","3.142976","1675","3.144216","1694","3.141264","1700","3.14106","1708","3.143416","1683","3.140712","1680","3.14326","1684","3.141828","1696","3.140472","1705","3.13896","1706","3.141804","1692","3.139748","1690","3.142412","1705","3.141308","1708","3.141512","1696","3.143064","1673","3.140224","1672","3.141076","1673","3.1414364799999994","1684","1739"
"75","3.139232","344","3.139088","345","3.139172","343","3.142016","342","3.14226","342","3.142364","341","3.141668","1676","3.139472","1675","3.14292","1613","3.140332","1628","3.142028","1675","3.141812","1605","3.141908","1687","3.14326","1675","3.14066","1107","3.144184","1687","3.141056","1687","3.143412","1675","3.141336","1638","3.142148","1675","3.141564","1670","3.142248","1688","3.141284","1676","3.13888","1692","3.141212","1689","3.142708","1688","3.143496","1688","3.144076","1676","3.140516","1691","3.139148","1687","3.142624","1669","3.14264","1688","3.141396","1680","3.144468","1679","3.140864","1656","3.140632","1685","3.141896","1679","3.143244","1690","3.140224","1690","3.141452","1688","3.144412","1668","3.143952","1685","3.14268","1693","3.144536","1679","3.143016","1686","3.144476","1676","3.140864","1687","3.139524","1669","3.142624","1690","3.14388","1678","3.140044","1690","3.142088","1667","3.142536","1664","3.142364","1668","3.144204","1689","3.142732","1671","3.141844","1692","3.14182","1679","3.140116","1673","3.144116","1676","3.138744","1661","3.140648","1684","3.1406","1677","3.144116","1684","3.140464","1678","3.1443","1689","3.141684","1675","3.14114","1668","3.143216","1674","3.14276","1686","3.141576","1654","3.143524","1689","3.142512","1673","3.141492","1654","3.144224","1655","3.141724","1672","3.141028","1657","3.139528","1666","3.142948","1691","3.140944","1632","3.142048","1679","3.141284","1664","3.138264","1691","3.14346","1691","3.14426","1684","3.14058","1677","3.138988","1684","3.138632","1683","3.140084","1666","3.140624","1653","3.140964","1650","3.140208","1657","3.141144","1649","3.143984","1655","3.142616","1657","3.142684","1657","3.142768","1641","3.139708","1649","3.140648","1656","3.139696","1656","3.141765439999998","1587","1721"
"76","3.141408","37","3.141824","1668","3.139056","1698","3.138372","1697","3.140564","1700","3.142524","1699","3.1417","1697","3.141144","1667","3.14226","1696","3.141392","1703","3.143756","1696","3.14076","1696","3.143516","1698","3.143252","1671","3.140796","1696","3.142588","1699","3.14164","1696","3.141524","1701","3.142932","1703","3.141296","1707","3.141944","1696","3.143492","1666","3.142104","1706","3.142348","1703","3.14234","1695","3.141944","1701","3.140152","1706","3.141272","1665","3.140416","1701","3.14004","1697","3.140516","1707","3.145708","1706","3.142876","1695","3.139272","1694","3.140992","1695","3.144452","1694","3.141428","1694","3.142312","1694","3.14142","1695","3.138952","1694","3.142672","1695","3.141252","1693","3.141936","1704","3.139912","1703","3.142728","1655","3.141832","1694","3.140612","1695","3.142136","1694","3.140916","1698","3.14472","1706","3.1432","1697","3.141344","1669","3.141412","1701","3.139284","1673","3.14262","1695","3.141404","1707","3.143944","1695","3.140252","1695","3.14098","1667","3.14134","1683","3.14554","1682","3.140544","1688","3.139968","1678","3.143012","1687","3.138704","1695","3.14294","1681","3.142368","1690","3.14296","1690","3.141496","1676","3.142956","1676","3.139204","1669","3.1406","1659","3.14316","1661","3.142372","1667","3.144284","1670","3.142832","1676","3.140448","1660","3.142404","1667","3.143004","1663","3.140876","1676","3.142604","1676","3.141104","1676","3.141852","1666","3.14056","1661","3.140768","1629","3.13952","1676","3.140352","1672","3.140524","1668","3.142324","1653","3.138684","1664","3.141416","1668","3.142888","1655","3.141612","1667","3.13928","1662","3.142788","1660","3.144112","1655","3.144336","1667","3.140352","1667","3.143492","1657","3.141324","1667","3.1417034400000006","1667","1714"
"77","3.142176","47","3.142292","333","3.141716","1183","3.1433","1182","3.13864","1183","3.140496","1127","3.140404","1361","3.137804","1652","3.142064","1654","3.141452","1360","3.137808","1360","3.141536","1650","3.143616","1649","3.140428","1678","3.14034","1627","3.139244","1650","3.141968","1358","3.138636","1679","3.14086","1645","3.143232","1649","3.141984","1692","3.140208","1628","3.139568","1359","3.143052","1679","3.141016","1646","3.137672","1680","3.139984","1487","3.14022","1648","3.143696","1693","3.140912","1680","3.1415","1432","3.142236","1648","3.141772","1627","3.140816","1692","3.144704","1692","3.13924","1674","3.143352","1672","3.141276","1673","3.143848","1659","3.142732","1672","3.14122","1661","3.141996","1672","3.14328","1671","3.1431","1658","3.140876","1672","3.142516","1658","3.13776","1658","3.142712","1659","3.14152","1661","3.140788","1660","3.141584","1647","3.141036","1661","3.140476","1660","3.142724","1661","3.139596","1661","3.142696","1637","3.144876","1634","3.142336","1649","3.140316","1661","3.139964","1636","3.139608","1650","3.141756","1648","3.137584","1660","3.141896","1636","3.1396","1661","3.139836","1661","3.1411","1661","3.14096","1655","3.143428","1643","3.140344","1627","3.141508","1652","3.143336","1655","3.143652","1657","3.139884","1656","3.141472","1656","3.140416","1656","3.14218","1656","3.139496","1676","3.14348","1657","3.141212","1656","3.139192","1652","3.141064","1652","3.141776","1666","3.142064","1647","3.141708","1642","3.140092","1665","3.140492","1664","3.141964","1645","3.140552","1662","3.140736","1662","3.14024","1641","3.143848","1662","3.140412","1662","3.143144","1659","3.142516","1658","3.140316","1641","3.145716","1659","3.142592","1631","3.141912","1658","3.13812","1658","3.141303759999999","1589","1741"
"78","3.139772","1713","3.141632","1714","3.142856","1701","3.145744","1701","3.144264","1719","3.142284","1701","3.139792","1714","3.138912","1710","3.140404","1708","3.145","1710","3.14118","1719","3.142296","1719","3.140348","1719","3.141652","1700","3.141568","1700","3.14236","1706","3.140272","1699","3.143704","1701","3.142564","1719","3.1399","1702","3.1407","1712","3.141928","1713","3.14146","1716","3.141636","1706","3.140412","1712","3.141316","1708","3.138156","1700","3.139376","1712","3.141876","1714","3.139992","1650","3.141376","1707","3.141712","1708","3.139284","1672","3.142328","1700","3.137868","1706","3.144084","1661","3.142264","1716","3.140452","1665","3.14244","1699","3.140968","1709","3.140204","1713","3.14136","1714","3.1404","1715","3.14236","1716","3.138396","1702","3.143476","1710","3.14022","1709","3.143504","1712","3.142924","1710","3.138944","1713","3.142252","1699","3.13978","1700","3.141232","1703","3.140344","1700","3.14","1716","3.142584","1705","3.141112","1703","3.141956","1700","3.140992","1700","3.139596","1707","3.144424","1712","3.141004","1719","3.140708","1700","3.142316","1712","3.14312","1712","3.141924","1653","3.143616","1700","3.143584","1702","3.140532","1700","3.140804","1712","3.140632","1714","3.143512","1699","3.139364","1702","3.140088","1705","3.14218","1715","3.140544","1700","3.138816","1666","3.14342","1713","3.143712","1719","3.142464","1700","3.141096","1709","3.138516","1713","3.14282","1712","3.143108","1703","3.14172","1712","3.139812","1708","3.140976","1699","3.140072","1708","3.138896","1714","3.138444","1700","3.139932","1699","3.139052","1713","3.143192","1701","3.141844","1715","3.141736","1702","3.138924","1702","3.139936","1699","3.144328","1715","3.140352","1699","3.143952","1663","3.1413323999999982","1704","1720"
"79","3.144052","168","3.139772","1222","3.14124","1361","3.142324","1361","3.142008","1286","3.140216","871","3.141608","1361","3.143868","1402","3.141468","870","3.143436","1300","3.139868","1361","3.139832","1401","3.142128","1264","3.142272","1401","3.141132","1613","3.142656","1676","3.138892","1668","3.143008","1669","3.145152","1682","3.142768","1668","3.14162","1682","3.140668","1626","3.143496","1668","3.141204","1668","3.1434","1668","3.140284","1667","3.140944","1667","3.140396","1680","3.143192","1672","3.14282","1675","3.14168","1681","3.140016","1667","3.139644","1612","3.140204","1667","3.140724","1680","3.143264","1674","3.14366","1673","3.141548","1680","3.14326","1667","3.141848","1675","3.140128","1674","3.139632","1677","3.139704","1676","3.138616","1680","3.138928","1667","3.139424","1670","3.142064","1667","3.141792","1667","3.142596","1667","3.140476","1678","3.143204","1667","3.13958","1669","3.140824","1667","3.14308","1677","3.141168","1679","3.143532","1667","3.143544","1672","3.141516","1667","3.142292","1667","3.142268","1637","3.140488","1675","3.1417","1666","3.143652","1673","3.142456","1666","3.141008","1667","3.14536","1673","3.144184","1667","3.14048","1676","3.142848","1674","3.138228","1677","3.141872","1681","3.141268","1668","3.140552","1668","3.142608","1676","3.141684","1666","3.1419","1666","3.141844","1675","3.141636","1667","3.139932","1667","3.142064","1667","3.139908","1681","3.139564","1667","3.140876","1638","3.140016","1677","3.140984","1676","3.138212","1647","3.143696","1648","3.141596","1653","3.140284","1656","3.141052","1646","3.141632","1653","3.142948","1654","3.137672","1649","3.14404","1644","3.141704","1657","3.14022","1598","3.140848","1597","3.14252","1608","3.14314","1606","3.139232","1594","3.14151848","1596","1723"
"80","3.141156","97","3.140864","115","3.142072","1357","3.141792","1392","3.139944","1392","3.140436","1392","3.142888","1392","3.142408","1352","3.139856","1392","3.141272","1328","3.13854","1392","3.141244","1279","3.141076","1353","3.141844","1329","3.1386","1329","3.141604","1370","3.14266","1392","3.141508","1392","3.143","1351","3.143784","1350","3.137928","1328","3.140248","1392","3.142404","1392","3.140852","1353","3.140472","1392","3.14014","1350","3.141856","1366","3.140924","1354","3.141152","1389","3.141608","1389","3.141188","1390","3.140916","1389","3.144216","1389","3.142452","1354","3.142408","1389","3.13992","1327","3.141712","1390","3.142316","1354","3.141272","1354","3.14202","1356","3.140908","1356","3.138672","1336","3.143808","1335","3.1353","1335","3.141288","1235","3.143276","1335","3.14238","1664","3.139404","1665","3.142108","1650","3.141724","1665","3.141832","1663","3.143328","1666","3.14132","1664","3.1438","1651","3.140444","1663","3.14276","1650","3.1417","1663","3.139924","1665","3.141468","1666","3.144308","1652","3.142264","1645","3.141488","1657","3.13998","1597","3.139992","1658","3.14342","1643","3.142336","1663","3.142112","1654","3.141952","1652","3.143468","1659","3.142244","1611","3.142484","1614","3.140072","1615","3.140144","1615","3.142784","1604","3.14062","1610","3.14366","1610","3.14094","1612","3.142416","1611","3.142748","1607","3.140896","1611","3.140376","1609","3.143724","1610","3.141188","1604","3.142056","1610","3.141148","1611","3.143172","1614","3.142816","1613","3.138852","1605","3.144836","1603","3.144644","1615","3.14134","1613","3.140484","1613","3.143024","1598","3.143236","1614","3.141144","1612","3.137712","1613","3.14214","1615","3.13976","1614","3.14144","1610","3.142224","1611","3.141536400000003","1480","1731"
"81","3.141836","345","3.141924","1625","3.142408","1701","3.139816","1712","3.140436","1712","3.144492","1707","3.144852","1688","3.14152","1713","3.139632","1731","3.144056","1750","3.1411","1691","3.139988","1648","3.138048","1570","3.14318","1689","3.142504","1690","3.140488","1690","3.139888","1646","3.143276","1690","3.1425","1688","3.141796","1729","3.139088","1688","3.143068","1711","3.143872","1728","3.140664","1648","3.142148","1689","3.142076","1706","3.141976","1706","3.139404","1700","3.14272","1699","3.140336","1563","3.14016","1749","3.143032","1655","3.142836","1653","3.14016","1728","3.141648","1722","3.140976","1707","3.13808","1706","3.141988","1728","3.142044","1630","3.145212","1625","3.144264","1688","3.14282","1689","3.141932","1722","3.143588","1723","3.14112","1704","3.14006","1691","3.142156","1749","3.141956","1688","3.142448","1699","3.140932","1749","3.142532","1722","3.140356","1704","3.137144","1712","3.141684","1687","3.142532","1735","3.142484","1701","3.142344","1703","3.141564","1729","3.140524","1729","3.141896","1708","3.141604","1728","3.141324","1728","3.1422","1700","3.136864","1694","3.142468","1692","3.141144","1728","3.141068","1728","3.141292","1694","3.141928","1708","3.14026","1728","3.141688","1728","3.141308","1711","3.144544","1710","3.141556","1710","3.140912","1687","3.144336","1711","3.142476","1710","3.142648","1710","3.141048","1710","3.140348","1710","3.142828","1710","3.141608","1711","3.142384","1694","3.140604","1710","3.143464","1710","3.138632","1710","3.13836","1710","3.140036","1710","3.14088","1711","3.144372","1710","3.142104","1710","3.139788","1711","3.139352","1711","3.141504","1710","3.139748","1710","3.139512","1685","3.141252","1703","3.144088","1703","3.14324","1703","3.141448","1703","3.141557839999999","1687","1751"
"82","3.139088","256","3.142204","1664","3.14092","1664","3.142592","1610","3.142408","1650","3.13902","1610","3.138824","1665","3.14076","1650","3.142428","1622","3.142348","1677","3.140064","1677","3.138916","1678","3.141104","1651","3.139304","1678","3.139408","1677","3.140788","1677","3.141496","1665","3.141408","1676","3.14094","1678","3.139812","1651","3.141356","1678","3.141","1678","3.143536","1664","3.140956","1611","3.139392","1648","3.144336","1621","3.142512","1678","3.143244","1665","3.137772","1678","3.142964","1677","3.141264","1634","3.138288","1648","3.140796","1621","3.142492","1647","3.140016","1634","3.141172","1648","3.14186","1647","3.141112","1621","3.143092","1634","3.140164","1648","3.142828","1637","3.140344","1637","3.144248","1635","3.142232","1623","3.1387","1635","3.140532","1636","3.138036","1623","3.143644","1635","3.143336","1635","3.141528","1611","3.143744","1635","3.1417","1655","3.141052","1654","3.141704","1655","3.1413","1627","3.142888","1654","3.142092","1654","3.141096","1654","3.140776","1655","3.141408","1627","3.140228","1654","3.1427","1629","3.140196","1630","3.139228","1615","3.141936","1628","3.141268","1628","3.143376","1631","3.140724","1654","3.142452","1654","3.141544","1654","3.14148","1654","3.140444","1654","3.142268","1631","3.140376","1640","3.140612","1641","3.140596","1641","3.137656","1641","3.142212","1641","3.140948","1641","3.142012","1642","3.14152","1642","3.141208","1641","3.14334","1641","3.140732","1641","3.139796","1641","3.138592","1642","3.140588","1641","3.142632","1642","3.141252","1641","3.140708","1641","3.143236","1641","3.141904","1640","3.139008","1640","3.14266","1641","3.142336","1643","3.14354","1641","3.142992","1640","3.139292","1642","3.142556","1642","3.1449","1643","3.1412939200000007","1631","1713"
"83","3.142796","95","3.14182","1527","3.140912","1593","3.139844","1593","3.139972","1554","3.141804","1554","3.140816","1555","3.142032","1555","3.140544","1593","3.14552","1501","3.1408","1556","3.141416","1554","3.140576","1593","3.141312","1593","3.142864","1527","3.140828","1527","3.143764","1592","3.143444","1592","3.138508","1578","3.140844","1577","3.142764","1578","3.138792","1577","3.137676","1578","3.141048","1577","3.141176","1580","3.139","1576","3.1405","1576","3.143736","1511","3.139584","1541","3.138508","1578","3.142308","1577","3.141136","1576","3.140488","1549","3.14316","1549","3.142792","1576","3.142224","1577","3.13786","1576","3.137276","1577","3.144024","1708","3.145476","1696","3.141368","1643","3.138164","1666","3.144188","1689","3.144768","1701","3.140188","1706","3.140612","1701","3.13914","1689","3.142044","1602","3.140824","1701","3.141788","1706","3.139212","1699","3.145388","1701","3.139284","1657","3.1391","1700","3.140236","1696","3.142868","1707","3.143236","1707","3.1411","1662","3.138172","1689","3.138212","1706","3.143252","1706","3.140584","1669","3.140652","1689","3.13998","1706","3.138904","1707","3.14138","1699","3.140788","1706","3.141204","1628","3.139844","1691","3.14168","1695","3.1422","1706","3.140896","1688","3.141512","1694","3.141216","1690","3.141656","1690","3.142784","1692","3.145692","1682","3.142288","1690","3.142048","1692","3.141148","1690","3.139156","1690","3.141592","1695","3.140924","1684","3.142984","1694","3.14274","1690","3.14058","1692","3.141868","1683","3.143208","1683","3.138712","1677","3.14122","1623","3.142072","1625","3.144636","1625","3.140036","1623","3.142028","1626","3.141192","1620","3.142588","1625","3.14176","1624","3.14376","1624","3.141852","1624","3.140416","1625","3.1413286799999987","1620","1738"
"84","3.142128","375","3.142688","376","3.139352","281","3.1431","376","3.144424","1683","3.141788","1649","3.141476","1681","3.1374","1603","3.141068","1624","3.141956","1649","3.144624","1668","3.141832","1696","3.142196","1695","3.14082","1681","3.139596","1695","3.140548","1682","3.13956","1682","3.138624","1681","3.144076","1649","3.13896","1695","3.139884","1624","3.142204","1683","3.142964","1696","3.142848","1714","3.141788","1683","3.141528","1591","3.141844","1684","3.139568","1614","3.140804","1714","3.138824","1696","3.1437","1683","3.13896","1714","3.145708","1685","3.141392","1685","3.14136","1665","3.14254","1685","3.141728","1685","3.143832","1652","3.142028","1652","3.1411","1685","3.145996","1685","3.14388","1685","3.142704","1685","3.143264","1685","3.141652","1685","3.141364","1645","3.14268","1685","3.14142","1685","3.141088","1649","3.14138","1672","3.143556","1673","3.14288","1672","3.140848","1673","3.142704","1673","3.142788","1672","3.141512","1642","3.139564","1648","3.144076","1673","3.142056","1673","3.141188","1673","3.140928","1673","3.140188","1632","3.140032","1672","3.142408","1672","3.140448","1673","3.140852","1672","3.141604","1672","3.144568","1671","3.142388","1673","3.14002","1673","3.142348","1672","3.140084","1633","3.140688","1672","3.143016","1672","3.140204","1672","3.142412","1672","3.141536","1672","3.143208","1672","3.140404","1628","3.141748","1673","3.140756","1633","3.14436","1672","3.141732","1672","3.142632","1672","3.144828","1644","3.144056","1644","3.140912","1643","3.14156","1644","3.141604","1644","3.144656","1644","3.138744","1593","3.140792","1644","3.141164","1644","3.140124","1644","3.141772","1643","3.14264","1643","3.14332","1638","3.144852","1638","3.140912","1637","3.140044","1637","3.14177964","1612","1720"
"85","3.145324","411","3.14186","1528","3.14212","1529","3.141688","1467","3.141372","1528","3.140244","1485","3.144984","1490","3.141912","1529","3.139592","1461","3.14172","1531","3.141024","1462","3.142288","1467","3.140356","1533","3.141504","1528","3.141744","1483","3.140296","1529","3.138196","1533","3.140176","1532","3.141512","1486","3.14042","1530","3.140612","1534","3.1429","1533","3.143376","1530","3.143236","1532","3.142384","1417","3.142972","1487","3.139804","1483","3.141528","1534","3.14336","1714","3.141032","1708","3.144548","1696","3.139552","1714","3.141616","1701","3.143744","1658","3.137776","1711","3.145656","1704","3.140456","1703","3.140364","1665","3.14396","1709","3.141944","1689","3.137872","1701","3.14134","1687","3.141","1709","3.14388","1706","3.139708","1703","3.144064","1687","3.141464","1709","3.141148","1707","3.139708","1706","3.1393","1686","3.140396","1712","3.139832","1690","3.140836","1706","3.142272","1700","3.14078","1703","3.141712","1705","3.141004","1702","3.14162","1703","3.141384","1709","3.141064","1710","3.139904","1707","3.141212","1708","3.14078","1700","3.13898","1698","3.138252","1710","3.136992","1686","3.141236","1713","3.141392","1712","3.141492","1711","3.140152","1711","3.143436","1702","3.141948","1711","3.144028","1708","3.1413","1695","3.143012","1712","3.143016","1706","3.143548","1705","3.142572","1703","3.142016","1712","3.144076","1712","3.139704","1697","3.13898","1707","3.138988","1701","3.139832","1711","3.138908","1702","3.1432","1710","3.143596","1700","3.14202","1691","3.139844","1698","3.143004","1686","3.14194","1706","3.141448","1686","3.141764","1709","3.143152","1689","3.14066","1711","3.141792","1703","3.140904","1706","3.14138","1712","3.143404","1707","3.14332","1707","3.1414672000000006","1636","1733"
"86","3.140472","298","3.140172","1696","3.141848","1700","3.142444","1713","3.140064","1709","3.140468","1716","3.141892","1714","3.138076","1712","3.141432","1707","3.141952","1706","3.14134","1703","3.1409","1710","3.143776","1698","3.140896","1702","3.143948","1698","3.142824","1684","3.141128","1713","3.141596","1713","3.14258","1700","3.139304","1705","3.140672","1705","3.14318","1692","3.145104","1696","3.142484","1686","3.144248","1708","3.138664","1699","3.14334","1696","3.140472","1692","3.140436","1715","3.141352","1693","3.141756","1687","3.141192","1707","3.141024","1703","3.140116","1696","3.143396","1711","3.13898","1714","3.143944","1702","3.13876","1701","3.14196","1697","3.143536","1697","3.14326","1683","3.143396","1708","3.14066","1703","3.14124","1706","3.143144","1694","3.139388","1708","3.142452","1699","3.143632","1716","3.142336","1715","3.140896","1649","3.1446","1708","3.144672","1678","3.140688","1694","3.14404","1710","3.1401","1707","3.14214","1695","3.139112","1692","3.143664","1708","3.14048","1700","3.14478","1709","3.142028","1712","3.141224","1714","3.139776","1707","3.141592","1710","3.142952","1678","3.142932","1678","3.14052","1693","3.141104","1710","3.140676","1714","3.142756","1715","3.139428","1699","3.140456","1702","3.14022","1711","3.141948","1701","3.140936","1706","3.143312","1711","3.139712","1713","3.142248","1703","3.142436","1676","3.13762","1714","3.14308","1685","3.141988","1700","3.1416","1708","3.142044","1684","3.13968","1700","3.142332","1709","3.140972","1677","3.141032","1707","3.1438","1699","3.1417","1708","3.139964","1708","3.141172","1689","3.143956","1710","3.141224","1680","3.140212","1710","3.141588","1700","3.144608","1710","3.143612","1686","3.136656","1712","3.140532","1708","3.1416203600000023","1687","1717"
"87","3.141952","127","3.141012","1598","3.138608","1300","3.140956","1604","3.142584","1547","3.141988","1370","3.142752","1605","3.144","1598","3.143912","1572","3.143528","1091","3.141352","969","3.140696","1370","3.14364","1605","3.142556","1598","3.142144","1102","3.13958","1598","3.139148","1572","3.143476","1547","3.142432","1091","3.139652","1598","3.14234","1492","3.141184","1598","3.141716","1299","3.140164","1547","3.13946","1299","3.13998","1442","3.14436","1572","3.143528","1533","3.143624","1526","3.143508","1527","3.139332","1535","3.142196","1534","3.140292","1527","3.146052","1534","3.139196","1535","3.141428","1534","3.141844","1534","3.139028","1527","3.142036","1536","3.142532","1537","3.141012","1537","3.143912","1534","3.142832","1527","3.13994","1502","3.14488","1534","3.139008","1526","3.140076","1647","3.13932","1591","3.139044","1585","3.14226","1585","3.1434","1597","3.143964","1585","3.144168","1601","3.141648","1554","3.142704","1646","3.143784","1646","3.144352","1646","3.143492","1585","3.143588","1547","3.142676","1646","3.137824","1596","3.140604","1647","3.141152","1585","3.14166","1646","3.141016","1647","3.141204","1629","3.142612","1631","3.142484","1627","3.142244","1625","3.140524","1629","3.14346","1628","3.143924","1628","3.14138","1599","3.140184","1625","3.139836","1629","3.141056","1631","3.141108","1631","3.144248","1631","3.141416","1596","3.142756","1591","3.140484","1596","3.138668","1592","3.14004","1598","3.142888","1591","3.143156","1595","3.140288","1595","3.140964","1596","3.139992","1594","3.138976","1593","3.141328","1588","3.141512","1595","3.142116","1595","3.14338","1588","3.142424","1588","3.144148","1588","3.140116","1589","3.143612","1590","3.14378","1581","3.140072","1568","3.145124","1575","3.141795879999999","1534","1735"
"88","3.140088","327","3.140916","402","3.141944","459","3.14226","459","3.14246","401","3.14314","1573","3.139452","1542","3.139732","1571","3.141184","1555","3.142124","1571","3.14128","1572","3.144552","1570","3.14044","1572","3.142852","1503","3.14448","1572","3.140076","1572","3.141496","1542","3.143408","1538","3.143","1569","3.142764","1499","3.138616","1553","3.142864","1568","3.140296","1538","3.140896","1485","3.145028","1553","3.144576","1553","3.14132","1553","3.140528","1553","3.141692","1539","3.142492","1552","3.140928","1553","3.139336","1553","3.138992","1550","3.14082","1549","3.141552","1530","3.140588","1549","3.140956","1530","3.141424","1573","3.140128","1468","3.142912","1468","3.138108","1523","3.14038","1539","3.140224","1521","3.142452","1539","3.142856","1520","3.138492","1537","3.141356","1537","3.142992","1536","3.13994","1515","3.141348","1596","3.141256","1515","3.142232","1621","3.141832","1596","3.141256","1469","3.14228","1531","3.139716","1532","3.1413","1533","3.140148","1596","3.141984","1531","3.144828","1611","3.141012","1590","3.14402","1608","3.139596","1608","3.143208","1608","3.139676","1633","3.140864","1631","3.142844","1640","3.144168","1641","3.143216","1633","3.1434","1612","3.141324","1608","3.142636","1631","3.140424","1630","3.138604","1630","3.141092","1630","3.143152","1630","3.140828","1631","3.141192","1630","3.140976","1630","3.144676","1630","3.13988","1630","3.14042","1627","3.141972","1627","3.142472","1620","3.143072","1620","3.141252","1620","3.141332","1620","3.143584","1620","3.13894","1620","3.143716","1620","3.141116","1614","3.13872","1614","3.140084","1614","3.141116","1614","3.141896","1614","3.1415","1614","3.141804","1614","3.141472","1614","3.13996","1614","3.140888","1614","3.1415067599999986","1518","1733"
"89","3.143064","554","3.14536","554","3.14082","1100","3.140864","1680","3.141912","1700","3.139744","1091","3.142816","1653","3.141228","1697","3.142216","1677","3.139416","1627","3.141412","1675","3.142484","1659","3.140588","1713","3.144752","1675","3.139596","1713","3.14498","1660","3.141232","1713","3.141276","1713","3.14142","1694","3.139184","1693","3.14282","1623","3.141284","1713","3.144816","1713","3.142604","1713","3.1432","1674","3.13996","1712","3.14104","1709","3.141732","1709","3.14114","1710","3.1395","1709","3.1402","1710","3.139536","1710","3.14184","1709","3.143868","1662","3.142104","1669","3.140392","1710","3.142384","1708","3.13942","1710","3.138972","1682","3.14298","1710","3.14212","1709","3.1387","1709","3.142748","1709","3.141916","1682","3.138504","1709","3.141164","1709","3.141708","1708","3.140588","1709","3.139344","1706","3.140692","1706","3.142564","1705","3.143104","1707","3.140404","1705","3.138224","1707","3.139728","1706","3.140952","1708","3.144552","1706","3.146364","1705","3.139916","1706","3.143712","1676","3.144608","1701","3.142492","1702","3.14286","1702","3.139512","1700","3.140664","1675","3.14106","1676","3.141112","1698","3.140924","1698","3.145016","1701","3.141868","1700","3.140584","1698","3.13734","1701","3.142116","1698","3.143592","1699","3.141792","1702","3.142808","1675","3.144672","1702","3.143884","1698","3.14256","1699","3.141604","1698","3.13892","1701","3.141652","1698","3.140992","1698","3.142908","1700","3.139768","1699","3.14374","1699","3.140336","1698","3.139396","1697","3.143544","1699","3.143556","1701","3.141164","1701","3.141668","1676","3.139596","1671","3.14092","1676","3.142076","1700","3.140964","1698","3.138888","1698","3.143064","1670","3.140008","1698","3.137028","1698","3.1415241599999995","1660","1726"
"90","3.139376","1692","3.138012","1637","3.142192","1585","3.139976","1561","3.143656","1585","3.139556","1605","3.14176","1666","3.141736","1667","3.14198","1692","3.138736","1692","3.138352","1666","3.140232","1636","3.137668","1692","3.142412","1561","3.144588","1692","3.139808","1666","3.14344","1666","3.141492","1692","3.144956","1692","3.139056","1692","3.140512","1604","3.142728","1670","3.144708","1670","3.140492","1670","3.143704","1645","3.142816","1646","3.140876","1646","3.137872","1615","3.140112","1646","3.140756","1663","3.142288","1663","3.140744","1663","3.14008","1663","3.141964","1663","3.140508","1608","3.144448","1663","3.143476","1663","3.139408","1663","3.14112","1654","3.144692","1654","3.143204","1653","3.142032","1653","3.139516","1653","3.142852","1598","3.139524","1653","3.143128","1653","3.142012","1653","3.14202","1599","3.138936","1649","3.141692","1650","3.139292","1650","3.138372","1650","3.14336","1650","3.143692","1650","3.14184","1650","3.142652","1650","3.141204","1650","3.143168","1650","3.1424","1650","3.13944","1649","3.14256","1596","3.13998","1590","3.141484","1642","3.139224","1629","3.142708","1628","3.142716","1628","3.139332","1626","3.14088","1626","3.13914","1625","3.141424","1628","3.141768","1627","3.140108","1635","3.141488","1629","3.141784","1633","3.142844","1633","3.144396","1623","3.13922","1623","3.14306","1625","3.142204","1633","3.136508","1630","3.142212","1629","3.144108","1627","3.140964","1627","3.141532","1628","3.13926","1628","3.142764","1628","3.141496","1622","3.14096","1628","3.140828","1612","3.146372","1607","3.141072","1602","3.140716","1609","3.141784","1607","3.143984","1608","3.14382","1607","3.140556","1599","3.140944","1608","3.143312","1608","3.14196","1594","3.143004","1597","3.1414709999999992","1637","1707"
"91","3.14002","58","3.140688","1648","3.141892","1661","3.140116","1695","3.140568","1696","3.140624","1708","3.141804","1695","3.143168","1695","3.141708","1696","3.142136","1695","3.142148","1660","3.140564","1702","3.138528","1695","3.143236","1675","3.13964","1710","3.13848","1649","3.14056","1705","3.14484","1710","3.141684","1703","3.141028","1697","3.144028","1708","3.141004","1703","3.140288","1702","3.14222","1707","3.1434","1703","3.14026","1697","3.143024","1708","3.14186","1695","3.140504","1696","3.140044","1695","3.14234","1701","3.144752","1711","3.141812","1704","3.140036","1695","3.140188","1706","3.142672","1706","3.141684","1701","3.138424","1668","3.14178","1707","3.14254","1696","3.141048","1709","3.141856","1709","3.140488","1695","3.141208","1710","3.144156","1707","3.142192","1708","3.1414","1695","3.143364","1704","3.141032","1697","3.141556","1695","3.142136","1695","3.141296","1708","3.145632","1710","3.14098","1705","3.14442","1695","3.14298","1700","3.139768","1698","3.143432","1710","3.138928","1707","3.140968","1711","3.144464","1704","3.140744","1705","3.141144","1697","3.141824","1701","3.139736","1695","3.140224","1705","3.140716","1674","3.141912","1703","3.142252","1709","3.140208","1695","3.142016","1705","3.141968","1628","3.143096","1694","3.141584","1659","3.138072","1710","3.140824","1647","3.141604","1709","3.141548","1694","3.141188","1708","3.139896","1698","3.13902","1671","3.14294","1694","3.144796","1696","3.140544","1700","3.143312","1698","3.141252","1695","3.141396","1695","3.141188","1678","3.144612","1665","3.141384","1674","3.139536","1666","3.142872","1666","3.142428","1669","3.142588","1677","3.1435","1662","3.140784","1672","3.139772","1661","3.14036","1672","3.141392","1675","3.143372","1673","3.1415719999999987","1676","1712"
"92","3.138972","190","3.141792","1714","3.142408","1706","3.142476","1707","3.142476","1716","3.139052","1607","3.13988","1717","3.139232","1716","3.139752","1700","3.142704","1718","3.145344","1692","3.142784","1711","3.143124","1707","3.141672","1706","3.142588","1704","3.143128","1673","3.139032","1707","3.138272","1699","3.139076","1693","3.139268","1717","3.142428","1706","3.14332","1708","3.142656","1606","3.144164","1718","3.14496","1702","3.142172","1699","3.140248","1706","3.141724","1714","3.140564","1695","3.141248","1709","3.138632","1676","3.14226","1705","3.140396","1714","3.1406","1707","3.142104","1700","3.140824","1709","3.142736","1673","3.140836","1716","3.140936","1679","3.137404","1673","3.141968","1708","3.140316","1714","3.143008","1717","3.140356","1696","3.140176","1717","3.140668","1704","3.140304","1684","3.142036","1715","3.139816","1718","3.142968","1673","3.143776","1705","3.143576","1713","3.142228","1714","3.140508","1706","3.142944","1713","3.142148","1711","3.140848","1704","3.142376","1718","3.139208","1714","3.139612","1703","3.14168","1718","3.142336","1690","3.14208","1679","3.141876","1709","3.137044","1713","3.141988","1702","3.142724","1717","3.142596","1701","3.14084","1707","3.139484","1713","3.144012","1704","3.14312","1698","3.143992","1704","3.14236","1674","3.137932","1708","3.142248","1714","3.14526","1713","3.140312","1715","3.142048","1617","3.141496","1713","3.140132","1702","3.143216","1713","3.142612","1710","3.140924","1713","3.140452","1697","3.140968","1696","3.141328","1683","3.1429","1686","3.141964","1693","3.139336","1716","3.141068","1717","3.141516","1690","3.141788","1707","3.142616","1715","3.1395","1710","3.141988","1672","3.142656","1704","3.141876","1713","3.139772","1715","3.1397","1715","3.14143824","1686","1719"
"93","3.140992","221","3.141904","1686","3.143328","1432","3.136608","1713","3.142892","775","3.142164","1686","3.142852","1713","3.14166","1686","3.142404","1686","3.141424","1712","3.140892","1643","3.143012","1712","3.143396","1705","3.142092","1698","3.141492","1679","3.138688","1696","3.142796","1708","3.141812","1707","3.143828","1710","3.142504","1710","3.142836","1695","3.141912","1706","3.142012","1707","3.142964","1705","3.141156","1701","3.14266","1652","3.141136","1709","3.14378","1706","3.142764","1679","3.144576","1679","3.141096","1696","3.140972","1709","3.141012","1689","3.141888","1702","3.141812","1702","3.14446","1701","3.143484","1689","3.139964","1705","3.143352","1704","3.142172","1701","3.140392","1688","3.14132","1697","3.141192","1702","3.140672","1686","3.141716","1696","3.139716","1703","3.141344","1703","3.141128","1675","3.1423","1696","3.139788","1686","3.143648","1641","3.142692","1683","3.14388","1707","3.14072","1681","3.142212","1681","3.14142","1679","3.143436","1667","3.140816","1665","3.143608","1684","3.140256","1649","3.141884","1678","3.139964","1668","3.143176","1669","3.142108","1683","3.14398","1689","3.139776","1612","3.142144","1653","3.142564","1658","3.141","1684","3.140752","1684","3.140824","1684","3.141792","1683","3.140788","1657","3.141836","1665","3.142388","1689","3.141828","1683","3.139296","1654","3.141956","1682","3.14264","1689","3.141096","1670","3.141508","1662","3.141636","1665","3.141392","1667","3.143236","1666","3.14312","1685","3.140868","1668","3.144272","1665","3.142564","1666","3.141692","1668","3.14048","1652","3.14026","1668","3.142316","1656","3.140196","1656","3.142736","1639","3.14128","1656","3.14346","1656","3.143008","1656","3.1405","1640","3.141396","1656","3.143908","1641","3.141866240000001","1655","1746"
"94","3.13912","349","3.142556","1498","3.146396","1571","3.14316","1490","3.14078","1562","3.140348","1552","3.14066","1634","3.141376","1695","3.14028","1543","3.141852","1508","3.14052","1636","3.14138","1598","3.144092","1570","3.143864","1694","3.141124","1609","3.141952","1534","3.1415","1601","3.141672","1508","3.141324","1634","3.14162","1552","3.141908","1563","3.142256","1613","3.14192","1571","3.142456","1551","3.140588","1534","3.141184","1695","3.13916","1530","3.143896","1609","3.142592","1695","3.142512","1497","3.142028","1561","3.140208","1552","3.143004","1530","3.140408","1544","3.138844","1562","3.140192","1541","3.138648","1536","3.139468","1600","3.140396","1598","3.140664","1634","3.142664","1598","3.137048","1684","3.14202","1643","3.139444","1675","3.142348","1677","3.142824","1654","3.141936","1702","3.140676","1676","3.141396","1640","3.142508","1674","3.140988","1674","3.141768","1702","3.141828","1665","3.14132","1675","3.142324","1619","3.14304","1683","3.140628","1638","3.14166","1643","3.140812","1702","3.139912","1702","3.143988","1677","3.141524","1676","3.142244","1683","3.142832","1653","3.139924","1683","3.139488","1679","3.140236","1651","3.140868","1649","3.143036","1652","3.141164","1649","3.140764","1684","3.140492","1684","3.143536","1638","3.141632","1662","3.141512","1680","3.138392","1655","3.142148","1644","3.143272","1645","3.143232","1649","3.143628","1662","3.141152","1680","3.141348","1643","3.139352","1644","3.142636","1644","3.141984","1643","3.143308","1620","3.141204","1644","3.14072","1644","3.138912","1625","3.14148","1643","3.139292","1644","3.139376","1625","3.142736","1643","3.140184","1643","3.140484","1643","3.142296","1643","3.1409","1643","3.140856","1644","3.142404","1643","3.138728","1643","3.1413831599999997","1612","1722"
"95","3.141616","1167","3.13872","1136","3.139852","1179","3.141028","1166","3.144424","1135","3.138916","1178","3.141716","1169","3.139836","1120","3.13828","1161","3.141532","1168","3.140632","1161","3.14274","1167","3.142152","1000","3.143396","1166","3.14414","1161","3.14114","1716","3.141456","1666","3.1431","1716","3.140324","1716","3.142212","1716","3.142748","1722","3.140612","1716","3.1403","1715","3.142264","1722","3.142776","1723","3.141136","1649","3.140824","1717","3.142256","1720","3.138556","1649","3.142596","1645","3.139748","1715","3.142828","1716","3.140032","1716","3.139472","1716","3.138204","1722","3.13934","1666","3.139976","1686","3.143052","1709","3.145044","1703","3.139492","1698","3.142488","1700","3.142736","1698","3.141408","1699","3.140692","1698","3.143016","1699","3.139896","1709","3.140812","1705","3.143644","1702","3.142312","1710","3.143836","1698","3.142004","1708","3.143504","1704","3.140168","1698","3.137468","1710","3.140652","1709","3.141956","1700","3.1419","1698","3.141396","1702","3.14158","1703","3.140736","1708","3.142524","1710","3.140432","1627","3.143828","1699","3.142576","1705","3.139944","1703","3.141464","1709","3.143552","1698","3.141564","1698","3.13964","1704","3.142628","1698","3.140432","1698","3.142228","1708","3.139224","1701","3.140224","1698","3.142256","1698","3.13824","1702","3.140716","1699","3.138284","1633","3.141588","1701","3.139112","1700","3.138844","1707","3.14308","1698","3.142288","1700","3.139356","1698","3.145128","1698","3.139136","1648","3.142104","1659","3.142288","1710","3.14318","1707","3.142324","1697","3.141204","1707","3.13894","1703","3.140944","1667","3.139144","1660","3.142416","1660","3.13962","1662","3.1387","1669","3.14046","1668","3.142572","1657","3.143944","1665","3.141268","1613","1740"
"96","3.14338","159","3.143656","1703","3.13952","1704","3.14114","1703","3.142916","1706","3.140408","1669","3.13968","1704","3.1418","1687","3.139752","1682","3.140204","1697","3.139676","1699","3.141728","1707","3.140596","1678","3.144192","1685","3.141248","1693","3.141256","1669","3.139748","1675","3.138312","1705","3.1411","1694","3.144708","1701","3.14052","1699","3.141464","1669","3.14014","1694","3.142816","1706","3.144","1687","3.142372","1708","3.142468","1708","3.142648","1701","3.142116","1707","3.144692","1691","3.141136","1676","3.140936","1689","3.142828","1698","3.140912","1696","3.141772","1677","3.140792","1697","3.143096","1668","3.141204","1686","3.140084","1700","3.141916","1698","3.142192","1707","3.13924","1706","3.143156","1707","3.14278","1695","3.141212","1692","3.143036","1682","3.140952","1680","3.144068","1685","3.144916","1683","3.143048","1702","3.142872","1687","3.14296","1706","3.140172","1670","3.140976","1707","3.143852","1698","3.141952","1669","3.14118","1681","3.140232","1696","3.143452","1704","3.141816","1702","3.141052","1701","3.142244","1704","3.141024","1705","3.140552","1705","3.139528","1689","3.141228","1703","3.141864","1676","3.141524","1685","3.145376","1698","3.142992","1694","3.145464","1686","3.143696","1707","3.143716","1705","3.14096","1704","3.14304","1693","3.14318","1670","3.140272","1700","3.139784","1704","3.139928","1706","3.141416","1692","3.14214","1693","3.14358","1697","3.141584","1690","3.137316","1701","3.141328","1679","3.140452","1682","3.143648","1698","3.140088","1690","3.14066","1702","3.139628","1682","3.140516","1704","3.14124","1699","3.142692","1704","3.142756","1694","3.143304","1682","3.141228","1699","3.142168","1668","3.139596","1679","3.144124","1688","3.143824","1702","3.1417770800000007","1677","1709"
"97","3.143228","45","3.143988","342","3.141508","875","3.139524","939","3.142096","939","3.142812","888","3.143384","939","3.142104","939","3.139792","934","3.14064","934","3.142228","933","3.144604","934","3.140448","934","3.142884","933","3.141252","884","3.139304","1677","3.139744","1706","3.1409","1707","3.141752","1671","3.140952","1706","3.14178","1697","3.142948","1525","3.13934","1709","3.143648","1697","3.140408","1568","3.141784","1673","3.1421","1693","3.1418","1709","3.141164","1707","3.140968","1677","3.14058","1693","3.141164","1705","3.143852","1706","3.143008","1708","3.139432","1703","3.144072","1704","3.142136","1552","3.14308","1673","3.142548","1684","3.140932","1687","3.141588","1671","3.142412","1669","3.144112","1683","3.14108","1672","3.141868","1682","3.140152","1691","3.142428","1691","3.144588","1654","3.13876","1692","3.142076","1680","3.1403","1654","3.13874","1691","3.138496","1691","3.14068","1672","3.141768","1657","3.13952","1687","3.14056","1693","3.140808","1675","3.13914","1682","3.142136","1673","3.142272","1693","3.139692","1691","3.14254","1684","3.143452","1668","3.14114","1691","3.14166","1692","3.142728","1691","3.1415","1691","3.140456","1692","3.139156","1684","3.14224","1670","3.138896","1684","3.14322","1692","3.145636","1667","3.14314","1691","3.142844","1692","3.140684","1693","3.141128","1687","3.142188","1685","3.14028","1691","3.144172","1680","3.142644","1683","3.141376","1670","3.138592","1664","3.141156","1686","3.143332","1687","3.142376","1671","3.138952","1666","3.14296","1676","3.14272","1674","3.143308","1679","3.13996","1678","3.141196","1679","3.145308","1678","3.140256","1679","3.142344","1674","3.141736","1670","3.1433","1674","3.1433","1670","3.145336","1660","3.1417027599999994","1551","1740"
"98","3.144692","341","3.141724","404","3.141592","1696","3.141892","1695","3.141728","1695","3.140408","1695","3.144628","1650","3.139812","1695","3.13872","1695","3.142392","1695","3.142612","1695","3.141996","1651","3.144904","1676","3.142296","1695","3.142528","1695","3.142308","1695","3.141832","1674","3.142664","1695","3.140156","1695","3.143492","1676","3.140376","1674","3.141272","1695","3.143132","1695","3.144812","1695","3.13908","1695","3.142356","1673","3.142308","1695","3.142656","1651","3.140048","1694","3.143","1695","3.143948","1695","3.143412","1695","3.138812","1695","3.143164","1694","3.141144","1695","3.141356","1694","3.143056","1651","3.142772","1662","3.1402","1695","3.143932","1674","3.14066","1673","3.141308","1647","3.1449","1695","3.140116","1647","3.142048","1644","3.14002","1644","3.139872","1644","3.141884","1647","3.14336","1651","3.139664","1648","3.137728","1643","3.142656","1617","3.142992","1643","3.140628","1646","3.141692","1643","3.144184","1650","3.14214","1643","3.1407","1648","3.14332","1646","3.14044","1644","3.14088","1643","3.137836","1634","3.143552","1606","3.14226","1642","3.143168","1643","3.142992","1634","3.140416","1642","3.141968","1634","3.141968","1642","3.141332","1634","3.145356","1634","3.142832","1635","3.143288","1609","3.142888","1637","3.142664","1634","3.142456","1634","3.141788","1631","3.144632","1632","3.142656","1630","3.140352","1627","3.140416","1631","3.137868","1623","3.14168","1630","3.13912","1633","3.143024","1628","3.144808","1629","3.141408","1632","3.139044","1623","3.142968","1633","3.138544","1632","3.141248","1628","3.13904","1626","3.139752","1623","3.142868","1626","3.141016","1595","3.13878","1628","3.139524","1627","3.139116","1628","3.141712","1628","3.139924","1628","3.141706680000001","1629","1709"
"99","3.139296","1728","3.144352","1726","3.142212","1724","3.139744","1720","3.142848","1726","3.138796","1711","3.143448","1707","3.139708","1697","3.142612","1707","3.140608","1729","3.141304","1706","3.141612","1729","3.140876","1720","3.143236","1720","3.141076","1694","3.138284","1722","3.14038","1630","3.144972","1714","3.14266","1711","3.1441","1724","3.143304","1714","3.14116","1721","3.14168","1720","3.142264","1724","3.140548","1716","3.140296","1712","3.142028","1727","3.139188","1702","3.142804","1725","3.143892","1727","3.140456","1724","3.142188","1723","3.14242","1729","3.140068","1694","3.144444","1694","3.143528","1723","3.14084","1720","3.1403","1722","3.143452","1720","3.143172","1700","3.14246","1671","3.141196","1728","3.143352","1725","3.139568","1722","3.143652","1711","3.14154","1725","3.14412","1653","3.139508","1702","3.139292","1726","3.14318","1707","3.138332","1707","3.13912","1714","3.141348","1711","3.14234","1720","3.144156","1698","3.1432","1726","3.141168","1706","3.139264","1714","3.13878","1723","3.141284","1727","3.14028","1719","3.140244","1719","3.141884","1712","3.141828","1714","3.13992","1725","3.142616","1723","3.144976","1701","3.140724","1724","3.142624","1721","3.139716","1716","3.141176","1713","3.143664","1715","3.1418","1723","3.14018","1709","3.141968","1720","3.141524","1726","3.14316","1700","3.140888","1721","3.143124","1723","3.142108","1696","3.141364","1728","3.139932","1728","3.143396","1717","3.14228","1721","3.145476","1705","3.143736","1664","3.143324","1722","3.140212","1703","3.139644","1720","3.143208","1716","3.14458","1722","3.143596","1725","3.13968","1727","3.142156","1713","3.139916","1727","3.141992","1723","3.143444","1725","3.143816","1707","3.139684","1694","3.145288","1727","3.14178144","1714","1729"
"100","3.143076","30","3.142188","1656","3.142408","1163","3.142992","1072","3.140636","1656","3.140272","1069","3.142372","724","3.142044","1656","3.139776","1656","3.143544","1069","3.14408","883","3.143984","1057","3.140812","943","3.139996","912","3.138588","1057","3.14226","942","3.142784","1656","3.14124","1097","3.1427","943","3.142104","1057","3.141452","1635","3.140408","1660","3.141844","1650","3.14256","1475","3.140892","1649","3.144788","1661","3.143148","1634","3.140476","1651","3.141396","1650","3.143696","1661","3.141572","1621","3.143284","1659","3.138836","1650","3.142384","1660","3.142456","1660","3.14278","1660","3.14206","1659","3.13896","1660","3.140576","1651","3.141712","1656","3.140716","1657","3.142056","1657","3.143716","1656","3.138676","1657","3.1423","1656","3.144536","1657","3.141868","1657","3.140712","1657","3.140344","1657","3.142752","1657","3.141516","1657","3.141616","1656","3.142844","1615","3.139032","1657","3.141412","1656","3.14032","1656","3.14192","1656","3.139192","1656","3.142828","1657","3.138888","1656","3.141872","1657","3.14374","1656","3.141408","1638","3.142644","1588","3.143168","1657","3.14014","1612","3.142596","1657","3.14152","1656","3.141876","1656","3.142544","1656","3.1417","1656","3.14084","1635","3.143836","1656","3.14122","1657","3.14124","1656","3.14084","1637","3.137236","1657","3.144452","1656","3.142144","1599","3.141436","1656","3.139728","1657","3.14358","1656","3.138696","1656","3.139132","1623","3.141376","1656","3.140392","1656","3.142032","1657","3.142996","1656","3.142836","1656","3.144352","1634","3.141236","1656","3.143116","1656","3.142044","1656","3.142668","1627","3.141556","1656","3.142396","1656","3.144088","1656","3.143048","1656","3.140216","1656","3.142216","1656","3.1417453600000003","1541","1726"
"Averages","3.1416616000000004","457","3.1419482800000003","1130","3.141364719999999","1267","3.1416190000000017","1278","3.1419335600000005","1332","3.1412868400000007","1396","3.141806439999999","1451","3.141459119999999","1473","3.1417800799999993","1486","3.1416087999999984","1479","3.1414866400000006","1491","3.14189876","1510","3.141486000000001","1520","3.1417666399999997","1538","3.1411691200000007","1520","3.14147832","1560","3.141475600000001","1563","3.1415051200000006","1569","3.1413673199999983","1563","3.1417101599999997","1584","3.141468719999998","1614","3.141663399999999","1625","3.1415709999999986","1638","3.1418313999999996","1631","3.1416755600000013","1634","3.1415603999999977","1631","3.1414474800000005","1637","3.141772119999999","1634","3.1415076799999992","1639","3.1417884","1641","3.14136268","1644","3.141618240000001","1652","3.141579320000001","1656","3.1418769600000007","1655","3.1413597600000007","1654","3.14154584","1659","3.14151952","1659","3.141367519999999","1663","3.1416930399999994","1665","3.1418483600000013","1662","3.1416141200000016","1663","3.1415307200000013","1666","3.141858400000001","1671","3.1416379199999995","1670","3.1414854799999996","1666","3.141590120000001","1672","3.1413673599999994","1677","3.1415832","1677","3.141426800000001","1673","3.14172108","1680","3.1418599199999995","1679","3.1415817599999993","1676","3.14135056","1677","3.1417010399999987","1678","3.141416119999999","1680","3.1418587199999997","1676","3.141773880000001","1676","3.141586079999999","1677","3.1413080000000013","1679","3.1414050399999995","1676","3.1415454800000004","1678","3.1413261200000004","1678","3.141474599999999","1676","3.1415739200000017","1679","3.141369960000002","1678","3.14171676","1676","3.1417804","1673","3.142013680000001","1677","3.14173344","1677","3.1413574399999997","1678","3.1415230399999996","1677","3.141571519999999","1677","3.1416788399999986","1676","3.1417669999999993","1675","3.1417205999999998","1674","3.14164004","1673","3.141584119999999","1672","3.1418611999999997","1673","3.1416210399999995","1670","3.1413718400000006","1672","3.1417341600000004","1670","3.1416146400000016","1671","3.1417696399999984","1667","3.1413625600000006","1669","3.1416903200000004","1667","3.1414663199999997","1666","3.14171648","1667","3.141615","1665","3.1415445199999987","1665","3.14169256","1663","3.1416804000000007","1664","3.1416025999999992","1663","3.1414358800000004","1663","3.141684","1662","3.1414844399999997","1661","3.14136012","1659","3.1419666799999995","1659","3.1418876000000013","1658","3.1416818399999986","1658","3.14171192","1656","3.141604585600001","1613","1772"
