"Iteration Count","Job[1] Result","Job[1] Runtime (ms)","Job[2] Result","Job[2] Runtime (ms)","Job[3] Result","Job[3] Runtime (ms)","Job[4] Result","Job[4] Runtime (ms)","Job[5] Result","Job[5] Runtime (ms)","Job[6] Result","Job[6] Runtime (ms)","Job[7] Result","Job[7] Runtime (ms)","Job[8] Result","Job[8] Runtime (ms)","Job[9] Result","Job[9] Runtime (ms)","Job[10] Result","Job[10] Runtime (ms)","Job[11] Result","Job[11] Runtime (ms)","Job[12] Result","Job[12] Runtime (ms)","Job[13] Result","Job[13] Runtime (ms)","Job[14] Result","Job[14] Runtime (ms)","Job[15] Result","Job[15] Runtime (ms)","Job[16] Result","Job[16] Runtime (ms)","Job[17] Result","Job[17] Runtime (ms)","Job[18] Result","Job[18] Runtime (ms)","Job[19] Result","Job[19] Runtime (ms)","Job[20] Result","Job[20] Runtime (ms)","Job[21] Result","Job[21] Runtime (ms)","Job[22] Result","Job[22] Runtime (ms)","Job[23] Result","Job[23] Runtime (ms)","Job[24] Result","Job[24] Runtime (ms)","Job[25] Result","Job[25] Runtime (ms)","Job[26] Result","Job[26] Runtime (ms)","Job[27] Result","Job[27] Runtime (ms)","Job[28] Result","Job[28] Runtime (ms)","Job[29] Result","Job[29] Runtime (ms)","Job[30] Result","Job[30] Runtime (ms)","Job[31] Result","Job[31] Runtime (ms)","Job[32] Result","Job[32] Runtime (ms)","Job[33] Result","Job[33] Runtime (ms)","Job[34] Result","Job[34] Runtime (ms)","Job[35] Result","Job[35] Runtime (ms)","Job[36] Result","Job[36] Runtime (ms)","Job[37] Result","Job[37] Runtime (ms)","Job[38] Result","Job[38] Runtime (ms)","Job[39] Result","Job[39] Runtime (ms)","Job[40] Result","Job[40] Runtime (ms)","Job[41] Result","Job[41] Runtime (ms)","Job[42] Result","Job[42] Runtime (ms)","Job[43] Result","Job[43] Runtime (ms)","Job[44] Result","Job[44] Runtime (ms)","Job[45] Result","Job[45] Runtime (ms)","Job[46] Result","Job[46] Runtime (ms)","Job[47] Result","Job[47] Runtime (ms)","Job[48] Result","Job[48] Runtime (ms)","Job[49] Result","Job[49] Runtime (ms)","Job[50] Result","Job[50] Runtime (ms)","Job[51] Result","Job[51] Runtime (ms)","Job[52] Result","Job[52] Runtime (ms)","Job[53] Result","Job[53] Runtime (ms)","Job[54] Result","Job[54] Runtime (ms)","Job[55] Result","Job[55] Runtime (ms)","Job[56] Result","Job[56] Runtime (ms)","Job[57] Result","Job[57] Runtime (ms)","Job[58] Result","Job[58] Runtime (ms)","Job[59] Result","Job[59] Runtime (ms)","Job[60] Result","Job[60] Runtime (ms)","Job[61] Result","Job[61] Runtime (ms)","Job[62] Result","Job[62] Runtime (ms)","Job[63] Result","Job[63] Runtime (ms)","Job[64] Result","Job[64] Runtime (ms)","Job[65] Result","Job[65] Runtime (ms)","Job[66] Result","Job[66] Runtime (ms)","Job[67] Result","Job[67] Runtime (ms)","Job[68] Result","Job[68] Runtime (ms)","Job[69] Result","Job[69] Runtime (ms)","Job[70] Result","Job[70] Runtime (ms)","Job[71] Result","Job[71] Runtime (ms)","Job[72] Result","Job[72] Runtime (ms)","Job[73] Result","Job[73] Runtime (ms)","Job[74] Result","Job[74] Runtime (ms)","Job[75] Result","Job[75] Runtime (ms)","Job[76] Result","Job[76] Runtime (ms)","Job[77] Result","Job[77] Runtime (ms)","Job[78] Result","Job[78] Runtime (ms)","Job[79] Result","Job[79] Runtime (ms)","Job[80] Result","Job[80] Runtime (ms)","Job[81] Result","Job[81] Runtime (ms)","Job[82] Result","Job[82] Runtime (ms)","Job[83] Result","Job[83] Runtime (ms)","Job[84] Result","Job[84] Runtime (ms)","Job[85] Result","Job[85] Runtime (ms)","Job[86] Result","Job[86] Runtime (ms)","Job[87] Result","Job[87] Runtime (ms)","Job[88] Result","Job[88] Runtime (ms)","Job[89] Result","Job[89] Runtime (ms)","Job[90] Result","Job[90] Runtime (ms)","Job[91] Result","Job[91] Runtime (ms)","Job[92] Result","Job[92] Runtime (ms)","Job[93] Result","Job[93] Runtime (ms)","Job[94] Result","Job[94] Runtime (ms)","Job[95] Result","Job[95] Runtime (ms)","Job[96] Result","Job[96] Runtime (ms)","Job[97] Result","Job[97] Runtime (ms)","Job[98] Result","Job[98] Runtime (ms)","Job[99] Result","Job[99] Runtime (ms)","Job[100] Result","Job[100] Runtime (ms)","Average Result","Average Runtime (ms)","Total Runtime (ms)"
"1","3.143928","2404","3.142608","2400","3.138776","2351","3.143168","2426","3.141716","2393","3.142536","2394","3.143168","2393","3.142208","2426","3.143","2393","3.14352","2288","3.14106","2332","3.139716","2336","3.140928","2364","3.142148","2287","3.141416","2317","3.140424","2284","3.143788","2238","3.140776","2285","3.139384","2317","3.142032","2316","3.139828","2283","3.142452","2239","3.14328","2287","3.141364","2239","3.140648","2283","3.140664","2287","3.14278","2315","3.140212","2284","3.14114","2286","3.142348","2315","3.14026","2315","3.14386","2281","3.143564","2287","3.141028","2283","3.142784","2314","3.142392","2282","3.143336","2282","3.144612","2185","3.139476","2231","3.142176","2157","3.14092","2126","3.14138","2197","3.143936","2196","3.142684","2150","3.141372","2184","3.142916","2183","3.14302","2186","3.142956","2182","3.141052","2186","3.142652","2182","3.142108","2182","3.141896","2111","3.140672","2182","3.142384","2085","3.1425","2159","3.142264","2189","3.143404","2161","3.141292","2158","3.143104","2155","3.143444","2160","3.142472","2188","3.142604","2161","3.139732","2154","3.141308","2161","3.142948","2159","3.142592","2188","3.140456","2156","3.140544","2158","3.138344","2159","3.137896","2154","3.139984","2161","3.139764","2187","3.14144","2159","3.140904","2158","3.140708","2158","3.142464","2154","3.140472","2158","3.142404","2157","3.141944","2156","3.14416","2109","3.140492","2109","3.143272","2083","3.141284","2109","3.1419","2109","3.1431","2109","3.14336","2083","3.141876","2108","3.143692","2080","3.14114","2108","3.140644","2107","3.139064","2107","3.143096","2107","3.141908","2107","3.139588","2107","3.14168","2107","3.139484","2107","3.143592","2107","3.142788","2107","3.139208","2106","3.140052","2107","3.141748200000001","2209","4342"
"2","3.140216","80","3.14182","190","3.139364","106","3.143088","135","3.140384","346","3.14146","346","3.14238","345","3.141368","375","3.145368","418","3.138284","466","3.143792","536","3.141016","1003","3.144696","535","3.143108","1002","3.139744","1208","3.142448","1208","3.139968","793","3.144012","871","3.141316","1208","3.138932","1200","3.144732","669","3.137016","689","3.144528","1158","3.140712","1137","3.143536","1157","3.140084","1157","3.138492","1157","3.143536","1093","3.144152","1157","3.138788","1157","3.144604","1157","3.141512","1157","3.143368","1157","3.141332","1157","3.142556","1157","3.139112","1157","3.140688","1157","3.139684","1115","3.142628","1157","3.142552","1083","3.143792","1064","3.142416","1064","3.144976","1064","3.141176","1064","3.144012","1083","3.14048","1064","3.141032","1064","3.142256","1064","3.142228","1083","3.14066","1063","3.141088","1063","3.14114","1083","3.140476","1083","3.14048","1083","3.141368","1083","3.142512","1082","3.145244","1083","3.141372","1063","3.14002","1063","3.14082","1083","3.139824","1083","3.141","1083","3.140556","1081","3.14172","1064","3.141792","1063","3.14112","1083","3.142092","1081","3.13976","1082","3.140352","1082","3.140692","1083","3.142248","1063","3.140776","1062","3.138672","1082","3.142688","1082","3.142052","1063","3.140864","1081","3.141864","1082","3.139688","1063","3.141472","1079","3.142396","1079","3.141764","1079","3.14002","1079","3.142216","1096","3.13974","1104","3.140044","1079","3.1404","1079","3.140308","1105","3.13984","1104","3.142388","1087","3.142328","1062","3.142904","1064","3.143352","1064","3.13838","1063","3.138892","1064","3.140304","1040","3.139848","1040","3.143212","1040","3.141464","921","3.141008","878","3.141392","843","3.1414535599999995","982","1381"
"3","3.140492","470","3.142752","469","3.140788","470","3.1399","362","3.14334","470","3.142724","400","3.140844","400","3.1405","470","3.139864","400","3.138712","486","3.138676","470","3.140808","400","3.141928","470","3.138828","470","3.142152","469","3.141448","396","3.141332","469","3.14256","460","3.138604","460","3.142372","486","3.139332","459","3.1429","458","3.141356","485","3.14052","465","3.143724","422","3.13866","465","3.139592","465","3.139676","465","3.141716","465","3.139408","422","3.137256","463","3.139564","462","3.142388","462","3.139456","462","3.143176","455","3.13992","446","3.140848","455","3.143912","853","3.141444","726","3.142968","726","3.143208","725","3.145348","725","3.141252","726","3.142504","726","3.142428","731","3.145804","728","3.145176","731","3.141028","724","3.141616","725","3.13994","730","3.139528","731","3.140404","725","3.139784","725","3.140664","725","3.140768","725","3.144852","695","3.142476","725","3.14362","725","3.144824","693","3.143032","728","3.141268","732","3.14364","724","3.141556","730","3.14016","725","3.144156","725","3.14036","725","3.141576","724","3.142224","725","3.143988","725","3.141648","729","3.142904","725","3.141856","730","3.13972","725","3.1434","729","3.139948","556","3.142464","467","3.144204","467","3.141084","466","3.143044","448","3.142292","447","3.144648","448","3.140028","466","3.143628","466","3.14116","449","3.140484","448","3.14068","448","3.135824","448","3.141176","447","3.143104","447","3.139676","448","3.143688","446","3.140216","449","3.143772","448","3.140076","445","3.139924","446","3.1376","448","3.142456","448","3.141816","448","3.141172","446","3.140736","449","3.1414805199999996","555","936"
"4","3.141248","968","3.139284","1095","3.14148","1044","3.14518","1064","3.14092","1043","3.141536","1064","3.141308","1064","3.141672","1064","3.141884","1064","3.1414","1065","3.139908","1064","3.139792","1064","3.141236","1064","3.143108","1064","3.142804","1064","3.141696","1064","3.139308","1042","3.13994","1064","3.141832","1064","3.1387","1063","3.14092","1063","3.14252","1085","3.142156","1084","3.141948","1054","3.143244","1054","3.145464","1054","3.140632","1053","3.142672","1054","3.140396","1053","3.141248","1085","3.140932","1085","3.144896","1084","3.139944","1054","3.14004","1053","3.1411","1054","3.142004","1054","3.1422","1054","3.140472","1054","3.143264","1084","3.142648","1054","3.143256","1053","3.142116","1054","3.144184","1084","3.141852","1084","3.144912","1053","3.143288","1083","3.140864","1077","3.145684","1064","3.14236","1081","3.139788","1060","3.139432","1076","3.14334","1076","3.1427","1060","3.143212","1059","3.138416","1059","3.13988","1076","3.1399","1060","3.142588","1060","3.139912","1076","3.141424","1060","3.138096","1060","3.142636","1076","3.1415","1060","3.140748","1060","3.142376","1060","3.142568","1076","3.141172","1076","3.142156","1076","3.140076","1076","3.140748","1028","3.145268","1060","3.14164","1076","3.143928","1059","3.140432","1076","3.141016","1076","3.143544","1059","3.140648","1072","3.14284","1072","3.14076","1071","3.139652","1045","3.144536","1045","3.142944","1045","3.14236","1045","3.142056","1045","3.141224","1045","3.142192","1045","3.142756","1045","3.14218","1045","3.139304","1044","3.138828","1044","3.141912","1044","3.13956","1044","3.139768","1044","3.13954","1044","3.138904","1044","3.143624","1044","3.14254","1044","3.14398","1230","3.142356","1043","3.141116","1230","3.1416552800000015","1063","1300"
"5","3.14174","598","3.142792","682","3.142588","623","3.141668","779","3.142268","682","3.141764","815","3.14176","951","3.14298","951","3.141452","778","3.140744","949","3.141952","949","3.142692","949","3.14282","949","3.14262","912","3.142472","971","3.142404","998","3.141196","949","3.143232","949","3.140388","949","3.140192","891","3.143956","993","3.14092","993","3.142224","944","3.14442","944","3.140456","965","3.139388","939","3.140624","988","3.14144","940","3.142488","989","3.141068","939","3.141292","960","3.1409","960","3.141052","960","3.138356","960","3.14402","960","3.143044","957","3.14264","957","3.141252","957","3.140072","984","3.141596","957","3.143964","957","3.141484","983","3.141964","978","3.14016","951","3.141208","978","3.141256","978","3.143068","950","3.140036","950","3.141312","977","3.139744","951","3.142572","950","3.140352","977","3.145292","978","3.13878","977","3.140944","977","3.14216","978","3.141292","978","3.143452","977","3.140672","977","3.141964","972","3.141712","972","3.141748","972","3.142208","944","3.139276","973","3.140828","972","3.140872","972","3.141424","968","3.144616","968","3.142028","968","3.14126","968","3.141336","968","3.145144","969","3.141096","969","3.141644","956","3.141444","957","3.139336","951","3.142952","952","3.143052","948","3.145148","947","3.144608","944","3.140172","944","3.140572","944","3.13662","944","3.143984","940","3.13936","938","3.144604","938","3.141312","938","3.142712","937","3.141444","930","3.139092","930","3.142656","923","3.143748","923","3.140964","922","3.144904","922","3.141772","919","3.139024","918","3.143464","918","3.142932","918","3.14194","918","3.140628","919","3.1417624400000004","937","1004"
"6","3.142688","738","3.14118","554","3.14292","737","3.140524","737","3.140076","737","3.141784","734","3.140448","757","3.142152","757","3.141596","734","3.138476","924","3.142704","940","3.14174","941","3.144512","941","3.141716","923","3.143156","922","3.142056","922","3.140604","940","3.141908","940","3.142132","941","3.140908","940","3.14186","940","3.143448","941","3.142468","941","3.142616","941","3.14208","941","3.143256","922","3.14166","941","3.141652","940","3.139884","941","3.140344","922","3.144244","941","3.140328","923","3.141696","940","3.141668","923","3.14112","941","3.14406","941","3.144184","940","3.14464","940","3.142068","940","3.141412","922","3.14244","922","3.138932","922","3.139596","940","3.138324","941","3.141032","941","3.140432","941","3.141768","922","3.142912","941","3.142648","941","3.14184","940","3.140744","940","3.141048","941","3.141516","940","3.139676","940","3.137232","940","3.142076","940","3.140236","940","3.145752","940","3.140828","922","3.139652","940","3.138324","922","3.141772","922","3.139316","940","3.140824","922","3.142576","940","3.142856","922","3.138376","940","3.143024","940","3.14266","939","3.1422","940","3.1407","939","3.139856","922","3.142072","940","3.140016","940","3.142016","926","3.141204","926","3.143512","926","3.142112","926","3.141404","926","3.1423","926","3.141852","925","3.14046","925","3.142464","926","3.140872","907","3.140668","926","3.139744","926","3.140972","925","3.140468","907","3.141384","925","3.143152","922","3.140828","901","3.140612","918","3.142424","907","3.13912","906","3.141624","888","3.142752","897","3.1406","898","3.140376","897","3.142948","889","3.138536","889","3.1414562800000003","910","952"
"7","3.140924","274","3.138508","295","3.138684","295","3.144124","295","3.141488","755","3.139384","931","3.143568","894","3.14086","776","3.14414","836","3.142868","894","3.139736","893","3.141296","931","3.141908","911","3.141388","836","3.141864","931","3.14088","948","3.140612","893","3.14368","948","3.140948","931","3.138964","931","3.142728","894","3.141764","948","3.141188","911","3.140684","948","3.141704","835","3.143848","894","3.141992","835","3.140212","949","3.1426","894","3.141188","931","3.142912","931","3.1402","948","3.1426","948","3.14492","948","3.13726","931","3.138096","776","3.138576","931","3.143344","931","3.139372","931","3.13734","911","3.139096","905","3.14318","905","3.139676","896","3.143112","895","3.138136","894","3.142164","895","3.14094","894","3.142588","874","3.142988","891","3.141984","891","3.141576","891","3.142968","891","3.142836","890","3.141164","891","3.14578","888","3.141408","887","3.140364","888","3.143848","887","3.144776","871","3.143","879","3.141528","864","3.142312","864","3.143056","864","3.141808","864","3.139812","880","3.140896","880","3.142076","863","3.142428","863","3.142172","861","3.139316","857","3.142276","858","3.14406","857","3.1406","868","3.144368","868","3.142588","868","3.13904","868","3.142432","868","3.145112","868","3.143004","868","3.142392","851","3.142232","868","3.1427","868","3.139688","868","3.142636","868","3.14104","850","3.139848","868","3.139388","865","3.141564","864","3.140992","864","3.140212","864","3.139504","864","3.140416","864","3.142264","864","3.142404","864","3.138808","847","3.143284","864","3.141416","864","3.14074","864","3.143536","864","3.142032","864","3.1415591599999986","859","973"
"8","3.140812","31","3.142312","96","3.145688","95","3.140764","90","3.14022","84","3.141656","64","3.143908","96","3.141248","811","3.140644","837","3.14344","752","3.14516","811","3.13984","810","3.141872","781","3.141184","752","3.141036","753","3.143484","723","3.141868","752","3.140172","837","3.13832","731","3.140044","837","3.142152","812","3.141492","811","3.14244","811","3.1421","812","3.140784","812","3.14028","790","3.143448","812","3.14046","785","3.145452","812","3.142732","811","3.143508","792","3.140284","793","3.142692","791","3.141288","792","3.141292","791","3.1426","791","3.142148","791","3.140848","791","3.142844","792","3.145412","790","3.139756","791","3.141192","791","3.141172","790","3.140964","790","3.13816","791","3.14218","790","3.142932","791","3.139572","791","3.143696","791","3.14058","791","3.13914","791","3.14092","790","3.142232","790","3.139744","790","3.142504","791","3.13948","790","3.1404","791","3.139356","791","3.14012","791","3.14308","788","3.141844","788","3.14208","788","3.141768","788","3.14456","788","3.143392","788","3.142584","788","3.143884","787","3.139452","788","3.142516","788","3.140392","788","3.14158","787","3.14026","788","3.144248","788","3.143724","788","3.144156","787","3.141884","788","3.141816","787","3.14024","788","3.142004","788","3.142032","787","3.140764","787","3.141044","788","3.141944","787","3.139212","788","3.14106","787","3.143116","766","3.143144","787","3.142004","788","3.142096","787","3.13944","787","3.142992","787","3.14428","787","3.1406","787","3.143036","787","3.139284","787","3.141344","788","3.137648","787","3.142344","788","3.14326","788","3.140524","787","3.1416866","740","879"
"9","3.13982","1037","3.142356","645","3.139304","869","3.14006","1034","3.137184","1051","3.140752","1033","3.137708","1051","3.143048","1012","3.140612","975","3.140732","1052","3.143288","1071","3.139188","1051","3.141416","1108","3.138628","975","3.141888","1108","3.141612","975","3.143448","1047","3.1414","1029","3.13868","1067","3.142608","1066","3.140884","1084","3.143276","1085","3.142212","1085","3.142616","1085","3.14178","1085","3.141532","1084","3.142692","1047","3.140044","1066","3.14312","1066","3.14204","1065","3.143252","1085","3.138812","1047","3.140224","1085","3.141716","1084","3.142212","1066","3.140464","1083","3.14302","1083","3.141292","1083","3.140832","1083","3.143352","1084","3.140232","1083","3.13942","1102","3.14358","1083","3.142252","1082","3.14106","1082","3.142972","1064","3.140604","1082","3.142456","1064","3.141068","1064","3.139584","1081","3.142484","1081","3.143564","1081","3.141356","1043","3.141916","1077","3.141632","1045","3.144932","1041","3.141324","1041","3.142588","1033","3.14166","1052","3.145828","1050","3.140896","1051","3.13898","1051","3.139368","1051","3.140036","1051","3.144452","1051","3.140808","1051","3.142196","1050","3.140784","1051","3.140256","1051","3.139416","1050","3.141968","1051","3.141676","1051","3.14362","1051","3.146288","1051","3.14078","1050","3.139328","1050","3.141496","1032","3.141224","1051","3.141112","1051","3.142168","1051","3.143156","1050","3.139572","1050","3.137968","1051","3.141268","1050","3.139688","1050","3.1406","1050","3.14198","1050","3.14188","1050","3.141236","1050","3.143044","1051","3.141752","1050","3.138908","1050","3.141764","1050","3.140976","1050","3.139944","1050","3.140624","1050","3.139916","1050","3.140924","1050","3.140336","1051","3.145252","1050","3.141372560000001","1051","1113"
"10","3.143368","816","3.141024","1309","3.145076","1409","3.143524","1410","3.14162","1410","3.141728","1409","3.140928","1388","3.139228","1409","3.142464","1388","3.143072","1410","3.141664","1410","3.146412","1410","3.139888","1409","3.13978","1409","3.142504","1388","3.142588","1409","3.1425","1409","3.140712","1409","3.142368","1410","3.142028","1409","3.142448","1410","3.143772","1410","3.141652","1409","3.140232","1410","3.141148","1388","3.137704","1409","3.139484","1409","3.142836","1409","3.142852","1409","3.142172","1409","3.144188","1404","3.144276","1405","3.143364","1404","3.145992","1404","3.139464","1383","3.142952","1405","3.140752","1405","3.140544","1405","3.142988","1404","3.143792","1383","3.1422","1404","3.141292","1404","3.14192","1404","3.146828","1404","3.14022","1404","3.14382","1359","3.141612","1404","3.139628","1405","3.14194","1405","3.140904","1404","3.145696","1404","3.141852","1404","3.14084","1404","3.142856","1405","3.138744","1404","3.14192","1404","3.141632","1404","3.140016","1404","3.14028","1403","3.144892","1404","3.1418","1404","3.141396","1405","3.142912","1382","3.140596","1403","3.141008","1383","3.140128","1404","3.142172","1404","3.14136","1382","3.145432","1404","3.144088","1405","3.141792","1404","3.139608","1404","3.142388","1404","3.14118","1404","3.140284","1383","3.139424","1383","3.140308","1403","3.14146","1404","3.142892","1404","3.141492","1404","3.141876","1404","3.142868","1404","3.14068","1403","3.143268","1403","3.138064","1405","3.140876","1383","3.14188","1403","3.14008","1403","3.14344","1404","3.141224","1400","3.14236","1400","3.139676","1401","3.141348","1401","3.140616","1379","3.144368","1395","3.13968","1395","3.141388","1379","3.141804","1373","3.142376","1437","3.140688","1295","3.1418445999999993","1393","1476"
"11","3.143556","597","3.143108","599","3.138792","949","3.142356","1008","3.141608","1008","3.140992","907","3.140528","1008","3.142072","1008","3.142076","1008","3.141132","1008","3.142728","988","3.143856","1009","3.14076","988","3.141752","1008","3.141292","988","3.144124","1008","3.142664","948","3.141764","907","3.14394","1008","3.140784","988","3.140724","928","3.14402","1008","3.14478","1008","3.142976","1008","3.138792","988","3.141612","1008","3.141308","1008","3.145208","1008","3.143124","968","3.14136","968","3.138968","1007","3.14156","1008","3.142708","988","3.139848","1008","3.14296","973","3.14036","992","3.14194","993","3.143076","992","3.141408","932","3.14454","993","3.140168","992","3.1387","992","3.144796","992","3.142192","993","3.1423","973","3.139256","992","3.140924","973","3.143256","992","3.141956","992","3.14242","993","3.143244","974","3.141044","974","3.143828","1008","3.140896","974","3.141076","974","3.142432","974","3.141","974","3.143696","974","3.141932","1008","3.141156","1008","3.141628","1008","3.1398","974","3.138048","1008","3.14036","1001","3.142124","1001","3.145196","1000","3.141756","992","3.140676","975","3.14556","992","3.139912","992","3.141308","992","3.14138","992","3.142516","992","3.141236","958","3.137568","992","3.140124","992","3.143608","958","3.14072","992","3.140816","958","3.14094","992","3.141812","992","3.142188","992","3.14344","992","3.13854","992","3.140828","975","3.137924","991","3.139188","992","3.13958","975","3.14248","991","3.141612","975","3.14078","992","3.141828","991","3.138652","992","3.143516","969","3.143616","969","3.141212","968","3.139496","891","3.143768","891","3.143148","889","3.143132","872","3.141694439999999","975","1047"
"12","3.141308","184","3.140668","621","3.140556","549","3.14166","549","3.142832","549","3.142824","621","3.141864","620","3.142052","620","3.142224","544","3.139924","888","3.139692","866","3.143828","845","3.143132","866","3.144268","845","3.14194","845","3.143464","907","3.142744","866","3.141164","887","3.143524","946","3.142024","903","3.143768","902","3.141156","903","3.140316","903","3.14014","903","3.143112","921","3.140388","903","3.144816","883","3.142464","902","3.140736","903","3.139156","902","3.143732","883","3.142116","902","3.13896","921","3.143324","903","3.140888","921","3.141676","902","3.142348","902","3.142016","921","3.143592","889","3.143708","907","3.143188","907","3.14106","907","3.139716","889","3.139284","907","3.142704","907","3.140948","877","3.143264","896","3.142216","896","3.138404","877","3.14226","896","3.144672","877","3.14154","896","3.141784","877","3.142536","877","3.140108","895","3.143012","895","3.13984","871","3.141464","871","3.143236","889","3.14238","889","3.14144","890","3.141264","890","3.140868","889","3.140448","879","3.141284","879","3.144488","879","3.141636","879","3.140636","879","3.140612","879","3.143272","879","3.142272","879","3.143348","879","3.1437","879","3.141308","879","3.140044","879","3.140816","879","3.143024","879","3.14116","879","3.141824","879","3.141744","879","3.143392","879","3.145","878","3.140144","878","3.141776","879","3.14066","872","3.139476","872","3.142856","872","3.141812","872","3.142144","873","3.14336","873","3.139972","872","3.143332","872","3.143172","869","3.137888","869","3.1409","869","3.142012","869","3.142296","869","3.139888","869","3.14066","869","3.143484","869","3.1418313200000005","854","957"
"13","3.14126","949","3.142232","966","3.140068","966","3.141864","985","3.142704","966","3.142576","985","3.141436","986","3.140364","966","3.140772","966","3.143384","966","3.1418","985","3.139268","966","3.138264","985","3.14316","1006","3.142528","985","3.137404","1006","3.139816","986","3.140752","986","3.141288","966","3.140168","966","3.139916","985","3.13912","966","3.139944","966","3.13764","966","3.141788","986","3.145556","965","3.143164","986","3.14462","966","3.142828","965","3.144608","966","3.14106","966","3.1421","1006","3.141052","966","3.138416","965","3.140528","985","3.142632","1003","3.14188","962","3.140348","963","3.143092","963","3.140652","982","3.142012","982","3.143196","979","3.139356","1000","3.142536","998","3.144124","996","3.140576","996","3.142328","955","3.137752","975","3.142156","995","3.143852","995","3.140536","974","3.139876","995","3.141604","996","3.141692","995","3.139764","975","3.139352","995","3.143804","996","3.142112","995","3.144136","975","3.13842","975","3.140072","995","3.143292","988","3.14304","967","3.146668","988","3.140748","988","3.14332","988","3.141964","979","3.140112","980","3.143252","980","3.139908","980","3.143276","980","3.141908","980","3.143356","980","3.140164","959","3.138608","979","3.139536","980","3.142508","980","3.143492","980","3.141432","979","3.142864","980","3.138696","980","3.141948","979","3.140528","959","3.143456","979","3.143092","980","3.142164","979","3.139748","980","3.142756","963","3.138668","963","3.143492","962","3.138532","963","3.141924","959","3.144136","960","3.138844","960","3.140548","960","3.141172","959","3.142296","960","3.1406","960","3.1429","960","3.140684","960","3.1414694000000014","976","1008"
"14","3.143052","325","3.140884","346","3.142744","346","3.141344","346","3.139912","321","3.141312","606","3.139588","606","3.140896","605","3.141972","579","3.141184","579","3.146324","579","3.142888","605","3.140468","629","3.141208","579","3.142724","579","3.142824","605","3.138972","579","3.144016","579","3.143048","579","3.140564","579","3.14064","823","3.138944","845","3.142928","845","3.14308","845","3.139568","825","3.142604","825","3.145016","768","3.140024","825","3.140472","825","3.144612","801","3.14146","781","3.144092","801","3.13992","801","3.141784","801","3.143904","796","3.142048","796","3.144664","796","3.139532","796","3.139712","796","3.137776","796","3.142048","796","3.14398","775","3.144412","796","3.144676","796","3.143708","796","3.143164","796","3.142476","796","3.143212","796","3.136976","796","3.139584","796","3.138556","796","3.141936","796","3.141408","796","3.140824","796","3.140912","796","3.139956","752","3.14266","796","3.140496","796","3.144764","775","3.144164","796","3.141508","796","3.139796","796","3.1419","766","3.141736","766","3.142448","765","3.139752","745","3.141996","766","3.14028","766","3.142752","763","3.141492","763","3.141792","762","3.14318","762","3.142284","760","3.140472","760","3.139384","760","3.1418","759","3.145432","757","3.141528","757","3.140728","757","3.140292","757","3.140172","757","3.140784","757","3.1411","757","3.140508","757","3.139708","736","3.140272","757","3.14256","756","3.141412","757","3.140376","757","3.142504","757","3.139624","757","3.141508","757","3.14154","752","3.14076","752","3.142064","752","3.142048","752","3.14172","752","3.142372","752","3.141844","752","3.141828","752","3.1416387199999996","729","893"
"15","3.139768","106","3.141088","253","3.142432","277","3.141856","186","3.14002","277","3.140628","237","3.141764","189","3.143128","188","3.140124","277","3.139452","270","3.140432","249","3.141464","255","3.14194","249","3.142884","255","3.14126","276","3.14138","255","3.141024","255","3.139476","255","3.144476","255","3.142016","249","3.13864","294","3.142688","255","3.141012","255","3.140656","276","3.142148","276","3.141736","275","3.13924","276","3.140588","294","3.141028","249","3.138744","249","3.144732","257","3.13928","277","3.141724","257","3.1399","277","3.140264","232","3.14012","277","3.142764","254","3.144448","278","3.142604","254","3.141004","233","3.14416","233","3.14162","425","3.143844","551","3.145712","550","3.140964","533","3.14278","518","3.140312","535","3.140892","517","3.140684","563","3.1388","544","3.13922","516","3.141536","544","3.143544","533","3.141468","562","3.142148","518","3.142968","562","3.140088","533","3.139536","533","3.143116","534","3.142668","516","3.1431","530","3.141296","511","3.141996","540","3.142508","511","3.13984","539","3.143704","540","3.144696","521","3.144008","539","3.14234","459","3.141536","444","3.14132","415","3.146256","444","3.141888","416","3.140848","444","3.142044","444","3.144308","444","3.1424","416","3.142132","443","3.141528","444","3.14406","444","3.142372","443","3.14184","439","3.138832","433","3.138988","433","3.141428","433","3.14132","433","3.137964","433","3.141564","433","3.142064","433","3.138892","433","3.139736","433","3.14378","433","3.143516","433","3.140144","432","3.145004","433","3.139448","433","3.144596","432","3.141156","388","3.143024","388","3.141136","388","3.1416460400000004","384","818"
"16","3.143528","271","3.141284","883","3.139196","903","3.142056","862","3.141036","883","3.13898","903","3.139028","883","3.140592","903","3.138692","882","3.143272","862","3.145648","903","3.139956","922","3.143372","903","3.141312","883","3.140984","922","3.141852","862","3.143232","861","3.143392","882","3.1407","903","3.144516","902","3.14108","903","3.140648","900","3.140612","899","3.141768","919","3.139896","919","3.139268","900","3.14054","919","3.141448","919","3.143308","919","3.1413","919","3.14","919","3.142856","919","3.144888","919","3.139656","919","3.141788","918","3.141568","919","3.140452","919","3.140768","919","3.144416","899","3.140336","919","3.140464","879","3.14282","899","3.145048","919","3.14","899","3.142768","899","3.141124","919","3.140432","899","3.139144","899","3.143852","899","3.139284","899","3.137916","918","3.139776","900","3.141468","918","3.13954","898","3.14138","899","3.142112","898","3.141852","899","3.141176","899","3.139692","919","3.143316","918","3.140588","918","3.142892","918","3.14318","918","3.142232","918","3.139392","918","3.139676","919","3.143816","918","3.142976","899","3.140696","915","3.138792","915","3.141304","908","3.14042","909","3.138968","909","3.144228","909","3.144592","908","3.140452","909","3.141636","879","3.139704","878","3.142524","878","3.141328","878","3.142068","875","3.14438","875","3.141028","875","3.141208","875","3.14316","875","3.144444","875","3.145328","875","3.139552","875","3.141168","875","3.138252","875","3.142996","875","3.142296","866","3.142332","866","3.141808","859","3.14306","859","3.141024","859","3.139868","859","3.140976","859","3.140384","859","3.142016","858","3.14149132","890","924"
"17","3.141164","77","3.143424","77","3.145028","77","3.14172","768","3.140544","768","3.139084","768","3.14118","641","3.140292","769","3.142132","768","3.141972","830","3.1399","769","3.142468","769","3.14106","641","3.143056","768","3.142944","769","3.137796","830","3.1412","641","3.1411","607","3.142116","733","3.142448","793","3.14334","792","3.142504","792","3.143252","730","3.139628","792","3.144788","873","3.140836","875","3.143224","875","3.140696","873","3.140644","875","3.141584","871","3.14212","871","3.142764","875","3.141164","873","3.143712","873","3.142668","875","3.141968","873","3.14206","871","3.145832","875","3.14024","875","3.144044","872","3.140096","875","3.141028","875","3.138692","873","3.140348","875","3.141852","874","3.138036","875","3.145056","873","3.145436","875","3.143668","873","3.142404","872","3.141396","874","3.1457","874","3.142588","871","3.13922","868","3.141848","872","3.141504","868","3.142144","890","3.139832","872","3.140072","868","3.141208","872","3.142976","890","3.14154","867","3.14322","872","3.140508","872","3.142512","868","3.140748","870","3.142912","868","3.139116","872","3.142288","843","3.140624","860","3.142724","860","3.139644","860","3.141884","843","3.143456","860","3.140008","860","3.140316","856","3.142756","835","3.142864","834","3.140896","817","3.13844","833","3.143532","826","3.141944","808","3.140572","825","3.142248","808","3.140984","821","3.142248","801","3.1388","821","3.143008","821","3.141468","797","3.139056","816","3.14218","816","3.141768","814","3.142904","814","3.140008","813","3.139684","814","3.141512","814","3.145668","795","3.144448","814","3.141796","813","3.141316","814","3.1417440000000005","808","940"
"18","3.14052","845","3.140904","825","3.141716","846","3.143488","845","3.139972","845","3.143796","845","3.144344","825","3.139296","825","3.138756","845","3.141684","845","3.140128","846","3.1408","845","3.14206","825","3.141148","825","3.142392","825","3.14272","845","3.139776","845","3.143328","845","3.140344","825","3.14246","825","3.140816","825","3.1396","825","3.143016","845","3.141384","845","3.14082","845","3.142572","845","3.140924","845","3.140624","845","3.14202","845","3.140696","846","3.14102","825","3.14634","845","3.142612","825","3.143736","824","3.14116","845","3.139892","825","3.143812","845","3.140492","825","3.142104","824","3.139732","845","3.14398","825","3.141884","825","3.142164","824","3.142556","844","3.142332","825","3.141464","825","3.141968","845","3.141972","844","3.143264","845","3.140684","845","3.139604","845","3.143868","845","3.139836","844","3.143428","844","3.145816","824","3.142672","844","3.141828","844","3.141204","824","3.139908","824","3.140304","845","3.142868","845","3.140804","845","3.141176","845","3.144332","844","3.140524","824","3.142688","844","3.142364","824","3.141156","824","3.14148","845","3.13998","845","3.14272","844","3.14052","824","3.14488","845","3.144716","844","3.142924","845","3.139124","825","3.14186","844","3.14084","844","3.141724","844","3.141824","825","3.142204","845","3.145004","844","3.140464","845","3.143504","824","3.14242","825","3.139676","845","3.140112","825","3.1428","844","3.140124","844","3.14058","845","3.14206","824","3.141568","844","3.14254","844","3.140668","844","3.142296","824","3.14412","844","3.142088","844","3.142056","844","3.141028","824","3.138836","844","3.141763920000001","837","846"
"19","3.140328","710","3.141728","733","3.142204","709","3.137572","617","3.142908","710","3.14102","710","3.140912","685","3.141264","758","3.141036","710","3.139696","710","3.14284","686","3.142388","710","3.139712","686","3.143284","671","3.139232","742","3.142124","692","3.144","692","3.140868","692","3.141544","740","3.14026","689","3.14072","690","3.143192","713","3.1423","924","3.140132","904","3.141284","923","3.143544","923","3.14214","923","3.140336","903","3.14068","904","3.14362","924","3.142876","923","3.143488","924","3.144116","903","3.140248","924","3.141856","923","3.14528","933","3.140348","917","3.141752","917","3.141936","933","3.140132","917","3.13832","933","3.140932","933","3.136824","917","3.140616","933","3.14356","930","3.143136","914","3.140876","914","3.143108","914","3.14096","913","3.142784","914","3.142216","914","3.14412","929","3.142116","914","3.137776","929","3.14336","914","3.145036","929","3.140888","914","3.141432","929","3.142932","929","3.142796","914","3.13968","929","3.13926","914","3.13648","914","3.141792","929","3.14174","914","3.143588","929","3.141664","929","3.14384","914","3.141336","929","3.141104","929","3.138764","929","3.142956","929","3.140284","929","3.13826","929","3.142224","914","3.137744","914","3.139952","914","3.142696","929","3.14332","914","3.1423","914","3.138836","929","3.14018","929","3.142464","929","3.141416","929","3.142428","914","3.13974","929","3.142476","929","3.139592","914","3.138948","929","3.143024","914","3.144024","914","3.140648","914","3.14076","929","3.141472","914","3.14076","914","3.139964","929","3.141516","913","3.142564","914","3.141604","929","3.14062","914","3.1414070800000014","873","961"
"20","3.140832","943","3.138932","943","3.14492","943","3.142952","943","3.141828","943","3.141496","943","3.145796","944","3.142564","944","3.139376","944","3.141404","940","3.14168","944","3.144212","943","3.139376","943","3.139304","943","3.141864","943","3.141496","944","3.140672","944","3.138036","944","3.139976","944","3.14178","942","3.14196","943","3.14364","943","3.143104","944","3.142888","941","3.140548","943","3.139196","943","3.138608","943","3.14022","944","3.142928","943","3.142252","939","3.139776","944","3.141716","943","3.138048","943","3.139252","941","3.13886","943","3.14118","941","3.14004","943","3.143712","939","3.142108","943","3.142948","943","3.140728","942","3.142672","943","3.140768","941","3.143172","943","3.14004","943","3.144604","943","3.141132","942","3.142192","943","3.141676","943","3.14192","943","3.140372","943","3.138976","938","3.142452","916","3.14148","943","3.140528","943","3.138604","944","3.139304","943","3.142356","942","3.143676","943","3.14208","944","3.14288","943","3.141712","941","3.142388","943","3.142172","942","3.144016","942","3.143428","943","3.140964","944","3.14096","938","3.139256","942","3.142016","938","3.141216","939","3.141892","944","3.140816","943","3.141696","942","3.139336","943","3.14276","943","3.140656","942","3.1396","941","3.140596","943","3.140736","943","3.142556","944","3.139536","942","3.141828","942","3.141996","943","3.142864","940","3.141176","942","3.140812","944","3.137224","944","3.140652","914","3.14122","942","3.14248","939","3.141524","943","3.139672","939","3.143064","940","3.14148","943","3.143956","942","3.140456","914","3.141884","916","3.139664","938","3.1414","943","3.141347519999998","941","945"
"21","3.141308","24","3.139624","910","3.14264","911","3.144016","931","3.142212","931","3.142784","932","3.141212","931","3.140288","931","3.14074","931","3.140276","931","3.138964","902","3.14176","931","3.140604","911","3.145108","931","3.142132","931","3.14016","931","3.141936","910","3.146248","908","3.142308","931","3.143076","901","3.141852","931","3.140664","931","3.14192","930","3.138716","911","3.140392","931","3.141072","931","3.14136","931","3.141088","931","3.141832","909","3.14134","930","3.140112","930","3.14126","931","3.140396","931","3.142164","931","3.143312","931","3.142516","931","3.140764","930","3.1396","909","3.140568","930","3.14236","930","3.142564","931","3.14324","930","3.141852","930","3.14314","911","3.140964","911","3.139156","909","3.14472","931","3.141148","911","3.141432","930","3.139196","931","3.143556","900","3.140756","931","3.141028","907","3.143628","930","3.142648","900","3.143552","911","3.139716","907","3.141876","930","3.143092","930","3.141776","930","3.14094","930","3.142496","930","3.143392","909","3.143108","930","3.146132","911","3.141072","909","3.139712","930","3.140772","901","3.145076","930","3.140352","909","3.139704","909","3.143724","930","3.142972","907","3.142568","911","3.140096","930","3.143948","909","3.140868","930","3.141712","931","3.143276","930","3.145124","897","3.139044","897","3.142332","897","3.141272","897","3.14072","898","3.142244","878","3.141916","898","3.1412","897","3.141048","898","3.138368","818","3.142648","826","3.136092","826","3.141044","826","3.143192","806","3.143612","825","3.14244","826","3.139624","816","3.14294","815","3.138828","816","3.141088","816","3.145632","816","3.1417205200000016","898","932"
"22","3.140292","574","3.142944","723","3.141228","933","3.14182","575","3.14216","750","3.141888","723","3.141884","623","3.137096","623","3.143836","722","3.141148","801","3.141352","750","3.14422","546","3.142872","751","3.141048","750","3.141396","750","3.142816","723","3.143392","1014","3.14212","716","3.142068","1005","3.139832","962","3.139076","1005","3.144264","1005","3.14496","1005","3.140768","1005","3.141256","999","3.13962","999","3.140432","1000","3.1416","937","3.143716","1000","3.142104","999","3.141664","999","3.14284","1000","3.141152","1000","3.14082","1000","3.141112","1000","3.1423","952","3.143924","952","3.1413","972","3.142848","952","3.140964","952","3.142724","931","3.14162","952","3.138604","952","3.141992","952","3.142012","952","3.138028","952","3.140088","952","3.141692","952","3.141676","952","3.142704","952","3.142516","952","3.139752","952","3.14048","952","3.140956","952","3.141768","952","3.143412","952","3.140624","952","3.142372","952","3.141392","952","3.138192","952","3.144728","952","3.141744","952","3.141596","952","3.143816","936","3.142136","949","3.141744","930","3.140208","930","3.14182","930","3.141444","934","3.13988","934","3.141408","934","3.141436","915","3.141504","934","3.13966","934","3.140296","915","3.140232","915","3.140584","915","3.140012","915","3.140968","915","3.142028","915","3.141424","915","3.139788","915","3.143096","915","3.14382","934","3.14256","927","3.139984","908","3.141944","886","3.13914","906","3.140732","906","3.142052","905","3.142444","884","3.14132","903","3.143452","903","3.142556","903","3.142248","903","3.141508","899","3.142052","899","3.142228","899","3.139044","895","3.139212","895","3.14152584","904","1039"
"23","3.138352","612","3.140696","683","3.143724","984","3.142564","707","3.142268","950","3.142344","763","3.140508","984","3.141744","985","3.142152","683","3.142192","984","3.141284","762","3.140988","950","3.139028","996","3.13996","995","3.14324","995","3.143296","995","3.144212","995","3.142528","995","3.140168","995","3.14058","995","3.143372","994","3.140552","994","3.139524","994","3.139908","995","3.1421","994","3.141816","994","3.14212","994","3.142068","994","3.142932","994","3.139428","992","3.141176","993","3.143584","993","3.141348","992","3.144588","992","3.142488","992","3.142848","992","3.138452","991","3.139352","992","3.143444","992","3.144136","992","3.143008","992","3.142144","972","3.142372","992","3.141652","972","3.140576","992","3.1444","992","3.139952","991","3.140328","992","3.142088","992","3.1425","992","3.141732","992","3.140164","991","3.142216","991","3.1392","992","3.139648","992","3.14004","992","3.14008","992","3.140364","991","3.14278","992","3.140552","992","3.141584","991","3.143136","992","3.143548","991","3.142204","992","3.1439","992","3.138672","991","3.140772","992","3.140344","972","3.14158","992","3.140544","992","3.141616","992","3.140984","992","3.140476","992","3.143868","991","3.139984","991","3.141964","939","3.143924","939","3.142652","939","3.139768","939","3.141584","939","3.14116","939","3.142332","938","3.14066","938","3.145056","938","3.143452","939","3.138824","939","3.139368","939","3.142784","938","3.144848","937","3.142408","938","3.14202","939","3.142824","938","3.139376","939","3.142764","939","3.14188","939","3.142244","939","3.138572","939","3.140944","938","3.142196","939","3.14396","939","3.1416363600000015","959","1005"
"24","3.139504","60","3.141388","881","3.141084","881","3.140832","881","3.139708","881","3.14354","855","3.141224","881","3.143936","855","3.143976","845","3.139432","881","3.141416","881","3.1411","881","3.142928","881","3.140688","881","3.144036","881","3.140088","881","3.140896","882","3.140808","851","3.142404","882","3.143468","881","3.13714","857","3.140984","882","3.140124","855","3.140128","881","3.144284","880","3.140908","881","3.142016","881","3.141384","881","3.141872","881","3.143072","881","3.142864","854","3.144296","881","3.141112","846","3.141812","874","3.143384","873","3.14398","873","3.143152","874","3.144548","873","3.140888","874","3.141532","847","3.143392","873","3.14242","873","3.139708","874","3.141336","873","3.141412","873","3.144136","874","3.137832","874","3.143716","874","3.141944","874","3.143496","874","3.140636","873","3.143052","873","3.143788","873","3.143872","874","3.142208","873","3.141272","873","3.140988","874","3.142464","840","3.141784","867","3.141424","867","3.143288","867","3.143116","867","3.141436","867","3.141216","867","3.141408","867","3.14318","867","3.142384","835","3.142888","866","3.13952","866","3.13968","830","3.140808","866","3.140572","867","3.142772","867","3.140904","866","3.141248","866","3.142136","866","3.141636","866","3.141588","866","3.142756","867","3.142984","866","3.143728","867","3.140952","867","3.142916","867","3.141248","866","3.143732","867","3.139328","866","3.14136","867","3.14294","866","3.141568","840","3.141696","867","3.140548","837","3.14088","867","3.140144","867","3.140236","867","3.139812","866","3.139548","867","3.1424","866","3.140968","866","3.142972","839","3.140764","866","3.1417607600000013","860","883"
"25","3.14268","1009","3.141272","952","3.143464","970","3.140044","971","3.140428","1009","3.139692","991","3.142628","1009","3.13908","970","3.141404","1009","3.140924","971","3.144056","1009","3.140924","971","3.14228","971","3.142808","1009","3.138816","970","3.14362","1009","3.14068","953","3.142872","952","3.140972","970","3.140376","1009","3.141912","971","3.143296","1009","3.141252","1009","3.140184","971","3.140632","971","3.142632","991","3.145952","1009","3.140716","952","3.143328","1009","3.141788","991","3.142476","1009","3.141744","971","3.14052","971","3.139868","1009","3.142652","1009","3.138228","971","3.141132","1009","3.144028","971","3.142552","971","3.140248","970","3.144644","971","3.14202","1009","3.142964","1009","3.139124","971","3.141672","952","3.142536","990","3.138972","1009","3.144836","1008","3.140616","952","3.142584","1009","3.141652","1009","3.142104","1008","3.145152","970","3.138708","952","3.141508","1009","3.142612","990","3.142692","970","3.141672","971","3.139784","970","3.143084","971","3.14198","1008","3.139648","990","3.144088","1008","3.138452","970","3.140624","952","3.142996","973","3.141292","942","3.142312","935","3.141076","934","3.142068","935","3.143272","935","3.14182","935","3.140928","935","3.140744","935","3.143648","935","3.141836","935","3.139416","916","3.140612","917","3.141184","935","3.14274","935","3.14382","916","3.139452","935","3.142732","935","3.143212","935","3.139968","934","3.140944","935","3.142092","935","3.140644","935","3.141188","935","3.14324","934","3.14138","908","3.143012","898","3.140656","892","3.139928","893","3.143036","893","3.145652","893","3.142912","892","3.144","889","3.143372","889","3.143876","888","3.1417894800000004","963","1010"
"26","3.139968","59","3.142476","229","3.14218","209","3.141528","271","3.141464","271","3.140028","209","3.143692","977","3.14438","977","3.138352","976","3.1406","977","3.143332","977","3.141984","977","3.143232","959","3.138","977","3.141048","977","3.139628","977","3.141516","977","3.141364","976","3.1418","959","3.13926","976","3.142232","976","3.14246","977","3.143912","976","3.142184","977","3.142864","976","3.140552","976","3.14222","976","3.14538","976","3.141924","976","3.140912","976","3.144064","976","3.14184","977","3.140424","976","3.139152","976","3.140592","976","3.140652","977","3.143604","976","3.141548","977","3.142432","976","3.140536","976","3.141948","959","3.142084","977","3.143692","976","3.142192","977","3.139296","958","3.140024","977","3.142852","977","3.142604","976","3.139324","976","3.139668","976","3.139752","976","3.142208","976","3.140916","976","3.140716","976","3.142828","976","3.143556","976","3.13898","976","3.13842","977","3.14378","976","3.140196","976","3.14222","977","3.143288","976","3.14118","976","3.143988","976","3.142832","976","3.142744","976","3.142496","976","3.138952","976","3.142516","976","3.141136","975","3.139824","975","3.141728","976","3.142076","976","3.142584","976","3.141504","976","3.141824","975","3.142008","975","3.14174","975","3.141552","976","3.139492","976","3.14134","976","3.140732","975","3.140856","958","3.141312","976","3.138524","976","3.140836","976","3.141024","976","3.142256","976","3.141276","976","3.143064","975","3.14054","958","3.14114","976","3.141344","976","3.140936","976","3.143568","976","3.14554","958","3.144656","976","3.142924","976","3.142","976","3.140532","975","3.14160436","928","982"
"27","3.142596","65","3.142512","293","3.141844","265","3.140332","917","3.14086","917","3.142484","917","3.142184","940","3.140424","940","3.144072","940","3.140708","939","3.145316","933","3.141264","932","3.141808","932","3.144384","932","3.14034","934","3.143584","933","3.139852","909","3.1419","932","3.13958","909","3.142216","951","3.144072","951","3.142296","951","3.145496","951","3.141452","951","3.139748","931","3.139724","951","3.141544","951","3.14012","951","3.143828","951","3.144016","932","3.139816","932","3.140872","951","3.13958","932","3.141132","938","3.141368","966","3.14158","966","3.142668","937","3.14048","966","3.14312","966","3.141856","966","3.142208","966","3.141544","966","3.141284","965","3.139156","965","3.142748","965","3.141136","965","3.141424","966","3.1424","966","3.140724","966","3.139384","966","3.140564","965","3.144012","937","3.140408","965","3.14102","965","3.140988","966","3.14148","965","3.141528","966","3.14342","966","3.140704","937","3.141148","965","3.140128","965","3.139852","965","3.139716","937","3.142476","966","3.14186","965","3.139284","965","3.142624","965","3.141316","937","3.14386","965","3.138316","966","3.141832","966","3.142696","966","3.140748","965","3.142628","966","3.139644","937","3.139316","965","3.144676","965","3.140948","965","3.143948","965","3.142644","965","3.1452","965","3.138724","965","3.14148","965","3.139544","965","3.141548","965","3.140968","937","3.14114","965","3.1408","965","3.1418","965","3.142272","965","3.142768","965","3.14386","965","3.141176","965","3.143256","965","3.142896","937","3.141956","965","3.140996","965","3.14314","965","3.141688","937","3.139804","937","3.1416383599999995","930","992"
"28","3.142584","212","3.139288","912","3.143244","911","3.140336","911","3.141448","932","3.141728","911","3.140168","932","3.143588","912","3.14362","932","3.143056","932","3.142272","911","3.143704","932","3.141452","910","3.139916","912","3.13996","911","3.139528","911","3.140832","931","3.141672","931","3.140532","911","3.140156","931","3.143276","910","3.141132","911","3.141996","932","3.140804","891","3.14136","931","3.140704","911","3.142336","932","3.141592","911","3.138176","931","3.141024","911","3.139888","931","3.142508","931","3.14214","931","3.141812","931","3.141132","910","3.143884","911","3.14044","911","3.14216","931","3.140328","890","3.143268","911","3.14242","932","3.1423","931","3.139468","931","3.141068","910","3.140064","909","3.14302","887","3.14172","909","3.142788","907","3.139668","907","3.138316","907","3.139596","907","3.142852","907","3.144144","908","3.140248","907","3.139016","909","3.143136","907","3.142712","908","3.140444","908","3.140988","908","3.143384","908","3.139644","888","3.14206","888","3.142808","907","3.141076","908","3.140112","907","3.140824","888","3.1427","908","3.1439","908","3.138836","907","3.140472","907","3.141192","888","3.140084","907","3.138584","908","3.139672","908","3.141744","907","3.143384","908","3.142624","907","3.140056","908","3.1411","907","3.143944","907","3.140736","908","3.143016","908","3.142152","907","3.14218","907","3.139364","907","3.141076","887","3.141476","908","3.138396","907","3.139348","908","3.1447","908","3.141464","907","3.142372","887","3.142372","907","3.13918","908","3.141448","907","3.142456","908","3.14142","907","3.143008","908","3.144276","908","3.14006","884","3.1414171200000003","904","933"
"29","3.142608","333","3.139716","629","3.14048","629","3.1419","605","3.142612","558","3.143248","605","3.142592","559","3.140816","558","3.138808","582","3.142288","605","3.14216","629","3.141976","629","3.141156","609","3.142812","608","3.139992","608","3.13976","665","3.14072","732","3.139132","606","3.14152","606","3.140964","606","3.14282","664","3.142452","664","3.140896","711","3.14044","664","3.140508","665","3.140824","606","3.142444","711","3.143636","606","3.140448","732","3.14098","606","3.143324","606","3.14056","606","3.139552","732","3.14136","605","3.144536","850","3.14016","850","3.139588","850","3.142156","867","3.139016","850","3.142484","769","3.140604","850","3.142088","831","3.141496","811","3.140272","850","3.140732","850","3.141008","850","3.1405","792","3.144984","850","3.141656","850","3.1422","847","3.14192","816","3.141368","816","3.142824","816","3.14014","816","3.141216","832","3.141832","816","3.142588","816","3.143228","816","3.141756","816","3.141576","832","3.137376","832","3.141672","816","3.14054","815","3.139956","815","3.141024","816","3.1408","816","3.141296","832","3.142492","816","3.142636","816","3.141788","815","3.141212","815","3.14016","809","3.143508","824","3.143112","808","3.138508","824","3.143064","808","3.141748","807","3.142056","808","3.142364","824","3.14264","813","3.141056","795","3.141948","810","3.140144","808","3.14302","808","3.14136","794","3.14144","795","3.140716","794","3.142204","794","3.144044","794","3.139508","794","3.141976","794","3.139992","794","3.140492","794","3.14168","794","3.143188","794","3.140464","794","3.14198","794","3.14394","794","3.140536","794","3.141048","794","3.1414611999999993","750","906"
"30","3.14058","236","3.138728","526","3.140704","600","3.144924","598","3.137188","549","3.139868","935","3.1406","935","3.140668","935","3.140564","935","3.139332","917","3.141156","917","3.141732","935","3.140128","935","3.14166","935","3.143248","935","3.139172","935","3.140604","935","3.14148","935","3.140976","935","3.14202","951","3.141256","935","3.141028","935","3.142556","935","3.14138","935","3.14202","935","3.14138","935","3.141916","935","3.142164","935","3.142244","935","3.13994","934","3.14248","935","3.142188","935","3.140904","935","3.14068","934","3.141608","917","3.141228","934","3.139756","934","3.146924","917","3.140592","934","3.14402","935","3.142952","935","3.140496","935","3.142124","935","3.140932","935","3.142808","935","3.139108","935","3.139224","916","3.137932","934","3.139476","935","3.1428","935","3.143676","951","3.140556","935","3.140508","935","3.142856","935","3.14082","916","3.140592","916","3.140928","916","3.141676","935","3.141284","934","3.142276","916","3.138188","934","3.141796","934","3.143248","915","3.14044","934","3.142832","934","3.14232","934","3.142","916","3.141364","934","3.140632","934","3.144208","934","3.142872","934","3.142488","934","3.140956","934","3.140168","934","3.13996","934","3.143784","916","3.137552","934","3.142092","934","3.140944","927","3.142508","926","3.141804","926","3.139892","926","3.142112","926","3.141428","926","3.140092","925","3.141036","926","3.138484","926","3.145028","867","3.144456","867","3.143368","883","3.141696","859","3.143644","875","3.139192","869","3.140224","865","3.140668","864","3.14212","864","3.140856","864","3.141","848","3.1427","864","3.142508","864","3.141372800000001","901","958"
"31","3.143236","603","3.139908","699","3.137636","724","3.142316","831","3.140968","826","3.143216","826","3.13882","866","3.14234","902","3.140528","919","3.143248","866","3.142264","902","3.142656","827","3.141884","903","3.143148","866","3.140796","902","3.142956","866","3.139688","866","3.142292","902","3.141952","902","3.144648","902","3.141556","902","3.142972","902","3.143244","866","3.140412","865","3.142144","902","3.140952","901","3.14168","901","3.143228","901","3.14178","844","3.14042","901","3.141112","865","3.14262","865","3.141628","843","3.13996","901","3.142708","901","3.141472","901","3.142156","865","3.142816","901","3.141696","901","3.142076","918","3.143908","901","3.141132","901","3.140428","901","3.142884","901","3.140972","901","3.141104","901","3.142384","899","3.140072","898","3.141424","851","3.14002","868","3.139172","868","3.142108","868","3.142568","885","3.145232","885","3.141888","885","3.140892","881","3.13896","864","3.141448","865","3.139816","870","3.143716","869","3.139916","870","3.140232","870","3.140556","870","3.141484","870","3.141644","870","3.137872","864","3.1427","864","3.140896","864","3.143312","864","3.143104","863","3.140724","864","3.141712","864","3.141772","863","3.142204","863","3.141848","864","3.140612","863","3.139836","851","3.142116","851","3.141052","851","3.140432","851","3.140572","844","3.14088","840","3.144724","839","3.143736","839","3.140952","839","3.139532","839","3.142004","839","3.139068","839","3.141464","839","3.14302","839","3.142816","839","3.142936","834","3.139196","834","3.141204","816","3.142264","834","3.143604","834","3.141388","827","3.14054","827","3.143008","827","3.142744","827","3.14160936","862","926"
"32","3.141972","824","3.139436","824","3.142748","800","3.142276","824","3.141112","800","3.141784","824","3.14428","824","3.141208","824","3.142088","800","3.137116","800","3.141188","802","3.14132","824","3.142252","824","3.142536","800","3.14214","803","3.140204","800","3.141544","745","3.140496","800","3.140544","824","3.143648","772","3.138784","803","3.141968","824","3.140712","824","3.140888","771","3.142624","824","3.141604","800","3.139616","750","3.143548","824","3.143776","800","3.140108","824","3.143536","824","3.140196","803","3.141464","824","3.139912","824","3.139676","823","3.139388","800","3.143796","824","3.137","823","3.142296","824","3.142088","824","3.143848","743","3.142292","800","3.139116","823","3.143596","823","3.139304","823","3.140196","803","3.141472","824","3.142648","770","3.141652","823","3.140624","770","3.139532","824","3.139312","803","3.139764","803","3.139896","823","3.141552","823","3.142152","802","3.139576","824","3.142712","799","3.142296","823","3.139608","823","3.141776","800","3.140848","824","3.140416","800","3.14144","823","3.143404","823","3.140568","802","3.141188","823","3.141748","823","3.142264","802","3.141424","824","3.141496","823","3.144028","776","3.141696","824","3.14206","823","3.1398","802","3.140136","799","3.141432","823","3.143008","489","3.142568","489","3.140504","489","3.142056","489","3.141064","489","3.138652","489","3.141876","489","3.141232","416","3.141848","416","3.14508","416","3.141956","416","3.143168","416","3.142524","416","3.143516","416","3.142132","416","3.143632","415","3.14426","416","3.137804","416","3.143696","415","3.142732","416","3.142204","415","3.13922","415","3.143804","415","3.1414827999999995","724","825"
"33","3.138856","78","3.139716","77","3.14086","836","3.141284","836","3.1394","857","3.138036","835","3.144428","838","3.139972","835","3.141008","857","3.141336","855","3.1413","855","3.141552","855","3.142004","855","3.142972","855","3.14144","855","3.140136","855","3.139856","834","3.142704","834","3.143332","855","3.141468","855","3.141084","855","3.1419","855","3.141964","855","3.144136","855","3.141244","855","3.141728","855","3.141428","854","3.140992","854","3.141824","855","3.140768","832","3.140464","855","3.14216","855","3.143072","855","3.141792","854","3.143472","834","3.143972","855","3.143488","855","3.140776","855","3.141936","855","3.143304","855","3.142388","855","3.140292","855","3.143088","854","3.138744","855","3.141888","833","3.142692","855","3.142404","855","3.144792","855","3.142188","855","3.142568","834","3.142892","834","3.141436","854","3.141184","855","3.143524","854","3.141944","854","3.142648","855","3.142768","834","3.141616","854","3.141524","855","3.14038","855","3.142964","854","3.140652","854","3.139588","854","3.14198","854","3.14092","855","3.14048","854","3.140472","854","3.143","854","3.139256","855","3.143256","854","3.140884","854","3.139124","854","3.13976","854","3.141496","854","3.140628","854","3.140336","854","3.141892","854","3.141308","854","3.139888","854","3.141144","854","3.146964","854","3.140756","854","3.13938","832","3.141784","855","3.140436","835","3.1383","854","3.141632","854","3.14368","854","3.141636","854","3.139104","854","3.139236","854","3.138424","854","3.14168","854","3.14252","833","3.138964","853","3.141636","854","3.142112","854","3.138404","854","3.139432","854","3.143984","854","3.14143216","835","859"
"34","3.141084","362","3.143384","860","3.141128","938","3.142336","879","3.142124","707","3.139556","898","3.14398","898","3.139672","859","3.143352","898","3.143976","879","3.139748","879","3.141504","898","3.144748","898","3.140908","879","3.139052","898","3.140316","898","3.13962","867","3.142432","945","3.139212","944","3.143556","907","3.143944","944","3.140412","945","3.141896","926","3.140488","867","3.141968","925","3.142172","944","3.142236","939","3.142556","938","3.142548","939","3.140448","938","3.145348","937","3.142448","938","3.1447","920","3.142044","928","3.142916","947","3.138804","929","3.139276","910","3.145372","947","3.143452","928","3.140268","929","3.143148","929","3.14136","923","3.142212","900","3.139176","918","3.138924","918","3.143532","918","3.144048","918","3.14268","918","3.141408","908","3.140472","908","3.141504","908","3.143024","907","3.140288","906","3.143104","924","3.145732","901","3.142896","898","3.140744","898","3.14258","898","3.1427","899","3.140464","898","3.138948","898","3.144344","898","3.140964","898","3.141812","894","3.142992","912","3.13984","912","3.1432","894","3.142648","893","3.1392","894","3.140624","910","3.141272","891","3.141336","910","3.142968","909","3.144444","910","3.139408","910","3.138768","890","3.141832","891","3.1421","879","3.142112","879","3.14448","897","3.142788","876","3.140576","895","3.140072","895","3.1409","876","3.144756","892","3.1415","892","3.144612","873","3.139708","892","3.139216","873","3.140604","873","3.141676","892","3.143872","892","3.139124","892","3.14582","892","3.140508","892","3.139356","892","3.144308","873","3.141104","891","3.139296","873","3.142132","859","3.1418019999999984","896","977"
"35","3.14364","49","3.142204","954","3.139452","934","3.142996","953","3.143912","954","3.13914","953","3.141988","954","3.143312","954","3.140952","972","3.140184","972","3.139964","972","3.141736","953","3.141144","953","3.143808","934","3.138076","953","3.141564","973","3.141812","953","3.142592","954","3.142368","973","3.142616","953","3.139304","973","3.140112","954","3.13932","934","3.14062","953","3.14246","953","3.140636","953","3.143016","953","3.141172","954","3.144196","953","3.14026","954","3.13992","934","3.141628","953","3.13798","953","3.143712","953","3.1399","934","3.142204","953","3.144244","954","3.141448","972","3.143456","972","3.144","934","3.140304","953","3.140708","953","3.140544","910","3.139928","942","3.142664","941","3.141944","932","3.1421","919","3.141484","913","3.142772","913","3.139828","912","3.143272","912","3.141968","912","3.143892","912","3.1423","912","3.142312","912","3.139748","910","3.140296","910","3.140052","909","3.141512","910","3.144448","909","3.143032","905","3.14146","905","3.140148","905","3.143236","924","3.142156","905","3.141728","905","3.143724","924","3.141676","905","3.140928","924","3.142124","924","3.143576","924","3.142628","905","3.141028","924","3.143172","924","3.140348","924","3.1408","905","3.139612","924","3.140524","924","3.142156","924","3.14312","924","3.143044","924","3.139736","924","3.138536","900","3.140204","919","3.14048","919","3.141288","918","3.140876","918","3.14184","900","3.143144","899","3.143312","918","3.141084","900","3.138856","918","3.143936","918","3.14088","918","3.1421","899","3.14032","918","3.144684","899","3.14154","918","3.14082","918","3.143528","918","3.141625079999999","922","993"
"36","3.14434","283","3.142524","283","3.14442","409","3.145332","409","3.14206","737","3.14004","478","3.143364","478","3.142768","477","3.139188","755","3.142352","860","3.142528","503","3.142472","504","3.144","858","3.14324","838","3.1419","858","3.140568","838","3.143532","754","3.13994","838","3.141812","838","3.140492","818","3.14236","753","3.140608","838","3.141544","838","3.141308","838","3.142232","818","3.142564","858","3.140332","838","3.141984","838","3.140916","753","3.139884","838","3.13838","838","3.142268","753","3.143748","754","3.143888","856","3.141732","856","3.141416","860","3.143004","844","3.141196","861","3.142004","861","3.137668","804","3.143236","804","3.141564","844","3.145252","860","3.13964","860","3.142396","860","3.14054","843","3.139568","861","3.141768","860","3.141044","856","3.140844","857","3.140252","852","3.14566","852","3.142936","849","3.141564","850","3.14374","849","3.143244","849","3.140512","849","3.139756","842","3.144628","842","3.140444","841","3.138804","842","3.142408","842","3.14164","842","3.140588","842","3.14074","835","3.142432","835","3.14116","834","3.13806","851","3.144136","851","3.139224","851","3.140776","834","3.141536","834","3.141024","834","3.140596","850","3.140872","834","3.141476","850","3.138704","850","3.141756","832","3.144756","826","3.143312","842","3.139524","842","3.14228","842","3.139976","842","3.140964","842","3.144164","842","3.141396","835","3.143516","834","3.142612","817","3.144952","817","3.141788","834","3.143284","817","3.14324","834","3.14234","834","3.14426","834","3.139508","818","3.140508","834","3.138912","818","3.145076","822","3.14014","821","3.142692","804","3.141796279999998","796","943"
"37","3.143408","429","3.140956","427","3.13996","497","3.141212","576","3.14288","601","3.141128","646","3.139296","646","3.141512","646","3.140672","646","3.141968","646","3.145992","640","3.14612","640","3.141516","635","3.145276","714","3.139696","634","3.143404","714","3.140824","690","3.141524","634","3.14352","714","3.139388","714","3.141944","714","3.14416","714","3.140328","634","3.142748","713","3.14076","713","3.144856","713","3.138116","832","3.142156","832","3.14042","848","3.140924","867","3.141816","830","3.142876","867","3.14158","830","3.144164","830","3.140384","791","3.141476","830","3.144004","867","3.14128","829","3.145128","811","3.14348","868","3.139116","867","3.140632","830","3.14196","830","3.143124","852","3.142252","814","3.14196","852","3.145668","852","3.137616","853","3.142016","852","3.140272","852","3.14288","814","3.140996","852","3.139484","852","3.141376","796","3.142928","796","3.140684","796","3.143584","792","3.141068","792","3.14404","788","3.141204","788","3.143352","788","3.14378","788","3.141288","788","3.140192","788","3.139456","788","3.144944","788","3.143768","788","3.139984","788","3.140564","788","3.140368","788","3.142016","788","3.142016","788","3.14278","782","3.13944","782","3.143664","782","3.141068","782","3.14174","778","3.141288","778","3.14342","778","3.142612","778","3.14294","778","3.142236","765","3.140108","765","3.14224","765","3.140476","765","3.140024","764","3.143228","761","3.140456","761","3.141088","761","3.143192","761","3.140812","761","3.141172","761","3.140084","761","3.143816","758","3.142856","755","3.13924","754","3.142236","754","3.140768","755","3.141852","753","3.141472","750","3.1418374800000004","758","892"
"38","3.138624","502","3.142244","575","3.140672","602","3.142956","652","3.144412","602","3.144656","649","3.13984","829","3.143032","850","3.142136","829","3.142352","850","3.141704","715","3.142772","674","3.140308","825","3.140028","824","3.14036","861","3.143512","710","3.142588","669","3.140448","883","3.144176","824","3.140352","899","3.140636","846","3.14344","824","3.139328","824","3.141184","824","3.14278","846","3.141016","644","3.1398","869","3.142628","887","3.140496","887","3.143104","887","3.143008","888","3.141548","887","3.1431","887","3.141296","888","3.143244","888","3.142976","887","3.143444","887","3.142096","888","3.140812","887","3.14282","888","3.140612","888","3.14096","887","3.143108","887","3.139156","887","3.142952","887","3.141884","887","3.141292","887","3.142204","888","3.140328","888","3.141204","887","3.14292","886","3.141856","887","3.142912","887","3.140536","888","3.141692","887","3.141516","886","3.141488","887","3.14006","887","3.144124","886","3.143168","886","3.141044","887","3.14312","886","3.141616","887","3.141732","887","3.143088","886","3.141548","887","3.143792","887","3.140788","887","3.14066","887","3.143296","887","3.142576","886","3.141524","887","3.14102","887","3.138084","887","3.140784","887","3.140304","886","3.140908","886","3.145472","887","3.138132","886","3.141024","886","3.13688","887","3.144656","887","3.142276","886","3.142184","886","3.14444","887","3.142204","887","3.14176","887","3.14078","887","3.142072","858","3.140284","858","3.140708","859","3.144136","859","3.143228","859","3.145372","859","3.140524","859","3.141608","859","3.142588","859","3.140616","858","3.142664","859","3.14382","859","3.1418321199999997","849","927"
"39","3.140568","90","3.140584","408","3.140536","374","3.139548","435","3.142012","872","3.140572","872","3.140256","891","3.143596","872","3.142248","872","3.143736","872","3.140268","872","3.143484","852","3.140412","872","3.141056","891","3.142252","872","3.143736","852","3.140316","872","3.141648","891","3.142936","872","3.145032","872","3.140608","872","3.143172","852","3.141088","872","3.1418","872","3.14268","890","3.138784","872","3.13958","891","3.141136","872","3.143392","891","3.14178","909","3.142368","872","3.143808","851","3.141324","852","3.144504","879","3.140952","873","3.13838","882","3.144252","882","3.140264","882","3.14212","882","3.142752","864","3.143744","882","3.140232","882","3.142636","882","3.143352","882","3.140852","882","3.139224","882","3.141296","881","3.143692","882","3.142608","882","3.141344","882","3.1407","882","3.14342","882","3.140368","882","3.139296","882","3.144228","882","3.139332","882","3.138596","882","3.139892","882","3.140724","864","3.141984","882","3.1413","882","3.144108","882","3.138972","882","3.139048","881","3.141312","882","3.141452","882","3.143436","881","3.14116","882","3.141284","881","3.143924","882","3.140324","882","3.142036","881","3.139448","863","3.141012","881","3.14016","882","3.141068","872","3.141224","872","3.140632","872","3.139712","872","3.141584","850","3.139156","850","3.139868","849","3.14176","849","3.139332","850","3.142064","849","3.140872","850","3.141796","849","3.142808","850","3.13954","849","3.142972","849","3.143428","850","3.140104","849","3.145752","849","3.14044","850","3.138208","796","3.142864","796","3.14404","796","3.141392","796","3.140872","796","3.14004","796","3.14147564","846","914"
"40","3.139152","92","3.138172","678","3.140648","678","3.141848","678","3.141528","654","3.142088","654","3.142864","654","3.14506","852","3.143004","664","3.139996","661","3.1412","661","3.142784","752","3.141388","637","3.142596","657","3.142036","657","3.141728","657","3.139332","657","3.140484","881","3.14262","721","3.140184","827","3.13962","676","3.142044","827","3.140828","877","3.142584","823","3.1394","877","3.135908","860","3.141784","875","3.141772","823","3.142708","876","3.139584","859","3.140268","840","3.140448","873","3.1408","819","3.141836","840","3.144136","892","3.143288","889","3.1447","910","3.141012","889","3.141972","889","3.143256","909","3.143148","910","3.140824","889","3.144536","889","3.140132","910","3.142352","909","3.141264","909","3.143244","909","3.14182","869","3.142888","910","3.14222","909","3.140444","900","3.144592","900","3.13974","900","3.140404","900","3.141152","900","3.142024","900","3.140768","901","3.141232","900","3.144844","900","3.141548","900","3.14138","900","3.139252","900","3.141584","900","3.139528","900","3.144996","900","3.141832","900","3.142324","900","3.142336","900","3.140432","900","3.140832","900","3.141412","900","3.140544","900","3.143612","900","3.142364","900","3.143044","900","3.142972","900","3.14378","900","3.142196","900","3.142752","853","3.14194","854","3.14154","830","3.139828","830","3.140976","830","3.140508","830","3.143352","830","3.141616","830","3.142432","829","3.13992","829","3.143344","830","3.139736","829","3.140984","829","3.139204","830","3.141044","830","3.139596","830","3.141532","830","3.142156","829","3.138508","830","3.144052","829","3.143048","830","3.143536","829","3.1416185999999997","830","948"
"41","3.142468","192","3.143116","191","3.139364","191","3.141348","904","3.140372","824","3.13958","847","3.139444","823","3.141172","824","3.140584","883","3.138908","955","3.14158","904","3.142336","955","3.141656","904","3.142192","904","3.144936","903","3.142708","954","3.141732","903","3.1437","903","3.144476","954","3.14372","846","3.1409","823","3.139136","823","3.14152","846","3.141228","903","3.139976","846","3.140036","846","3.144076","903","3.139188","903","3.142024","936","3.141468","939","3.142312","939","3.141672","938","3.141668","938","3.1391","939","3.14466","939","3.140676","939","3.140416","938","3.143328","939","3.13976","939","3.143552","921","3.141236","938","3.14312","938","3.143644","939","3.140248","938","3.144244","938","3.140644","939","3.14154","938","3.141772","921","3.140564","939","3.14256","939","3.146848","938","3.141604","939","3.140792","938","3.143568","939","3.140372","938","3.14016","938","3.144264","938","3.142076","938","3.139592","939","3.140864","938","3.138736","938","3.140832","921","3.140508","938","3.142488","938","3.139992","938","3.139172","938","3.144348","938","3.142984","917","3.140532","917","3.140904","917","3.142992","917","3.13976","917","3.145252","917","3.13976","917","3.143012","917","3.14054","917","3.139692","917","3.142208","917","3.141524","917","3.142852","917","3.140044","917","3.141768","917","3.13938","917","3.141872","917","3.14244","917","3.140792","917","3.142764","917","3.139584","917","3.14362","916","3.143496","916","3.139948","916","3.142724","916","3.141192","916","3.140052","897","3.140576","897","3.140472","897","3.142212","897","3.145428","897","3.141084","896","3.14258","897","3.1416191600000003","893","982"
"42","3.14178","926","3.141164","949","3.143864","988","3.141024","948","3.139396","988","3.14174","988","3.142136","948","3.138168","948","3.143316","905","3.139064","988","3.139584","988","3.1429","988","3.142484","971","3.144216","988","3.14026","987","3.143952","988","3.141708","971","3.142132","947","3.142116","988","3.142384","988","3.13978","948","3.140756","969","3.141416","969","3.1434","985","3.140324","985","3.139336","985","3.142172","923","3.140292","969","3.1449","968","3.141852","945","3.142708","969","3.1417","985","3.14316","985","3.142044","923","3.13974","985","3.141664","969","3.1432","985","3.143248","968","3.144448","985","3.140336","984","3.1387","945","3.140164","923","3.140064","985","3.138364","984","3.140572","967","3.142052","944","3.140932","945","3.142172","945","3.14286","967","3.14044","985","3.141916","968","3.141696","968","3.141008","945","3.143268","984","3.141344","968","3.14274","945","3.140336","955","3.140676","939","3.140764","956","3.141868","955","3.141956","939","3.142996","956","3.145244","956","3.144996","924","3.143176","923","3.143032","928","3.143292","928","3.142044","928","3.14152","928","3.139568","928","3.141984","928","3.141264","928","3.138668","928","3.145316","928","3.143552","928","3.144548","928","3.141988","927","3.140276","928","3.14264","911","3.138892","911","3.142008","928","3.143224","928","3.142144","928","3.144736","911","3.141524","928","3.143524","928","3.13996","928","3.142184","928","3.139896","928","3.142876","928","3.142464","925","3.141332","924","3.142856","925","3.14066","908","3.14104","925","3.142108","925","3.138884","925","3.142356","925","3.1441","925","3.139284","924","3.1417591199999997","950","989"
"43","3.140164","432","3.14338","943","3.139004","926","3.141584","926","3.141708","889","3.13748","926","3.14428","926","3.141856","829","3.14088","944","3.14202","926","3.1434","926","3.141792","925","3.13864","926","3.142724","925","3.14124","807","3.143244","862","3.144624","921","3.143756","939","3.143284","921","3.141096","939","3.141272","921","3.142108","939","3.141924","939","3.140612","939","3.141536","921","3.144776","939","3.143116","921","3.137736","921","3.1395","903","3.140904","921","3.139848","921","3.143108","939","3.1395","939","3.14282","939","3.141672","939","3.140016","921","3.139876","939","3.139108","921","3.145288","921","3.140464","921","3.139412","939","3.143784","921","3.142284","939","3.144036","921","3.138628","939","3.141608","921","3.141084","921","3.14216","920","3.14384","938","3.138644","921","3.140416","938","3.141424","921","3.143096","939","3.140092","938","3.141236","935","3.143632","934","3.144716","924","3.143728","924","3.144016","924","3.1402","906","3.14238","924","3.141332","924","3.139788","923","3.14312","911","3.142272","905","3.144304","904","3.141896","888","3.143516","888","3.142484","887","3.143392","887","3.141336","886","3.140556","886","3.141488","887","3.142412","887","3.141892","886","3.141716","887","3.139172","887","3.143088","882","3.142628","882","3.140932","882","3.143236","882","3.140928","882","3.144996","883","3.14212","882","3.14242","878","3.142548","878","3.142916","872","3.140212","872","3.14328","872","3.141828","872","3.139524","872","3.14198","872","3.140348","872","3.141384","872","3.142124","872","3.139824","872","3.142452","872","3.14496","872","3.142816","872","3.140868","872","3.1417984400000005","902","945"
"44","3.141604","96","3.141376","681","3.14202","774","3.141952","681","3.140356","657","3.140316","774","3.141092","774","3.143064","820","3.142008","681","3.143544","794","3.140236","794","3.139364","855","3.139148","700","3.140784","794","3.140272","855","3.142216","771","3.143036","771","3.139864","794","3.142568","771","3.143176","794","3.140588","812","3.141972","870","3.140604","790","3.140336","745","3.143352","869","3.142452","829","3.143264","888","3.1404","868","3.138896","830","3.141356","869","3.141688","849","3.140968","850","3.142528","868","3.141996","868","3.143444","869","3.14166","849","3.144524","810","3.141532","866","3.141396","865","3.13924","864","3.144696","845","3.141016","865","3.144148","864","3.13994","865","3.1439","844","3.14372","865","3.14254","865","3.14332","865","3.142904","864","3.141552","861","3.145016","861","3.14204","871","3.139384","852","3.141772","845","3.139328","845","3.141376","845","3.140232","845","3.142576","845","3.139856","845","3.140148","845","3.141352","864","3.14274","844","3.141656","864","3.141844","845","3.139996","845","3.142276","845","3.140416","845","3.141624","864","3.143596","853","3.140536","829","3.140004","829","3.141756","776","3.140128","795","3.139992","775","3.141216","756","3.143464","756","3.14272","775","3.142292","756","3.141348","775","3.141816","747","3.13956","744","3.142284","762","3.139704","762","3.140608","759","3.13922","759","3.142056","759","3.14264","759","3.140432","759","3.140452","759","3.143524","759","3.14294","759","3.141328","759","3.143112","759","3.140664","759","3.143556","759","3.142252","759","3.141604","759","3.142608","759","3.141464","759","3.143752","758","3.141641879999999","800","898"
"45","3.140872","291","3.14042","748","3.14118","728","3.141008","704","3.142444","749","3.137888","749","3.140852","637","3.141592","681","3.142612","749","3.14008","670","3.140628","694","3.141476","694","3.141952","693","3.14368","800","3.13976","694","3.14182","795","3.142192","814","3.140656","814","3.141812","794","3.142712","814","3.140768","858","3.142432","895","3.141784","896","3.140016","878","3.1421","876","3.142128","895","3.141276","876","3.14202","896","3.142328","877","3.143596","895","3.139412","840","3.14058","858","3.141332","877","3.142792","858","3.139484","877","3.14678","858","3.14242","858","3.14184","873","3.140064","891","3.145432","891","3.140124","873","3.141352","890","3.143232","873","3.14354","891","3.141168","891","3.143644","873","3.141576","890","3.140472","890","3.142184","890","3.14276","891","3.143452","890","3.139796","890","3.14094","891","3.14406","872","3.142924","887","3.141444","887","3.141004","886","3.141936","887","3.1398","887","3.142748","887","3.138592","887","3.137308","887","3.140832","849","3.140508","887","3.142996","869","3.144532","869","3.142952","886","3.140816","886","3.143144","887","3.144504","872","3.140704","872","3.141372","867","3.1421","867","3.141972","868","3.141768","867","3.141988","867","3.141972","866","3.14066","866","3.14212","866","3.14292","866","3.13974","866","3.142988","866","3.139788","866","3.14252","866","3.145652","866","3.140616","865","3.139932","865","3.141244","865","3.138612","865","3.138168","866","3.143596","865","3.142828","866","3.140644","865","3.142316","865","3.142176","866","3.142644","858","3.14018","858","3.140236","858","3.139708","858","3.142264","858","3.141619880000001","842","919"
"46","3.135824","54","3.139684","851","3.139752","893","3.143484","851","3.142036","871","3.141744","928","3.138964","871","3.139732","926","3.140348","925","3.142136","943","3.142216","926","3.141396","926","3.141416","942","3.140384","926","3.142844","925","3.14114","926","3.138916","925","3.140836","906","3.143812","926","3.142704","925","3.139124","943","3.14312","926","3.140008","942","3.139108","942","3.141424","943","3.141424","925","3.142312","942","3.139888","925","3.143476","942","3.142428","942","3.14368","942","3.14304","926","3.142468","942","3.139904","902","3.141472","918","3.139436","916","3.1433","916","3.141944","916","3.141636","916","3.140464","915","3.13928","916","3.142728","916","3.140744","916","3.142496","916","3.140576","915","3.13952","916","3.140952","915","3.141064","916","3.142988","916","3.142888","915","3.13988","916","3.1413","915","3.139136","916","3.142268","915","3.141252","916","3.13856","915","3.141432","915","3.144728","916","3.140464","916","3.142208","915","3.141696","916","3.14256","915","3.14056","915","3.141508","915","3.139904","915","3.141356","915","3.142648","915","3.140452","915","3.139884","915","3.14236","915","3.141868","916","3.139696","915","3.14002","916","3.1425","915","3.140544","898","3.141792","916","3.13824","915","3.141788","916","3.142408","915","3.139676","915","3.143436","916","3.140992","916","3.1442","915","3.14222","915","3.140992","915","3.141464","915","3.141068","916","3.140292","915","3.142292","915","3.142956","915","3.13996","889","3.140688","888","3.143192","878","3.142084","879","3.140284","878","3.142424","879","3.14186","878","3.142592","878","3.14118","878","3.137848","877","3.141269720000001","905","947"
"47","3.14092","267","3.138908","560","3.141196","763","3.144804","671","3.14134","671","3.142476","606","3.142352","671","3.1439","868","3.140832","869","3.141388","868","3.14376","869","3.14502","924","3.14102","868","3.144188","869","3.139732","868","3.144844","868","3.139716","869","3.14374","888","3.139928","846","3.143548","924","3.13856","869","3.144424","867","3.143884","905","3.144528","868","3.139608","868","3.138816","863","3.142796","919","3.143816","899","3.140452","917","3.14116","918","3.142728","899","3.140388","918","3.139828","899","3.14132","915","3.142148","915","3.140864","915","3.13858","914","3.143268","915","3.142532","914","3.143024","915","3.14224","896","3.142484","914","3.141336","892","3.141572","891","3.141044","910","3.14178","910","3.14072","891","3.14096","896","3.141404","891","3.140412","873","3.137748","891","3.140524","891","3.140048","872","3.142616","891","3.142532","890","3.143204","890","3.141408","881","3.140904","880","3.13896","861","3.141032","880","3.141964","875","3.141628","875","3.142412","875","3.139016","875","3.1431","875","3.140636","875","3.141156","875","3.13858","875","3.141592","875","3.140124","875","3.141512","875","3.141884","875","3.142076","875","3.140604","875","3.139468","875","3.138572","874","3.143092","875","3.1421","874","3.144812","875","3.140496","875","3.142944","875","3.140012","875","3.142884","875","3.1423","875","3.141396","875","3.14172","875","3.141364","875","3.140112","874","3.140944","874","3.141956","875","3.142516","874","3.140868","875","3.144268","875","3.143764","875","3.142552","875","3.140648","875","3.141928","874","3.142276","874","3.140568","864","3.142152","863","3.1416125999999993","863","952"
"48","3.139104","29","3.14304","920","3.141112","842","3.139448","920","3.140204","822","3.142416","921","3.14208","920","3.143248","920","3.1397","920","3.14076","957","3.142828","796","3.141772","920","3.142648","920","3.141376","867","3.141956","920","3.144868","920","3.140524","842","3.140472","867","3.139568","844","3.140192","920","3.142316","867","3.142552","920","3.14114","917","3.144536","917","3.142432","935","3.142148","936","3.140012","936","3.139792","936","3.139124","936","3.142224","936","3.142468","936","3.141156","920","3.14252","935","3.140732","920","3.14194","935","3.141516","936","3.143068","935","3.142484","936","3.143016","936","3.140832","936","3.1402","920","3.141136","902","3.136312","920","3.142896","935","3.142832","936","3.143284","935","3.142952","919","3.140208","935","3.138336","936","3.142372","936","3.138988","935","3.140764","936","3.141636","935","3.141852","935","3.141744","935","3.142004","935","3.139972","935","3.142952","919","3.140516","936","3.14138","935","3.142856","936","3.141356","935","3.142404","935","3.14222","936","3.140872","936","3.14214","935","3.14158","935","3.140404","936","3.1391","919","3.140516","935","3.141708","935","3.14144","935","3.141176","935","3.139896","935","3.14362","919","3.142448","936","3.140588","935","3.14098","935","3.14276","935","3.141792","936","3.143588","935","3.1379","935","3.142916","935","3.143132","935","3.141532","935","3.143552","935","3.138752","935","3.14096","919","3.14078","934","3.142516","934","3.141956","935","3.139896","935","3.140556","932","3.141572","932","3.141684","932","3.141972","932","3.142432","933","3.141648","932","3.142348","932","3.142444","932","3.1414765200000003","914","974"
"49","3.142676","190","3.142416","235","3.142228","427","3.144216","530","3.142684","530","3.14376","582","3.142592","581","3.141036","530","3.141924","530","3.145204","829","3.1436","788","3.139376","828","3.141184","829","3.139236","829","3.1426","829","3.142084","824","3.140096","824","3.139772","823","3.141508","841","3.140604","841","3.143864","841","3.14368","838","3.144356","837","3.136932","837","3.142776","822","3.13956","822","3.142016","822","3.14222","822","3.140532","822","3.143052","822","3.141672","822","3.13864","822","3.14288","818","3.144192","818","3.14444","818","3.140788","818","3.143588","818","3.142744","818","3.140296","818","3.139584","818","3.143804","818","3.141648","818","3.140212","818","3.143584","818","3.141096","818","3.142144","818","3.138424","818","3.141416","818","3.140768","819","3.142016","818","3.141244","818","3.14276","818","3.14168","818","3.140988","818","3.140972","818","3.139964","818","3.1376","818","3.142572","818","3.142584","818","3.1422","795","3.14316","795","3.138796","795","3.143992","795","3.141204","795","3.142416","794","3.13904","791","3.141584","791","3.142136","791","3.140884","793","3.142208","810","3.142768","790","3.142976","810","3.143276","810","3.140004","793","3.139232","810","3.144448","810","3.141152","810","3.140924","810","3.140708","810","3.145648","810","3.141644","810","3.136584","810","3.140392","810","3.14016","790","3.14094","810","3.14082","798","3.139504","798","3.140216","798","3.144868","798","3.144036","798","3.142248","798","3.137768","798","3.141028","798","3.14028","798","3.139792","797","3.140548","797","3.142108","798","3.140596","798","3.139272","798","3.14148","798","3.1415512400000005","780","882"
"50","3.14304","538","3.13794","587","3.142584","538","3.140492","586","3.139188","586","3.137904","538","3.141724","586","3.140996","882","3.142756","882","3.142528","882","3.142296","901","3.140456","882","3.139992","881","3.143744","881","3.141404","882","3.14026","881","3.1392","882","3.143256","900","3.142876","882","3.141464","882","3.143308","882","3.142032","881","3.14306","882","3.140876","882","3.140188","881","3.142968","882","3.140952","900","3.14254","882","3.142732","881","3.143788","900","3.140696","881","3.1406","881","3.139772","882","3.137824","881","3.139636","900","3.140376","882","3.1404","881","3.1415","882","3.14134","882","3.141664","881","3.14216","882","3.144164","881","3.139352","881","3.140848","881","3.143036","882","3.14112","881","3.140952","881","3.138916","881","3.142396","869","3.141164","876","3.145104","876","3.14166","876","3.141952","876","3.13904","876","3.142896","876","3.142256","876","3.140256","876","3.140268","876","3.139188","857","3.142996","876","3.142512","875","3.140504","876","3.136732","876","3.143228","876","3.142436","857","3.141228","857","3.142424","876","3.140904","854","3.13958","873","3.139144","873","3.14176","861","3.143304","858","3.138148","857","3.14358","857","3.1432","857","3.139208","857","3.139912","856","3.141276","856","3.137448","856","3.141692","856","3.142496","856","3.137468","856","3.142364","856","3.141356","856","3.143436","854","3.141616","854","3.143692","854","3.13992","853","3.139948","853","3.14444","853","3.143196","854","3.14104","853","3.138996","854","3.144012","853","3.142788","853","3.143716","853","3.142924","853","3.141652","853","3.142208","853","3.14264","853","3.1413820399999985","850","906"
"51","3.14122","727","3.145664","887","3.13816","887","3.142144","888","3.140004","887","3.143204","887","3.139836","728","3.13942","887","3.142672","886","3.1388","878","3.140428","878","3.139548","878","3.141084","878","3.142416","878","3.145076","878","3.140516","878","3.136268","858","3.141164","871","3.139792","851","3.1404","891","3.143116","889","3.142416","909","3.143156","909","3.143804","889","3.139692","867","3.1394","867","3.142956","908","3.142432","867","3.14154","927","3.141244","966","3.13942","963","3.141008","903","3.143584","903","3.143908","963","3.143464","903","3.140976","943","3.14372","942","3.14294","962","3.13858","962","3.139796","924","3.144348","924","3.142856","962","3.142848","942","3.140676","963","3.141156","942","3.143208","962","3.143656","928","3.143328","928","3.140232","928","3.14","928","3.140548","928","3.1415","928","3.141408","928","3.144684","912","3.141136","911","3.140816","911","3.143676","928","3.1436","928","3.139824","928","3.13952","928","3.14288","928","3.142744","928","3.141904","911","3.141456","910","3.14068","928","3.143548","928","3.1435","911","3.143776","928","3.142016","928","3.14354","928","3.13964","928","3.145944","928","3.142116","928","3.138192","928","3.143964","911","3.14232","928","3.14018","928","3.142852","928","3.141956","928","3.141048","928","3.143344","928","3.140004","911","3.13854","911","3.139736","911","3.140624","911","3.141064","911","3.142352","928","3.139956","911","3.140308","928","3.14024","928","3.141836","928","3.141304","910","3.142164","911","3.142708","928","3.139928","928","3.138012","928","3.140516","910","3.13992","911","3.14256","928","3.139936","928","3.14153296","911","1008"
"52","3.141608","587","3.141944","888","3.143572","939","3.143908","670","3.144464","820","3.139752","778","3.139408","777","3.139836","935","3.140752","883","3.140612","931","3.13872","930","3.140564","930","3.1445","930","3.14454","931","3.14022","931","3.143564","930","3.140876","951","3.1387","930","3.142252","910","3.142996","930","3.139616","931","3.14026","951","3.140392","930","3.143364","951","3.143772","930","3.14234","931","3.142676","930","3.139528","930","3.141236","930","3.13672","930","3.14312","930","3.142676","930","3.141948","929","3.141684","930","3.138352","930","3.140652","930","3.138176","929","3.140192","930","3.142","930","3.141684","930","3.1413","951","3.140512","950","3.145284","930","3.142928","909","3.140864","930","3.141652","929","3.145828","929","3.141076","950","3.142656","929","3.140556","929","3.14254","929","3.141792","929","3.136364","930","3.140604","929","3.141124","950","3.143944","950","3.14236","929","3.137356","950","3.140856","929","3.142712","929","3.138232","929","3.141832","929","3.142464","929","3.1443","929","3.14106","928","3.139492","929","3.140876","929","3.14028","950","3.141304","928","3.141144","929","3.14122","929","3.144964","929","3.142996","950","3.141092","949","3.140848","929","3.139588","950","3.139584","950","3.140376","929","3.138716","929","3.140408","949","3.143128","929","3.143596","949","3.143192","928","3.143256","950","3.139344","929","3.141088","929","3.14278","928","3.141068","927","3.143052","932","3.139604","922","3.141964","911","3.141952","911","3.141112","911","3.141272","911","3.14128","911","3.142744","911","3.143396","891","3.14118","911","3.142636","911","3.142652","911","3.14146556","919","962"
"53","3.14188","48","3.13916","873","3.142152","851","3.138544","873","3.144828","873","3.143","873","3.143252","851","3.140976","873","3.14246","874","3.140148","873","3.14088","850","3.140764","872","3.143424","846","3.141132","872","3.144652","852","3.144668","840","3.140552","873","3.139508","842","3.144768","848","3.14396","873","3.140148","850","3.143388","873","3.141716","851","3.14258","872","3.1422","872","3.140072","847","3.142048","872","3.143036","872","3.142176","872","3.141616","872","3.142836","872","3.142852","872","3.14112","872","3.14038","848","3.143968","872","3.142352","872","3.140436","872","3.144244","872","3.142504","872","3.142088","872","3.14104","871","3.141548","872","3.139904","849","3.143048","871","3.139988","839","3.141564","871","3.14522","846","3.143836","871","3.143708","872","3.142184","872","3.138312","871","3.144156","871","3.141516","872","3.142344","871","3.14346","872","3.138988","872","3.141592","872","3.142408","850","3.141292","851","3.143032","872","3.14084","839","3.142648","871","3.143616","871","3.139876","872","3.142716","871","3.138608","872","3.143604","871","3.140168","872","3.139932","872","3.146528","872","3.143048","850","3.142392","872","3.143332","871","3.141984","842","3.140788","849","3.141204","848","3.13864","872","3.142084","871","3.14486","845","3.143012","872","3.143004","871","3.142864","839","3.14424","872","3.143424","872","3.142048","872","3.141892","847","3.141704","871","3.142604","871","3.13958","872","3.14148","847","3.140452","872","3.142148","871","3.139044","871","3.13892","871","3.142072","871","3.14148","839","3.14514","871","3.142868","845","3.140928","849","3.141988","871","3.14199368","856","874"
"54","3.141216","79","3.138836","346","3.143256","771","3.1393","348","3.142444","348","3.143328","347","3.14138","375","3.141564","376","3.141052","348","3.143856","909","3.142876","910","3.144104","909","3.14204","928","3.142288","889","3.140308","888","3.14466","909","3.142456","909","3.141408","888","3.139488","910","3.137824","889","3.142508","889","3.140692","909","3.14174","889","3.1421","889","3.141676","888","3.14026","909","3.140324","910","3.141632","910","3.143012","928","3.139288","909","3.141092","908","3.141156","908","3.142912","908","3.1456","927","3.143472","908","3.142848","908","3.144372","909","3.144164","904","3.14256","904","3.141828","904","3.13996","904","3.1426","886","3.142088","864","3.142928","886","3.139884","904","3.139292","886","3.139556","886","3.141184","885","3.14398","886","3.139744","886","3.139876","904","3.1419","827","3.140148","827","3.142208","827","3.139344","827","3.141992","827","3.142656","827","3.138836","827","3.143048","827","3.144416","827","3.141384","827","3.143208","827","3.142004","827","3.144712","828","3.143868","828","3.141268","827","3.139076","827","3.141872","827","3.144136","828","3.141944","827","3.142396","826","3.142324","827","3.141452","827","3.140528","827","3.143956","828","3.140068","827","3.141736","827","3.14292","827","3.14128","827","3.14224","828","3.142024","827","3.14106","827","3.140264","827","3.14206","827","3.140136","827","3.13838","827","3.141848","827","3.14234","828","3.140664","828","3.141084","828","3.143856","827","3.142376","827","3.137664","827","3.139456","828","3.142264","827","3.14126","827","3.1399","828","3.143796","827","3.141588","821","3.141264","821","3.1416821599999993","816","938"
"55","3.140728","764","3.140516","690","3.141476","664","3.14052","765","3.139408","764","3.139756","664","3.143128","764","3.141404","739","3.143332","765","3.142264","664","3.141564","764","3.138828","764","3.139852","765","3.141052","763","3.14086","763","3.14126","765","3.14176","665","3.14002","765","3.143516","664","3.14216","739","3.139872","664","3.142228","664","3.141328","788","3.141028","764","3.143072","665","3.1418","764","3.142188","664","3.14246","664","3.142044","764","3.141636","763","3.141208","738","3.141488","664","3.141168","764","3.142892","738","3.140096","764","3.141984","664","3.13906","764","3.144444","664","3.14128","763","3.141464","665","3.142332","664","3.143024","763","3.141916","958","3.141264","764","3.142252","738","3.139604","821","3.141896","839","3.140988","821","3.14216","839","3.142116","839","3.141644","839","3.143072","839","3.143064","821","3.138332","839","3.141244","839","3.137576","839","3.13848","839","3.142172","839","3.1419","835","3.143828","834","3.140956","834","3.14124","834","3.142408","835","3.141548","834","3.143856","835","3.142444","835","3.14078","816","3.140376","834","3.14264","834","3.141396","835","3.142236","834","3.138624","835","3.140896","834","3.141736","834","3.14394","835","3.138676","816","3.145816","816","3.141256","812","3.140088","812","3.142128","812","3.144088","795","3.141912","794","3.1418","812","3.142176","811","3.141824","812","3.139964","811","3.141248","782","3.141","705","3.14254","705","3.140552","657","3.14304","656","3.141456","657","3.14522","657","3.143364","657","3.142044","657","3.139364","657","3.143112","656","3.13862","656","3.140556","656","3.140136","656","3.14152064","762","959"
"56","3.138348","67","3.141528","334","3.144276","766","3.14114","628","3.14156","627","3.139864","722","3.141372","722","3.141","723","3.141972","712","3.143648","641","3.140716","711","3.14194","710","3.139928","710","3.141324","710","3.14364","663","3.144948","709","3.139404","685","3.141204","868","3.14318","868","3.141488","869","3.142916","869","3.142984","869","3.141836","815","3.140224","869","3.136228","842","3.141848","870","3.140936","869","3.142216","869","3.140808","748","3.141568","870","3.140592","814","3.141372","773","3.141832","869","3.139984","869","3.14228","870","3.142232","869","3.1431","888","3.141584","868","3.141612","816","3.14266","870","3.143224","861","3.140068","881","3.142916","881","3.143604","881","3.143568","881","3.14452","849","3.143328","867","3.141836","867","3.14168","867","3.140588","866","3.141656","848","3.139928","867","3.14244","848","3.142424","867","3.13892","848","3.139988","866","3.141468","866","3.143448","865","3.14322","866","3.143384","847","3.139912","847","3.141476","866","3.141368","866","3.142252","866","3.142832","862","3.141264","862","3.138948","862","3.13924","862","3.138716","862","3.144932","802","3.14324","817","3.140948","802","3.142428","802","3.144304","790","3.139132","790","3.140168","790","3.143668","790","3.138016","790","3.142076","790","3.136464","806","3.140392","790","3.140788","805","3.144144","790","3.142532","783","3.1413","783","3.141292","798","3.138932","785","3.144612","769","3.14602","785","3.14178","785","3.14322","769","3.145576","756","3.14354","756","3.14064","772","3.142924","755","3.141736","755","3.142016","771","3.140252","755","3.14162","751","3.142336","766","3.1417053600000004","797","923"
"57","3.140116","842","3.137524","842","3.142756","841","3.140304","769","3.143588","841","3.143288","841","3.138888","768","3.144024","916","3.13936","818","3.140548","928","3.141204","909","3.141232","909","3.14106","928","3.141976","928","3.142828","928","3.143424","909","3.137632","946","3.141896","928","3.139468","908","3.146448","928","3.141864","946","3.141288","908","3.136488","919","3.142444","937","3.143928","928","3.14084","928","3.140676","942","3.142804","943","3.140952","942","3.141424","942","3.141656","923","3.14188","942","3.146032","942","3.141712","924","3.140504","924","3.14544","924","3.141932","923","3.139536","924","3.140912","942","3.139708","942","3.1411","942","3.140768","942","3.14332","923","3.142272","924","3.143368","942","3.141076","942","3.142984","924","3.142372","923","3.1433","942","3.143888","942","3.141684","942","3.141364","923","3.143384","942","3.141864","916","3.14082","935","3.140744","935","3.142056","935","3.143984","935","3.142084","917","3.141704","935","3.142224","916","3.141172","917","3.139392","917","3.139996","917","3.140984","935","3.14118","934","3.142424","935","3.140048","916","3.142692","916","3.142104","916","3.141924","934","3.139232","916","3.137928","930","3.143932","930","3.142656","930","3.1434","911","3.145712","931","3.14074","931","3.142736","930","3.14012","930","3.142764","931","3.142988","931","3.140924","930","3.141216","930","3.143964","912","3.143088","930","3.142744","912","3.138248","930","3.140732","930","3.141332","912","3.143548","930","3.142344","930","3.142272","930","3.14018","930","3.141432","911","3.142476","930","3.139908","930","3.14088","930","3.142516","930","3.140812","930","3.141686839999998","919","974"
"58","3.13978","263","3.143848","566","3.14164","594","3.139592","820","3.142124","620","3.139744","619","3.142512","732","3.141816","616","3.142956","616","3.140228","616","3.144324","616","3.14118","731","3.142008","731","3.140492","616","3.143156","731","3.142684","616","3.14094","616","3.142296","742","3.139632","843","3.143008","862","3.139756","861","3.143652","839","3.142248","799","3.143032","860","3.139828","860","3.14102","862","3.138068","861","3.143996","861","3.14188","863","3.141428","862","3.140476","862","3.141656","861","3.1412","861","3.142524","861","3.142472","861","3.141396","852","3.14228","854","3.142188","831","3.142908","853","3.139176","852","3.143248","852","3.14412","853","3.142568","853","3.143408","853","3.13812","852","3.140588","852","3.14288","853","3.14244","851","3.14284","853","3.140216","852","3.140576","852","3.13958","851","3.140908","851","3.14252","850","3.142392","851","3.138748","842","3.138208","850","3.138776","830","3.139512","830","3.141256","824","3.14188","823","3.14256","842","3.139108","825","3.140712","824","3.140348","825","3.140536","825","3.141924","824","3.142084","824","3.140524","824","3.141896","823","3.141884","821","3.1433","822","3.140348","838","3.140772","822","3.139932","820","3.14302","821","3.144376","814","3.143452","827","3.141672","810","3.139452","809","3.142228","809","3.13918","827","3.141928","827","3.1426","827","3.141504","809","3.142564","810","3.1451","827","3.140824","809","3.142244","809","3.140856","827","3.141968","821","3.140092","799","3.139136","816","3.142348","798","3.141404","816","3.141964","816","3.142336","816","3.139636","816","3.142952","816","3.144668","816","3.1415336000000003","799","902"
"59","3.140196","848","3.14184","889","3.144932","944","3.138656","907","3.142536","907","3.141944","825","3.14234","802","3.141488","824","3.13904","825","3.14142","944","3.143544","907","3.139984","868","3.14072","943","3.140052","868","3.140288","868","3.141504","943","3.142216","944","3.14238","944","3.142496","944","3.141684","943","3.142576","869","3.142112","824","3.14076","944","3.141656","954","3.142096","919","3.143068","954","3.143328","918","3.141304","935","3.140448","954","3.14302","935","3.1412","945","3.140756","942","3.14306","942","3.143276","942","3.140112","923","3.141416","942","3.141408","942","3.140392","942","3.14416","923","3.142304","942","3.14038","942","3.141056","923","3.140812","942","3.14098","942","3.140372","942","3.138348","941","3.143208","941","3.144568","923","3.14088","941","3.14306","923","3.142756","941","3.141692","941","3.142368","942","3.143056","942","3.145616","941","3.143528","941","3.141536","942","3.143976","942","3.140624","942","3.141936","941","3.141304","941","3.13942","942","3.145968","942","3.142856","941","3.139312","941","3.139416","922","3.141864","941","3.143096","942","3.141928","942","3.140752","941","3.141028","922","3.141728","942","3.140536","941","3.140496","941","3.141236","941","3.142636","941","3.142524","923","3.140516","941","3.142348","941","3.1441","941","3.144732","941","3.14382","940","3.1418","941","3.141464","941","3.141808","941","3.141388","941","3.142928","941","3.14322","941","3.140836","922","3.14092","941","3.142612","941","3.138216","940","3.141668","922","3.143124","941","3.14164","941","3.140576","940","3.14298","941","3.142892","940","3.138488","941","3.13954","941","3.1417618","928","963"
"60","3.142488","533","3.140792","577","3.141892","169","3.140588","553","3.143848","574","3.138096","551","3.139736","551","3.14162","574","3.14268","574","3.14274","525","3.138284","650","3.143416","809","3.141524","553","3.141956","809","3.143312","627","3.139256","646","3.141616","767","3.144164","747","3.139492","646","3.139412","805","3.141324","703","3.139852","767","3.141908","646","3.142528","877","3.14172","852","3.140948","777","3.144244","776","3.142284","796","3.139496","757","3.142624","869","3.142804","869","3.14392","850","3.142328","833","3.13846","850","3.139836","814","3.142784","850","3.141012","850","3.142172","850","3.140976","814","3.139752","869","3.144656","868","3.140172","850","3.141348","868","3.141112","822","3.142304","822","3.137896","822","3.1394","839","3.141524","822","3.141636","840","3.143264","822","3.1406","822","3.142016","840","3.141076","840","3.1426","828","3.145476","827","3.141488","827","3.14394","809","3.139424","826","3.140144","826","3.141356","826","3.140752","826","3.143328","808","3.138204","827","3.142496","827","3.1421","827","3.141964","826","3.14172","826","3.143388","818","3.142676","818","3.14356","800","3.141564","818","3.135868","818","3.14196","809","3.142884","809","3.142004","809","3.140668","809","3.14502","805","3.140868","805","3.143524","805","3.139384","804","3.140604","805","3.141184","805","3.14048","804","3.138168","804","3.14306","805","3.142632","805","3.144412","805","3.143748","805","3.143212","804","3.14068","804","3.141424","805","3.13964","804","3.143436","804","3.139968","804","3.142564","804","3.142244","804","3.139968","804","3.140008","804","3.140004","711","3.13586","706","3.1414654399999993","773","909"
"61","3.14234","460","3.140504","621","3.140004","551","3.140832","640","3.141644","825","3.14152","825","3.139532","931","3.142144","932","3.14342","945","3.137736","945","3.14144","929","3.142536","945","3.14222","945","3.13996","945","3.142416","946","3.144976","945","3.141896","946","3.141548","929","3.140568","929","3.14188","929","3.141612","945","3.143828","945","3.141372","945","3.144824","945","3.13988","945","3.141708","929","3.140836","945","3.14354","929","3.140752","929","3.143388","945","3.141188","929","3.13946","929","3.141884","929","3.1404","945","3.141448","945","3.139536","929","3.142064","909","3.142864","929","3.141984","945","3.143356","945","3.141344","945","3.13834","929","3.14284","945","3.142172","909","3.140872","929","3.140328","929","3.139424","929","3.140472","929","3.141012","945","3.141456","929","3.140216","945","3.141052","945","3.141364","929","3.14264","929","3.143272","945","3.141832","945","3.142884","929","3.14212","945","3.141384","944","3.13864","910","3.143112","945","3.142848","910","3.143256","929","3.142912","929","3.141132","944","3.143584","944","3.141252","944","3.14076","944","3.142408","929","3.143552","928","3.144188","945","3.138964","944","3.140788","945","3.139212","928","3.14016","944","3.141136","944","3.143564","928","3.141712","944","3.142368","928","3.14226","944","3.140868","928","3.142552","944","3.143248","928","3.140064","944","3.140488","925","3.142916","919","3.140884","916","3.141164","915","3.140708","915","3.14172","915","3.142788","915","3.144508","915","3.14264","915","3.139872","895","3.140892","889","3.14272","868","3.14462","869","3.1396","865","3.140144","843","3.142544","843","3.1416281199999996","912","954"
"62","3.14014","282","3.141712","894","3.139908","894","3.14118","911","3.143684","855","3.141388","894","3.141388","912","3.142844","894","3.142796","893","3.141272","911","3.142996","911","3.141712","911","3.139868","912","3.143312","893","3.141096","894","3.13848","894","3.1418","876","3.13864","894","3.140124","911","3.141888","894","3.140208","894","3.140864","911","3.142988","855","3.14282","893","3.13808","910","3.142556","893","3.143528","855","3.142372","893","3.142908","906","3.143788","906","3.140244","888","3.14042","887","3.14182","888","3.140576","888","3.1431","905","3.141324","896","3.142704","896","3.14378","894","3.139552","886","3.142584","872","3.13952","872","3.143928","872","3.139272","872","3.142432","872","3.142248","854","3.140388","854","3.141064","872","3.14206","872","3.144528","872","3.142708","872","3.1408","871","3.141924","871","3.142736","871","3.142008","871","3.142268","871","3.142548","871","3.142872","871","3.140184","868","3.138176","855","3.141752","837","3.143744","855","3.13812","854","3.142176","852","3.141312","835","3.140656","852","3.139936","852","3.14086","852","3.142992","849","3.140124","849","3.142356","849","3.14304","849","3.142716","849","3.14292","849","3.138608","849","3.139152","849","3.143624","849","3.142072","844","3.143308","844","3.140812","844","3.138732","840","3.139076","835","3.14084","835","3.142008","835","3.14212","835","3.142868","835","3.138692","835","3.142608","835","3.141172","832","3.142224","833","3.141504","833","3.1411","829","3.14118","829","3.142796","829","3.142868","829","3.14266","829","3.140384","829","3.141188","825","3.141528","825","3.139112","825","3.141328","824","3.1415037599999995","860","913"
"63","3.14218","249","3.14","412","3.142216","540","3.140712","793","3.144624","631","3.13998","793","3.139036","540","3.140096","750","3.139204","858","3.14468","859","3.139832","631","3.141824","631","3.1422","783","3.140024","805","3.142152","848","3.141596","890","3.139472","890","3.143028","783","3.140552","911","3.14054","927","3.139604","826","3.14298","911","3.139388","891","3.140304","890","3.141184","890","3.139396","802","3.139788","866","3.140296","903","3.139552","886","3.142936","886","3.142016","902","3.136812","902","3.139932","886","3.1408","866","3.14232","902","3.142188","902","3.14028","902","3.144736","886","3.144288","886","3.1406","902","3.1423","885","3.144608","902","3.139788","902","3.140556","902","3.14148","898","3.142012","898","3.141404","898","3.141504","898","3.142196","897","3.141924","897","3.14376","897","3.14202","897","3.14456","897","3.139648","897","3.142044","897","3.137344","898","3.142064","897","3.142332","897","3.140476","898","3.143376","897","3.14196","896","3.141304","895","3.144704","896","3.141076","896","3.135072","896","3.14202","895","3.14366","896","3.14174","896","3.139888","895","3.144372","895","3.140852","892","3.144472","892","3.139532","892","3.141972","892","3.139748","892","3.140432","892","3.141784","892","3.1403","892","3.144744","891","3.137924","892","3.140236","892","3.140136","891","3.142412","892","3.141756","892","3.143508","892","3.140284","892","3.144592","891","3.14182","891","3.142128","885","3.140772","885","3.139572","871","3.141928","868","3.142288","859","3.14022","859","3.143128","859","3.140892","859","3.144056","859","3.142764","859","3.142572","859","3.139908","859","3.14141272","855","941"
"64","3.142352","42","3.138372","173","3.141484","109","3.141304","156","3.140644","92","3.138224","93","3.140428","133","3.142928","109","3.139484","178","3.141044","141","3.143284","141","3.141836","160","3.141304","152","3.142556","857","3.141036","873","3.141896","874","3.143328","873","3.140032","873","3.142168","873","3.141484","873","3.140816","873","3.143656","874","3.138528","873","3.142152","873","3.140252","873","3.140624","873","3.142288","873","3.13802","873","3.139904","873","3.143436","873","3.13966","873","3.139116","873","3.138632","873","3.140404","873","3.140488","873","3.139992","873","3.142992","873","3.140264","873","3.140236","873","3.141888","873","3.14066","873","3.141052","873","3.140068","855","3.143016","873","3.143124","873","3.141968","873","3.14002","873","3.141596","873","3.142548","873","3.142352","873","3.13964","873","3.1394","873","3.143512","856","3.14164","856","3.138664","873","3.1417","873","3.141232","873","3.139964","873","3.141756","873","3.143544","873","3.143664","872","3.139816","873","3.140428","873","3.143792","873","3.138028","855","3.139","873","3.138792","856","3.141052","872","3.138792","873","3.143712","873","3.13848","872","3.144376","873","3.142872","873","3.138168","856","3.142656","873","3.14198","873","3.143124","872","3.143652","873","3.14264","873","3.140668","872","3.140728","872","3.141444","855","3.1439","872","3.142104","872","3.139616","872","3.14312","872","3.142608","872","3.141916","872","3.140808","872","3.139532","872","3.140936","873","3.140732","872","3.140544","872","3.141804","855","3.137276","872","3.14224","855","3.143856","873","3.13954","872","3.144168","872","3.140916","872","3.141194719999998","774","932"
"65","3.143284","103","3.144624","373","3.142428","484","3.14064","462","3.140832","139","3.145828","394","3.142236","179","3.1396","483","3.1422","484","3.138316","484","3.140188","393","3.140208","461","3.140176","484","3.140748","451","3.144184","450","3.141408","920","3.1409","918","3.143064","918","3.141688","920","3.140252","918","3.138636","921","3.143864","918","3.140964","921","3.142092","936","3.1421","918","3.142824","918","3.140252","918","3.14182","917","3.1432","920","3.14476","917","3.140216","918","3.142292","921","3.1408","920","3.142268","917","3.144592","919","3.142976","917","3.14132","936","3.142904","936","3.140284","918","3.14284","920","3.143464","919","3.141816","936","3.141504","918","3.140656","917","3.143672","919","3.14164","921","3.143484","918","3.144124","896","3.142704","917","3.141292","918","3.14256","917","3.144228","918","3.143464","918","3.140216","920","3.141528","919","3.139576","916","3.145076","917","3.141784","920","3.14318","920","3.143624","917","3.142292","904","3.140308","901","3.141596","920","3.140356","900","3.145224","903","3.141504","901","3.141984","901","3.140808","901","3.141368","901","3.140168","901","3.14356","919","3.144796","901","3.140976","904","3.143048","901","3.142648","901","3.14406","901","3.140528","903","3.140936","919","3.14124","901","3.139228","904","3.139184","901","3.14308","919","3.142656","901","3.141604","902","3.144268","901","3.14154","901","3.140608","901","3.140928","919","3.141284","900","3.140964","903","3.142992","901","3.141812","903","3.141984","904","3.143316","879","3.140172","901","3.143244","902","3.141712","919","3.142676","900","3.14004","902","3.144608","919","3.141987","833","989"
"66","3.142124","382","3.142912","382","3.142028","382","3.140896","382","3.144224","518","3.140888","443","3.14444","495","3.142568","518","3.1404","518","3.143276","543","3.1415","543","3.140952","542","3.143444","517","3.142556","638","3.141104","519","3.14252","684","3.141508","681","3.142744","681","3.140692","680","3.142008","677","3.143364","829","3.140012","829","3.14062","829","3.141036","829","3.142032","829","3.142744","754","3.141504","829","3.139288","829","3.142268","829","3.138716","753","3.142796","829","3.143568","829","3.141472","824","3.141368","824","3.141716","824","3.141268","825","3.13844","824","3.14148","824","3.143564","825","3.140724","824","3.144972","824","3.1392","824","3.14326","825","3.140636","824","3.141452","824","3.143724","824","3.140864","823","3.142448","824","3.138372","824","3.143056","823","3.141844","824","3.13998","823","3.14194","824","3.140336","824","3.1408","824","3.138836","823","3.144024","824","3.142384","824","3.141556","824","3.138964","824","3.140108","824","3.143912","824","3.142728","824","3.142272","824","3.141712","824","3.141272","824","3.142516","823","3.14134","824","3.143456","824","3.143964","824","3.140668","824","3.1414","823","3.141272","824","3.141028","823","3.142652","824","3.142848","824","3.137964","823","3.139084","824","3.1429","823","3.14064","823","3.141888","824","3.141596","824","3.141164","824","3.141396","824","3.143008","824","3.140484","824","3.144172","823","3.141548","824","3.140208","824","3.139268","822","3.139484","824","3.1418","823","3.14118","823","3.140232","823","3.144816","823","3.1418","824","3.14034","824","3.139984","823","3.144364","822","3.14212","823","3.1416399999999993","765","865"
"67","3.137396","86","3.141984","85","3.138444","284","3.140948","283","3.140536","282","3.14078","284","3.14048","660","3.144068","659","3.140588","865","3.142788","893","3.141892","894","3.142724","884","3.139644","858","3.142952","884","3.139012","884","3.14216","885","3.140724","860","3.14206","885","3.140696","884","3.1409","884","3.143","884","3.140996","884","3.143824","858","3.14092","859","3.140368","846","3.144276","849","3.142312","884","3.142344","884","3.139832","884","3.14022","857","3.14082","884","3.145464","884","3.14006","858","3.14272","857","3.143348","884","3.141952","860","3.140968","855","3.140288","884","3.140092","884","3.141352","856","3.13788","884","3.141728","859","3.142652","884","3.145492","884","3.140464","884","3.141432","884","3.142348","859","3.142252","884","3.140812","884","3.140352","884","3.141888","857","3.143572","884","3.141996","884","3.141164","858","3.141124","884","3.140184","858","3.142756","884","3.137404","884","3.141592","884","3.142992","851","3.140424","856","3.14236","884","3.140552","884","3.142076","884","3.141764","884","3.142212","850","3.14008","884","3.141688","884","3.141992","884","3.143516","883","3.144908","849","3.144096","884","3.14002","884","3.140392","884","3.141264","884","3.141908","884","3.140656","859","3.141392","855","3.1413","859","3.143244","859","3.143084","883","3.140684","884","3.143696","884","3.142648","884","3.141596","884","3.142236","848","3.143248","883","3.141316","846","3.143272","884","3.1416","883","3.140856","883","3.140472","884","3.140384","883","3.140908","856","3.141016","858","3.14258","856","3.139496","884","3.14066","884","3.141456","884","3.14238","884","3.141554480000001","830","903"
"68","3.139364","188","3.143076","915","3.142676","915","3.144428","916","3.139216","915","3.143828","915","3.140612","915","3.139488","915","3.140356","916","3.142208","915","3.139928","897","3.141412","915","3.139436","915","3.143164","915","3.141288","915","3.144184","915","3.14084","915","3.140784","915","3.143016","916","3.142632","915","3.139904","914","3.140876","915","3.140596","915","3.139468","914","3.139044","915","3.142364","915","3.141752","915","3.140632","915","3.139036","915","3.14126","915","3.14076","915","3.143484","915","3.143776","915","3.141612","915","3.140048","915","3.139436","915","3.142632","915","3.141944","915","3.140212","915","3.142028","914","3.142564","915","3.141416","915","3.143204","897","3.144296","915","3.143276","915","3.141812","914","3.140388","915","3.144172","914","3.143628","915","3.143052","915","3.141592","914","3.144988","915","3.142824","915","3.14196","915","3.140364","915","3.143824","914","3.142364","915","3.139684","915","3.142256","915","3.139156","915","3.142132","914","3.139648","915","3.139956","915","3.142156","914","3.140264","896","3.139532","914","3.138132","915","3.140316","915","3.141688","914","3.1422","915","3.141508","915","3.13858","915","3.13942","915","3.142668","914","3.139988","915","3.140552","915","3.143016","914","3.143772","914","3.142668","914","3.13858","914","3.141208","914","3.14216","915","3.144288","915","3.140784","915","3.139604","915","3.142316","915","3.141004","914","3.142636","914","3.139892","915","3.140192","914","3.143396","914","3.1419","914","3.1411","914","3.143012","915","3.140448","915","3.142024","914","3.143632","914","3.13844","914","3.141144","915","3.140916","915","3.14146492","906","916"
"69","3.141628","805","3.144636","506","3.140708","625","3.141508","623","3.142632","504","3.142816","504","3.144784","500","3.143048","500","3.140804","500","3.142016","618","3.145108","880","3.139752","754","3.1396","880","3.140364","914","3.144212","880","3.139936","880","3.140792","880","3.139696","880","3.141256","880","3.14024","880","3.140456","710","3.14262","880","3.144296","640","3.141804","838","3.141548","859","3.143684","872","3.14146","862","3.141032","849","3.141396","848","3.14212","848","3.143832","848","3.142236","859","3.14024","875","3.14188","841","3.141244","875","3.140156","859","3.143712","860","3.143252","859","3.14232","875","3.142832","859","3.142532","859","3.142544","875","3.141052","841","3.141552","875","3.139424","859","3.143624","875","3.140984","871","3.143896","871","3.143788","871","3.142984","871","3.141776","871","3.138652","871","3.143256","871","3.141988","856","3.138908","856","3.141632","871","3.140992","871","3.140608","871","3.137192","871","3.14268","866","3.138168","866","3.14256","867","3.142448","866","3.142068","866","3.14076","866","3.141952","866","3.141416","866","3.141904","866","3.142172","866","3.137784","866","3.141684","866","3.139704","863","3.139236","863","3.137164","862","3.14176","863","3.141256","862","3.144172","862","3.14254","862","3.143592","862","3.143332","862","3.140916","862","3.141692","862","3.1406","862","3.141588","862","3.142152","862","3.14356","862","3.141728","862","3.142896","862","3.140228","862","3.14218","862","3.139564","862","3.140192","862","3.141912","862","3.140504","862","3.139784","862","3.142888","862","3.13938","862","3.143532","862","3.142384","862","3.139948","862","3.1416102000000006","830","922"
"70","3.139928","881","3.14242","862","3.140836","862","3.141472","881","3.140844","881","3.144384","862","3.142788","861","3.139304","862","3.1433","881","3.141096","881","3.140492","881","3.143936","862","3.140808","862","3.13938","881","3.139312","862","3.14236","881","3.140624","862","3.143148","881","3.14342","862","3.14026","881","3.141356","881","3.14132","881","3.14104","862","3.1438","882","3.140728","881","3.143116","881","3.143352","881","3.14194","881","3.142184","881","3.142808","862","3.143804","862","3.14078","881","3.14226","862","3.144476","862","3.140808","881","3.142104","881","3.141184","881","3.14426","881","3.141268","862","3.14232","881","3.140972","862","3.137852","862","3.140376","861","3.1401","881","3.141736","881","3.143508","881","3.13846","881","3.143148","861","3.140056","862","3.14218","881","3.1415","862","3.136784","861","3.140736","862","3.140704","862","3.143612","862","3.142872","862","3.143552","881","3.141032","881","3.138492","880","3.14094","881","3.14194","862","3.139228","862","3.141228","861","3.140676","861","3.14128","881","3.139612","861","3.145784","862","3.139032","842","3.139216","861","3.14286","881","3.142072","862","3.142132","881","3.143212","880","3.140424","861","3.144068","881","3.141344","881","3.142224","861","3.140852","861","3.141008","862","3.141652","881","3.137184","862","3.143108","861","3.141456","861","3.138628","880","3.139732","880","3.141348","880","3.142388","861","3.143028","861","3.141124","861","3.14254","880","3.141392","861","3.142464","881","3.141804","861","3.13922","881","3.141232","861","3.143516","880","3.143212","861","3.139188","880","3.142492","861","3.140756","881","3.1414928799999995","870","882"
"71","3.139356","518","3.141104","748","3.141908","725","3.141892","748","3.142108","749","3.140544","749","3.140668","748","3.140208","863","3.139852","913","3.140276","743","3.141948","817","3.139552","912","3.141404","913","3.13804","913","3.138896","743","3.140448","816","3.141264","913","3.142984","839","3.143448","907","3.142448","907","3.142612","885","3.140828","907","3.14168","907","3.139988","907","3.142196","907","3.140008","882","3.141056","887","3.142424","888","3.142164","906","3.14226","924","3.139984","887","3.142152","906","3.143764","888","3.14258","887","3.144364","888","3.14022","924","3.141396","866","3.137384","924","3.143416","906","3.141776","905","3.142404","923","3.140876","886","3.142648","886","3.140412","903","3.143564","884","3.14196","884","3.139904","920","3.14346","862","3.140648","885","3.14156","921","3.139444","884","3.13866","903","3.143252","884","3.140168","921","3.142076","884","3.1404","863","3.140488","876","3.141352","891","3.141988","872","3.138588","909","3.141368","905","3.138908","869","3.142572","869","3.140112","867","3.14188","903","3.143396","903","3.141352","877","3.14304","877","3.143036","891","3.143104","891","3.141376","891","3.144072","891","3.14086","888","3.14422","888","3.144312","886","3.141216","875","3.13982","874","3.141848","874","3.141608","874","3.143248","874","3.14058","872","3.144048","871","3.14236","871","3.141256","871","3.142252","871","3.14126","871","3.138312","871","3.141284","871","3.140488","835","3.140064","871","3.14188","871","3.14324","835","3.143896","860","3.142532","858","3.142824","858","3.141224","858","3.138256","857","3.141212","857","3.142252","857","3.139832","854","3.1414485199999995","869","957"
"72","3.141328","542","3.138512","466","3.140596","874","3.142668","846","3.140692","874","3.138884","846","3.1464","874","3.141776","874","3.14128","874","3.141276","874","3.145752","846","3.14336","874","3.14132","689","3.140228","874","3.140324","874","3.141748","874","3.143236","874","3.139436","690","3.139532","874","3.140936","874","3.141188","867","3.14368","867","3.14138","840","3.140824","867","3.138352","867","3.142616","867","3.142464","867","3.13998","867","3.143384","867","3.142708","867","3.144156","867","3.141992","850","3.14358","850","3.1398","850","3.140584","836","3.1426","836","3.139696","836","3.142932","836","3.140672","836","3.140428","836","3.142892","836","3.14266","836","3.143132","836","3.143324","836","3.140112","767","3.140576","848","3.13976","867","3.145252","848","3.14144","848","3.138148","849","3.139756","848","3.141932","847","3.146044","847","3.139976","845","3.14328","863","3.14094","864","3.140272","864","3.140724","863","3.140852","863","3.142108","845","3.140304","863","3.143172","845","3.142624","863","3.140524","845","3.13866","845","3.140004","845","3.139172","863","3.14518","845","3.141724","844","3.1407","845","3.143024","863","3.139752","863","3.14276","844","3.141988","845","3.142888","863","3.142468","863","3.145","863","3.139624","863","3.141344","845","3.141192","863","3.143124","845","3.140764","863","3.141964","863","3.141568","863","3.143628","844","3.143848","863","3.144052","863","3.138948","856","3.140488","841","3.143308","823","3.140652","841","3.140236","842","3.142736","842","3.141336","842","3.141084","842","3.14292","823","3.14192","841","3.140824","842","3.141576","823","3.143196","842","3.14165756","842","916"
"73","3.14112","612","3.14012","612","3.144724","563","3.136884","721","3.142688","833","3.141064","590","3.143972","590","3.14278","686","3.140852","590","3.142468","612","3.143632","589","3.142664","637","3.140924","589","3.141388","612","3.138992","612","3.145204","612","3.141504","721","3.137496","744","3.141228","612","3.140736","721","3.138812","686","3.142916","612","3.139912","735","3.142324","894","3.145024","894","3.142016","894","3.14214","887","3.141864","866","3.14082","866","3.143824","912","3.1434","912","3.143324","861","3.14006","861","3.140948","887","3.141292","887","3.142992","887","3.138908","887","3.143028","887","3.141764","886","3.143236","887","3.144064","887","3.143332","886","3.14134","887","3.142892","887","3.14034","887","3.141076","887","3.143036","861","3.142356","886","3.142496","887","3.142748","887","3.142812","887","3.143664","887","3.141408","887","3.13732","887","3.145536","887","3.140944","887","3.141852","887","3.142828","886","3.140988","887","3.14344","887","3.13948","886","3.140276","886","3.139624","887","3.140808","887","3.141748","886","3.140712","886","3.142108","886","3.1409","886","3.143804","886","3.142108","887","3.139764","886","3.141368","886","3.142876","886","3.140452","886","3.141772","886","3.142876","886","3.139856","886","3.143244","886","3.141424","887","3.14","887","3.142236","887","3.142772","886","3.139948","886","3.14154","887","3.142804","886","3.141616","886","3.145364","887","3.143672","887","3.141124","886","3.141312","886","3.14264","886","3.143304","886","3.1401","887","3.142248","887","3.141432","886","3.142844","886","3.141776","886","3.14188","886","3.141652","886","3.140488","886","3.1417946800000003","831","952"
"74","3.1433","22","3.14164","615","3.138644","699","3.14462","546","3.143304","740","3.138188","545","3.140308","699","3.140596","699","3.141104","740","3.142356","699","3.139616","545","3.141828","740","3.144672","615","3.14024","699","3.141508","545","3.139996","740","3.142208","740","3.138172","740","3.140496","865","3.1419","865","3.14428","864","3.142528","882","3.142436","882","3.142164","865","3.143284","882","3.137876","882","3.140944","865","3.142416","882","3.143564","864","3.141012","864","3.14384","882","3.140688","882","3.141104","864","3.140408","881","3.140728","882","3.138904","864","3.142216","882","3.14046","882","3.13956","864","3.141392","864","3.142204","882","3.140112","864","3.142032","860","3.140724","878","3.140616","877","3.139348","877","3.141804","877","3.140136","875","3.142844","874","3.141212","857","3.143464","874","3.140628","874","3.14162","857","3.142828","875","3.143064","875","3.142968","874","3.140996","874","3.142092","855","3.13916","874","3.142436","857","3.139328","874","3.14218","874","3.142604","874","3.141772","874","3.14374","855","3.143596","842","3.140808","842","3.141228","824","3.138348","842","3.142308","842","3.142328","842","3.141012","842","3.140144","842","3.142252","842","3.141988","842","3.143544","810","3.142496","810","3.141764","802","3.141852","801","3.142296","800","3.139492","800","3.141932","800","3.14446","800","3.140884","800","3.1424","796","3.141028","796","3.140964","796","3.141876","795","3.142988","796","3.14222","796","3.140072","796","3.143116","792","3.141812","792","3.142968","792","3.139828","792","3.140676","792","3.14128","792","3.143048","774","3.142064","792","3.142264","792","3.1415574800000003","806","917"
"75","3.141432","216","3.14086","664","3.143928","664","3.139108","637","3.140676","664","3.14526","912","3.14124","888","3.140308","911","3.143672","888","3.144672","911","3.141604","889","3.14098","888","3.140604","911","3.140184","911","3.141596","912","3.141416","888","3.143852","888","3.14266","911","3.142528","888","3.14126","888","3.142536","911","3.142544","888","3.137396","911","3.140332","888","3.142476","911","3.143312","858","3.142088","911","3.140344","888","3.139948","911","3.14076","911","3.139584","888","3.139376","911","3.141124","892","3.142484","892","3.14274","873","3.142528","851","3.13958","891","3.142624","891","3.1432","908","3.1428","886","3.138688","908","3.140792","926","3.144664","886","3.143936","925","3.139948","925","3.142708","925","3.141664","925","3.142548","925","3.142036","925","3.13778","925","3.14356","926","3.13818","925","3.143136","925","3.140192","925","3.141348","905","3.141236","923","3.140684","923","3.142896","923","3.141264","923","3.140532","923","3.141404","922","3.142792","922","3.140676","923","3.141252","905","3.143636","923","3.139708","923","3.140496","923","3.141312","923","3.140016","905","3.14044","923","3.141056","922","3.141024","923","3.1418","923","3.13942","905","3.140668","922","3.1423","905","3.14262","922","3.142164","923","3.13868","922","3.142","922","3.142528","922","3.141624","922","3.14288","922","3.144132","922","3.144564","905","3.144772","923","3.143792","905","3.14194","922","3.139852","923","3.141772","923","3.140684","922","3.139148","923","3.143628","923","3.139244","922","3.142376","922","3.140824","922","3.138932","904","3.142548","922","3.141696","922","3.141988","922","3.1415579600000005","893","974"
"76","3.140784","945","3.144184","945","3.141676","925","3.142752","945","3.140172","945","3.1436","945","3.14232","945","3.142116","945","3.142236","945","3.143844","945","3.142392","924","3.141064","945","3.141212","907","3.141712","945","3.142116","925","3.142792","945","3.14186","924","3.142292","925","3.141736","945","3.142","925","3.142244","925","3.13992","907","3.143272","925","3.142952","945","3.139944","925","3.141968","945","3.140892","907","3.14124","925","3.143016","945","3.140364","925","3.139528","925","3.141364","945","3.140388","945","3.142172","944","3.14204","945","3.14366","924","3.139388","944","3.141524","944","3.141968","945","3.142128","924","3.141808","925","3.140704","924","3.140684","944","3.13882","945","3.143124","945","3.143956","924","3.143236","945","3.142428","924","3.142512","944","3.139132","945","3.14166","925","3.141968","945","3.143188","945","3.139996","944","3.144092","944","3.141852","944","3.143504","945","3.142128","944","3.142672","945","3.138888","945","3.139932","944","3.142468","944","3.142216","945","3.140116","944","3.143232","945","3.142072","945","3.142992","924","3.141216","944","3.139092","945","3.14312","945","3.1394","906","3.139108","945","3.143464","945","3.144744","944","3.140908","944","3.142376","944","3.14094","944","3.145328","944","3.141384","944","3.139808","945","3.141944","924","3.14128","944","3.140404","924","3.142604","945","3.140748","945","3.142316","906","3.139528","924","3.14126","944","3.140932","945","3.14022","924","3.138912","944","3.1428","945","3.1399","924","3.144544","944","3.141624","944","3.140564","924","3.142004","944","3.140256","944","3.141624","906","3.141224","944","3.1416778799999996","937","946"
"77","3.140548","604","3.142816","777","3.14064","603","3.1394","603","3.139676","917","3.141956","916","3.142156","917","3.142044","916","3.142524","916","3.141836","916","3.140584","917","3.143044","897","3.142364","916","3.142112","896","3.139768","916","3.144216","917","3.145108","917","3.143164","915","3.142324","916","3.140584","917","3.140316","916","3.142108","916","3.144916","916","3.142024","917","3.143116","916","3.143304","915","3.14598","916","3.1432","897","3.141908","916","3.14416","916","3.140324","916","3.145992","917","3.143572","916","3.143776","916","3.141932","916","3.143056","916","3.141348","916","3.1419","916","3.142668","916","3.144008","916","3.14146","916","3.138136","916","3.141128","917","3.141976","916","3.142452","897","3.13996","916","3.13798","916","3.14298","916","3.138196","916","3.138532","915","3.140872","916","3.144864","917","3.141332","917","3.140352","916","3.14288","916","3.140372","916","3.142664","916","3.141148","915","3.140992","917","3.143956","916","3.14086","916","3.143968","897","3.14006","917","3.142576","916","3.14206","917","3.138768","917","3.141784","916","3.14426","915","3.145472","917","3.142228","916","3.141336","917","3.142684","916","3.143852","916","3.141172","916","3.14336","915","3.142124","916","3.142228","916","3.142848","896","3.141336","915","3.144148","915","3.141848","916","3.140968","915","3.145984","896","3.141172","915","3.141236","915","3.14192","915","3.139556","916","3.14084","916","3.142456","915","3.144036","915","3.140676","916","3.142304","916","3.141356","915","3.14118","916","3.141676","916","3.142188","915","3.140984","915","3.143476","915","3.139284","916","3.141148","915","3.142001160000001","903","922"
"78","3.143004","385","3.142736","382","3.14052","379","3.14156","712","3.141444","801","3.14034","822","3.142052","712","3.139976","822","3.142532","821","3.141536","712","3.142488","806","3.140968","898","3.140224","897","3.142288","806","3.143904","898","3.14176","806","3.14126","897","3.141764","897","3.142044","878","3.141584","843","3.137408","914","3.14072","895","3.142636","895","3.139896","934","3.141864","934","3.142072","914","3.139812","934","3.14456","914","3.141932","895","3.143888","876","3.143352","946","3.142488","929","3.14326","944","3.140476","929","3.144828","945","3.140752","945","3.141896","929","3.144332","929","3.13974","945","3.142492","945","3.14014","945","3.141728","929","3.143116","944","3.142356","929","3.141264","945","3.143444","930","3.1409","945","3.140788","929","3.144048","944","3.144048","928","3.142452","944","3.1416","929","3.140924","928","3.141956","944","3.144464","945","3.14282","944","3.141868","937","3.140792","937","3.14144","938","3.141336","922","3.14386","921","3.14348","921","3.14178","937","3.1397","937","3.140336","937","3.142852","937","3.14248","937","3.140928","864","3.144328","863","3.141964","864","3.139876","864","3.141252","845","3.1414","845","3.144332","845","3.13952","844","3.143316","844","3.143688","844","3.139884","837","3.138496","837","3.141884","837","3.146384","837","3.141544","833","3.141492","833","3.142844","833","3.139456","831","3.142696","831","3.14166","831","3.140484","831","3.139672","831","3.145104","830","3.142788","831","3.139232","831","3.139632","827","3.143412","827","3.141832","826","3.14262","827","3.142472","827","3.142912","826","3.141424","827","3.141072","827","3.1418796000000015","865","973"
"79","3.140464","542","3.142236","613","3.142576","831","3.138232","877","3.14334","934","3.14222","897","3.143736","877","3.1409","897","3.140216","930","3.140068","965","3.14078","929","3.143628","894","3.141944","930","3.142236","912","3.137384","873","3.141384","930","3.139112","894","3.14234","930","3.140944","930","3.141176","929","3.141288","930","3.140352","893","3.1406","930","3.142308","930","3.141176","893","3.141092","930","3.143568","929","3.14306","966","3.142708","929","3.142792","929","3.14226","929","3.1393","930","3.1444","966","3.140968","965","3.141212","939","3.140812","920","3.141328","939","3.143204","867","3.138704","920","3.140928","903","3.142772","940","3.143692","939","3.141156","920","3.140232","935","3.142072","900","3.139608","936","3.142048","936","3.140808","899","3.141716","935","3.139556","934","3.141164","899","3.139824","899","3.14324","934","3.141592","899","3.140592","899","3.139864","934","3.140008","934","3.138756","915","3.140996","934","3.143044","922","3.142204","922","3.141276","922","3.142228","917","3.143436","917","3.143808","917","3.14096","916","3.141792","916","3.141184","916","3.14254","916","3.1403","917","3.139552","916","3.142844","917","3.14044","911","3.141784","910","3.140368","904","3.142664","905","3.142224","904","3.142572","904","3.140148","904","3.139936","904","3.144116","904","3.139776","904","3.141252","894","3.141724","894","3.13838","893","3.143136","893","3.142888","893","3.13994","893","3.1412","894","3.14086","893","3.140992","894","3.140764","893","3.139876","893","3.14188","893","3.138832","882","3.139368","873","3.142112","873","3.139316","872","3.140772","867","3.137708","867","3.1412686800000005","905","971"
"80","3.140424","645","3.1434","645","3.142348","642","3.143948","642","3.141876","732","3.143628","898","3.14362","920","3.143468","835","3.13756","920","3.142244","913","3.141908","914","3.138672","915","3.145036","931","3.141896","914","3.141432","914","3.140092","914","3.140264","914","3.141596","914","3.14258","913","3.141288","914","3.139492","914","3.141808","914","3.138496","931","3.14106","914","3.14202","914","3.1408","914","3.14008","931","3.141928","914","3.142884","914","3.140032","913","3.14216","913","3.140708","914","3.1388","913","3.142104","913","3.143456","914","3.139836","913","3.14166","913","3.14212","891","3.141736","931","3.142812","931","3.143944","914","3.14404","914","3.141336","914","3.14406","913","3.142072","914","3.142664","913","3.142976","914","3.140172","931","3.141424","913","3.138824","913","3.139804","931","3.142316","891","3.143076","891","3.139668","913","3.139776","913","3.142064","913","3.14192","931","3.14184","912","3.140428","912","3.13996","912","3.14056","912","3.141228","911","3.141412","912","3.141856","912","3.143552","912","3.142476","912","3.143172","911","3.139012","929","3.143232","911","3.141112","911","3.142712","911","3.140516","911","3.140312","929","3.141612","912","3.139788","889","3.141976","911","3.14026","911","3.141128","911","3.140724","911","3.143896","911","3.141048","911","3.143616","928","3.143776","911","3.139812","911","3.142492","925","3.141844","908","3.1389","908","3.139952","908","3.140956","925","3.141308","896","3.142528","878","3.14208","878","3.143492","878","3.141752","878","3.14186","895","3.141604","878","3.141172","879","3.14204","879","3.140796","878","3.144496","878","3.141596960000001","897","941"
"81","3.14286","711","3.144992","869","3.144884","925","3.14492","964","3.14256","964","3.140552","982","3.14122","849","3.140484","886","3.145136","885","3.14212","921","3.139332","921","3.14226","921","3.144248","921","3.139116","921","3.138156","942","3.13896","921","3.140964","921","3.14104","921","3.142912","921","3.14328","921","3.143728","921","3.143508","904","3.138784","904","3.140768","903","3.140572","921","3.139764","938","3.14122","922","3.140096","900","3.142908","940","3.140208","922","3.139908","940","3.140444","921","3.143072","938","3.143464","939","3.140836","939","3.141696","921","3.142004","939","3.143532","938","3.141596","921","3.142564","939","3.145856","938","3.14232","921","3.140024","938","3.142904","938","3.140112","921","3.1432","939","3.138092","939","3.141136","939","3.14266","939","3.141452","939","3.1392","938","3.140928","938","3.141024","939","3.142468","938","3.141508","920","3.141676","939","3.139796","939","3.139364","928","3.142884","928","3.1417","928","3.140584","928","3.140252","946","3.14332","928","3.141916","928","3.140724","928","3.138932","928","3.142092","928","3.1413","926","3.143152","925","3.1441","921","3.140188","873","3.141292","856","3.143748","873","3.142544","873","3.139524","873","3.141396","856","3.142256","855","3.143472","873","3.139716","873","3.141916","855","3.141344","855","3.139296","855","3.140836","855","3.143064","855","3.139348","855","3.143692","873","3.141952","873","3.140832","855","3.140456","873","3.140628","873","3.142092","873","3.141736","872","3.141688","855","3.1439","873","3.140068","873","3.141236","873","3.142876","855","3.141184","855","3.14222","855","3.140504","855","3.141603479999998","905","983"
"82","3.14314","786","3.141716","917","3.139352","918","3.144796","898","3.142668","936","3.142424","936","3.1419","936","3.142304","898","3.14424","936","3.145128","936","3.143048","936","3.143276","918","3.142492","917","3.14234","935","3.1428","936","3.14166","936","3.143436","935","3.142056","936","3.144004","917","3.140468","935","3.142612","936","3.140544","936","3.143732","936","3.141324","936","3.144012","936","3.140076","936","3.1438","936","3.144832","936","3.141636","935","3.139844","936","3.140472","936","3.14354","936","3.143508","935","3.140844","936","3.139788","935","3.141908","936","3.13996","935","3.140008","936","3.143924","917","3.140072","917","3.14312","936","3.13906","935","3.141328","936","3.140404","936","3.139556","935","3.139476","936","3.140948","936","3.140164","935","3.140164","935","3.141404","935","3.144668","935","3.138476","930","3.14242","931","3.142752","930","3.139296","930","3.142992","930","3.141448","930","3.140664","930","3.139868","930","3.141804","930","3.141596","930","3.144068","930","3.145128","930","3.142304","930","3.14096","930","3.14306","930","3.141216","930","3.1407","930","3.14386","930","3.141424","930","3.142132","930","3.141712","929","3.141852","930","3.14044","930","3.144072","930","3.141436","930","3.14212","929","3.142432","920","3.141648","920","3.1405","920","3.142568","920","3.140272","919","3.139092","919","3.144032","919","3.13988","919","3.141592","919","3.140788","919","3.143028","915","3.142484","914","3.142452","914","3.14058","914","3.139376","914","3.142052","914","3.143116","914","3.140436","914","3.142764","914","3.14058","914","3.143444","914","3.142744","914","3.143484","914","3.1418712000000006","926","937"
"83","3.142824","990","3.143612","818","3.14134","990","3.140292","990","3.13762","989","3.140124","990","3.141136","928","3.140888","989","3.141324","950","3.140904","989","3.141036","990","3.14142","990","3.140828","928","3.14326","990","3.142804","989","3.137564","989","3.14234","989","3.137896","989","3.141104","928","3.143424","989","3.142884","989","3.14286","903","3.141472","981","3.143004","980","3.140468","980","3.141224","980","3.142228","981","3.140156","981","3.144804","980","3.14246","980","3.141004","980","3.140692","980","3.141864","961","3.143152","980","3.13994","929","3.140548","945","3.140312","945","3.141848","964","3.139416","925","3.14184","964","3.141028","925","3.141728","945","3.141488","964","3.139988","945","3.141432","945","3.140064","945","3.141492","964","3.139968","964","3.140124","957","3.143228","953","3.1424","953","3.141272","953","3.14004","954","3.139616","953","3.141952","934","3.142468","953","3.141076","953","3.141472","953","3.142728","953","3.140956","934","3.145696","953","3.142008","934","3.139508","915","3.140288","953","3.142372","953","3.141876","934","3.14368","950","3.1388","950","3.141268","946","3.141776","931","3.140556","912","3.142396","927","3.14358","927","3.141836","927","3.141048","927","3.141668","927","3.145032","927","3.14184","927","3.14308","927","3.140672","927","3.139004","927","3.138912","927","3.141","927","3.144328","927","3.144312","927","3.144196","927","3.13994","927","3.141228","927","3.139904","927","3.142544","927","3.1417","927","3.145276","927","3.141404","927","3.142636","927","3.14264","927","3.142184","927","3.137276","927","3.141044","927","3.141164","927","3.14062","927","3.1414872800000007","949","1010"
"84","3.139372","862","3.14094","918","3.143704","900","3.14224","900","3.139296","879","3.143196","917","3.143568","918","3.139928","918","3.14232","936","3.139356","917","3.138112","917","3.139932","918","3.138372","917","3.143028","918","3.141832","917","3.14142","918","3.142064","918","3.141284","917","3.143144","900","3.13954","918","3.14124","917","3.138832","899","3.140528","917","3.140232","900","3.141052","917","3.140228","900","3.14252","918","3.139228","900","3.140796","936","3.14572","917","3.142048","899","3.142132","917","3.14154","936","3.14308","917","3.139496","900","3.141624","918","3.140336","880","3.143744","899","3.143708","917","3.14002","916","3.139708","917","3.140708","917","3.141384","917","3.142476","917","3.142776","935","3.13868","917","3.144704","917","3.142916","917","3.141092","916","3.141212","926","3.142676","908","3.143004","890","3.139988","908","3.140088","890","3.142516","908","3.141552","890","3.14092","926","3.14158","908","3.143712","903","3.139376","903","3.14082","903","3.142604","903","3.143508","903","3.142424","903","3.142824","903","3.139104","901","3.139956","883","3.141836","900","3.14176","901","3.139692","901","3.141476","901","3.141936","883","3.143628","901","3.14176","901","3.14044","901","3.141744","901","3.142012","896","3.142456","896","3.139664","878","3.141212","896","3.142456","896","3.139028","895","3.142036","828","3.141368","827","3.141592","828","3.142288","827","3.142284","827","3.140456","827","3.144244","828","3.138468","827","3.140308","827","3.14242","827","3.140388","827","3.141724","827","3.14412","826","3.14218","827","3.141048","826","3.139772","826","3.143124","823","3.14382","823","3.141458","892","937"
"85","3.139952","822","3.141128","820","3.14266","822","3.143536","820","3.142496","822","3.141852","821","3.139028","820","3.141488","820","3.14306","820","3.141556","820","3.142324","820","3.142156","821","3.142548","821","3.138752","822","3.141648","821","3.14254","822","3.141292","821","3.140484","820","3.142688","821","3.1403","821","3.14562","822","3.143684","820","3.141388","821","3.1404","821","3.143624","820","3.1419","820","3.14216","820","3.141672","821","3.141","793","3.141108","821","3.139244","821","3.140428","820","3.141196","820","3.141992","821","3.140948","821","3.141404","821","3.14062","821","3.142652","821","3.14188","822","3.141844","819","3.14322","820","3.142312","820","3.140796","821","3.14128","820","3.138652","820","3.140832","820","3.141488","820","3.14044","819","3.140596","820","3.144156","793","3.144736","821","3.13988","820","3.143584","820","3.138416","820","3.143164","820","3.142884","821","3.138596","821","3.141796","820","3.141204","821","3.143692","819","3.142168","820","3.144012","819","3.139776","820","3.14364","820","3.140992","820","3.139188","820","3.14298","821","3.143148","821","3.140692","799","3.14056","821","3.139276","798","3.141968","821","3.141748","820","3.142008","821","3.140468","799","3.14314","820","3.14042","820","3.141532","821","3.140088","821","3.140832","821","3.14396","819","3.142052","821","3.142756","820","3.140572","820","3.144144","798","3.141208","821","3.144588","820","3.139948","820","3.14372","794","3.144816","819","3.140552","820","3.140664","820","3.144488","820","3.14444","797","3.14196","820","3.142184","821","3.140504","819","3.142716","821","3.140876","819","3.140208","819","3.1417296799999996","818","822"
"86","3.140916","505","3.141624","553","3.1419","579","3.141784","598","3.142284","598","3.14202","598","3.139732","598","3.14314","598","3.142484","965","3.142972","894","3.141896","894","3.140152","793","3.142408","794","3.14084","839","3.143764","875","3.14204","893","3.140868","925","3.142072","894","3.143244","893","3.141072","994","3.13784","979","3.140496","978","3.1408","978","3.140412","994","3.142052","994","3.143276","994","3.142484","978","3.14492","979","3.138844","979","3.141288","978","3.143196","978","3.14314","994","3.13944","978","3.138136","978","3.140248","978","3.146256","994","3.142956","978","3.142336","994","3.142116","978","3.141432","994","3.140176","977","3.141444","976","3.141956","975","3.142152","976","3.14092","976","3.140444","976","3.14206","965","3.143644","966","3.141812","965","3.14086","965","3.140648","965","3.140716","966","3.143712","950","3.139788","965","3.141156","965","3.142392","966","3.142092","965","3.14058","965","3.142916","965","3.141568","965","3.139588","949","3.141008","965","3.139452","965","3.13918","965","3.140608","965","3.142684","965","3.141692","965","3.139536","965","3.141428","965","3.1405","965","3.1435","961","3.139964","960","3.143172","960","3.140632","945","3.142972","961","3.140968","961","3.141572","961","3.141416","960","3.140816","945","3.140608","960","3.142124","960","3.14272","960","3.140468","960","3.143408","960","3.141756","960","3.143352","960","3.144624","960","3.14134","960","3.140228","960","3.141704","961","3.143812","960","3.141864","960","3.142056","961","3.13994","957","3.140264","957","3.14232","941","3.141664","941","3.143004","940","3.141192","941","3.138936","941","3.14157988","926","1008"
"87","3.139612","552","3.139812","805","3.141748","805","3.142352","779","3.140628","802","3.14566","802","3.138992","865","3.141464","865","3.1387","974","3.142316","974","3.142208","974","3.13872","936","3.14334","973","3.140368","917","3.14118","936","3.141996","973","3.14238","955","3.141424","935","3.145184","917","3.138744","955","3.140452","974","3.14272","916","3.142808","973","3.14398","973","3.1415","955","3.141772","917","3.145652","954","3.14048","974","3.143164","973","3.14076","936","3.139872","973","3.143464","973","3.144964","974","3.140452","973","3.141412","954","3.14222","973","3.141892","917","3.142904","973","3.140988","973","3.139428","936","3.140708","973","3.139492","947","3.13986","958","3.14276","958","3.142648","958","3.144816","958","3.139784","958","3.146336","958","3.141416","957","3.142564","958","3.144476","958","3.13842","958","3.142004","958","3.141792","957","3.14244","958","3.145596","958","3.143016","957","3.139828","949","3.139344","949","3.144284","950","3.140568","949","3.14046","949","3.141788","949","3.140928","949","3.138896","949","3.138616","949","3.14176","949","3.13996","949","3.14226","949","3.143896","949","3.142232","949","3.141464","949","3.140472","949","3.144652","949","3.140552","949","3.140072","949","3.142116","949","3.14108","949","3.141852","948","3.1431","949","3.143452","949","3.141596","949","3.140144","949","3.14054","948","3.142944","949","3.143508","949","3.138692","949","3.139812","949","3.143156","949","3.14196","948","3.142308","949","3.141544","949","3.144016","948","3.143652","949","3.137792","949","3.144124","948","3.146816","949","3.14102","949","3.138668","949","3.141148","949","3.141729119999999","939","982"
"88","3.142076","369","3.138324","543","3.142864","648","3.143328","648","3.140256","880","3.140556","899","3.142352","900","3.141804","899","3.143068","642","3.14258","759","3.143472","711","3.140088","900","3.142588","666","3.139536","899","3.143636","880","3.141712","880","3.142148","909","3.144624","907","3.143","907","3.145188","908","3.140936","867","3.141852","886","3.143356","907","3.140284","907","3.14188","887","3.140668","925","3.140804","887","3.142484","907","3.140868","908","3.143056","907","3.140508","887","3.143","907","3.137676","907","3.1409","907","3.1405","886","3.142388","886","3.140944","907","3.137016","916","3.14286","917","3.14146","917","3.142508","898","3.142228","898","3.14276","916","3.141604","916","3.142912","898","3.144096","916","3.142952","916","3.142444","916","3.142524","898","3.144524","916","3.141832","898","3.141396","916","3.143604","899","3.139204","899","3.138884","916","3.143272","916","3.14136","899","3.140104","898","3.141032","916","3.143636","916","3.140956","916","3.14164","898","3.14116","899","3.140096","916","3.145408","915","3.143572","916","3.143472","898","3.141232","916","3.140144","916","3.14226","916","3.14306","894","3.140588","876","3.140724","877","3.141356","877","3.139372","894","3.1415","894","3.140528","894","3.138312","894","3.142616","894","3.140892","894","3.142128","889","3.138352","889","3.14266","888","3.141984","889","3.142436","875","3.141168","875","3.139348","875","3.14406","875","3.1406","875","3.142548","875","3.141924","875","3.140284","875","3.142644","875","3.141488","875","3.143096","875","3.14174","865","3.142288","865","3.14354","847","3.140576","847","3.142264","847","3.1417353200000004","873","946"
"89","3.142868","668","3.140052","905","3.144384","904","3.139428","884","3.14068","904","3.142788","904","3.141384","885","3.14144","884","3.139412","905","3.14004","904","3.141864","883","3.140344","904","3.140684","905","3.14276","884","3.142188","904","3.14052","905","3.143532","881","3.140976","884","3.142828","904","3.14","904","3.141056","885","3.140468","904","3.144452","883","3.1375","904","3.141184","904","3.1404","904","3.139432","905","3.140584","882","3.140392","904","3.142196","904","3.142764","904","3.137916","884","3.142164","904","3.1413","904","3.14216","905","3.141848","901","3.144672","880","3.141912","901","3.14174","902","3.141352","901","3.139752","901","3.141424","901","3.140724","901","3.145748","901","3.142412","901","3.144432","901","3.140348","879","3.140548","901","3.142884","900","3.143008","881","3.141496","901","3.142644","900","3.142172","901","3.140192","901","3.140364","900","3.13986","881","3.141184","901","3.144552","879","3.142016","900","3.142496","880","3.141532","900","3.142192","901","3.1414","900","3.142432","901","3.14348","901","3.1436","901","3.141464","901","3.14116","900","3.14128","901","3.142784","901","3.140912","900","3.13944","900","3.140456","900","3.145388","900","3.137628","901","3.141104","901","3.142228","901","3.140284","900","3.143968","900","3.141208","900","3.14122","879","3.143856","900","3.143008","901","3.14268","901","3.14196","900","3.140532","900","3.142024","900","3.142364","900","3.14246","901","3.140412","900","3.139096","900","3.14378","900","3.138504","901","3.144272","880","3.144448","900","3.143776","900","3.140648","900","3.144884","900","3.143012","900","3.141668","901","3.141704640000001","895","906"
"90","3.141936","289","3.1426","821","3.142168","798","3.143608","867","3.139528","867","3.144912","845","3.140504","867","3.143132","867","3.140684","867","3.143316","867","3.141512","867","3.14004","867","3.142064","867","3.141204","843","3.144476","866","3.142112","843","3.143292","842","3.1404","842","3.141812","864","3.140604","841","3.141308","864","3.1399","864","3.141876","864","3.141108","864","3.143032","863","3.14146","863","3.139276","863","3.140672","840","3.142668","864","3.14482","864","3.140228","864","3.13972","864","3.142836","864","3.14036","863","3.142892","839","3.141456","864","3.140988","864","3.141812","864","3.140464","863","3.142772","840","3.140396","864","3.140376","841","3.141504","864","3.141184","864","3.142136","863","3.142772","863","3.138844","864","3.141408","864","3.142072","863","3.142304","864","3.141832","864","3.144944","863","3.139376","864","3.140612","863","3.143276","840","3.144156","863","3.140476","864","3.142352","840","3.141784","863","3.144","840","3.143884","863","3.1426","863","3.139528","839","3.14072","863","3.142416","864","3.145272","863","3.147996","863","3.143292","863","3.140784","864","3.143984","859","3.142356","859","3.142332","859","3.1395","859","3.145964","859","3.140412","859","3.141712","839","3.142992","838","3.140576","839","3.140968","838","3.144236","839","3.139452","838","3.13764","839","3.141036","839","3.143428","839","3.14386","839","3.140968","839","3.14128","839","3.139244","814","3.13912","813","3.139996","811","3.142452","794","3.142","794","3.140292","793","3.139596","794","3.143344","794","3.142164","794","3.140808","793","3.142184","794","3.143352","791","3.141772","791","3.1418086799999996","842","869"
"91","3.141796","618","3.141996","929","3.141188","869","3.142204","929","3.142472","929","3.140644","910","3.142348","910","3.142028","617","3.143028","862","3.141732","904","3.141824","883","3.140176","903","3.142388","862","3.141276","903","3.141264","903","3.14146","841","3.14286","903","3.140196","903","3.142968","883","3.141972","903","3.140448","841","3.14138","862","3.142888","903","3.139432","886","3.141356","886","3.143168","886","3.141976","865","3.140104","883","3.14196","900","3.139496","899","3.14366","900","3.1442","900","3.140944","883","3.142364","900","3.140844","900","3.141124","900","3.142416","900","3.141536","899","3.142224","901","3.14106","900","3.140304","900","3.141268","900","3.138292","900","3.14242","900","3.142092","882","3.141616","900","3.142472","900","3.140584","900","3.13838","900","3.13992","899","3.14276","899","3.142408","882","3.141448","900","3.141648","882","3.142048","899","3.141668","882","3.142716","899","3.141196","899","3.141364","899","3.138848","899","3.140332","882","3.142728","899","3.144796","899","3.137812","899","3.140392","899","3.141908","900","3.140868","900","3.141768","900","3.141656","899","3.14136","862","3.144516","900","3.140256","857","3.145652","858","3.141992","857","3.141924","857","3.142076","857","3.142968","858","3.141128","857","3.140136","857","3.140472","857","3.139096","857","3.13736","857","3.140124","857","3.143348","857","3.142368","857","3.138776","858","3.142196","857","3.13998","856","3.140884","857","3.141976","857","3.14402","857","3.141788","857","3.142888","857","3.142292","857","3.141296","857","3.14284","857","3.14116","857","3.14084","857","3.145244","857","3.142516","857","3.141575840000001","877","929"
"92","3.139948","277","3.142152","830","3.13828","806","3.14162","830","3.143164","868","3.143232","728","3.14376","868","3.140968","830","3.137608","707","3.140744","830","3.14348","868","3.141788","867","3.142476","830","3.139176","831","3.140088","830","3.140568","864","3.139996","863","3.141104","863","3.143536","863","3.140108","863","3.143204","827","3.141692","846","3.141404","827","3.142516","864","3.14106","827","3.140264","863","3.14242","863","3.1424","864","3.140976","826","3.142164","803","3.139664","847","3.141668","846","3.141328","846","3.14034","847","3.142244","846","3.141924","847","3.142836","846","3.1423","847","3.139744","846","3.142328","847","3.1416","847","3.143708","846","3.13934","846","3.13996","846","3.138396","847","3.142996","845","3.141816","847","3.141868","846","3.141768","847","3.139852","847","3.14052","846","3.140196","846","3.142492","847","3.14354","846","3.141396","846","3.141184","847","3.142944","845","3.143364","847","3.1418","847","3.141008","845","3.141132","846","3.141416","845","3.142372","846","3.14158","846","3.141244","845","3.13892","841","3.1416","840","3.13782","839","3.142076","839","3.140656","841","3.140436","839","3.141044","840","3.139764","840","3.139084","837","3.143144","838","3.141912","838","3.140952","838","3.140156","839","3.1417","838","3.138812","838","3.141176","839","3.140176","838","3.138736","837","3.141964","837","3.141684","838","3.1402","838","3.141264","838","3.140444","838","3.142884","837","3.141436","837","3.139624","838","3.141416","837","3.140756","838","3.141808","819","3.142504","838","3.14004","837","3.13914","837","3.14266","838","3.14114","837","3.141772","838","3.1412266399999993","834","870"
"93","3.141944","465","3.140124","465","3.14102","734","3.145656","824","3.139888","802","3.145348","824","3.139732","824","3.143088","824","3.140436","824","3.139928","824","3.143292","881","3.142748","753","3.1404","820","3.14026","859","3.141584","859","3.144664","859","3.14392","842","3.140912","859","3.140524","859","3.143396","859","3.139708","859","3.141192","842","3.137408","881","3.141964","881","3.142728","863","3.142048","881","3.141844","881","3.14184","881","3.141816","905","3.145644","880","3.142024","880","3.142988","904","3.139052","880","3.142216","904","3.1408","863","3.140936","880","3.142288","903","3.14","880","3.142864","904","3.142888","904","3.145936","880","3.144076","880","3.141352","880","3.141784","903","3.140804","881","3.142288","880","3.143316","880","3.14416","904","3.142052","904","3.14034","905","3.140576","903","3.140944","902","3.14372","879","3.141968","902","3.139332","902","3.141616","879","3.141676","879","3.143176","902","3.143976","902","3.139924","881","3.140264","867","3.140368","867","3.142076","866","3.13766","866","3.141772","866","3.13944","864","3.140916","864","3.139016","864","3.143104","864","3.14308","864","3.140388","864","3.143268","864","3.138788","864","3.141116","864","3.138816","864","3.141896","864","3.14318","864","3.141904","864","3.14114","864","3.139088","864","3.14076","864","3.14184","864","3.140804","863","3.141324","854","3.138296","854","3.142612","854","3.141576","854","3.142044","854","3.14054","869","3.142048","854","3.14134","854","3.146408","853","3.141456","853","3.14168","854","3.1427","850","3.14432","844","3.14214","849","3.142932","849","3.14","849","3.141512","834","3.1416774000000003","857","945"
"94","3.140556","342","3.13712","528","3.14136","594","3.140624","594","3.143444","505","3.141092","593","3.141176","593","3.143716","854","3.140464","832","3.138296","920","3.141428","906","3.139932","905","3.140908","905","3.140428","853","3.140868","853","3.140908","680","3.140428","905","3.140516","905","3.143152","853","3.13856","905","3.140992","905","3.142728","905","3.141092","905","3.14248","913","3.139204","846","3.139896","846","3.139228","912","3.13848","898","3.140608","898","3.138628","878","3.142276","898","3.13808","898","3.142348","912","3.14254","898","3.142596","877","3.142016","876","3.139992","876","3.141492","875","3.14264","872","3.1422","837","3.144076","838","3.14168","838","3.142132","836","3.139408","871","3.142732","871","3.139676","871","3.142872","871","3.141008","871","3.142312","871","3.142476","836","3.144148","871","3.139552","871","3.142116","856","3.143036","871","3.140052","857","3.138852","859","3.141444","859","3.140372","859","3.140604","858","3.13928","859","3.141136","859","3.140604","859","3.1424","859","3.140072","859","3.143364","859","3.140052","859","3.141408","859","3.14136","859","3.142972","859","3.139488","859","3.140368","859","3.141996","859","3.142084","859","3.142704","859","3.142048","859","3.141148","858","3.141356","859","3.143092","858","3.146592","859","3.140212","859","3.144596","858","3.142","859","3.142708","859","3.14246","859","3.140736","859","3.140156","859","3.141052","859","3.141704","859","3.140008","859","3.142796","859","3.142356","859","3.142508","859","3.144096","859","3.140176","858","3.14062","859","3.144316","858","3.139156","859","3.14014","858","3.140796","859","3.140468","858","3.141296240000001","842","926"
"95","3.138616","48","3.142732","821","3.139716","704","3.140684","558","3.138924","821","3.141408","821","3.143664","558","3.141572","821","3.142588","821","3.144068","704","3.140004","821","3.1388","821","3.143196","821","3.142632","821","3.141508","821","3.143364","903","3.144668","903","3.142184","903","3.14122","862","3.140184","880","3.13954","880","3.141416","862","3.141108","879","3.142236","842","3.139044","880","3.142124","880","3.142964","903","3.143164","880","3.14338","915","3.142784","914","3.143056","914","3.140208","897","3.141092","897","3.14238","915","3.142152","915","3.14048","914","3.141636","914","3.140172","914","3.14186","874","3.142948","896","3.14276","914","3.141288","914","3.140388","914","3.143224","897","3.143604","914","3.140928","914","3.142644","915","3.140108","914","3.141304","897","3.143492","914","3.14442","877","3.138676","876","3.142856","877","3.138232","860","3.14194","877","3.142724","877","3.14266","876","3.14368","877","3.142296","876","3.141332","877","3.1423","860","3.142048","876","3.139052","876","3.14122","876","3.139284","860","3.142656","876","3.14138","877","3.140728","877","3.143092","877","3.1449","876","3.142244","877","3.141652","862","3.14154","863","3.141288","863","3.140172","863","3.141688","833","3.142172","830","3.141344","829","3.14166","830","3.140208","830","3.142612","826","3.143096","826","3.142472","827","3.142976","827","3.143036","826","3.143704","827","3.14362","823","3.141892","819","3.139692","819","3.140776","818","3.142524","819","3.141812","819","3.142348","819","3.14378","818","3.14058","819","3.14292","809","3.139412","810","3.14006","810","3.141484","810","3.138928","809","3.14172384","845","943"
"96","3.13994","136","3.143064","744","3.143976","603","3.140728","720","3.142348","626","3.14212","744","3.141928","720","3.141544","766","3.142896","655","3.140996","744","3.144164","788","3.141156","906","3.143704","906","3.142924","906","3.141636","906","3.139692","906","3.145068","906","3.142572","906","3.139724","906","3.144348","906","3.138632","906","3.14226","906","3.143388","905","3.1429","906","3.139092","906","3.145676","904","3.141156","904","3.14256","904","3.13922","904","3.139436","904","3.141008","903","3.142524","904","3.141216","903","3.13948","903","3.141076","904","3.142456","904","3.141708","904","3.139992","903","3.138768","904","3.142272","904","3.142188","903","3.142964","904","3.143424","903","3.142584","904","3.141588","904","3.1393","904","3.140748","904","3.143664","904","3.142496","904","3.142704","904","3.141856","904","3.142436","904","3.137156","904","3.140396","904","3.142724","904","3.137956","904","3.142308","904","3.14032","904","3.141292","904","3.141436","904","3.142852","904","3.14392","904","3.1434","903","3.142988","903","3.139032","903","3.144732","903","3.141768","904","3.140676","904","3.141828","903","3.14152","904","3.141404","903","3.141944","903","3.141024","904","3.142448","903","3.140688","904","3.137248","904","3.143848","902","3.141412","903","3.14366","903","3.14298","903","3.139944","903","3.14214","904","3.14412","903","3.14244","903","3.14304","904","3.13918","904","3.141744","885","3.142964","885","3.143512","885","3.140348","885","3.142548","885","3.140196","885","3.140896","885","3.143556","856","3.143164","856","3.143088","856","3.143188","845","3.14122","845","3.139384","845","3.14084","845","3.1417577200000006","871","915"
"97","3.14452","68","3.141112","333","3.141196","305","3.14376","305","3.142444","864","3.142212","864","3.1427","840","3.140232","840","3.140408","864","3.143776","882","3.14198","863","3.14336","882","3.140468","863","3.1443","864","3.142824","863","3.139164","840","3.136908","864","3.141012","881","3.14202","840","3.142792","863","3.142204","864","3.141308","864","3.143644","863","3.140232","863","3.142008","882","3.14236","864","3.142124","881","3.141812","881","3.142184","863","3.143292","863","3.142932","840","3.141432","800","3.140556","840","3.140496","863","3.143016","881","3.139476","778","3.14146","840","3.139564","863","3.139772","839","3.141564","863","3.142116","881","3.140432","873","3.141416","854","3.141508","854","3.141668","873","3.14234","855","3.139644","847","3.140524","847","3.143324","847","3.144148","829","3.140112","846","3.141468","847","3.143524","846","3.141988","846","3.139768","846","3.140052","817","3.142432","816","3.140404","815","3.142104","815","3.145576","815","3.143068","816","3.13988","815","3.13874","815","3.140576","815","3.14438","815","3.143484","815","3.143412","815","3.145472","815","3.142036","815","3.140844","815","3.139424","815","3.138764","815","3.142072","815","3.143088","815","3.139956","815","3.144428","815","3.14034","815","3.143544","815","3.143396","815","3.143768","815","3.14042","815","3.141432","814","3.141944","815","3.142632","815","3.144508","815","3.142236","800","3.139752","790","3.142408","790","3.142556","789","3.143056","789","3.14384","787","3.14066","787","3.14248","787","3.142196","787","3.139416","787","3.143648","787","3.14144","787","3.142924","787","3.142776","787","3.143472","787","3.1418764000000006","809","887"
"98","3.138236","25","3.142224","214","3.141392","213","3.141652","214","3.14122","678","3.140588","791","3.143008","850","3.139788","902","3.143308","879","3.142592","901","3.143264","901","3.139924","902","3.1449","880","3.1413","880","3.141236","901","3.143992","901","3.14122","901","3.1396","880","3.144472","901","3.140388","901","3.142204","901","3.1399","902","3.140704","879","3.145308","901","3.13994","880","3.143116","901","3.14354","901","3.141652","859","3.145016","879","3.140928","901","3.140612","901","3.143464","880","3.140868","901","3.141592","900","3.145088","901","3.142364","901","3.141484","893","3.141764","894","3.139008","893","3.141716","894","3.140844","872","3.138972","894","3.143328","894","3.140592","894","3.144048","912","3.143304","894","3.142364","894","3.143076","894","3.142332","893","3.141596","871","3.14246","871","3.141676","894","3.13994","893","3.142396","894","3.14128","893","3.142656","872","3.142384","894","3.143716","894","3.14002","893","3.141324","893","3.143432","890","3.141716","880","3.139368","880","3.139616","880","3.142208","880","3.141408","898","3.143056","880","3.144064","880","3.145104","880","3.143108","898","3.138876","898","3.143268","880","3.144272","880","3.141048","880","3.140484","898","3.141548","880","3.13994","891","3.142044","891","3.143136","886","3.140924","886","3.140268","887","3.141028","868","3.139768","868","3.14092","887","3.14218","886","3.141268","886","3.143552","886","3.1429","868","3.143496","886","3.138148","886","3.140348","886","3.139232","886","3.140572","886","3.142248","886","3.142496","868","3.143416","868","3.143168","868","3.14122","868","3.1422","868","3.142064","886","3.1418199199999997","855","939"
"99","3.142608","403","3.142276","502","3.138296","552","3.141884","602","3.1408","879","3.141296","880","3.142424","879","3.141932","879","3.14504","896","3.142564","879","3.139652","879","3.141504","879","3.140444","879","3.142696","880","3.142564","879","3.142348","879","3.138496","879","3.140508","879","3.139328","896","3.143152","879","3.140496","879","3.141472","879","3.142176","879","3.145396","861","3.141992","879","3.14122","896","3.139236","879","3.14256","879","3.143648","879","3.140196","896","3.143036","861","3.14194","879","3.141876","878","3.140324","879","3.139928","879","3.142636","879","3.142896","879","3.141488","879","3.141716","879","3.142516","896","3.141696","875","3.142804","875","3.142192","892","3.141704","875","3.140376","874","3.142584","874","3.141212","875","3.140164","873","3.140624","891","3.140796","891","3.142636","875","3.142928","875","3.143944","874","3.138668","875","3.1397","874","3.140728","874","3.140512","875","3.141912","874","3.143236","874","3.143024","874","3.1409","874","3.14306","874","3.141576","874","3.143128","874","3.144248","874","3.143012","874","3.142612","874","3.140324","874","3.142512","874","3.142768","874","3.143976","874","3.142228","874","3.142096","874","3.141976","874","3.141516","891","3.14198","874","3.144928","874","3.139632","874","3.139476","874","3.143056","874","3.139652","874","3.144208","873","3.141392","874","3.145672","874","3.140984","874","3.14048","874","3.141808","873","3.14052","873","3.142308","874","3.141624","874","3.141764","873","3.141588","873","3.141968","874","3.141768","874","3.13988","874","3.140384","874","3.141432","874","3.137828","890","3.14448","871","3.137964","871","3.141707080000001","862","900"
"100","3.144172","218","3.139988","624","3.140788","844","3.141244","958","3.141156","939","3.14142","903","3.1421","939","3.140356","647","3.141416","844","3.14256","958","3.143288","818","3.140656","903","3.143084","939","3.14102","903","3.141256","844","3.141488","812","3.142572","914","3.14038","878","3.142848","914","3.141228","914","3.141832","913","3.143228","896","3.141744","913","3.142648","946","3.14154","907","3.142184","945","3.141216","945","3.141668","904","3.143396","922","3.14216","903","3.144272","904","3.143748","922","3.142916","904","3.142076","922","3.140788","922","3.141476","904","3.141064","903","3.142052","922","3.143704","903","3.1421","904","3.139728","914","3.1426","915","3.14288","915","3.138524","914","3.140176","896","3.142748","912","3.141532","932","3.140916","912","3.140224","913","3.141368","913","3.143292","912","3.142552","912","3.143232","912","3.141992","931","3.142832","911","3.138056","911","3.140908","908","3.14266","883","3.142536","883","3.143628","882","3.142312","882","3.14092","882","3.144284","902","3.1414","882","3.140172","882","3.140692","878","3.139192","876","3.143768","895","3.141144","875","3.14118","876","3.143376","895","3.143192","893","3.142304","893","3.142032","874","3.141892","894","3.143456","894","3.141108","893","3.14204","894","3.142616","893","3.14014","893","3.143992","893","3.1411","874","3.140756","882","3.141884","882","3.144012","882","3.141596","882","3.13834","882","3.14212","882","3.141156","882","3.14098","882","3.143948","882","3.139828","810","3.141968","806","3.139644","806","3.141576","783","3.138132","783","3.142912","783","3.144572","782","3.14148","781","3.141392","760","3.1417982400000004","877","979"
"Averages","3.1412232400000004","443","3.141351920000001","657","3.1415789999999997","702","3.1417464799999983","730","3.1414660000000003","768","3.1415189600000004","780","3.1417048800000003","790","3.141517439999999","817","3.1415412000000003","823","3.141530200000001","851","3.141837879999997","842","3.1415821199999994","858","3.14162716","852","3.141681440000003","869","3.1415654000000006","869","3.1418436400000003","877","3.1413794399999984","875","3.141457839999999","880","3.1417651199999996","889","3.141528559999999","898","3.141275359999999","888","3.14185932","894","3.141700160000001","900","3.141511840000001","907","3.1414523999999995","906","3.141440640000001","903","3.14171116","911","3.1416313600000008","907","3.141841240000001","911","3.141649679999998","912","3.1416959999999996","911","3.1417899600000005","910","3.1416483199999994","911","3.1415501999999997","912","3.141733959999999","914","3.141605039999999","910","3.1417558799999985","912","3.1419418799999987","916","3.1417234799999996","915","3.1418318800000007","911","3.1419168799999992","911","3.1416236399999997","914","3.1417047200000003","918","3.14173136","917","3.14155056","914","3.1416688399999995","916","3.141612519999999","916","3.141967880000001","914","3.14169916","917","3.14138636","916","3.1415938","914","3.1415837200000003","914","3.141872400000001","913","3.14123616","913","3.14166096","912","3.14155052","912","3.141470199999999","912","3.141550799999999","910","3.1415501200000007","910","3.1418383600000004","909","3.1413462799999996","910","3.1416587199999997","909","3.14150656","908","3.1415272799999987","908","3.14179772","908","3.1415251600000005","908","3.1419060399999994","907","3.141422040000001","906","3.1417033600000006","905","3.141657120000001","904","3.1416244399999997","902","3.1416322399999994","902","3.141609479999999","903","3.1417178000000003","901","3.141216680000001","899","3.141521519999999","896","3.1418562","895","3.1416414","892","3.1417842799999995","890","3.1415843599999995","890","3.1417480799999997","889","3.1413259600000005","889","3.141550200000001","888","3.141839119999999","888","3.1417054","885","3.14144496","885","3.1416094400000008","885","3.141336479999999","882","3.141511920000001","881","3.1415464","881","3.141618240000002","879","3.1416135200000017","878","3.1416529600000023","877","3.141655959999998","875","3.1414279200000004","874","3.1417319199999993","873","3.1417243600000004","872","3.141725719999999","872","3.1415994000000005","868","3.1414925200000012","869","3.141616658","881","986"
