"Iteration Count","Job[1] Result","Job[1] Runtime (ms)","Job[2] Result","Job[2] Runtime (ms)","Job[3] Result","Job[3] Runtime (ms)","Job[4] Result","Job[4] Runtime (ms)","Job[5] Result","Job[5] Runtime (ms)","Job[6] Result","Job[6] Runtime (ms)","Job[7] Result","Job[7] Runtime (ms)","Job[8] Result","Job[8] Runtime (ms)","Job[9] Result","Job[9] Runtime (ms)","Job[10] Result","Job[10] Runtime (ms)","Job[11] Result","Job[11] Runtime (ms)","Job[12] Result","Job[12] Runtime (ms)","Job[13] Result","Job[13] Runtime (ms)","Job[14] Result","Job[14] Runtime (ms)","Job[15] Result","Job[15] Runtime (ms)","Job[16] Result","Job[16] Runtime (ms)","Job[17] Result","Job[17] Runtime (ms)","Job[18] Result","Job[18] Runtime (ms)","Job[19] Result","Job[19] Runtime (ms)","Job[20] Result","Job[20] Runtime (ms)","Job[21] Result","Job[21] Runtime (ms)","Job[22] Result","Job[22] Runtime (ms)","Job[23] Result","Job[23] Runtime (ms)","Job[24] Result","Job[24] Runtime (ms)","Job[25] Result","Job[25] Runtime (ms)","Job[26] Result","Job[26] Runtime (ms)","Job[27] Result","Job[27] Runtime (ms)","Job[28] Result","Job[28] Runtime (ms)","Job[29] Result","Job[29] Runtime (ms)","Job[30] Result","Job[30] Runtime (ms)","Job[31] Result","Job[31] Runtime (ms)","Job[32] Result","Job[32] Runtime (ms)","Job[33] Result","Job[33] Runtime (ms)","Job[34] Result","Job[34] Runtime (ms)","Job[35] Result","Job[35] Runtime (ms)","Job[36] Result","Job[36] Runtime (ms)","Job[37] Result","Job[37] Runtime (ms)","Job[38] Result","Job[38] Runtime (ms)","Job[39] Result","Job[39] Runtime (ms)","Job[40] Result","Job[40] Runtime (ms)","Job[41] Result","Job[41] Runtime (ms)","Job[42] Result","Job[42] Runtime (ms)","Job[43] Result","Job[43] Runtime (ms)","Job[44] Result","Job[44] Runtime (ms)","Job[45] Result","Job[45] Runtime (ms)","Job[46] Result","Job[46] Runtime (ms)","Job[47] Result","Job[47] Runtime (ms)","Job[48] Result","Job[48] Runtime (ms)","Job[49] Result","Job[49] Runtime (ms)","Job[50] Result","Job[50] Runtime (ms)","Job[51] Result","Job[51] Runtime (ms)","Job[52] Result","Job[52] Runtime (ms)","Job[53] Result","Job[53] Runtime (ms)","Job[54] Result","Job[54] Runtime (ms)","Job[55] Result","Job[55] Runtime (ms)","Job[56] Result","Job[56] Runtime (ms)","Job[57] Result","Job[57] Runtime (ms)","Job[58] Result","Job[58] Runtime (ms)","Job[59] Result","Job[59] Runtime (ms)","Job[60] Result","Job[60] Runtime (ms)","Job[61] Result","Job[61] Runtime (ms)","Job[62] Result","Job[62] Runtime (ms)","Job[63] Result","Job[63] Runtime (ms)","Job[64] Result","Job[64] Runtime (ms)","Job[65] Result","Job[65] Runtime (ms)","Job[66] Result","Job[66] Runtime (ms)","Job[67] Result","Job[67] Runtime (ms)","Job[68] Result","Job[68] Runtime (ms)","Job[69] Result","Job[69] Runtime (ms)","Job[70] Result","Job[70] Runtime (ms)","Job[71] Result","Job[71] Runtime (ms)","Job[72] Result","Job[72] Runtime (ms)","Job[73] Result","Job[73] Runtime (ms)","Job[74] Result","Job[74] Runtime (ms)","Job[75] Result","Job[75] Runtime (ms)","Job[76] Result","Job[76] Runtime (ms)","Job[77] Result","Job[77] Runtime (ms)","Job[78] Result","Job[78] Runtime (ms)","Job[79] Result","Job[79] Runtime (ms)","Job[80] Result","Job[80] Runtime (ms)","Job[81] Result","Job[81] Runtime (ms)","Job[82] Result","Job[82] Runtime (ms)","Job[83] Result","Job[83] Runtime (ms)","Job[84] Result","Job[84] Runtime (ms)","Job[85] Result","Job[85] Runtime (ms)","Job[86] Result","Job[86] Runtime (ms)","Job[87] Result","Job[87] Runtime (ms)","Job[88] Result","Job[88] Runtime (ms)","Job[89] Result","Job[89] Runtime (ms)","Job[90] Result","Job[90] Runtime (ms)","Job[91] Result","Job[91] Runtime (ms)","Job[92] Result","Job[92] Runtime (ms)","Job[93] Result","Job[93] Runtime (ms)","Job[94] Result","Job[94] Runtime (ms)","Job[95] Result","Job[95] Runtime (ms)","Job[96] Result","Job[96] Runtime (ms)","Job[97] Result","Job[97] Runtime (ms)","Job[98] Result","Job[98] Runtime (ms)","Job[99] Result","Job[99] Runtime (ms)","Job[100] Result","Job[100] Runtime (ms)","Average Result","Average Runtime (ms)","Total Runtime (ms)"
"1","3.141888","1664","3.142568","2190","3.1436","2189","3.142372","2190","3.13976","2179","3.14142","2224","3.141828","2224","3.142608","2178","3.140304","2178","3.141096","2178","3.139936","2176","3.141788","2176","3.14356","2175","3.1412","2175","3.140264","2175","3.14108","2178","3.145636","2221","3.140428","2174","3.142644","2175","3.14174","2063","3.14108","2063","3.140976","2108","3.142252","2061","3.146504","2061","3.140316","2062","3.143844","2041","3.139404","2061","3.138012","2061","3.14478","2061","3.140704","2061","3.141876","2039","3.142932","2061","3.14088","2060","3.1398","2060","3.141516","2039","3.141848","2060","3.140816","2060","3.1392","2061","3.142756","2059","3.1421","2060","3.141016","2058","3.141636","2059","3.1406","2105","3.141056","2060","3.141276","2060","3.140644","2059","3.14246","2059","3.144884","2058","3.14382","2057","3.140444","2059","3.13938","2058","3.14548","2059","3.140812","2104","3.139308","2058","3.140716","2104","3.141736","2060","3.142884","2041","3.140584","2038","3.140324","2043","3.140936","2037","3.140964","2016","3.142064","2048","3.14108","2049","3.144848","2048","3.142396","2048","3.140812","2048","3.143784","2048","3.13968","1999","3.14154","2048","3.14024","1979","3.144052","2024","3.14148","2024","3.142432","1977","3.141412","1977","3.14038","2017","3.141452","2003","3.147516","2011","3.141452","1967","3.141212","2003","3.144852","2003","3.140052","1996","3.140812","1996","3.142188","1996","3.139872","1979","3.14082","1976","3.138976","1933","3.141532","1933","3.142536","1932","3.14254","1933","3.141948","1933","3.141232","1896","3.14128","1848","3.142512","1894","3.140372","1894","3.140516","1894","3.14598","1894","3.139776","1894","3.14148","1894","3.144788","1894","3.141132","1894","3.1417130400000004","2043","5295"
"2","3.139764","103","3.142368","99","3.140344","1096","3.1418","1075","3.143764","1096","3.144696","1052","3.14162","1076","3.141364","1052","3.139148","1096","3.142348","1073","3.142524","1097","3.14406","1073","3.13876","1096","3.143016","1096","3.142108","1096","3.143188","1095","3.140756","1096","3.14128","1074","3.143176","1072","3.143296","1086","3.144028","1054","3.14572","1053","3.140496","1053","3.143664","1053","3.141308","1053","3.140688","1053","3.13902","1032","3.141932","1051","3.139504","1051","3.140564","1052","3.144504","1053","3.139708","1052","3.14288","1026","3.1452","1021","3.143652","1020","3.141384","1019","3.143104","1021","3.144556","1018","3.144728","998","3.141432","1016","3.140332","1004","3.138768","1005","3.141148","1003","3.140972","1001","3.140256","1001","3.142456","1003","3.140808","1002","3.139292","1002","3.139416","1003","3.141408","1001","3.144396","1000","3.138232","1002","3.14102","1001","3.140396","1001","3.142196","1001","3.139344","1001","3.141868","1000","3.1405","1000","3.14044","1001","3.14018","1001","3.142452","1000","3.142412","1001","3.141228","1000","3.141524","1001","3.141772","1001","3.14284","1000","3.141772","1000","3.14142","999","3.142048","1000","3.138888","1000","3.140516","1001","3.139816","999","3.143152","999","3.141872","1000","3.144832","1001","3.139956","998","3.140544","998","3.140276","997","3.142232","997","3.141292","998","3.140628","995","3.142304","995","3.143052","994","3.143144","981","3.140868","962","3.14274","960","3.142424","961","3.14264","962","3.144576","963","3.140468","961","3.143212","949","3.139308","920","3.142524","913","3.142792","907","3.140652","903","3.141168","903","3.144904","904","3.139512","901","3.141852","900","3.14046","897","3.141709520000001","993","1107"
"3","3.141532","47","3.141052","775","3.142112","774","3.13856","651","3.140792","747","3.140228","816","3.140264","895","3.140328","1081","3.142416","1080","3.141484","1077","3.140248","1078","3.14316","1011","3.142136","1077","3.142496","1078","3.142644","1078","3.140836","1080","3.139824","1010","3.142136","1031","3.143876","985","3.143436","1078","3.139588","1011","3.142956","1074","3.143852","1081","3.14338","1079","3.140608","1076","3.1404","1011","3.142184","984","3.141628","1074","3.139316","1081","3.139148","1073","3.14074","1074","3.143196","1077","3.141036","1074","3.14202","1011","3.140708","1073","3.143088","1075","3.141784","1079","3.138972","1074","3.140264","1074","3.142984","1078","3.143092","1010","3.143164","1073","3.138588","1073","3.14218","1080","3.1405","1010","3.142256","1073","3.14118","1058","3.139012","1053","3.140884","1056","3.141672","1057","3.138276","1056","3.141664","991","3.141196","1057","3.142012","1053","3.14062","998","3.143552","1070","3.142264","1060","3.143572","1035","3.140884","1038","3.138196","1057","3.141188","1061","3.141104","1057","3.141612","1057","3.140344","1049","3.141424","1048","3.142428","1045","3.141832","1046","3.14152","1045","3.142388","1048","3.140784","1051","3.140224","1049","3.143052","1043","3.140308","1045","3.14274","1045","3.142548","1043","3.143516","1050","3.142004","1049","3.14072","1034","3.14196","1041","3.142128","1033","3.144368","1027","3.143172","1032","3.142968","1032","3.142296","1022","3.14156","1015","3.143716","1015","3.141856","1010","3.143036","1011","3.140652","1011","3.140192","1006","3.141116","997","3.14274","1006","3.141828","1005","3.141392","1004","3.141676","1005","3.140944","997","3.142396","997","3.142064","996","3.142908","997","3.142084","997","3.1415896400000007","1017","1118"
"4","3.14402","612","3.140004","797","3.142328","975","3.142696","1002","3.139324","1002","3.143264","1002","3.142712","970","3.141552","975","3.142472","978","3.13998","977","3.139396","978","3.138016","972","3.142168","999","3.140752","999","3.142064","999","3.143532","978","3.144188","978","3.139572","972","3.14392","999","3.1423","978","3.140744","998","3.140612","999","3.140052","966","3.140736","977","3.141892","998","3.141316","998","3.144048","977","3.142444","971","3.138472","998","3.141972","998","3.142532","972","3.139988","998","3.141876","989","3.140844","988","3.143628","987","3.139552","950","3.142448","976","3.141592","973","3.140468","973","3.14072","973","3.1394","951","3.139596","951","3.141344","946","3.141156","972","3.141632","946","3.145708","972","3.140392","969","3.142272","930","3.140072","941","3.137616","961","3.139","961","3.142516","937","3.14252","958","3.142168","963","3.14314","958","3.1444","959","3.140008","938","3.139556","927","3.147168","938","3.138244","958","3.139952","958","3.142736","957","3.143624","958","3.143592","961","3.143372","953","3.141252","958","3.140412","953","3.140952","951","3.142508","950","3.14018","951","3.139964","944","3.140932","948","3.141824","943","3.141684","942","3.140244","950","3.142628","950","3.139216","951","3.141804","949","3.141216","951","3.140928","942","3.140392","949","3.142444","949","3.140696","949","3.14126","942","3.138592","949","3.142324","946","3.142408","946","3.143108","945","3.142544","946","3.140736","945","3.1415","945","3.1422","943","3.14222","944","3.139888","928","3.143804","927","3.140516","925","3.141608","924","3.139524","924","3.142356","911","3.140516","913","3.141457599999999","956","1014"
"5","3.141248","506","3.13978","508","3.14324","626","3.140452","626","3.1402","507","3.141472","626","3.140852","627","3.139232","626","3.137212","506","3.142664","618","3.1407","616","3.142372","1021","3.142956","1020","3.14246","1021","3.142968","1001","3.143008","1021","3.138416","1020","3.142544","985","3.141704","1004","3.141336","1004","3.139792","1004","3.139916","1004","3.141796","985","3.143036","1003","3.140124","1001","3.140756","1001","3.139624","982","3.141512","970","3.143284","1001","3.141232","1001","3.140728","1001","3.1403","982","3.14406","1002","3.139572","1001","3.143608","994","3.141732","994","3.14122","994","3.142824","994","3.14254","994","3.142268","994","3.143188","969","3.13956","994","3.141912","993","3.141884","992","3.141772","992","3.142012","991","3.141028","967","3.142024","991","3.142116","991","3.14314","977","3.14286","973","3.14118","968","3.141128","969","3.14154","969","3.140864","969","3.140468","968","3.143212","969","3.14268","969","3.14194","968","3.14274","969","3.141056","968","3.14066","969","3.14152","960","3.14132","955","3.137616","931","3.14298","955","3.14078","955","3.144336","954","3.143304","954","3.1407","954","3.142336","932","3.139212","951","3.142136","948","3.1435","948","3.142756","948","3.141756","945","3.14082","944","3.141708","944","3.140056","939","3.140832","938","3.14256","939","3.143152","938","3.142048","938","3.142136","935","3.141508","934","3.138224","935","3.14016","902","3.143044","935","3.141176","932","3.139728","933","3.143836","929","3.142724","928","3.142136","926","3.140764","926","3.139388","924","3.140908","925","3.141236","925","3.14082","925","3.14312","925","3.13862","925","3.1414865999999986","925","1034"
"6","3.14212","68","3.138784","125","3.141136","886","3.140536","951","3.1434","1002","3.142992","896","3.141336","952","3.141224","989","3.140588","953","3.141164","954","3.143156","998","3.143552","1018","3.138912","988","3.141372","988","3.140972","997","3.142808","986","3.142456","999","3.144268","1019","3.142044","1018","3.1412","986","3.139924","1018","3.142204","1018","3.141824","1019","3.14244","998","3.140656","1018","3.14278","1018","3.14126","1018","3.140752","997","3.140736","988","3.1421","1018","3.1402","1018","3.142224","1018","3.143028","987","3.140016","990","3.144084","987","3.1414","1018","3.139588","1018","3.141568","1018","3.143716","964","3.141756","1001","3.139752","1001","3.145792","964","3.142028","985","3.142456","985","3.143236","985","3.144416","985","3.141752","985","3.137024","985","3.141556","985","3.141948","985","3.143196","985","3.140484","985","3.140328","984","3.141196","984","3.139572","985","3.14238","985","3.142292","985","3.142784","953","3.14314","984","3.140856","985","3.143056","984","3.139004","959","3.141","984","3.139908","985","3.140144","979","3.140468","954","3.139636","979","3.142868","980","3.139896","980","3.139236","979","3.14096","980","3.139736","979","3.144264","951","3.141192","980","3.141608","979","3.142824","978","3.143964","978","3.140652","978","3.138408","978","3.143416","977","3.142688","978","3.141904","978","3.141108","978","3.143564","978","3.142844","978","3.140588","978","3.142248","977","3.141232","978","3.140744","956","3.139896","978","3.141936","952","3.140072","977","3.143072","977","3.141612","977","3.142692","977","3.142744","977","3.142528","977","3.139524","977","3.140496","955","3.139116","955","3.1415531199999998","965","1024"
"7","3.141352","687","3.1414","630","3.142148","656","3.14148","655","3.140612","628","3.142408","653","3.144136","627","3.140692","616","3.141832","652","3.143076","652","3.141852","587","3.141644","966","3.143196","986","3.143264","965","3.144264","987","3.140696","986","3.140892","986","3.141208","951","3.141244","955","3.142376","986","3.141892","966","3.139532","966","3.141016","986","3.142796","965","3.141208","986","3.140272","986","3.141628","959","3.14424","965","3.141216","965","3.14344","986","3.144916","986","3.139824","986","3.140752","986","3.144348","965","3.140812","985","3.141088","959","3.139376","986","3.141392","986","3.142296","986","3.142912","986","3.139876","986","3.139256","986","3.141468","986","3.139724","986","3.141028","986","3.145236","965","3.141612","964","3.140684","980","3.142516","981","3.143004","981","3.145144","981","3.1425","980","3.142932","959","3.141376","959","3.14016","960","3.13912","959","3.140072","980","3.141112","981","3.141156","935","3.143388","909","3.140508","927","3.14138","926","3.142172","928","3.141824","926","3.139956","926","3.141836","926","3.144124","926","3.139012","926","3.14364","926","3.14052","925","3.141744","925","3.138364","890","3.143384","914","3.142008","915","3.14256","914","3.143228","914","3.140656","915","3.140252","915","3.14094","915","3.143156","915","3.140932","915","3.141732","911","3.14146","911","3.139796","908","3.140368","902","3.141176","902","3.141596","902","3.141608","902","3.1433","902","3.143484","902","3.14334","902","3.141612","901","3.13902","901","3.140892","883","3.140748","883","3.142628","883","3.140704","883","3.141948","882","3.141636","883","3.144156","879","3.141694920000001","910","1002"
"8","3.141304","815","3.141316","840","3.142116","1024","3.137648","1023","3.139724","974","3.141892","941","3.141936","996","3.142076","976","3.140164","996","3.139448","975","3.140548","1023","3.142244","997","3.143384","1024","3.138528","1024","3.141504","1023","3.14134","1023","3.139384","996","3.143044","999","3.141632","966","3.141692","1023","3.141332","996","3.143064","997","3.14398","1024","3.142124","1023","3.142588","1026","3.139184","1001","3.139064","1001","3.14126","1020","3.14076","999","3.143784","997","3.139384","1020","3.14328","1020","3.141952","1022","3.142124","1019","3.141584","998","3.141824","1022","3.142436","998","3.141172","1021","3.142328","1019","3.143032","1019","3.14054","1016","3.144404","1016","3.1425","991","3.14148","1014","3.14214","1015","3.141964","1016","3.141376","1018","3.139564","1015","3.139684","994","3.141184","1015","3.1368","1015","3.142864","992","3.143252","1018","3.143524","1015","3.140852","1019","3.145304","993","3.143096","1018","3.143416","1015","3.142736","1015","3.140916","1015","3.139436","1012","3.14328","1012","3.1409","1016","3.141964","1012","3.139244","1012","3.13932","1012","3.137644","998","3.14054","998","3.141164","996","3.143504","996","3.142508","995","3.140268","998","3.14244","1000","3.1411","997","3.144136","998","3.141996","997","3.141768","998","3.140796","994","3.141624","995","3.14232","998","3.13836","991","3.14048","993","3.139176","993","3.142256","992","3.141752","994","3.143212","994","3.140836","993","3.14218","990","3.143376","990","3.140724","991","3.14276","993","3.139604","989","3.141276","991","3.140564","989","3.141332","992","3.140208","992","3.14122","968","3.139456","991","3.14274","989","3.14256","991","3.141447999999999","999","1028"
"9","3.142076","1034","3.139164","1023","3.13956","1027","3.141556","992","3.144368","1023","3.138852","1033","3.142584","1027","3.1398","1028","3.142308","953","3.142384","1028","3.139952","1023","3.14238","1028","3.140572","1028","3.140176","1028","3.142128","1027","3.142672","1028","3.141044","1024","3.143256","1034","3.140924","1028","3.141484","1023","3.140096","1027","3.140512","1028","3.139148","1023","3.142436","1027","3.140208","1033","3.143612","1029","3.13922","1027","3.142464","1027","3.141836","1027","3.141552","1027","3.14314","1023","3.141188","1023","3.139448","1023","3.144348","1029","3.141624","1027","3.141288","1023","3.143048","1027","3.141912","1023","3.142328","1023","3.140352","1033","3.142924","1023","3.141384","1030","3.14354","994","3.140772","1030","3.137372","1030","3.140172","1048","3.139928","1019","3.141416","1024","3.144076","993","3.14312","1025","3.140964","1019","3.141764","1025","3.140228","1025","3.144436","1023","3.141404","1011","3.141712","982","3.141256","1018","3.141636","1023","3.139052","1012","3.142556","1021","3.145312","1011","3.140804","1022","3.1422","1023","3.141148","1012","3.139336","1022","3.142372","1022","3.140776","1023","3.143144","1022","3.143964","1021","3.141144","1019","3.140668","1018","3.143704","1018","3.142804","1015","3.14162","1022","3.140876","1021","3.140044","1011","3.143776","1021","3.141016","989","3.141628","988","3.141004","989","3.142732","968","3.142324","968","3.14056","983","3.141264","965","3.141072","982","3.139616","982","3.143448","982","3.140416","979","3.14362","979","3.141004","979","3.1386","958","3.140336","979","3.1416","962","3.14266","962","3.14046","979","3.139128","959","3.140984","979","3.144512","957","3.1403","961","3.143316","979","3.141520040000001","1010","1052"
"10","3.141344","456","3.140536","584","3.1388","584","3.145352","935","3.14336","455","3.143812","615","3.14094","584","3.14392","901","3.141004","932","3.139704","901","3.142376","931","3.141848","932","3.141816","931","3.142792","903","3.143096","903","3.140936","900","3.141108","903","3.143132","931","3.14312","931","3.141792","901","3.14248","902","3.142112","931","3.140888","903","3.138764","903","3.140204","900","3.143624","903","3.139576","903","3.143968","903","3.142336","877","3.14096","902","3.140864","900","3.14224","931","3.140472","903","3.140116","900","3.139144","903","3.140288","902","3.141384","981","3.143896","981","3.142744","981","3.143432","982","3.13982","982","3.141296","922","3.143544","980","3.140516","981","3.141248","962","3.141488","962","3.139248","957","3.14296","961","3.13978","961","3.141256","957","3.13972","957","3.143252","957","3.140076","960","3.142772","958","3.14154","954","3.14282","953","3.142036","953","3.141292","948","3.14094","962","3.139296","962","3.145172","962","3.139712","962","3.142528","962","3.141344","952","3.14418","962","3.143488","962","3.142436","962","3.141516","955","3.14118","941","3.144336","974","3.143648","950","3.140012","950","3.141","974","3.142556","975","3.142292","974","3.1418","974","3.142132","974","3.147332","974","3.142504","944","3.137496","975","3.141848","974","3.141016","974","3.140484","954","3.140172","950","3.14068","974","3.14198","974","3.143084","974","3.143716","974","3.139656","948","3.142104","968","3.138036","967","3.141248","963","3.141388","940","3.141796","963","3.142348","963","3.142736","961","3.141416","961","3.143484","961","3.138772","961","3.141372","960","3.1416918000000003","922","1041"
"11","3.14008","88","3.143188","635","3.142472","565","3.142304","673","3.145116","565","3.13766","590","3.139812","635","3.141912","541","3.1433","565","3.140156","672","3.138992","590","3.139548","590","3.142244","673","3.141184","971","3.140628","972","3.14262","971","3.141408","971","3.141684","972","3.141228","970","3.138396","970","3.141144","971","3.142648","972","3.139876","971","3.139604","970","3.13814","971","3.145192","971","3.144072","971","3.140036","971","3.14056","971","3.141432","971","3.140348","971","3.142208","949","3.142196","971","3.14372","950","3.143204","970","3.14458","970","3.140428","970","3.142548","971","3.144684","970","3.143544","950","3.142912","971","3.142648","953","3.144232","971","3.140396","971","3.142528","971","3.14244","943","3.140232","952","3.142208","971","3.1429","971","3.142596","953","3.142908","946","3.142048","952","3.142744","971","3.140148","954","3.14232","949","3.140368","971","3.142692","952","3.140488","951","3.141868","953","3.14286","971","3.138116","953","3.141832","948","3.140828","971","3.14464","971","3.140456","943","3.142252","948","3.138768","952","3.13804","971","3.13938","971","3.144588","948","3.142376","971","3.139904","949","3.139368","951","3.140852","947","3.14498","971","3.142168","971","3.140092","945","3.138556","949","3.14224","949","3.139988","949","3.142616","970","3.142096","971","3.139676","970","3.141176","949","3.143064","966","3.139284","926","3.139972","926","3.143644","926","3.143244","909","3.144568","926","3.14208","926","3.140872","926","3.142004","903","3.141844","926","3.14008","926","3.14296","926","3.142664","926","3.13972","926","3.140024","926","3.142252","906","3.141588959999999","905","1028"
"12","3.141772","271","3.143524","642","3.140972","615","3.142732","642","3.14004","640","3.139872","615","3.141612","641","3.142696","615","3.140996","641","3.141424","615","3.143168","642","3.14088","584","3.142316","641","3.141864","642","3.14022","996","3.142192","1024","3.144224","1023","3.136992","1023","3.140584","1024","3.139464","1024","3.140556","1002","3.142112","1024","3.143924","1023","3.140696","1023","3.138728","1023","3.140848","1023","3.140548","1023","3.14232","1024","3.140852","1002","3.141216","1023","3.139844","1023","3.145324","1024","3.143448","1023","3.1422","1023","3.141892","1023","3.136436","1023","3.141732","1023","3.141868","993","3.140572","1023","3.140488","1023","3.140004","1024","3.142616","1023","3.143296","995","3.143436","957","3.141712","1002","3.142008","998","3.140404","1023","3.141064","1023","3.141112","1023","3.141664","1023","3.139792","1000","3.142232","1023","3.140768","1023","3.13878","1004","3.141832","1023","3.145976","1024","3.14422","1022","3.141544","1001","3.140536","1023","3.141712","1002","3.141464","1023","3.1403","1023","3.141876","999","3.141616","1023","3.143344","1023","3.139476","1022","3.140504","1002","3.140552","1023","3.141916","1022","3.14214","1022","3.141172","1022","3.140864","1023","3.141944","1023","3.140072","1023","3.142496","1002","3.138576","1000","3.143284","1022","3.14194","1022","3.13944","1023","3.139892","1023","3.142676","996","3.141248","1022","3.144844","1022","3.140692","1023","3.1432","1022","3.141364","1022","3.140328","999","3.142152","1022","3.1444","990","3.140656","1012","3.140224","992","3.141924","1012","3.140672","1013","3.139864","1012","3.141484","1012","3.14136","985","3.142228","993","3.14086","1012","3.140656","1012","3.145132","1013","3.14146688","957","1039"
"13","3.142848","915","3.1424","981","3.138044","1021","3.1427","1092","3.1409","981","3.140852","1092","3.14304","932","3.144236","981","3.144316","1021","3.143344","1045","3.139092","1058","3.141488","1087","3.14226","1091","3.142144","1020","3.142064","1090","3.144592","1090","3.143404","1090","3.143164","1051","3.142068","1091","3.137716","1088","3.1417","1089","3.141328","1091","3.141552","1090","3.145132","1085","3.14088","1051","3.140216","1088","3.140296","1086","3.141088","1089","3.1425","1089","3.142608","1056","3.143848","1060","3.141252","989","3.14286","1049","3.143152","1091","3.142472","1056","3.14268","1018","3.143884","1043","3.141476","1089","3.140464","1090","3.138548","1056","3.14204","1089","3.14446","1090","3.141908","1089","3.139896","1089","3.139904","1090","3.137628","1090","3.140552","1085","3.140756","1088","3.142456","1057","3.139348","1062","3.140416","1059","3.137456","1059","3.14396","1057","3.14262","1060","3.142728","1062","3.141492","1057","3.141608","1062","3.14292","1062","3.143316","1060","3.141752","1056","3.143312","1062","3.142192","1064","3.144728","1063","3.143952","1056","3.14144","1058","3.146076","1059","3.139624","1062","3.143464","1061","3.14132","1062","3.142716","1060","3.13936","1057","3.139568","1064","3.14002","1028","3.140248","1059","3.141624","1062","3.139652","1060","3.142584","1061","3.13908","1056","3.143304","1060","3.141024","1064","3.138924","1063","3.140276","1062","3.14432","1062","3.145704","1064","3.14292","1061","3.139064","1054","3.14114","1049","3.1394","1050","3.143856","992","3.14142","992","3.14218","987","3.141092","992","3.141528","991","3.143548","992","3.141516","990","3.141456","991","3.145232","992","3.14378","992","3.139692","985","3.141244","992","3.1417940400000015","1051","1096"
"14","3.141572","48","3.141508","881","3.139996","916","3.140608","916","3.139848","950","3.143508","916","3.142248","951","3.139456","916","3.140272","916","3.143008","916","3.140804","917","3.14174","916","3.143192","916","3.144128","1005","3.141752","1003","3.142996","1005","3.142616","1005","3.144824","1005","3.14178","1003","3.140772","1005","3.139936","1005","3.140624","1005","3.140868","1005","3.141208","970","3.141796","1003","3.143444","1003","3.145644","1005","3.139496","1005","3.144088","1005","3.139316","1005","3.14208","1005","3.141548","1005","3.141048","1005","3.140892","1005","3.143292","1005","3.141112","1005","3.144208","1005","3.141712","1004","3.141124","1005","3.142976","1005","3.14164","1005","3.141588","1002","3.138172","1005","3.143276","1005","3.141884","1005","3.14044","1002","3.140848","1005","3.14186","1004","3.137924","1005","3.143928","1002","3.141064","1004","3.14398","1002","3.14294","1004","3.142176","1002","3.140536","1005","3.143724","1002","3.139532","1002","3.141108","1002","3.141452","1004","3.142312","1002","3.140884","1005","3.141256","1004","3.14276","1004","3.140776","1002","3.140704","1002","3.14288","1004","3.138056","1004","3.142756","1002","3.142816","969","3.140824","1004","3.138988","1003","3.14234","1004","3.14214","1004","3.140752","1004","3.145364","1002","3.144504","1005","3.140084","1004","3.144736","1004","3.140012","1004","3.143576","1002","3.143984","1004","3.138588","1002","3.140008","1004","3.139996","1001","3.141704","1005","3.141804","1004","3.14364","1004","3.144004","1004","3.139092","1002","3.143596","1002","3.141612","1004","3.140788","1004","3.142444","1004","3.14094","1004","3.140376","1002","3.142236","1004","3.139248","1004","3.141636","1004","3.142712","1004","3.140528","1004","3.141685680000001","983","1020"
"15","3.144124","49","3.141048","1043","3.142192","981","3.143384","958","3.143184","1043","3.138644","1043","3.14242","1043","3.144288","982","3.14156","958","3.13762","1043","3.140764","917","3.1418","1042","3.142348","1043","3.1407","952","3.142352","1042","3.143608","926","3.142108","953","3.140192","1043","3.141376","1043","3.141976","982","3.14352","1043","3.141328","857","3.14328","1042","3.140296","1042","3.142636","1043","3.140672","1043","3.143716","950","3.140396","982","3.140668","1042","3.142388","1043","3.139684","918","3.141372","917","3.14364","1042","3.143388","1042","3.13834","1042","3.14064","1042","3.143312","1042","3.14016","927","3.140224","1033","3.141828","992","3.140616","993","3.14036","994","3.140708","993","3.143096","992","3.141632","994","3.141616","993","3.143168","992","3.141452","992","3.141412","992","3.143028","994","3.142436","992","3.1416","966","3.138108","993","3.141816","992","3.142548","994","3.141664","964","3.142592","965","3.142412","994","3.143556","993","3.141224","993","3.138796","994","3.140512","992","3.141444","993","3.141788","992","3.14064","992","3.1408","994","3.142488","992","3.1445","992","3.141552","991","3.138832","993","3.139012","993","3.14222","992","3.141332","992","3.140592","992","3.140608","992","3.143484","992","3.140788","992","3.14226","994","3.146132","992","3.142536","993","3.142628","992","3.143692","994","3.140844","992","3.140168","954","3.141016","948","3.14204","948","3.137616","948","3.140492","946","3.142844","947","3.141628","946","3.142708","946","3.142812","947","3.142004","947","3.144248","947","3.140624","947","3.141968","944","3.140744","943","3.143584","942","3.140136","943","3.140476","937","3.1416480799999995","978","1047"
"16","3.14042","594","3.139484","594","3.1421","833","3.140252","834","3.141912","834","3.139204","859","3.139772","834","3.14202","858","3.142016","834","3.142564","858","3.144784","858","3.139948","833","3.145644","834","3.14266","834","3.141268","810","3.141952","858","3.140144","832","3.14318","856","3.143468","809","3.14308","856","3.140928","851","3.139684","852","3.141208","827","3.140132","851","3.142864","827","3.14302","979","3.14092","976","3.142524","979","3.142936","979","3.142376","976","3.142304","975","3.144276","975","3.140116","976","3.141596","976","3.144696","980","3.140796","975","3.140544","975","3.142388","974","3.138892","976","3.143268","976","3.142536","976","3.14028","978","3.142808","946","3.14164","975","3.140404","975","3.139804","978","3.143916","976","3.13936","975","3.142776","979","3.140092","974","3.140548","979","3.140612","979","3.143548","980","3.140668","922","3.139904","974","3.141336","975","3.141604","976","3.141576","980","3.143168","975","3.14356","974","3.141112","978","3.142956","977","3.144132","959","3.1408","961","3.141736","963","3.140684","959","3.141608","961","3.1447","961","3.140792","957","3.142824","960","3.14116","962","3.142388","963","3.140912","952","3.141376","950","3.139668","946","3.144372","950","3.138888","951","3.143692","950","3.14","950","3.143564","944","3.141384","946","3.140236","947","3.14244","950","3.140652","950","3.141228","949","3.142556","949","3.139984","947","3.143972","946","3.1426","950","3.141912","950","3.141728","950","3.140772","947","3.141304","950","3.142892","946","3.14158","948","3.143648","950","3.140192","949","3.142376","950","3.141436","950","3.143656","947","3.141753920000001","927","1032"
"17","3.141552","333","3.141256","383","3.1412","726","3.141248","719","3.136868","573","3.14196","718","3.142228","749","3.141252","749","3.140152","718","3.142644","726","3.1419","749","3.14058","687","3.140332","749","3.142656","686","3.142104","749","3.139304","749","3.142264","742","3.140788","742","3.143592","742","3.141828","742","3.140764","742","3.142328","742","3.142756","742","3.141436","739","3.139616","738","3.139268","739","3.140036","738","3.141008","739","3.141488","738","3.14208","678","3.144736","708","3.140892","738","3.139248","739","3.141436","723","3.14288","688","3.145084","723","3.142508","722","3.141124","692","3.1417","723","3.14262","723","3.140104","723","3.139976","692","3.144408","704","3.142488","704","3.140392","964","3.14254","964","3.143032","967","3.140212","962","3.139188","953","3.140768","967","3.142348","964","3.140476","962","3.141876","963","3.142316","963","3.142936","962","3.141588","963","3.141988","967","3.14814","962","3.141732","968","3.143092","967","3.144556","964","3.147912","966","3.142244","968","3.143496","967","3.141624","968","3.142064","964","3.143516","952","3.141712","966","3.139784","965","3.142388","966","3.142824","967","3.14236","962","3.140624","966","3.144648","965","3.140412","962","3.140284","966","3.140944","967","3.142904","968","3.144284","963","3.145224","954","3.142408","964","3.140208","963","3.140784","966","3.139824","966","3.141792","967","3.142632","962","3.139184","948","3.142472","960","3.143008","953","3.143224","961","3.140072","964","3.1417","961","3.140324","961","3.14182","959","3.144808","961","3.138584","964","3.140092","960","3.141636","960","3.142232","962","3.140596","963","3.1417951999999985","849","1018"
"18","3.140564","113","3.142796","311","3.14032","328","3.140672","1077","3.140612","1085","3.14274","1106","3.141608","1106","3.138832","1082","3.142208","1107","3.142316","1106","3.141936","1106","3.139276","1106","3.142044","1106","3.142548","1106","3.14288","1106","3.140908","1106","3.140376","1106","3.140336","1106","3.144","1107","3.14306","1106","3.143536","1108","3.143296","1106","3.141996","1106","3.138664","1106","3.136704","1107","3.139968","1106","3.1425","1106","3.143416","1106","3.14014","1107","3.140972","1106","3.13888","1082","3.143652","1106","3.142872","1107","3.14186","1106","3.142656","1084","3.142696","1085","3.140724","1086","3.143396","1083","3.141012","1085","3.14048","1081","3.139284","1083","3.141988","1105","3.142592","1106","3.141676","1106","3.14024","1106","3.144076","1077","3.140892","1106","3.141876","1105","3.141048","1106","3.140512","1106","3.140192","1106","3.14352","1106","3.139672","1106","3.142148","1106","3.139852","1105","3.14292","1106","3.14206","1105","3.142208","1106","3.1416","1106","3.142364","1106","3.144004","1107","3.139964","1106","3.141284","1106","3.140988","1107","3.142328","1105","3.1402","1083","3.138172","1086","3.142016","1105","3.141516","1085","3.1386","1107","3.141088","1105","3.142432","1085","3.140568","1085","3.144268","1078","3.140912","1105","3.138512","1106","3.139204","1086","3.139124","1085","3.14112","1105","3.142848","1077","3.141768","1105","3.138856","1052","3.140376","1105","3.139924","1085","3.139748","1083","3.14324","1084","3.141892","1083","3.139452","1083","3.145176","1083","3.14326","1082","3.138032","1083","3.142","1083","3.140124","1060","3.142064","1081","3.143656","1081","3.142148","1080","3.139696","1081","3.143844","1081","3.143084","1080","3.141968","1081","3.141396280000001","1070","1114"
"19","3.14524","144","3.141596","885","3.140252","913","3.142128","954","3.141008","955","3.140172","913","3.141104","888","3.1403","953","3.141156","954","3.140288","886","3.143088","954","3.142368","922","3.142992","885","3.139948","914","3.141196","954","3.140504","955","3.145608","954","3.141344","890","3.145448","981","3.142612","1043","3.142932","954","3.141364","954","3.140492","887","3.139652","954","3.1413","954","3.144608","1043","3.14528","955","3.14292","885","3.142664","987","3.13978","886","3.140972","913","3.1417","954","3.1409","918","3.144568","954","3.142364","954","3.139616","1043","3.143784","918","3.14024","890","3.141624","885","3.14336","954","3.1386","954","3.13884","885","3.13972","954","3.14008","954","3.140128","913","3.140352","889","3.140336","865","3.140896","981","3.142932","954","3.144584","954","3.140856","954","3.13942","954","3.141032","990","3.142696","993","3.143028","994","3.143132","991","3.140752","992","3.143584","987","3.141836","991","3.14088","991","3.140348","991","3.139048","988","3.142032","988","3.143236","986","3.142572","987","3.14316","987","3.142256","987","3.14096","991","3.143912","991","3.140424","991","3.1436","985","3.140808","991","3.143768","986","3.141084","993","3.141676","987","3.140784","991","3.1401","987","3.144388","991","3.14186","987","3.139416","986","3.13984","987","3.14108","987","3.142424","987","3.142124","985","3.140296","961","3.140524","904","3.143092","905","3.141604","904","3.137684","904","3.142096","899","3.141864","905","3.143284","904","3.14242","904","3.141648","905","3.141652","905","3.141324","904","3.13914","903","3.141304","897","3.143148","904","3.140332","881","3.14164468","940","1051"
"20","3.14208","421","3.139148","919","3.145648","858","3.143764","920","3.138016","920","3.142152","856","3.143228","919","3.139944","919","3.1406","919","3.143652","920","3.141332","774","3.142088","919","3.140264","920","3.141568","919","3.140804","773","3.140088","920","3.142168","919","3.142872","919","3.145164","919","3.14078","772","3.141688","918","3.145352","919","3.143724","920","3.144472","891","3.142908","891","3.142312","890","3.142404","834","3.141008","891","3.13974","886","3.142508","887","3.139616","887","3.1386","887","3.141436","886","3.139828","885","3.143476","886","3.139692","887","3.14312","854","3.141656","886","3.14224","886","3.141896","886","3.14028","885","3.143156","886","3.141036","886","3.14222","878","3.141696","878","3.140928","878","3.1409","878","3.139152","878","3.14246","879","3.140332","879","3.141444","876","3.142512","902","3.140304","882","3.142504","903","3.143248","902","3.138692","895","3.140388","959","3.14334","959","3.13824","959","3.1401","893","3.140916","918","3.144328","958","3.141192","958","3.138788","956","3.143504","959","3.141424","958","3.147836","917","3.141904","958","3.13858","955","3.14046","958","3.140032","958","3.141864","957","3.142196","955","3.141176","958","3.143","961","3.142736","950","3.139656","955","3.141832","958","3.138444","955","3.142616","939","3.14228","939","3.141116","942","3.140456","941","3.14178","882","3.14108","882","3.141084","882","3.139716","881","3.140728","881","3.137412","877","3.141616","872","3.141388","871","3.141856","871","3.142016","872","3.141352","872","3.14292","872","3.141452","865","3.138684","872","3.1447","872","3.142964","871","3.141516","872","3.1415456800000006","897","1027"
"21","3.14376","391","3.140164","458","3.140352","978","3.142576","978","3.140324","950","3.141864","959","3.141912","978","3.14108","954","3.139328","913","3.13912","978","3.143436","979","3.141168","946","3.144624","978","3.139784","978","3.140564","978","3.139484","978","3.142336","979","3.14034","951","3.142504","943","3.1449","946","3.142224","978","3.142824","978","3.140972","958","3.1425","979","3.141408","978","3.141984","979","3.140012","978","3.138876","959","3.143792","979","3.1401","953","3.144452","958","3.142812","978","3.140688","978","3.140084","978","3.142188","979","3.140168","946","3.141532","943","3.1429","979","3.145184","923","3.141232","945","3.143124","978","3.142808","978","3.141752","949","3.144532","958","3.142708","978","3.139172","978","3.142332","950","3.138168","978","3.141772","978","3.140864","922","3.139936","943","3.141832","944","3.139044","977","3.14086","959","3.139532","978","3.14092","978","3.140976","960","3.141108","941","3.14164","962","3.141496","962","3.14004","959","3.139224","926","3.142548","898","3.141336","926","3.139744","926","3.140204","923","3.140168","926","3.141884","925","3.141484","926","3.1451","925","3.14028","925","3.14046","926","3.139812","926","3.142908","923","3.144708","926","3.143532","926","3.141352","923","3.141944","926","3.140292","926","3.140464","925","3.145336","924","3.143028","920","3.141708","923","3.142892","924","3.142104","924","3.142568","924","3.145316","924","3.143148","923","3.142984","924","3.140052","924","3.140848","924","3.143012","917","3.140636","917","3.143692","917","3.141288","916","3.14218","914","3.139252","917","3.142396","917","3.139804","887","3.139896","914","3.141597520000001","936","990"
"22","3.1434","934","3.143568","959","3.14174","770","3.1417","958","3.141452","833","3.140056","958","3.147232","746","3.14246","958","3.141984","833","3.140176","959","3.139256","746","3.141852","740","3.14298","934","3.14202","770","3.141576","958","3.138888","958","3.141468","712","3.141812","741","3.140064","958","3.141236","770","3.141264","771","3.14142","832","3.14218","958","3.142756","746","3.142368","958","3.142936","958","3.141108","742","3.141208","958","3.139348","958","3.141124","746","3.139612","958","3.142868","741","3.141492","958","3.141152","741","3.140472","736","3.14104","746","3.140864","741","3.139096","958","3.142132","897","3.142056","905","3.142956","905","3.14468","905","3.140676","903","3.14156","903","3.141896","903","3.138996","900","3.140452","902","3.140708","924","3.140904","924","3.143584","902","3.141436","900","3.14492","903","3.143244","903","3.139572","900","3.142052","900","3.143136","902","3.139728","902","3.140292","902","3.140724","923","3.145152","858","3.141788","900","3.140948","898","3.143192","923","3.138344","923","3.142844","900","3.143532","897","3.1385","901","3.144588","899","3.139752","901","3.140524","900","3.139492","907","3.142752","907","3.139496","907","3.142296","907","3.14076","907","3.140308","907","3.141764","907","3.140788","907","3.142068","907","3.14142","907","3.1438","904","3.141644","900","3.139724","900","3.14236","900","3.141424","900","3.140188","900","3.142736","900","3.14374","900","3.140872","900","3.141144","900","3.141056","900","3.141864","900","3.143476","874","3.140484","874","3.141688","874","3.13974","869","3.138812","870","3.141724","869","3.140916","869","3.13828","869","3.14148912","881","990"
"23","3.142732","185","3.140344","974","3.139908","981","3.13992","981","3.141092","974","3.141644","974","3.142676","982","3.141272","980","3.140508","982","3.140456","974","3.142776","971","3.145128","981","3.143508","847","3.143236","981","3.1401","982","3.142572","980","3.140016","980","3.14348","983","3.14338","982","3.14402","974","3.142836","973","3.14388","981","3.142792","973","3.142912","982","3.139692","974","3.140156","973","3.139684","974","3.139748","972","3.143536","972","3.14392","972","3.140892","964","3.139892","972","3.139024","971","3.14032","972","3.1444","949","3.1433","955","3.142216","946","3.140128","955","3.14034","946","3.14188","952","3.139848","954","3.141864","975","3.141312","975","3.142084","947","3.141848","975","3.140052","975","3.14242","975","3.140556","955","3.142196","975","3.141092","975","3.141804","954","3.141568","975","3.140764","940","3.143612","943","3.14204","954","3.138328","975","3.138756","944","3.141584","971","3.142136","936","3.139348","936","3.14168","971","3.140052","959","3.138224","959","3.138724","959","3.14078","956","3.138776","956","3.142972","956","3.141348","956","3.142176","956","3.141164","952","3.13956","956","3.140876","952","3.140108","952","3.141624","956","3.141088","959","3.14202","950","3.142564","966","3.144996","966","3.141012","946","3.14132","965","3.137084","965","3.14044","943","3.140364","962","3.142068","960","3.14148","960","3.142712","941","3.141964","956","3.143628","956","3.141416","955","3.141408","955","3.141932","955","3.140012","956","3.144584","956","3.141176","956","3.14076","955","3.138712","956","3.140428","956","3.141892","938","3.138672","956","3.143176","955","3.1413849999999983","954","1032"
"24","3.140808","305","3.141496","953","3.142196","930","3.139596","785","3.13886","954","3.143048","952","3.14132","954","3.139004","952","3.142912","953","3.142056","952","3.141476","808","3.139608","929","3.14348","952","3.143076","951","3.144292","952","3.141668","953","3.142368","953","3.14104","953","3.141572","951","3.14076","951","3.142496","953","3.145484","928","3.14236","953","3.141064","951","3.138436","929","3.1414","951","3.138264","953","3.14256","953","3.140032","951","3.141848","951","3.140428","951","3.14098","953","3.139336","951","3.141876","953","3.141788","952","3.13938","953","3.141076","953","3.140924","953","3.1407","951","3.140608","951","3.140176","896","3.145004","896","3.139408","887","3.142004","887","3.143864","885","3.14444","884","3.14252","884","3.141652","884","3.14","884","3.140596","884","3.1417","884","3.141404","882","3.141284","884","3.145984","885","3.141716","884","3.140312","881","3.14096","881","3.140672","883","3.141356","884","3.140888","858","3.143544","874","3.1435","870","3.140352","867","3.141272","870","3.142644","870","3.144512","870","3.141388","870","3.141552","870","3.144","867","3.140652","870","3.142736","869","3.137688","859","3.140776","862","3.142276","866","3.138732","865","3.141816","866","3.139212","864","3.142236","865","3.139044","865","3.141544","865","3.139484","863","3.14246","864","3.141972","865","3.141508","865","3.143176","862","3.142408","849","3.142412","842","3.14166","849","3.141124","849","3.144164","849","3.139928","838","3.141672","845","3.142884","844","3.141708","842","3.142588","843","3.13968","842","3.142688","841","3.141424","842","3.14344","841","3.140968","836","3.141544399999998","890","961"
"25","3.143496","72","3.142512","208","3.139736","207","3.142384","206","3.141572","1017","3.14194","1017","3.141004","987","3.142756","1016","3.139596","1017","3.142768","1017","3.140564","1016","3.142416","944","3.14222","1017","3.14336","989","3.142552","1017","3.141032","1017","3.141692","988","3.140908","1016","3.139088","989","3.139736","1016","3.141468","989","3.141612","989","3.140648","1016","3.138832","1016","3.139","1015","3.141904","1016","3.138012","988","3.140956","1017","3.141108","1011","3.143004","1011","3.14202","1011","3.141416","1010","3.142996","984","3.142308","984","3.144804","983","3.140712","1010","3.143272","1010","3.142812","1010","3.142264","1010","3.141756","1011","3.141132","1010","3.143388","1011","3.1388","1010","3.140304","1009","3.144416","1010","3.142052","1009","3.142296","981","3.139904","1010","3.139212","1010","3.141248","1009","3.142624","1009","3.14122","1009","3.14166","1010","3.141076","1009","3.14158","1009","3.142012","1009","3.141936","986","3.140268","980","3.141848","1009","3.140664","1011","3.140492","1009","3.141644","982","3.141388","1009","3.142088","1009","3.141924","1009","3.14138","945","3.143892","946","3.141956","946","3.142312","944","3.141376","943","3.140612","943","3.140928","924","3.143056","920","3.144088","917","3.14578","907","3.138784","901","3.142416","904","3.138912","901","3.13876","902","3.14178","902","3.142652","904","3.1417","904","3.14102","900","3.141416","901","3.140732","898","3.141952","903","3.137956","904","3.141976","904","3.137832","904","3.140748","897","3.141488","889","3.140136","892","3.14156","887","3.140832","887","3.141172","889","3.140332","887","3.14044","888","3.14532","877","3.143396","875","3.144516","874","3.1415061999999994","937","1027"
"26","3.143552","68","3.143484","708","3.142476","432","3.14256","454","3.140396","708","3.138784","454","3.144372","432","3.143392","432","3.140108","454","3.139868","453","3.142604","432","3.139436","708","3.143132","454","3.141596","432","3.140624","946","3.142856","921","3.143404","946","3.141736","947","3.14114","945","3.143244","946","3.140372","946","3.140972","923","3.140896","924","3.1467","946","3.141012","946","3.142468","946","3.140068","917","3.141952","924","3.140864","946","3.142208","917","3.140956","916","3.144388","945","3.138972","946","3.140612","924","3.140256","945","3.141492","945","3.145024","925","3.143084","945","3.14056","917","3.142744","946","3.143004","946","3.139196","946","3.14274","946","3.141496","923","3.141408","922","3.139152","921","3.142972","946","3.142844","920","3.142224","945","3.142976","921","3.14028","946","3.140516","920","3.143216","946","3.14","920","3.138636","918","3.14278","946","3.143768","945","3.140884","945","3.144988","920","3.142744","910","3.14214","939","3.142356","940","3.14052","939","3.143212","940","3.13768","913","3.141292","917","3.139776","939","3.14294","940","3.13962","939","3.14112","939","3.141508","939","3.14368","939","3.143292","940","3.144484","917","3.141652","940","3.138864","939","3.141072","939","3.142348","940","3.1432","914","3.14228","939","3.140488","939","3.140072","939","3.142704","939","3.142872","939","3.1418","939","3.139756","915","3.143508","939","3.139928","939","3.137488","939","3.14382","939","3.140712","939","3.143584","940","3.144648","940","3.141468","940","3.14312","939","3.140772","940","3.142216","939","3.144404","917","3.140332","915","3.141568","939","3.1417848399999997","870","970"
"27","3.142636","36","3.145092","870","3.139304","937","3.143564","935","3.142232","935","3.139748","909","3.14004","935","3.141588","915","3.139656","1026","3.141148","1000","3.1426","1026","3.139788","1004","3.144344","979","3.139328","1026","3.14052","998","3.143984","1005","3.140092","998","3.140484","998","3.143892","1002","3.14226","1009","3.145072","1026","3.143392","1005","3.139652","1026","3.141944","976","3.143244","998","3.141664","1026","3.14314","975","3.144116","975","3.143392","1027","3.144344","1026","3.142612","1004","3.139812","1026","3.142296","1026","3.139376","943","3.143872","998","3.14106","974","3.139252","1003","3.141548","1026","3.142932","1001","3.137852","1026","3.141304","1026","3.14216","1026","3.1436","976","3.140436","1026","3.142556","1002","3.141048","1026","3.139636","1026","3.1401","1003","3.142896","1024","3.144044","998","3.140504","1024","3.141276","996","3.139432","1024","3.141308","996","3.143808","1024","3.141652","998","3.144344","1024","3.138448","996","3.143052","973","3.141704","1007","3.142612","996","3.139292","998","3.142816","1004","3.14016","973","3.14154","992","3.140452","973","3.142572","992","3.142192","971","3.144356","992","3.1397","984","3.140696","984","3.140228","984","3.141312","984","3.140584","984","3.144168","984","3.143352","984","3.142572","985","3.143832","961","3.141368","966","3.14258","984","3.14204","984","3.139156","984","3.142012","984","3.14266","984","3.14228","984","3.143004","984","3.138188","946","3.141324","861","3.142204","861","3.14316","861","3.142192","861","3.142664","861","3.14316","860","3.141232","860","3.142748","861","3.139424","860","3.141124","861","3.14194","858","3.139116","856","3.143792","856","3.141759840000002","965","1029"
"28","3.140188","237","3.14128","556","3.142496","556","3.140068","578","3.140844","578","3.14192","556","3.14082","698","3.142272","966","3.143752","963","3.143456","963","3.142208","963","3.143024","804","3.139984","963","3.1428","963","3.141384","965","3.142452","963","3.1444","963","3.1413","963","3.140928","817","3.142428","963","3.140848","962","3.1417","962","3.138708","941","3.143272","963","3.139848","962","3.143724","938","3.1421","962","3.142936","961","3.140668","961","3.139168","959","3.141392","959","3.143704","961","3.14134","938","3.140244","938","3.140776","959","3.141528","959","3.140836","959","3.140604","960","3.142096","959","3.138668","959","3.140068","929","3.141556","926","3.138816","928","3.14086","925","3.145924","928","3.138328","926","3.140652","929","3.1396","928","3.13994","925","3.142408","926","3.140928","923","3.140988","925","3.144272","924","3.143116","925","3.14294","924","3.142192","926","3.140996","923","3.140712","925","3.142052","923","3.140676","923","3.142004","925","3.1408","924","3.142568","925","3.14116","925","3.139976","924","3.14162","925","3.142176","925","3.139192","899","3.140124","925","3.139336","925","3.138808","922","3.140676","925","3.142712","925","3.140152","924","3.13968","925","3.1434","925","3.13948","923","3.14268","925","3.140688","920","3.14192","920","3.140068","918","3.14142","920","3.139064","920","3.141368","918","3.141568","919","3.141224","919","3.141176","920","3.140404","919","3.142676","917","3.142384","919","3.143164","920","3.141104","919","3.142788","920","3.14234","916","3.138776","917","3.139828","916","3.142876","889","3.140036","917","3.141056","916","3.14612","916","3.141377800000001","904","971"
"29","3.14322","114","3.142944","360","3.14216","625","3.143728","931","3.142952","931","3.142584","890","3.14214","843","3.141712","911","3.14142","931","3.139756","911","3.143172","931","3.142408","931","3.14186","890","3.141912","866","3.140096","844","3.142992","931","3.143496","880","3.141272","880","3.1414","859","3.140892","880","3.141696","899","3.14332","899","3.142428","899","3.142452","880","3.140368","899","3.139944","880","3.141292","899","3.143932","899","3.143176","899","3.138204","886","3.140528","886","3.138504","866","3.14132","866","3.143636","885","3.14146","866","3.14524","945","3.14268","949","3.139456","950","3.139816","908","3.140268","944","3.141624","885","3.141","948","3.139296","947","3.14082","946","3.142504","945","3.1417","907","3.143936","966","3.143388","945","3.145016","966","3.1404","947","3.143244","946","3.14344","965","3.14212","966","3.142764","966","3.141804","945","3.143484","947","3.14396","945","3.1415","946","3.141524","943","3.142816","965","3.142868","966","3.139192","966","3.139424","965","3.138108","945","3.141388","965","3.140256","965","3.139512","947","3.140676","966","3.141996","939","3.14382","965","3.138004","947","3.142428","946","3.142176","945","3.141064","947","3.141424","940","3.142416","936","3.141868","951","3.139544","943","3.140468","943","3.142624","943","3.140332","943","3.142976","943","3.14242","941","3.140644","900","3.14054","900","3.138876","900","3.141376","900","3.13982","900","3.143148","881","3.141692","900","3.14136","900","3.141808","900","3.141544","900","3.141504","899","3.139844","900","3.141172","900","3.1434","900","3.14134","900","3.139996","900","3.1396","900","3.141608239999999","904","1022"
"30","3.140536","595","3.14276","595","3.141356","594","3.14372","593","3.138696","593","3.14086","1002","3.141776","1002","3.14338","1002","3.141188","967","3.142084","980","3.14134","1002","3.14156","1001","3.13772","1001","3.140712","1002","3.141388","1001","3.141452","968","3.14444","978","3.1429","978","3.142268","1002","3.14324","979","3.141412","1001","3.143736","1001","3.145308","1001","3.140604","1001","3.141452","872","3.143004","986","3.144092","987","3.14224","986","3.14116","963","3.143616","986","3.139304","953","3.141224","987","3.140036","987","3.143928","986","3.142804","986","3.141296","986","3.142644","985","3.144212","965","3.13952","957","3.1394","986","3.14286","951","3.13996","985","3.1425","985","3.138348","985","3.140928","924","3.140284","985","3.138376","965","3.140816","962","3.140892","985","3.140596","962","3.140508","985","3.140916","985","3.145508","985","3.141752","976","3.144948","952","3.143168","971","3.142896","972","3.139972","972","3.140564","972","3.142372","972","3.14234","939","3.138948","950","3.139824","971","3.144952","972","3.14192","937","3.140096","937","3.145196","906","3.139744","931","3.141872","898","3.144484","930","3.14262","931","3.14108","930","3.139728","931","3.14154","931","3.140592","931","3.141372","931","3.142284","928","3.13984","927","3.139008","928","3.141156","928","3.142352","928","3.137804","926","3.141988","928","3.13824","928","3.144388","917","3.142496","916","3.140968","916","3.140168","917","3.143668","917","3.143152","916","3.143056","916","3.14124","917","3.14476","917","3.143196","916","3.143864","917","3.14026","917","3.144764","917","3.143572","908","3.143124","909","3.143488","909","3.1417767599999995","938","1008"
"31","3.143936","297","3.14122","460","3.142592","562","3.143036","559","3.140304","558","3.14166","559","3.142408","559","3.141512","691","3.143512","556","3.14682","556","3.142136","556","3.13988","934","3.143692","960","3.142484","960","3.14506","960","3.14174","935","3.141524","961","3.14354","960","3.142576","961","3.144268","961","3.143912","961","3.141724","960","3.140764","961","3.141012","961","3.141364","960","3.142936","961","3.140988","934","3.141164","929","3.142544","930","3.141328","960","3.141828","960","3.141492","960","3.141476","960","3.141032","960","3.145328","959","3.139936","960","3.144932","960","3.141704","938","3.14034","938","3.141328","960","3.14082","960","3.143572","961","3.141152","960","3.142948","937","3.141396","959","3.139844","959","3.142596","960","3.14056","960","3.13904","960","3.141972","960","3.139716","960","3.142996","960","3.141928","960","3.141632","937","3.139888","960","3.140248","960","3.141516","959","3.141336","960","3.143108","956","3.143556","955","3.14388","956","3.140308","955","3.140944","956","3.141056","955","3.139688","955","3.141388","955","3.140008","955","3.14106","956","3.141676","956","3.142352","955","3.142152","955","3.141592","948","3.141768","948","3.1426","947","3.142172","948","3.137112","948","3.142688","937","3.142968","936","3.139788","937","3.141976","936","3.141316","936","3.143344","937","3.143452","936","3.1434","935","3.141864","936","3.139608","936","3.140732","937","3.142768","936","3.143036","935","3.142332","937","3.141172","934","3.14188","933","3.140652","934","3.14292","933","3.141808","933","3.138768","932","3.141284","933","3.142376","933","3.1424","933","3.142808","933","3.1418595200000006","904","975"
"32","3.142024","612","3.141908","591","3.143364","708","3.138468","708","3.143712","708","3.143888","731","3.141548","708","3.141508","708","3.14134","708","3.1427","708","3.141492","731","3.144564","708","3.140436","708","3.144188","708","3.139036","708","3.14116","731","3.140612","708","3.138564","763","3.140932","731","3.143924","708","3.140488","768","3.141332","994","3.14018","841","3.1393","841","3.141732","994","3.139356","841","3.140796","889","3.14254","890","3.14376","810","3.142824","832","3.143792","841","3.141288","994","3.141192","994","3.142812","994","3.143496","994","3.142312","841","3.140644","994","3.1419","981","3.139992","981","3.141444","976","3.140148","976","3.141832","979","3.143032","976","3.13942","938","3.140868","960","3.142484","960","3.14154","961","3.137128","959","3.1436","961","3.142716","979","3.1412","979","3.141504","959","3.139636","961","3.137952","961","3.142656","961","3.14018","962","3.141448","962","3.140476","959","3.139608","959","3.138748","961","3.138904","962","3.142068","957","3.143304","962","3.14318","959","3.141548","959","3.142764","958","3.13924","961","3.143628","960","3.140204","961","3.14252","961","3.139324","958","3.14242","957","3.1425","961","3.14308","961","3.142432","961","3.143864","961","3.14084","961","3.140852","961","3.142328","961","3.14006","956","3.137864","961","3.138128","956","3.141464","958","3.142076","960","3.141028","961","3.143188","961","3.143276","930","3.13912","978","3.14074","961","3.141912","961","3.139876","956","3.145232","961","3.139672","959","3.141012","960","3.142004","959","3.1387","958","3.139048","959","3.141088","961","3.140224","959","3.141168","978","3.14134604","900","1032"
"33","3.142292","399","3.141296","399","3.14062","399","3.142416","827","3.140652","676","3.144652","827","3.142744","653","3.141212","827","3.14422","827","3.14022","827","3.142688","676","3.14036","827","3.140084","827","3.141528","827","3.143772","827","3.14122","700","3.137408","686","3.14242","813","3.142924","813","3.14118","639","3.141512","680","3.142912","807","3.14372","807","3.138828","807","3.141976","807","3.142472","749","3.14168","892","3.14252","892","3.140248","834","3.14376","829","3.140224","962","3.14074","892","3.141864","863","3.142436","892","3.14096","904","3.144824","863","3.139876","898","3.139636","921","3.138756","957","3.144956","957","3.14026","921","3.141724","899","3.143836","957","3.140708","957","3.138736","957","3.141208","890","3.140876","921","3.13904","900","3.138984","957","3.143476","957","3.14136","957","3.143664","887","3.14116","957","3.143552","899","3.143108","957","3.143668","950","3.141544","918","3.142148","949","3.143176","950","3.141968","950","3.140548","950","3.139816","947","3.141068","952","3.142864","952","3.142868","908","3.141076","914","3.142888","913","3.13864","912","3.142252","914","3.145436","913","3.140044","906","3.144124","908","3.13966","912","3.143592","912","3.14374","914","3.140856","911","3.14028","909","3.14274","909","3.140188","907","3.140372","904","3.143232","909","3.141572","908","3.140116","909","3.142408","910","3.14302","909","3.141292","907","3.141112","909","3.142772","909","3.141088","909","3.14048","906","3.143288","908","3.141764","903","3.1422","905","3.138464","907","3.139532","904","3.140204","909","3.143088","909","3.139924","909","3.139236","904","3.14398","903","3.1416382799999996","867","997"
"34","3.142312","1045","3.142368","1047","3.142148","1038","3.141216","1045","3.141008","1046","3.141776","1044","3.14194","1045","3.140908","1046","3.1406","1047","3.140668","1046","3.142732","1045","3.141488","1046","3.144176","1045","3.140624","1046","3.142204","1044","3.142892","1043","3.144648","1066","3.143624","1044","3.141068","1038","3.14232","1046","3.142052","1045","3.14074","1066","3.141848","1045","3.144128","1037","3.141412","1066","3.140432","1066","3.140944","1039","3.14236","1043","3.142316","1046","3.142076","1044","3.138824","1044","3.142124","1044","3.141176","1046","3.142632","1043","3.14322","1045","3.141372","1043","3.143272","1066","3.143852","1046","3.14104","1036","3.14298","1045","3.14202","1044","3.140672","1046","3.1395","1045","3.141428","1046","3.139148","1046","3.139916","1046","3.14454","1010","3.146328","1043","3.144468","1036","3.142344","1036","3.140804","1036","3.142324","1004","3.142","1036","3.141412","1037","3.141456","1066","3.142464","1036","3.142504","1046","3.140692","1066","3.140664","1066","3.141864","1038","3.1418","1038","3.143","1046","3.141992","1045","3.142652","1045","3.14284","1036","3.139932","1044","3.14308","1035","3.14022","1035","3.142856","1035","3.139984","1035","3.141936","1014","3.142944","1014","3.143604","1014","3.142104","1013","3.139404","1035","3.141264","1035","3.140748","1013","3.141508","1035","3.143108","1014","3.14314","1035","3.140548","1014","3.143036","1015","3.142004","1008","3.141072","1013","3.143884","1035","3.137844","1035","3.141368","1014","3.142344","1014","3.142576","1015","3.138564","1035","3.144104","1007","3.141104","1015","3.140652","1035","3.140328","1035","3.140488","1001","3.14238","1002","3.142504","1002","3.14196","1001","3.140808","1001","3.141504","982","3.1418325599999988","1035","1067"
"35","3.143164","995","3.140208","995","3.143036","995","3.141992","964","3.14326","964","3.141444","995","3.141596","995","3.140152","996","3.141788","995","3.143924","995","3.13992","995","3.141868","995","3.143176","995","3.140712","995","3.142544","995","3.139336","995","3.142752","995","3.142332","995","3.14276","995","3.141656","995","3.139832","995","3.141564","995","3.142968","995","3.141212","995","3.139424","995","3.141824","995","3.142304","964","3.141112","995","3.145068","973","3.139412","995","3.141136","995","3.142184","995","3.13954","995","3.145644","995","3.13764","995","3.141308","995","3.142296","995","3.139932","964","3.140908","995","3.142616","995","3.137976","995","3.144896","994","3.14366","995","3.140404","994","3.139864","995","3.142284","994","3.142484","994","3.141796","994","3.143448","994","3.140184","966","3.140268","967","3.14146","967","3.140036","967","3.140076","966","3.141504","966","3.140628","966","3.141248","936","3.14286","967","3.140928","966","3.142124","966","3.142436","948","3.14054","958","3.144184","958","3.14308","934","3.142792","958","3.141248","957","3.14094","958","3.1392","958","3.142764","958","3.143736","958","3.138848","958","3.137148","957","3.14132","958","3.140376","958","3.14124","958","3.140196","958","3.142664","958","3.139808","935","3.13806","958","3.139656","958","3.140816","942","3.140656","942","3.1408","938","3.140848","936","3.1435","936","3.1396","936","3.144452","936","3.140708","936","3.14106","936","3.142436","936","3.143684","936","3.14244","936","3.144592","936","3.14204","936","3.14328","936","3.14226","936","3.140932","936","3.14006","936","3.140632","936","3.143388","936","3.1415209199999996","970","1022"
"36","3.14116","425","3.139424","650","3.141124","652","3.146296","626","3.142836","541","3.14156","651","3.142776","989","3.142828","963","3.143272","968","3.14198","965","3.140748","964","3.145676","962","3.139616","961","3.1406","965","3.14184","962","3.143928","967","3.141868","961","3.141068","988","3.139984","965","3.141644","988","3.141056","965","3.141824","969","3.144056","965","3.141512","969","3.14354","961","3.142616","968","3.14454","988","3.141964","988","3.143236","988","3.142176","963","3.141328","969","3.14458","968","3.143892","961","3.143036","988","3.140952","961","3.141816","988","3.142896","967","3.13846","963","3.141056","969","3.1436","988","3.140372","966","3.140188","961","3.141784","988","3.138632","988","3.139684","967","3.139456","988","3.138764","967","3.143128","964","3.141556","988","3.141048","988","3.142928","922","3.137832","968","3.138508","962","3.140368","988","3.142604","963","3.139632","968","3.141112","968","3.141212","969","3.141968","961","3.140916","969","3.142004","961","3.138352","965","3.14156","966","3.14424","969","3.142728","988","3.143096","967","3.141388","967","3.141676","962","3.140288","960","3.139824","966","3.143016","960","3.14102","962","3.143004","966","3.142972","968","3.1418","968","3.144932","988","3.142828","962","3.141332","988","3.141728","987","3.139948","966","3.14252","968","3.141508","969","3.142688","967","3.141092","988","3.141788","966","3.138628","966","3.141364","988","3.144752","987","3.145036","987","3.139844","964","3.142024","987","3.144248","965","3.141124","962","3.140988","967","3.140612","967","3.144568","965","3.144284","965","3.143032","968","3.144164","987","3.138908","966","3.14180964","947","993"
"37","3.13816","995","3.1423","993","3.140716","996","3.145424","996","3.142328","995","3.140412","1001","3.142696","1000","3.139592","995","3.137896","1000","3.138304","991","3.141944","1023","3.141108","932","3.143356","1023","3.14226","1000","3.142724","1024","3.143756","1001","3.142108","991","3.139472","1001","3.141296","1001","3.142908","990","3.140132","1000","3.139656","991","3.140352","1023","3.142112","991","3.14312","1023","3.14052","997","3.139512","1000","3.144584","993","3.142124","999","3.142076","995","3.14374","964","3.141384","1023","3.139304","982","3.140876","989","3.14566","984","3.142328","994","3.142944","1015","3.141608","983","3.143192","985","3.139012","1015","3.144532","1015","3.14084","1015","3.141252","1015","3.141956","1015","3.140568","987","3.14184","983","3.142952","1015","3.140292","1015","3.141364","992","3.140464","983","3.14194","1015","3.139384","993","3.140052","983","3.142996","987","3.143464","989","3.141392","1015","3.138668","1014","3.140648","992","3.141672","991","3.141336","989","3.140992","992","3.140516","992","3.140808","992","3.1429","993","3.142596","995","3.143348","1005","3.139652","1005","3.140276","972","3.141896","1005","3.143304","973","3.141904","981","3.143392","980","3.142648","985","3.14372","982","3.14128","1005","3.14104","979","3.140564","979","3.140988","982","3.141216","1005","3.141192","979","3.142508","1005","3.141788","1005","3.142028","1005","3.142876","1005","3.14064","1005","3.139948","1005","3.140572","982","3.14366","979","3.140564","1004","3.14338","982","3.141528","979","3.1399","983","3.143668","1005","3.143712","1005","3.144188","973","3.146156","972","3.142576","1005","3.140484","1005","3.142712","1005","3.142824","983","3.141705520000001","995","1024"
"38","3.140712","754","3.142008","703","3.14232","758","3.14348","753","3.139444","753","3.142612","753","3.140296","758","3.141656","758","3.142168","758","3.140004","751","3.142332","750","3.143832","972","3.138684","972","3.140792","972","3.14152","855","3.142276","982","3.142556","1008","3.141264","976","3.142048","976","3.14082","820","3.141068","857","3.141188","982","3.142424","982","3.140192","856","3.139688","982","3.140792","984","3.141608","976","3.141556","982","3.14152","985","3.139896","971","3.142568","976","3.140676","984","3.14106","985","3.143336","976","3.141736","984","3.139984","854","3.1456","877","3.138992","971","3.138716","1008","3.140596","985","3.144732","984","3.14004","985","3.1413","985","3.1403","985","3.141348","985","3.141008","984","3.14206","959","3.14094","985","3.13642","984","3.142388","984","3.14122","962","3.141452","959","3.142524","958","3.141884","959","3.145452","959","3.142092","959","3.138964","959","3.142868","959","3.142348","935","3.14084","958","3.145572","958","3.138424","958","3.144608","958","3.141108","959","3.139716","958","3.143932","958","3.1409","958","3.142048","958","3.143904","958","3.142772","958","3.142068","958","3.140636","958","3.142064","959","3.141168","959","3.141652","958","3.139812","958","3.145016","958","3.14308","958","3.1445","958","3.143232","958","3.143088","958","3.145172","958","3.143308","958","3.1388","936","3.140156","958","3.144344","958","3.143628","958","3.141748","958","3.144072","958","3.140012","958","3.14124","958","3.142928","958","3.144428","958","3.141504","958","3.139968","958","3.141356","958","3.14616","934","3.13912","958","3.142108","958","3.142344","958","3.141758959999998","936","1018"
"39","3.142528","492","3.146648","468","3.142688","491","3.140912","622","3.1407","620","3.141456","619","3.140712","488","3.142788","942","3.1388","941","3.142284","941","3.139424","941","3.143408","938","3.14156","931","3.144316","938","3.141288","931","3.13996","938","3.143196","933","3.141188","924","3.143312","926","3.141672","926","3.142916","933","3.142296","952","3.142288","933","3.139808","932","3.140124","925","3.140644","925","3.14424","926","3.14288","933","3.141596","932","3.140124","926","3.141356","925","3.141428","926","3.140064","932","3.1387","926","3.1404","917","3.14178","917","3.141568","920","3.141148","945","3.139916","945","3.144796","945","3.138884","927","3.1433","945","3.13954","926","3.140732","926","3.142652","945","3.138604","919","3.14202","894","3.141268","919","3.14036","920","3.141648","920","3.142848","926","3.140932","926","3.14126","920","3.143584","919","3.139688","919","3.14232","894","3.13998","920","3.141756","919","3.14302","924","3.143308","922","3.144056","925","3.138852","924","3.14162","925","3.140216","860","3.13996","896","3.140812","919","3.141116","918","3.141248","918","3.143756","918","3.14058","918","3.13658","915","3.142944","915","3.143136","918","3.14402","918","3.14174","918","3.141656","917","3.141156","918","3.141828","912","3.141792","917","3.139292","918","3.140648","917","3.141424","918","3.142192","918","3.143244","918","3.14216","918","3.141828","918","3.142084","918","3.140492","914","3.14182","918","3.144264","918","3.138992","918","3.14324","917","3.13942","918","3.141252","918","3.139472","918","3.140268","918","3.142848","918","3.142724","917","3.14174","918","3.140352","918","3.1415143999999997","896","979"
"40","3.140404","925","3.146992","976","3.141404","998","3.142424","976","3.141312","999","3.144968","1013","3.140428","1006","3.141052","977","3.14084","999","3.140932","999","3.1436","974","3.13992","973","3.140684","1008","3.141624","1030","3.145268","975","3.140256","1010","3.137856","1011","3.141612","1012","3.139844","1012","3.142592","1010","3.143008","1010","3.14114","1004","3.140004","973","3.139768","1012","3.14052","1012","3.141588","1029","3.138344","1001","3.143072","998","3.140048","1012","3.142252","1006","3.142644","999","3.142396","1030","3.142716","998","3.139516","1029","3.138488","1005","3.139832","1023","3.137472","1005","3.14122","1003","3.142832","1003","3.138596","1022","3.142216","1022","3.140016","1004","3.141364","998","3.142976","1005","3.142732","1001","3.140392","1004","3.142916","992","3.14296","1022","3.14138","998","3.142476","997","3.13936","1003","3.142212","1005","3.14368","1022","3.138788","1003","3.140164","1003","3.140304","1003","3.138668","996","3.141996","1022","3.14304","1022","3.139868","1004","3.139548","992","3.1394","1004","3.143372","1005","3.142924","999","3.142228","998","3.140004","1000","3.14278","1022","3.138608","1022","3.140548","1001","3.140704","1000","3.141496","1004","3.1417","998","3.143388","1022","3.141","1022","3.13874","1022","3.143788","1022","3.141916","997","3.14046","1022","3.13914","999","3.142388","1022","3.141816","1003","3.143008","1022","3.142656","1002","3.14192","1022","3.14118","1000","3.14552","1003","3.141296","1022","3.140908","1001","3.1426","1022","3.142448","1004","3.143332","1022","3.140236","990","3.14264","1001","3.143212","1022","3.142172","1000","3.141804","1022","3.14088","1002","3.141836","990","3.14088","1022","3.138584","1022","3.1414003599999996","1005","1031"
"41","3.140144","216","3.139432","958","3.14204","961","3.143664","984","3.14246","957","3.140028","960","3.144904","963","3.141184","959","3.14132","957","3.139528","962","3.140488","984","3.14296","963","3.137136","957","3.141404","934","3.143568","958","3.140856","985","3.143348","984","3.141092","957","3.141776","958","3.140676","985","3.143056","984","3.141856","983","3.143748","956","3.142016","984","3.139264","984","3.142356","956","3.142356","984","3.143364","984","3.14106","956","3.14314","984","3.14312","983","3.142176","960","3.141112","959","3.138768","983","3.140752","984","3.142368","963","3.138148","962","3.138516","984","3.138676","934","3.138904","984","3.140748","955","3.13908","984","3.147872","984","3.138388","983","3.142304","963","3.143016","983","3.142276","983","3.1445","983","3.142552","984","3.141496","983","3.14424","984","3.142016","963","3.139388","983","3.141524","983","3.141036","962","3.141412","983","3.1439","963","3.140244","983","3.143064","957","3.141692","984","3.141024","984","3.140308","981","3.139616","981","3.139136","954","3.140704","961","3.139252","982","3.139928","981","3.14168","982","3.142992","956","3.143916","981","3.138676","981","3.140872","981","3.141832","958","3.139528","982","3.142568","981","3.141196","958","3.142124","982","3.1407","958","3.142384","982","3.141356","982","3.138556","981","3.141324","958","3.142496","960","3.141216","981","3.137672","981","3.14106","962","3.140508","954","3.142992","981","3.139136","954","3.141064","982","3.142596","982","3.141244","981","3.143264","954","3.14128","982","3.143396","981","3.144664","953","3.142756","981","3.140988","981","3.142844","981","3.138232","982","3.1414059200000004","964","986"
"42","3.141392","844","3.139488","835","3.14086","870","3.141908","883","3.1411","867","3.140608","879","3.14276","879","3.14336","866","3.142284","866","3.13964","873","3.14184","878","3.139788","878","3.139076","875","3.14276","875","3.141484","870","3.142704","876","3.138952","876","3.140648","875","3.141712","870","3.139904","863","3.142908","876","3.140136","872","3.143144","870","3.138996","863","3.143204","870","3.14198","875","3.14268","875","3.141288","875","3.139452","914","3.14236","877","3.1426","967","3.14136","947","3.1437","878","3.143836","967","3.14206","914","3.13872","876","3.138384","970","3.142716","967","3.14052","878","3.141184","876","3.143904","913","3.14286","879","3.140984","947","3.140112","844","3.139452","947","3.142384","876","3.14396","947","3.143064","967","3.143928","914","3.143388","877","3.141564","877","3.142104","947","3.1412","914","3.14324","947","3.140144","946","3.142404","884","3.144948","886","3.142112","886","3.140324","968","3.144008","966","3.14226","966","3.143884","939","3.14334","967","3.141732","967","3.142164","968","3.141236","967","3.14186","884","3.143776","968","3.144752","873","3.141304","963","3.142012","951","3.14026","877","3.145616","876","3.143184","878","3.140648","876","3.141524","877","3.141856","877","3.142184","876","3.140688","878","3.139288","876","3.140164","875","3.141608","873","3.140772","877","3.14068","876","3.141692","870","3.139344","877","3.140176","877","3.145512","876","3.14094","876","3.141864","875","3.140088","877","3.141572","870","3.142404","873","3.141116","875","3.141928","875","3.143972","875","3.140892","877","3.14316","877","3.1444","876","3.143128","874","3.1417855999999995","895","1006"
"43","3.14012","360","3.142756","709","3.14018","731","3.141832","621","3.142676","908","3.140252","965","3.142252","965","3.139236","907","3.143052","965","3.140848","871","3.140428","870","3.14266","965","3.137832","912","3.138852","908","3.141452","965","3.143872","965","3.13774","965","3.143544","965","3.145328","965","3.143528","911","3.141164","965","3.140136","907","3.143088","965","3.139432","965","3.140812","908","3.14094","966","3.138304","965","3.141524","965","3.144484","965","3.140804","907","3.139832","965","3.14486","965","3.141876","965","3.143204","869","3.144212","965","3.141716","965","3.141188","965","3.140504","935","3.141384","965","3.139712","965","3.14016","872","3.141708","882","3.142816","965","3.139992","965","3.140684","907","3.140452","921","3.143224","899","3.14022","951","3.143284","951","3.142648","951","3.14526","951","3.141516","951","3.141348","951","3.1412","933","3.143888","933","3.143336","933","3.141908","928","3.139704","872","3.14246","924","3.141436","924","3.141048","924","3.143856","924","3.140636","923","3.14118","927","3.139476","923","3.14062","926","3.139872","923","3.141832","926","3.140296","916","3.141044","917","3.140176","921","3.142168","921","3.14168","920","3.139988","919","3.143068","914","3.142844","910","3.141044","903","3.143096","908","3.141176","908","3.140968","909","3.13886","904","3.142608","904","3.143388","909","3.141752","907","3.141836","907","3.142432","908","3.140936","897","3.140604","899","3.136476","899","3.140504","898","3.143212","898","3.14254","899","3.144824","897","3.13968","899","3.139604","898","3.1427","898","3.142476","897","3.143232","898","3.142788","899","3.143408","898","3.141547880000001","913","977"
"44","3.14138","63","3.141764","655","3.140792","655","3.142604","655","3.143772","655","3.13864","655","3.142756","655","3.141456","631","3.139504","628","3.141996","655","3.143516","655","3.141856","655","3.14204","655","3.141136","655","3.143568","631","3.140852","654","3.143172","631","3.140844","655","3.14476","654","3.142104","933","3.142864","937","3.144624","897","3.14164","924","3.141404","937","3.143224","798","3.140408","897","3.14134","933","3.145384","925","3.1402","937","3.14032","923","3.142316","937","3.14248","933","3.139996","924","3.139344","937","3.142816","937","3.139828","933","3.143964","927","3.14178","917","3.143564","927","3.142208","927","3.14236","926","3.140384","923","3.142008","926","3.143048","926","3.143576","926","3.140016","926","3.143648","926","3.144372","950","3.141984","926","3.139724","922","3.139868","930","3.140316","904","3.14094","903","3.1393","922","3.141928","922","3.145208","922","3.141456","923","3.142176","922","3.140524","922","3.143476","923","3.142284","922","3.139528","922","3.141512","923","3.1421","922","3.143212","922","3.14092","922","3.136656","922","3.144644","922","3.141964","921","3.143152","922","3.142752","922","3.14346","922","3.142852","922","3.141756","922","3.14056","922","3.14386","922","3.140132","921","3.140116","922","3.139196","922","3.141916","921","3.139828","921","3.138504","921","3.143968","921","3.142372","899","3.14362","899","3.142364","898","3.140664","892","3.142444","892","3.141724","892","3.137248","892","3.142696","892","3.143116","889","3.145176","887","3.138528","886","3.141392","886","3.14178","886","3.144672","886","3.141252","883","3.143752","883","3.141056","883","3.14183256","858","994"
"45","3.1412","70","3.140604","948","3.140836","987","3.13876","1010","3.138572","987","3.141292","981","3.140972","981","3.141992","961","3.141212","1010","3.143244","949","3.142552","944","3.142336","981","3.143712","950","3.141912","893","3.140212","1010","3.142024","855","3.140948","894","3.140284","1009","3.142076","944","3.141392","894","3.142948","981","3.140896","987","3.145216","894","3.13978","944","3.136904","991","3.140588","950","3.142484","855","3.141472","987","3.141964","987","3.139896","823","3.141888","968","3.14432","917","3.140836","918","3.140316","939","3.141268","939","3.14328","939","3.141048","939","3.14378","917","3.139684","917","3.14122","938","3.140168","911","3.142948","939","3.140324","939","3.140504","934","3.143952","933","3.14018","911","3.144004","933","3.143408","933","3.139696","933","3.143384","907","3.140148","877","3.143396","877","3.14328","883","3.141948","904","3.141996","902","3.142108","901","3.140688","901","3.1426","871","3.142148","898","3.1427","877","3.142596","877","3.139076","897","3.140052","876","3.140496","871","3.139216","892","3.140572","892","3.138748","872","3.141228","892","3.143684","872","3.1421","892","3.141696","887","3.142428","887","3.140548","885","3.142296","864","3.137464","884","3.14026","884","3.140324","884","3.137208","884","3.143016","881","3.141384","880","3.141056","880","3.141348","880","3.142004","880","3.141408","880","3.141168","855","3.14442","881","3.140312","881","3.139484","881","3.141228","881","3.1435","881","3.140948","880","3.143952","881","3.140632","880","3.143156","881","3.145212","880","3.14298","881","3.143832","880","3.142516","880","3.142532","874","3.140548","874","3.1415212799999988","903","1011"
"46","3.142628","269","3.140772","381","3.14048","456","3.141248","963","3.14102","963","3.140416","966","3.140048","963","3.141368","959","3.143576","961","3.140512","961","3.141804","962","3.1399","962","3.143872","936","3.142624","962","3.140472","961","3.141152","962","3.142484","961","3.138528","959","3.144528","962","3.140356","959","3.135568","959","3.1394","959","3.14166","962","3.139916","959","3.138672","959","3.1421","959","3.141916","962","3.142836","958","3.143852","961","3.139524","962","3.140796","961","3.141796","961","3.13892","935","3.14346","960","3.14058","961","3.141304","959","3.142316","954","3.142988","954","3.140764","888","3.14324","954","3.140252","953","3.141708","954","3.142312","951","3.143872","953","3.144136","940","3.14364","941","3.141612","937","3.141092","937","3.1401","941","3.142564","940","3.142512","941","3.142896","937","3.140616","941","3.14212","940","3.141736","938","3.142524","939","3.142272","935","3.14054","936","3.140424","935","3.138868","935","3.142888","936","3.141496","934","3.143472","932","3.139608","935","3.143324","933","3.141496","939","3.141884","938","3.142912","938","3.142156","934","3.141464","935","3.143836","913","3.13874","920","3.141872","911","3.141756","920","3.14032","919","3.140412","920","3.142396","913","3.141128","919","3.141576","920","3.146936","920","3.141844","919","3.141992","920","3.14004","913","3.144444","920","3.142188","919","3.141896","920","3.143904","919","3.139404","917","3.139504","917","3.142896","918","3.143348","913","3.14406","917","3.142164","917","3.144548","917","3.14102","917","3.14002","916","3.140312","918","3.139532","908","3.142864","907","3.141772","902","3.1416261599999995","921","973"
"47","3.14146","450","3.140768","450","3.140584","448","3.13818","869","3.142024","827","3.143076","869","3.140876","870","3.140696","869","3.140564","869","3.141736","828","3.140572","869","3.140584","869","3.140036","827","3.141924","864","3.144352","822","3.138964","864","3.139696","856","3.141432","856","3.140008","811","3.141264","853","3.142492","854","3.14168","854","3.142272","853","3.143424","853","3.143976","853","3.141768","854","3.143368","853","3.138556","853","3.143112","853","3.14126","984","3.1424","853","3.139488","854","3.143864","984","3.139708","833","3.140172","853","3.140984","853","3.144252","832","3.14322","853","3.141976","853","3.143788","868","3.144032","977","3.142144","867","3.139848","888","3.140952","867","3.140228","888","3.143572","970","3.14456","971","3.140776","969","3.142016","882","3.139856","970","3.142008","861","3.14422","861","3.141132","838","3.142332","970","3.1431","972","3.143544","955","3.143908","935","3.144044","931","3.140252","929","3.1423","953","3.140208","931","3.143768","930","3.139148","933","3.144464","928","3.141472","953","3.142696","930","3.143356","931","3.144096","953","3.141332","933","3.142212","934","3.139968","932","3.140088","953","3.142596","931","3.137384","922","3.143944","930","3.14042","932","3.14428","930","3.143052","934","3.140832","953","3.144444","934","3.142596","934","3.142192","933","3.140832","935","3.140508","935","3.141404","929","3.14232","930","3.13876","952","3.145444","933","3.142404","929","3.13984","932","3.142024","920","3.143256","894","3.141252","916","3.140864","896","3.141656","893","3.141632","895","3.14326","893","3.137416","916","3.141696","886","3.139332","916","3.141738280000001","886","1032"
"48","3.141332","240","3.14376","729","3.140432","634","3.140628","919","3.139796","964","3.141088","704","3.141084","964","3.140836","679","3.1439","865","3.141152","921","3.14396","985","3.144084","986","3.138504","986","3.142804","865","3.14166","986","3.13878","888","3.14454","919","3.142936","979","3.141008","947","3.143232","979","3.14064","979","3.139748","979","3.142964","980","3.13802","925","3.142232","979","3.144068","979","3.143992","957","3.139572","979","3.13894","979","3.143432","979","3.139568","980","3.141104","979","3.143276","979","3.1436","979","3.140576","979","3.143544","980","3.139408","980","3.141032","979","3.14038","979","3.138516","979","3.14238","980","3.143224","979","3.143344","979","3.140868","957","3.14206","980","3.14116","978","3.143412","956","3.14268","979","3.141352","957","3.139548","979","3.141176","979","3.143536","979","3.144056","979","3.141064","979","3.140312","957","3.140308","979","3.14408","979","3.141472","957","3.140536","979","3.142596","978","3.13954","979","3.143072","979","3.142456","979","3.140216","979","3.1437","938","3.138672","955","3.141712","955","3.139848","949","3.142208","924","3.141156","948","3.137884","950","3.138764","949","3.139512","948","3.142044","948","3.140396","949","3.14518","948","3.13954","949","3.139288","949","3.139868","949","3.142844","949","3.1413","949","3.14254","949","3.141996","949","3.140896","948","3.14216","949","3.141672","948","3.141956","924","3.141276","949","3.144828","949","3.143136","949","3.141856","949","3.143768","948","3.138268","949","3.143056","935","3.140332","934","3.140712","935","3.14312","935","3.140884","935","3.139568","935","3.143272","935","3.1415378800000027","940","989"
"49","3.146396","100","3.1441","857","3.139148","832","3.141512","858","3.140752","857","3.140244","880","3.140104","857","3.139492","857","3.13896","857","3.140944","858","3.140972","857","3.140184","857","3.141036","911","3.144304","912","3.13922","857","3.140772","912","3.144488","857","3.139052","880","3.141356","857","3.140268","856","3.141032","858","3.14012","912","3.141396","858","3.141644","856","3.138544","884","3.141228","858","3.140748","857","3.144092","857","3.14358","913","3.142956","911","3.140376","858","3.141836","857","3.14076","857","3.140892","880","3.142212","857","3.140608","879","3.143096","856","3.142516","879","3.143608","911","3.139472","867","3.1399","953","3.14048","953","3.142228","953","3.139604","957","3.141376","956","3.141012","956","3.14224","957","3.142212","926","3.141404","956","3.143556","947","3.14108","948","3.142028","952","3.140732","955","3.141436","956","3.142976","952","3.14164","948","3.140196","952","3.14072","955","3.142036","945","3.140296","947","3.14116","945","3.140304","943","3.141248","948","3.139368","943","3.142316","943","3.141616","939","3.141796","948","3.142412","944","3.142908","946","3.142996","947","3.141808","947","3.139728","945","3.142444","947","3.14236","944","3.143196","943","3.14206","946","3.140728","938","3.142036","944","3.137988","920","3.14182","924","3.14072","920","3.139876","912","3.140784","924","3.14058","924","3.138912","923","3.1407","921","3.139188","924","3.140956","924","3.141972","919","3.139708","915","3.139824","922","3.14252","920","3.14122","923","3.140332","923","3.142712","922","3.142076","919","3.140964","924","3.140276","922","3.142108","924","3.143392","922","3.141302839999998","903","985"
"50","3.143824","89","3.140932","520","3.14208","546","3.1405","945","3.143392","945","3.141288","847","3.141544","944","3.141428","893","3.139976","945","3.139952","945","3.139476","944","3.140868","945","3.142356","848","3.140268","944","3.143024","944","3.138384","915","3.142616","944","3.142576","887","3.14156","917","3.14064","917","3.138064","917","3.139884","944","3.14014","884","3.139816","944","3.141212","917","3.144384","893","3.140576","917","3.140676","915","3.14248","852","3.141368","916","3.140052","945","3.14014","917","3.13872","916","3.141732","944","3.14112","944","3.145152","944","3.142152","940","3.138832","911","3.140272","940","3.14104","937","3.141756","937","3.141964","937","3.141684","938","3.14212","907","3.141456","938","3.140932","937","3.140616","937","3.141368","938","3.14246","909","3.142836","937","3.140088","937","3.141704","937","3.139824","937","3.14308","937","3.143556","919","3.139472","914","3.141296","882","3.141488","894","3.14254","861","3.141464","927","3.1411","926","3.14346","926","3.14032","953","3.139476","952","3.142648","926","3.140056","926","3.142232","917","3.14434","918","3.139276","917","3.142124","919","3.143624","918","3.14056","919","3.144528","919","3.143032","919","3.1402","919","3.140828","912","3.142408","912","3.141056","908","3.140596","908","3.14212","908","3.13906","908","3.142968","908","3.139512","908","3.140532","908","3.138064","907","3.143944","908","3.14002","908","3.140312","907","3.140032","907","3.142144","907","3.139636","907","3.139316","907","3.142408","907","3.139324","907","3.139012","907","3.144056","907","3.14094","907","3.140864","907","3.141944","907","3.140968","907","3.141252399999999","902","1012"
"51","3.143376","496","3.139328","673","3.143576","721","3.139584","673","3.141492","591","3.139808","650","3.141384","721","3.140672","650","3.140632","650","3.140476","721","3.143108","744","3.138624","621","3.141752","621","3.139852","673","3.140696","721","3.14114","650","3.142708","733","3.144048","945","3.142728","940","3.13998","940","3.137696","940","3.141348","940","3.141732","940","3.1443","940","3.143456","898","3.142524","940","3.141876","940","3.139908","940","3.141832","940","3.140244","940","3.144068","940","3.13978","940","3.145348","940","3.142","940","3.140636","940","3.141604","940","3.140868","940","3.140776","955","3.140696","933","3.141772","955","3.142504","955","3.139788","937","3.139452","931","3.141288","937","3.142216","955","3.140896","933","3.14124","934","3.141644","955","3.143732","931","3.144288","935","3.143916","938","3.14224","934","3.1422","937","3.14","955","3.140228","955","3.141704","935","3.141116","936","3.145068","933","3.143092","931","3.141256","955","3.144232","955","3.140072","934","3.146448","953","3.141444","948","3.144848","948","3.141944","949","3.14098","948","3.14186","949","3.141308","949","3.143168","948","3.141636","948","3.140044","949","3.140292","930","3.140248","925","3.139832","926","3.14252","949","3.140876","925","3.140004","949","3.144104","949","3.143","928","3.141716","949","3.144936","929","3.14014","929","3.14398","927","3.14164","948","3.141784","948","3.142424","929","3.14322","948","3.141128","948","3.139568","924","3.140412","948","3.140196","948","3.142688","948","3.140516","948","3.142368","927","3.140132","948","3.1396","926","3.142876","930","3.140696","948","3.139748","948","3.141639239999999","893","989"
"52","3.143348","84","3.139032","590","3.14144","745","3.140668","750","3.1411","776","3.142056","743","3.144132","776","3.142308","744","3.13704","776","3.141368","750","3.142908","773","3.14036","741","3.14042","773","3.142348","772","3.140004","864","3.140936","899","3.142652","899","3.139828","902","3.14174","829","3.143936","892","3.14202","892","3.138364","902","3.140892","908","3.142308","892","3.141764","929","3.1404","899","3.141292","899","3.140632","892","3.141776","856","3.142964","892","3.1439","892","3.138412","898","3.140708","929","3.14148","929","3.142588","826","3.142416","891","3.141352","896","3.141068","899","3.141232","859","3.140716","929","3.140996","891","3.143436","863","3.142108","891","3.140252","932","3.14184","929","3.143228","892","3.140972","929","3.137336","929","3.140492","902","3.141648","924","3.1388","925","3.138352","924","3.142884","925","3.140572","920","3.141516","924","3.141648","894","3.142504","902","3.14206","892","3.142088","895","3.142092","892","3.143088","922","3.142324","918","3.140972","921","3.13828","895","3.140532","892","3.142812","918","3.140908","885","3.140132","863","3.141096","885","3.140484","885","3.138232","881","3.139984","882","3.140936","859","3.142748","881","3.141348","885","3.143788","884","3.142876","878","3.142452","874","3.141148","874","3.142696","870","3.142772","873","3.142144","873","3.142536","874","3.142524","870","3.141368","874","3.141636","874","3.141664","858","3.143616","854","3.145288","844","3.141496","843","3.14292","844","3.144248","844","3.142996","842","3.142928","822","3.143192","821","3.141164","821","3.13954","822","3.145604","820","3.14046","822","3.143684","821","3.14157348","858","974"
"53","3.141644","984","3.143292","986","3.14386","981","3.14306","984","3.143124","981","3.14212","986","3.141944","981","3.143236","917","3.139292","915","3.138276","984","3.139952","985","3.145216","984","3.141192","985","3.14136","984","3.141588","985","3.14282","985","3.14074","981","3.141336","984","3.142624","985","3.142728","984","3.14226","983","3.141972","984","3.138904","983","3.140856","985","3.144168","925","3.140788","980","3.143404","984","3.139092","980","3.139652","984","3.14218","983","3.141452","985","3.142012","981","3.141172","983","3.140852","985","3.14142","984","3.14216","985","3.141612","980","3.142352","985","3.142188","983","3.13908","984","3.141356","983","3.142392","944","3.139376","985","3.141456","979","3.140652","980","3.14382","980","3.14172","979","3.141868","984","3.141668","984","3.139468","984","3.136996","950","3.139976","980","3.140648","984","3.143176","918","3.144464","980","3.141788","981","3.14444","979","3.140908","983","3.142848","982","3.142096","980","3.14308","922","3.143972","950","3.14112","947","3.14234","979","3.14172","985","3.14218","980","3.14288","983","3.141596","983","3.141948","982","3.138108","984","3.139776","916","3.14238","979","3.141024","981","3.140164","980","3.141804","924","3.145348","924","3.141404","925","3.143616","925","3.140324","866","3.139216","866","3.142268","866","3.144456","866","3.143184","866","3.14262","866","3.141316","866","3.14314","842","3.140068","834","3.144276","834","3.142528","834","3.1405","834","3.143524","833","3.138448","833","3.140584","832","3.141796","834","3.142084","832","3.143204","834","3.142444","833","3.142272","834","3.141632","834","3.140884","833","3.1417332399999998","944","986"
"54","3.140712","304","3.14194","555","3.13894","971","3.13838","978","3.141404","967","3.141828","552","3.142852","709","3.14102","710","3.139688","945","3.141072","993","3.14184","975","3.143432","968","3.143112","974","3.140856","962","3.14282","962","3.141764","974","3.144348","975","3.144924","968","3.1429","975","3.142156","963","3.140964","951","3.143636","958","3.141236","951","3.14288","958","3.139968","958","3.14268","963","3.139752","963","3.139344","957","3.14076","963","3.143464","962","3.14062","957","3.142676","971","3.14308","971","3.142888","971","3.140972","970","3.139564","970","3.141444","970","3.1393","970","3.142944","970","3.141064","947","3.140028","970","3.14424","970","3.143576","970","3.141928","970","3.142956","970","3.142892","970","3.14198","948","3.140952","970","3.141504","970","3.140192","969","3.14108","950","3.138912","969","3.139892","970","3.14532","970","3.143832","969","3.142736","970","3.142232","970","3.141768","970","3.141308","952","3.142532","969","3.13828","970","3.14082","949","3.139684","970","3.141376","969","3.141728","964","3.142544","965","3.137412","965","3.142344","965","3.14076","965","3.13896","965","3.14186","964","3.13886","964","3.13896","964","3.139884","943","3.14044","964","3.141712","964","3.143368","964","3.145912","964","3.141572","964","3.142532","964","3.140748","964","3.141632","928","3.143616","929","3.138232","928","3.142096","929","3.14104","929","3.1408","928","3.139884","928","3.140952","928","3.142148","928","3.140976","927","3.13958","928","3.142068","925","3.1407","918","3.140812","919","3.139612","918","3.1403","918","3.14474","918","3.142704","918","3.141572","918","3.141483040000001","937","1002"
"55","3.1421","373","3.142704","741","3.142604","953","3.140968","769","3.139192","741","3.137504","956","3.14414","959","3.14344","954","3.144208","964","3.14136","741","3.138692","953","3.14128","989","3.139184","989","3.141732","959","3.1417","964","3.142964","990","3.1427","709","3.143572","989","3.139376","964","3.141952","743","3.141412","964","3.141952","769","3.142224","768","3.142664","973","3.140596","784","3.141912","969","3.141844","806","3.142412","968","3.143","931","3.142032","958","3.143092","934","3.141408","958","3.141272","958","3.144692","961","3.145236","958","3.143288","958","3.14104","967","3.140876","960","3.139812","965","3.141904","965","3.141604","969","3.142644","966","3.1434","970","3.143652","968","3.143092","958","3.140216","965","3.142352","959","3.141824","937","3.141496","969","3.14092","966","3.14466","960","3.141736","965","3.142744","969","3.14288","970","3.140144","965","3.142276","964","3.14068","959","3.140176","965","3.140944","971","3.140332","959","3.13956","970","3.14086","964","3.1424","963","3.143964","971","3.142068","957","3.1416","965","3.140768","963","3.141704","963","3.141168","966","3.141504","963","3.141012","959","3.142516","969","3.142684","963","3.139832","964","3.145144","958","3.140816","970","3.141968","966","3.141724","966","3.139044","966","3.138928","958","3.140964","957","3.138976","963","3.142748","956","3.14408","958","3.140712","957","3.142636","964","3.143072","958","3.141932","949","3.142188","944","3.139584","945","3.141624","945","3.140844","943","3.13882","950","3.143304","948","3.14452","948","3.143996","949","3.142372","950","3.14102","950","3.143476","948","3.14022","949","3.1417816400000005","934","1004"
"56","3.140696","924","3.142444","960","3.139824","980","3.140044","929","3.140884","956","3.138168","921","3.138784","960","3.142652","962","3.14506","922","3.14174","955","3.142652","890","3.141804","962","3.142512","926","3.143416","960","3.140876","923","3.141296","962","3.13948","957","3.138824","892","3.141828","961","3.14128","979","3.13982","955","3.141772","956","3.14118","956","3.143176","959","3.141596","954","3.141856","962","3.14054","861","3.141828","960","3.143264","951","3.140844","961","3.141128","961","3.138864","953","3.141896","956","3.142008","917","3.143968","961","3.141968","960","3.1432","961","3.142932","954","3.141312","962","3.140612","953","3.140156","956","3.139676","979","3.143216","961","3.141884","959","3.139452","959","3.141764","961","3.141848","929","3.1425","917","3.140764","961","3.141272","888","3.140568","920","3.142808","961","3.139636","962","3.143112","962","3.142932","916","3.143828","979","3.140472","979","3.142696","959","3.142172","946","3.14222","946","3.141748","946","3.144256","947","3.141184","926","3.142712","946","3.140652","946","3.143212","925","3.141772","929","3.141828","946","3.142208","946","3.140468","927","3.139204","946","3.142264","946","3.141196","946","3.144396","946","3.141564","946","3.143288","926","3.142512","926","3.139628","927","3.13928","946","3.142244","946","3.143564","946","3.140144","945","3.142244","946","3.140452","946","3.142608","945","3.142716","946","3.14264","946","3.140284","946","3.139724","946","3.141512","946","3.144236","945","3.144448","945","3.138948","946","3.142668","946","3.14112","946","3.14174","927","3.142144","946","3.143408","946","3.141676","946","3.142756","945","3.1416565200000015","945","980"
"57","3.142276","666","3.141648","854","3.140332","811","3.142488","854","3.140052","854","3.140616","854","3.142916","830","3.141616","851","3.14378","850","3.142964","850","3.14108","850","3.13824","830","3.142884","830","3.141116","850","3.143868","807","3.14206","830","3.139544","851","3.142204","850","3.139144","850","3.142348","830","3.142048","850","3.14312","850","3.14502","807","3.13898","830","3.138164","850","3.141128","850","3.140632","850","3.143428","850","3.140032","848","3.141044","847","3.139012","876","3.141876","826","3.144432","847","3.140684","876","3.141616","845","3.143528","845","3.143388","844","3.140004","871","3.13918","907","3.143588","897","3.142132","974","3.14154","899","3.14346","897","3.142568","892","3.140968","967","3.144844","938","3.141156","902","3.144636","938","3.141488","902","3.143372","938","3.139864","887","3.14126","932","3.141036","927","3.140316","905","3.14118","932","3.141288","932","3.141636","932","3.144376","932","3.141192","927","3.142288","927","3.140456","932","3.141168","919","3.139616","940","3.139628","940","3.140508","940","3.139912","924","3.138164","939","3.141332","940","3.141308","939","3.14258","939","3.136576","939","3.140692","934","3.142788","935","3.140072","934","3.143652","934","3.140876","934","3.142504","934","3.138912","934","3.140324","934","3.14078","925","3.139972","921","3.142528","921","3.141768","921","3.145112","921","3.143648","921","3.14192","921","3.141736","921","3.1439","921","3.142236","921","3.14014","915","3.141684","916","3.1414","907","3.144404","907","3.144964","907","3.140312","903","3.139708","902","3.141648","902","3.14262","903","3.143572","902","3.141208","902","3.141590079999999","891","1013"
"58","3.141972","303","3.1425","613","3.138404","591","3.139756","688","3.139988","587","3.142524","708","3.142564","708","3.142668","684","3.143512","683","3.143384","586","3.144316","683","3.140436","990","3.14272","983","3.143344","978","3.14014","990","3.14084","980","3.140712","982","3.141324","985","3.142996","992","3.141052","988","3.145376","976","3.138924","992","3.143656","989","3.139924","988","3.141852","989","3.142128","982","3.142464","992","3.143424","979","3.141492","985","3.142664","977","3.141856","988","3.142944","989","3.142928","980","3.14186","980","3.142132","981","3.142128","987","3.144084","980","3.141544","985","3.13988","982","3.141632","983","3.142224","983","3.143604","989","3.142704","987","3.141936","989","3.143932","988","3.143928","986","3.141676","987","3.143184","992","3.13982","992","3.141328","983","3.14054","982","3.138236","982","3.14336","992","3.140576","988","3.143084","981","3.141696","992","3.143808","988","3.14122","987","3.14426","976","3.142432","982","3.141996","991","3.141952","977","3.14052","991","3.139964","992","3.145048","977","3.141816","985","3.143672","980","3.141908","987","3.142724","982","3.140896","980","3.142144","981","3.1406","976","3.140512","988","3.143124","992","3.142736","980","3.14074","988","3.140748","991","3.138152","978","3.13962","991","3.141644","987","3.142372","983","3.142808","987","3.1438","985","3.144348","987","3.140412","988","3.139592","976","3.142012","991","3.142692","977","3.138556","991","3.140052","984","3.141012","987","3.142604","984","3.142736","991","3.143608","985","3.14262","985","3.138988","984","3.141348","987","3.140652","991","3.141428","983","3.138584","976","3.1418233200000003","945","1007"
"59","3.14116","259","3.138348","259","3.1377","639","3.14062","566","3.139696","708","3.14538","737","3.1433","733","3.14274","615","3.143252","775","3.141432","733","3.14188","765","3.142716","733","3.140636","825","3.141116","997","3.14146","997","3.144324","890","3.137844","794","3.140572","997","3.142216","997","3.139032","853","3.139608","996","3.141936","996","3.142368","996","3.143568","997","3.143708","996","3.13882","997","3.14226","927","3.142052","927","3.139412","927","3.139664","996","3.140812","996","3.141596","918","3.139636","888","3.143156","988","3.14054","987","3.143704","987","3.144228","988","3.143496","953","3.14166","988","3.140536","918","3.14304","880","3.140468","947","3.14134","947","3.143492","947","3.140572","947","3.142744","947","3.141608","913","3.144672","947","3.136756","947","3.144504","947","3.140444","912","3.143748","947","3.142692","879","3.14014","947","3.142724","913","3.140916","947","3.140564","946","3.143908","920","3.142136","913","3.141908","921","3.139716","912","3.140308","921","3.144356","915","3.143688","915","3.141964","892","3.143348","889","3.138936","915","3.139624","914","3.138112","914","3.141904","915","3.142724","915","3.143368","915","3.143296","914","3.142184","915","3.139268","914","3.141568","887","3.140792","892","3.143988","915","3.143824","900","3.140032","899","3.140512","899","3.141728","900","3.141796","890","3.13974","890","3.141172","890","3.140224","890","3.143096","890","3.140756","890","3.141324","890","3.142984","890","3.14126","890","3.142088","890","3.1399","890","3.14008","890","3.141744","889","3.145788","890","3.14098","890","3.142216","890","3.142504","890","3.140292","890","3.14159744","888","1007"
"60","3.139764","212","3.141552","562","3.142412","562","3.140872","934","3.140068","560","3.141436","905","3.140088","965","3.143564","934","3.13986","968","3.140388","934","3.14386","965","3.14086","962","3.142788","959","3.14328","963","3.139804","967","3.140128","967","3.142896","964","3.141408","933","3.14134","966","3.139524","957","3.141308","964","3.140748","963","3.141152","962","3.138992","966","3.142056","925","3.1414","964","3.141388","959","3.145232","958","3.14506","965","3.140928","958","3.139452","963","3.139268","963","3.141932","963","3.140712","965","3.141552","962","3.143768","966","3.140864","963","3.14188","964","3.143236","963","3.13832","964","3.140888","967","3.143004","958","3.14156","964","3.143856","963","3.142972","965","3.142628","925","3.142484","958","3.140132","963","3.140744","961","3.144048","966","3.141608","965","3.140084","959","3.141496","961","3.142828","957","3.141992","962","3.143008","965","3.14424","928","3.141476","965","3.14078","963","3.142792","963","3.139808","965","3.1426","962","3.142772","958","3.144028","963","3.141356","962","3.140204","958","3.141852","963","3.138204","963","3.14082","958","3.142232","963","3.141916","958","3.141924","965","3.139776","963","3.14102","964","3.142444","962","3.141756","964","3.144792","966","3.141072","963","3.144484","962","3.142348","943","3.141248","948","3.139108","950","3.144364","950","3.142444","950","3.14166","926","3.14124","935","3.13726","918","3.140676","917","3.136656","908","3.140044","897","3.14188","894","3.139068","897","3.138684","894","3.1409","893","3.141564","896","3.139712","897","3.141184","889","3.144188","879","3.143904","881","3.14266","881","3.14151612","929","978"
"61","3.138692","520","3.140304","566","3.143244","932","3.141428","925","3.14276","925","3.140256","931","3.142716","932","3.141628","932","3.139568","925","3.14202","931","3.140744","932","3.14262","932","3.142676","932","3.140036","932","3.14136","932","3.144204","931","3.139312","932","3.144244","931","3.142716","932","3.140436","925","3.14224","931","3.141884","931","3.142316","925","3.142984","932","3.140428","925","3.1403","924","3.139936","932","3.1383","953","3.14016","925","3.13924","930","3.142936","932","3.140268","925","3.140604","931","3.14414","925","3.14236","932","3.139116","931","3.141208","912","3.138884","911","3.141284","910","3.143216","883","3.143124","883","3.142072","890","3.140976","890","3.142944","855","3.14216","889","3.143276","904","3.14046","876","3.1426","904","3.142008","848","3.143876","876","3.142396","904","3.14122","903","3.141856","903","3.143588","875","3.140072","897","3.14122","897","3.141336","869","3.14088","897","3.140676","875","3.141792","897","3.143428","952","3.14348","952","3.140192","935","3.13826","952","3.144436","952","3.144372","935","3.138372","952","3.14086","952","3.14204","935","3.143128","952","3.143184","935","3.143936","935","3.142524","935","3.13966","935","3.142268","934","3.141296","935","3.137584","935","3.142764","935","3.14198","952","3.144976","950","3.143344","928","3.14178","950","3.14106","950","3.14358","950","3.142356","932","3.143692","950","3.142464","933","3.139208","932","3.143088","928","3.141596","950","3.14248","932","3.14368","949","3.13918","932","3.142476","949","3.141312","932","3.14078","949","3.143584","932","3.143532","949","3.140588","931","3.141552","935","3.14171372","917","1015"
"62","3.1418","270","3.142172","670","3.139012","620","3.141168","620","3.140464","669","3.142548","670","3.145064","644","3.142956","645","3.142124","670","3.13938","620","3.141644","620","3.142528","574","3.1412","644","3.141796","669","3.1412","644","3.1416","686","3.143644","970","3.144552","803","3.140956","779","3.14014","773","3.14272","731","3.143176","863","3.1403","959","3.140144","828","3.139816","828","3.140248","956","3.141388","863","3.142248","800","3.143092","823","3.142772","863","3.14176","763","3.138564","928","3.13854","891","3.142804","930","3.141344","904","3.142096","928","3.142488","931","3.143384","929","3.142888","931","3.143428","929","3.136616","929","3.144576","902","3.140112","930","3.141296","928","3.13896","929","3.141832","927","3.14006","929","3.13848","926","3.141616","925","3.142712","926","3.144536","928","3.13826","927","3.137996","925","3.140524","925","3.143736","926","3.13692","926","3.141632","926","3.140872","924","3.143016","925","3.141504","925","3.142548","927","3.143012","927","3.142944","925","3.141464","927","3.140648","922","3.142884","926","3.139592","923","3.143144","926","3.140532","926","3.139632","927","3.1424","925","3.143484","927","3.140124","927","3.143604","927","3.141436","927","3.140432","927","3.142496","922","3.145096","924","3.14092","927","3.143924","925","3.146212","925","3.139372","924","3.139248","925","3.143496","926","3.142432","925","3.14264","927","3.1434","927","3.137272","926","3.14334","924","3.138932","924","3.13692","927","3.141844","927","3.141436","927","3.143636","924","3.143148","925","3.142348","926","3.1458","926","3.141168","923","3.141304","898","3.143408","927","3.1416207599999995","863","981"
"63","3.141284","686","3.141564","1020","3.140708","989","3.14104","1020","3.142588","1022","3.141944","1018","3.140852","1018","3.141152","1017","3.142216","984","3.142916","1018","3.142264","984","3.144456","1018","3.139312","1017","3.14202","989","3.140612","1014","3.144124","1017","3.14204","1020","3.143524","1018","3.144056","1014","3.142068","1020","3.142964","956","3.142248","1022","3.143588","984","3.139872","1017","3.144108","986","3.13898","1017","3.140672","1018","3.14076","1017","3.140516","1017","3.143124","984","3.142992","1013","3.145032","1022","3.141488","1013","3.144976","1022","3.140792","1013","3.14184","1013","3.14072","1018","3.142412","1017","3.140328","1020","3.140836","984","3.14198","1013","3.141688","1014","3.142092","1013","3.142348","989","3.1426","1013","3.141176","984","3.142652","1017","3.139904","1017","3.139928","1020","3.14046","1013","3.142208","1017","3.141776","1017","3.141392","1017","3.142496","1017","3.142736","1017","3.141452","1013","3.143436","986","3.1404","1021","3.142908","1017","3.141624","1017","3.142024","984","3.141472","1020","3.140744","1017","3.140236","1017","3.140292","1019","3.1452","986","3.143228","1016","3.141604","1021","3.139804","1013","3.142176","988","3.140684","987","3.142808","973","3.143784","972","3.140016","958","3.140876","959","3.140388","951","3.14298","951","3.140588","947","3.141636","944","3.142404","944","3.13772","945","3.143448","947","3.140212","944","3.141328","947","3.138924","946","3.14078","946","3.138504","943","3.13612","946","3.138632","946","3.140756","943","3.142492","944","3.140544","943","3.143268","934","3.139068","935","3.140412","935","3.144116","935","3.141228","936","3.14096","934","3.142216","935","3.14196","936","3.1415987599999995","987","1023"
"64","3.144116","67","3.140616","618","3.143048","643","3.144656","668","3.144644","668","3.143292","715","3.142044","968","3.137508","716","3.141468","740","3.140556","668","3.141316","1006","3.141368","783","3.142388","999","3.140748","939","3.141804","1010","3.137056","996","3.142096","996","3.141056","783","3.142984","973","3.140084","1000","3.144208","989","3.139956","961","3.140368","992","3.141812","992","3.139692","997","3.144244","989","3.143556","996","3.143068","997","3.138884","996","3.1424","983","3.140704","983","3.142348","988","3.14282","996","3.14368","996","3.14096","996","3.142572","996","3.1395","997","3.143248","987","3.139432","996","3.14214","996","3.14352","987","3.143052","982","3.143256","987","3.14276","985","3.14184","995","3.14356","992","3.142852","987","3.141116","982","3.14122","996","3.140584","992","3.140612","996","3.140272","996","3.139644","996","3.142188","996","3.143","988","3.14194","994","3.143156","980","3.142464","984","3.142136","987","3.14274","994","3.141596","984","3.140632","986","3.142352","994","3.142392","983","3.14102","994","3.142148","993","3.143816","936","3.1416","923","3.142232","930","3.142024","936","3.141876","903","3.14122","890","3.142408","893","3.142312","893","3.1435","893","3.14066","917","3.14266","896","3.140364","896","3.14412","916","3.141584","918","3.141964","917","3.140548","913","3.140452","913","3.145024","914","3.143556","913","3.140844","913","3.140672","913","3.144304","913","3.140388","913","3.138972","913","3.144772","912","3.137364","913","3.142164","913","3.143484","913","3.141996","914","3.143652","913","3.142304","914","3.141488","913","3.140472","913","3.137756","913","3.1418304399999992","925","1036"
"65","3.13846","451","3.140076","915","3.14232","938","3.141516","957","3.14298","938","3.141176","970","3.144744","899","3.140824","860","3.139388","991","3.140504","991","3.140864","966","3.140136","938","3.141352","966","3.141116","936","3.14374","938","3.143892","991","3.14472","991","3.141196","970","3.139668","936","3.139948","988","3.139584","989","3.143936","988","3.140312","989","3.1441","961","3.14122","988","3.141668","988","3.141404","963","3.1396","989","3.139432","988","3.140392","989","3.139688","994","3.141924","989","3.142112","989","3.142708","988","3.143556","964","3.143968","988","3.140332","989","3.142384","989","3.143676","989","3.14096","954","3.1417","989","3.144296","989","3.142088","933","3.143116","994","3.14188","959","3.141772","963","3.142612","987","3.13924","993","3.13972","993","3.141832","989","3.14122","979","3.141952","978","3.137948","978","3.145252","983","3.143608","979","3.14372","977","3.141468","979","3.14322","979","3.142184","978","3.141164","978","3.1437","977","3.14078","984","3.137564","980","3.140768","979","3.141384","984","3.145948","978","3.144528","979","3.140264","979","3.140576","955","3.142248","955","3.142352","958","3.141328","956","3.13944","960","3.142056","958","3.142804","956","3.142856","959","3.139724","955","3.140624","957","3.143164","959","3.14046","959","3.142348","958","3.141212","947","3.138116","953","3.142164","952","3.138284","953","3.14194","950","3.141144","952","3.141548","952","3.143396","950","3.140044","950","3.142864","951","3.141764","953","3.140204","946","3.141336","952","3.139068","951","3.144228","953","3.14168","949","3.141612","950","3.145384","947","3.14388","952","3.1416635200000003","961","999"
"66","3.14328","41","3.13964","976","3.141692","1009","3.140308","978","3.140512","1007","3.14146","1007","3.139996","987","3.139032","1007","3.140188","947","3.139692","978","3.13796","983","3.140004","979","3.14182","983","3.141864","1013","3.14126","987","3.141504","986","3.142168","985","3.141524","976","3.13826","1007","3.1417","976","3.142396","984","3.141388","984","3.139624","1007","3.141392","1013","3.140944","1007","3.144448","986","3.141348","948","3.14078","983","3.142536","978","3.13912","936","3.140388","986","3.142316","986","3.14048","1013","3.145592","987","3.14058","983","3.140292","983","3.142484","987","3.141324","982","3.143184","985","3.141504","1013","3.14234","956","3.141432","955","3.144408","958","3.141096","955","3.14104","957","3.140928","954","3.140444","956","3.14","955","3.143928","957","3.139464","954","3.14354","954","3.143832","955","3.143388","950","3.142284","956","3.142256","953","3.142516","956","3.142952","949","3.140544","949","3.141224","953","3.13896","952","3.138696","952","3.142148","957","3.14306","952","3.138744","951","3.140704","948","3.141604","953","3.146624","954","3.1408","953","3.141988","950","3.143852","950","3.139572","953","3.141628","946","3.14392","954","3.144296","954","3.140732","946","3.142308","946","3.139104","954","3.141112","952","3.14038","946","3.138116","953","3.141616","953","3.141396","946","3.140396","953","3.14246","952","3.141064","946","3.139964","954","3.138884","951","3.142536","953","3.140044","950","3.13926","954","3.141384","946","3.14114","950","3.141172","950","3.142024","954","3.142976","948","3.140672","954","3.143668","952","3.14062","950","3.141052","954","3.138448","949","3.1413272400000007","956","1017"
"67","3.142676","52","3.142232","733","3.13836","758","3.142108","758","3.141928","758","3.141344","758","3.140836","723","3.141632","733","3.144648","758","3.14046","758","3.140344","758","3.141356","758","3.145352","723","3.141068","758","3.14224","758","3.14038","718","3.14164","758","3.142376","758","3.142564","758","3.142012","758","3.142664","751","3.143392","750","3.14052","750","3.140796","726","3.140772","957","3.140708","923","3.141364","891","3.144072","956","3.143868","891","3.137672","888","3.142968","899","3.141676","956","3.138816","956","3.141292","956","3.139656","956","3.138844","899","3.141832","923","3.143404","923","3.143152","956","3.142276","886","3.14166","893","3.139912","956","3.13832","893","3.141432","922","3.141016","923","3.14222","886","3.13816","923","3.143816","956","3.143676","893","3.13752","922","3.140848","923","3.142164","953","3.1425","954","3.14126","920","3.140428","923","3.139664","949","3.1434","916","3.141888","916","3.146384","949","3.140928","920","3.140432","949","3.142776","947","3.1422","939","3.13838","939","3.141128","906","3.141116","906","3.140056","905","3.142204","939","3.142976","911","3.141656","939","3.14428","906","3.144016","939","3.140848","939","3.141308","939","3.139304","912","3.13986","939","3.14172","899","3.13974","898","3.13986","899","3.14078","899","3.14212","898","3.140152","898","3.142808","898","3.140748","898","3.140056","898","3.142676","898","3.14366","898","3.140636","898","3.141984","873","3.141808","888","3.141148","888","3.139936","888","3.139836","888","3.14222","888","3.142408","888","3.13872","888","3.141308","888","3.141768","888","3.141224","887","3.140072","887","3.14142424","868","1010"
"68","3.14174","346","3.143216","1294","3.138952","1294","3.13856","1295","3.140208","1294","3.141212","1294","3.140672","1293","3.14176","1293","3.141248","1253","3.142704","1294","3.13888","1295","3.144184","1293","3.142384","1295","3.141628","1293","3.141448","1294","3.141116","1294","3.140604","1252","3.139608","1293","3.1413","1294","3.145024","1294","3.141468","1273","3.141452","1272","3.145436","1294","3.140232","1294","3.142116","1272","3.144048","1293","3.14266","1294","3.140564","1294","3.143704","1294","3.144028","1293","3.140456","1294","3.14542","1293","3.14148","1272","3.141416","1294","3.138628","1294","3.142168","1294","3.142328","1294","3.144132","1294","3.140328","1294","3.14408","1294","3.144072","1293","3.13852","1293","3.141692","1293","3.14194","1293","3.14288","1293","3.144724","1272","3.14268","1293","3.141912","1293","3.13852","1294","3.143564","1294","3.138668","1294","3.14208","1293","3.140492","1294","3.144356","1272","3.144488","1293","3.140488","1273","3.139128","1294","3.143672","1294","3.143416","1293","3.1414","1293","3.143708","1273","3.139284","1293","3.13874","1293","3.140116","1293","3.141676","1293","3.145824","1294","3.141596","1293","3.14366","1294","3.143168","1293","3.139372","1293","3.142772","1294","3.141468","1293","3.141268","1293","3.142036","1294","3.14258","1292","3.141544","1292","3.141308","1272","3.140644","1269","3.140716","1251","3.142968","1250","3.141604","1251","3.144524","1249","3.14134","1229","3.140792","1228","3.144724","1228","3.143364","1228","3.142188","1229","3.141736","1227","3.143084","1228","3.143332","1229","3.141176","1228","3.136584","1228","3.142688","1228","3.142564","1228","3.141772","1229","3.141656","1228","3.141516","1229","3.141268","1228","3.141208","1228","3.141788","1227","3.1418464000000013","1267","1296"
"69","3.140304","1042","3.13908","1012","3.140756","1012","3.139252","1017","3.14448","980","3.141412","1042","3.142564","1017","3.142944","1042","3.140112","1042","3.142144","1017","3.14394","981","3.141768","1018","3.14294","980","3.141468","1012","3.139936","1021","3.141244","1017","3.139644","1041","3.142244","981","3.139152","980","3.13988","1042","3.145552","980","3.142148","1042","3.143124","1017","3.140744","1042","3.143996","1042","3.139552","1021","3.14266","1017","3.140908","1012","3.137708","979","3.14284","1042","3.141252","1041","3.139712","987","3.142428","1041","3.141748","1017","3.142572","1012","3.142172","1011","3.140996","1041","3.140172","1021","3.141864","985","3.143","940","3.139916","1042","3.139116","1041","3.141636","1012","3.142152","1041","3.14128","1041","3.14116","1017","3.142464","1041","3.14024","1041","3.141512","979","3.143096","1041","3.143276","1041","3.140252","1041","3.141184","1017","3.142728","1039","3.142556","1009","3.13956","1014","3.141884","1039","3.142816","1039","3.140288","1039","3.142728","1009","3.141316","1009","3.1396","1039","3.14152","979","3.13954","1039","3.1435","1039","3.1394","1040","3.138952","1039","3.141764","1039","3.142324","1014","3.14052","1014","3.142488","1007","3.141904","1006","3.143144","1007","3.140028","998","3.142496","998","3.1438","978","3.140628","998","3.140584","998","3.141416","998","3.143284","998","3.142108","998","3.139576","998","3.142416","998","3.13868","974","3.142992","998","3.14256","998","3.140064","998","3.142036","998","3.139204","998","3.141952","998","3.140832","998","3.140848","995","3.138848","996","3.141844","973","3.14272","996","3.14222","996","3.139724","991","3.14052","991","3.138784","991","3.140904","991","3.141372960000001","1012","1043"
"70","3.141412","319","3.144368","921","3.140776","950","3.141092","949","3.14082","942","3.142764","949","3.139604","949","3.140768","951","3.1428","951","3.141624","916","3.140048","945","3.139416","952","3.136692","914","3.144212","944","3.145884","951","3.142396","917","3.141156","945","3.140404","949","3.143036","949","3.143364","949","3.144404","949","3.143236","949","3.14272","940","3.1412","940","3.1406","949","3.139096","949","3.139956","949","3.142028","950","3.143824","943","3.141528","941","3.142596","942","3.141588","951","3.1448","948","3.138848","949","3.13998","916","3.142128","940","3.139384","950","3.142484","949","3.142452","949","3.143416","944","3.142364","949","3.140716","944","3.143532","951","3.140864","917","3.143748","944","3.142904","951","3.143092","949","3.139928","942","3.141276","945","3.140368","915","3.140612","949","3.14116","949","3.13906","909","3.140164","945","3.14238","949","3.140752","944","3.139216","952","3.141692","944","3.141176","949","3.139064","944","3.143096","941","3.139952","917","3.14178","893","3.141372","916","3.144192","916","3.142396","916","3.137632","893","3.142112","916","3.14202","916","3.1422","897","3.142048","916","3.1407","916","3.14164","916","3.141492","895","3.142284","916","3.140804","894","3.139764","898","3.141584","916","3.140064","916","3.141648","891","3.141048","916","3.142736","895","3.142324","898","3.1382","894","3.142312","877","3.141812","897","3.142832","897","3.142672","871","3.14082","893","3.14038","876","3.142948","893","3.144156","893","3.14048","892","3.140864","892","3.1404","890","3.143","889","3.142328","889","3.141116","889","3.141204","889","3.144056","884","3.1415744","919","975"
"71","3.142324","589","3.140352","561","3.141872","588","3.144448","588","3.139492","923","3.144216","898","3.141892","872","3.140468","586","3.141232","850","3.140268","873","3.14224","886","3.13898","886","3.142508","886","3.140284","838","3.14132","815","3.138896","885","3.140112","885","3.140092","860","3.142228","860","3.140696","861","3.139708","838","3.139648","885","3.14106","754","3.143984","885","3.140528","885","3.13982","872","3.141608","824","3.14314","872","3.142104","862","3.1419","837","3.142596","861","3.138344","885","3.141936","862","3.140336","814","3.140408","926","3.143712","862","3.142572","879","3.140472","879","3.139636","899","3.142336","968","3.14312","968","3.142024","966","3.138352","968","3.141616","968","3.14064","944","3.14192","966","3.14396","963","3.140116","965","3.146256","967","3.14044","967","3.1427","968","3.142832","967","3.141832","968","3.141476","967","3.143664","967","3.1415","944","3.141964","965","3.13902","967","3.142312","962","3.141428","961","3.143372","968","3.144088","967","3.140988","967","3.141076","967","3.13936","967","3.13968","968","3.139824","967","3.142268","962","3.14236","967","3.139792","966","3.141016","966","3.141332","961","3.145292","966","3.141224","966","3.141636","966","3.13964","967","3.142064","967","3.13958","966","3.142232","966","3.142616","965","3.144424","966","3.140564","967","3.142328","962","3.139568","967","3.142884","966","3.143968","966","3.13928","967","3.142692","964","3.1423","967","3.140136","963","3.139144","967","3.138732","967","3.143","966","3.138956","967","3.139872","966","3.140956","962","3.140568","961","3.139188","963","3.138612","963","3.139624","962","3.14133176","912","1017"
"72","3.14336","275","3.139536","722","3.141516","666","3.141964","965","3.141804","942","3.141512","965","3.137784","965","3.142148","965","3.143452","942","3.141052","790","3.140616","942","3.14178","849","3.142372","796","3.142176","822","3.144708","849","3.145096","845","3.141024","845","3.141952","817","3.141924","754","3.143104","965","3.143352","965","3.140052","843","3.141968","965","3.14196","935","3.140108","935","3.140692","953","3.140312","868","3.141308","867","3.14026","953","3.14082","868","3.14254","953","3.144472","953","3.140084","952","3.144596","953","3.141732","953","3.143472","952","3.143548","950","3.141784","950","3.141084","950","3.143484","950","3.142316","950","3.142732","950","3.138868","927","3.144556","950","3.140624","928","3.1406","947","3.140968","912","3.1426","911","3.142036","832","3.14274","911","3.14156","911","3.143108","911","3.14138","911","3.140136","911","3.140352","905","3.139508","905","3.14074","906","3.140948","905","3.139744","905","3.14104","905","3.14282","906","3.141656","905","3.141444","905","3.139892","901","3.141184","901","3.140572","902","3.139444","901","3.140964","892","3.14248","893","3.141632","893","3.142288","893","3.141892","893","3.142688","893","3.139444","893","3.139272","892","3.1391","893","3.141736","893","3.141104","892","3.139964","893","3.142932","892","3.140672","892","3.140996","892","3.141184","892","3.14218","893","3.141528","893","3.141876","893","3.1414","892","3.139036","892","3.142236","891","3.140804","892","3.141668","892","3.141984","892","3.141","892","3.140724","892","3.140304","892","3.138456","892","3.142168","885","3.142544","885","3.141872","885","3.137292","885","3.1414549600000004","893","970"
"73","3.14188","982","3.144008","983","3.142772","985","3.142016","985","3.14292","982","3.139656","981","3.144468","982","3.137284","961","3.142636","982","3.138544","985","3.142964","958","3.14118","981","3.139712","981","3.1415","982","3.141536","957","3.139976","982","3.143068","981","3.140364","981","3.139436","982","3.142888","981","3.142168","982","3.140952","984","3.143976","957","3.141244","985","3.145616","981","3.142168","984","3.144484","982","3.142708","982","3.138236","981","3.141864","982","3.140524","982","3.14348","981","3.143676","982","3.141416","982","3.13942","981","3.141292","982","3.139496","982","3.141896","981","3.141704","982","3.138136","961","3.142732","959","3.138948","981","3.140672","984","3.142372","982","3.142076","982","3.142188","982","3.140344","981","3.140912","981","3.141068","982","3.140364","960","3.14264","981","3.14436","981","3.144136","981","3.142608","981","3.142608","981","3.141948","961","3.1414","982","3.143852","981","3.138944","982","3.141952","981","3.14236","984","3.140296","981","3.141816","982","3.14144","982","3.141384","981","3.142068","981","3.138992","982","3.142168","984","3.142404","981","3.139752","982","3.144384","982","3.138068","981","3.14062","981","3.141332","982","3.136664","982","3.14206","981","3.13984","980","3.14326","981","3.14232","982","3.139836","958","3.140408","981","3.141332","960","3.139068","981","3.140804","981","3.145196","981","3.141508","984","3.14352","961","3.13984","958","3.142592","981","3.1425","981","3.137288","982","3.14106","981","3.1417","981","3.143688","981","3.142472","981","3.142204","981","3.140164","981","3.138028","981","3.142572","981","3.142468","981","3.1414886400000004","979","985"
"74","3.143448","259","3.144792","590","3.141544","535","3.140172","589","3.1421","590","3.143056","486","3.141048","959","3.140664","959","3.142344","955","3.141288","955","3.1435","932","3.141768","955","3.139952","955","3.142332","929","3.143044","932","3.139496","955","3.142892","955","3.141792","933","3.14048","806","3.145328","955","3.139048","955","3.141388","932","3.141012","955","3.14072","955","3.140512","955","3.141624","955","3.14138","955","3.143704","955","3.143604","947","3.142776","903","3.145024","925","3.143248","922","3.139504","922","3.142072","922","3.13814","900","3.139728","896","3.14152","922","3.143388","922","3.14252","921","3.141896","922","3.142052","922","3.1424","922","3.142144","900","3.141828","922","3.139572","922","3.142036","922","3.143784","922","3.138992","921","3.141268","921","3.144976","922","3.14016","922","3.142216","922","3.140352","904","3.143312","904","3.140796","904","3.1406","907","3.140204","905","3.143168","908","3.140248","907","3.140152","907","3.142072","908","3.139872","908","3.143948","908","3.141964","908","3.138784","908","3.143284","908","3.139872","906","3.142456","905","3.141324","909","3.138676","908","3.141364","908","3.139332","908","3.14004","907","3.143568","908","3.14034","907","3.143356","906","3.141904","908","3.142308","903","3.140948","908","3.140344","903","3.141568","905","3.141304","908","3.141116","905","3.140516","908","3.141392","908","3.143668","907","3.140112","907","3.142536","907","3.1391","907","3.14282","908","3.139488","898","3.14192","907","3.13882","898","3.143728","908","3.1396","906","3.143824","905","3.13968","904","3.14192","908","3.142692","904","3.14052","902","3.141561880000001","893","976"
"75","3.141208","341","3.141668","668","3.142104","694","3.142876","694","3.141236","690","3.140656","690","3.140208","928","3.141476","957","3.143976","957","3.13942","954","3.140408","957","3.1411","954","3.141856","957","3.143968","954","3.142156","954","3.141232","957","3.142048","957","3.139408","958","3.140692","958","3.142576","954","3.1434","954","3.141456","954","3.14274","957","3.140044","958","3.141296","928","3.140756","958","3.143608","954","3.141836","954","3.137616","957","3.14128","954","3.142948","924","3.14628","957","3.142172","957","3.137572","969","3.142272","951","3.14128","969","3.142444","949","3.143628","945","3.138728","969","3.139908","969","3.143252","943","3.141836","969","3.139736","950","3.14344","949","3.143792","969","3.139072","945","3.142184","946","3.1448","949","3.140044","945","3.140688","945","3.138488","969","3.14134","946","3.14176","942","3.141204","942","3.1425","942","3.144344","969","3.141572","969","3.14014","969","3.14158","969","3.141388","949","3.143512","945","3.14354","946","3.141796","969","3.141952","942","3.14432","969","3.141688","915","3.143072","969","3.139108","946","3.14292","937","3.140168","930","3.142204","927","3.14358","927","3.14474","927","3.1409","927","3.142792","904","3.141228","907","3.138916","927","3.14208","892","3.138916","892","3.140716","892","3.140852","892","3.142552","891","3.139176","891","3.141196","888","3.140884","888","3.140536","888","3.13956","888","3.142256","888","3.140496","874","3.140448","874","3.14238","874","3.1405","873","3.142336","873","3.14166","873","3.141536","872","3.13996","873","3.141092","870","3.143508","870","3.143104","870","3.142516","870","3.141593919999998","914","991"
"76","3.141908","518","3.14392","468","3.1421","978","3.141892","948","3.141564","950","3.141796","978","3.139376","979","3.141308","978","3.1432","978","3.145464","978","3.141628","979","3.140084","978","3.143256","978","3.142216","978","3.141064","978","3.143468","978","3.142764","950","3.139964","958","3.14364","978","3.137788","978","3.139272","923","3.142876","975","3.143928","975","3.139048","975","3.141664","975","3.141792","948","3.143008","975","3.142476","946","3.1407","972","3.14196","957","3.142912","960","3.140832","963","3.141136","957","3.139896","928","3.143624","958","3.143372","963","3.1455","957","3.141748","963","3.140108","960","3.141052","960","3.140488","956","3.142656","963","3.141076","963","3.14146","958","3.14068","956","3.142244","962","3.14144","958","3.145256","962","3.140292","955","3.143084","960","3.13988","956","3.141884","956","3.142204","959","3.137168","962","3.14154","956","3.143784","957","3.141476","956","3.143152","950","3.13962","954","3.137344","947","3.14138","951","3.143448","947","3.144012","953","3.14004","951","3.139936","943","3.142492","940","3.142752","940","3.141284","943","3.139316","944","3.140308","944","3.14232","942","3.140532","944","3.143336","944","3.141432","944","3.143544","944","3.141784","941","3.14112","944","3.144428","942","3.138104","941","3.141208","944","3.140284","944","3.141824","944","3.144344","940","3.142096","942","3.143776","940","3.143384","941","3.141","943","3.142552","944","3.142396","941","3.141808","944","3.141328","913","3.143008","910","3.138452","910","3.142512","910","3.14354","910","3.138064","910","3.140448","910","3.141548","909","3.140888","910","3.142752","910","3.1417081200000005","942","987"
"77","3.139684","112","3.140224","804","3.14046","782","3.143432","784","3.140564","782","3.142656","784","3.141732","804","3.14226","804","3.144328","783","3.141268","827","3.142896","920","3.141312","977","3.143372","971","3.140104","982","3.139452","980","3.143896","982","3.142264","980","3.143304","982","3.141364","979","3.140188","977","3.142464","982","3.140932","982","3.141456","981","3.138984","982","3.140176","981","3.141032","979","3.140304","981","3.141784","973","3.141568","981","3.139004","978","3.140988","968","3.140524","971","3.141664","965","3.142436","999","3.135548","999","3.142616","999","3.1418","981","3.142932","999","3.140448","999","3.145292","999","3.142536","999","3.14516","999","3.14268","999","3.14238","968","3.141296","962","3.141908","973","3.145924","981","3.142472","970","3.144088","965","3.143196","981","3.139616","999","3.139752","972","3.140476","981","3.143144","975","3.141276","999","3.140232","970","3.142484","981","3.1422","999","3.140364","999","3.139964","972","3.140524","999","3.141792","968","3.142848","971","3.1404","999","3.142836","999","3.14044","999","3.143564","971","3.141784","999","3.144636","999","3.14042","981","3.140376","972","3.138912","976","3.141688","999","3.142488","999","3.14112","981","3.14248","999","3.140132","973","3.140896","976","3.141048","999","3.142412","972","3.142188","999","3.139536","975","3.141432","981","3.143056","998","3.139448","999","3.139552","998","3.143404","971","3.140456","998","3.139688","980","3.14352","977","3.142216","999","3.141784","965","3.14216","998","3.142404","998","3.142096","977","3.143168","962","3.143896","998","3.141692","998","3.143136","998","3.1409","980","3.1416438799999997","957","1015"
"78","3.139812","989","3.13958","995","3.136376","997","3.13972","995","3.140352","996","3.14166","989","3.14272","989","3.14214","998","3.141148","999","3.139436","995","3.142444","990","3.14172","953","3.141056","989","3.14118","990","3.143036","989","3.141116","989","3.144208","989","3.141368","989","3.138864","965","3.142708","989","3.139924","990","3.144728","989","3.143064","989","3.14274","997","3.143924","995","3.141912","996","3.141424","968","3.14012","989","3.141324","989","3.1379","999","3.13938","998","3.145204","989","3.141024","997","3.139552","999","3.142796","969","3.14368","955","3.14076","989","3.140064","989","3.141424","999","3.144472","966","3.14226","989","3.1397","996","3.140996","998","3.144112","988","3.145556","967","3.14286","995","3.142424","996","3.143164","989","3.14184","968","3.143228","988","3.142044","989","3.141912","995","3.14306","988","3.142692","988","3.14428","995","3.140656","995","3.142056","951","3.13878","998","3.142596","995","3.138112","995","3.143344","995","3.141828","997","3.143328","977","3.140452","973","3.137672","979","3.139232","981","3.142252","978","3.140724","978","3.14106","979","3.139764","977","3.141604","979","3.140284","973","3.140788","980","3.144984","978","3.144384","978","3.143924","968","3.141944","960","3.144088","967","3.139708","970","3.141428","970","3.14166","960","3.142308","970","3.142688","967","3.141332","967","3.14276","968","3.140768","965","3.142496","968","3.141184","968","3.140332","967","3.14324","968","3.143392","967","3.139244","969","3.141664","967","3.139708","967","3.143028","960","3.143528","969","3.143104","967","3.142028","967","3.142356","966","3.139588","969","3.1416758800000006","981","999"
"79","3.13926","201","3.139344","989","3.144064","989","3.139224","963","3.140904","990","3.142628","989","3.14012","989","3.143828","965","3.140908","990","3.141704","989","3.14246","965","3.139136","990","3.141908","966","3.139504","958","3.14242","990","3.140336","989","3.1473","989","3.14222","989","3.14214","989","3.137164","989","3.1422","989","3.140876","989","3.14356","989","3.141128","983","3.141392","964","3.142628","940","3.143944","967","3.139944","964","3.142304","967","3.140808","937","3.140856","964","3.140608","964","3.139532","964","3.141908","962","3.140304","962","3.140576","962","3.138956","938","3.142256","962","3.142348","962","3.143848","964","3.144656","961","3.143132","965","3.140188","965","3.140344","961","3.141756","961","3.140824","961","3.143404","962","3.142188","965","3.142492","964","3.143036","961","3.140456","961","3.142144","965","3.1406","961","3.143688","964","3.13968","962","3.140756","937","3.142628","965","3.142404","965","3.142564","965","3.14298","964","3.139716","961","3.143972","964","3.143136","961","3.142024","962","3.143308","961","3.138224","960","3.142316","964","3.141348","961","3.143044","961","3.1417","961","3.13856","962","3.139292","964","3.143236","962","3.14106","961","3.14162","962","3.1441","964","3.139156","964","3.141672","953","3.14338","953","3.13986","946","3.140388","949","3.14182","949","3.142048","949","3.14102","946","3.141132","940","3.142776","940","3.14186","939","3.141556","937","3.142064","935","3.141688","934","3.141808","930","3.1428","930","3.141116","930","3.141168","930","3.14188","929","3.141708","930","3.141804","929","3.143876","930","3.13746","930","3.143436","929","3.1416060000000003","953","995"
"80","3.141496","72","3.141452","409","3.141132","862","3.138672","809","3.142208","833","3.140092","833","3.142196","861","3.142268","833","3.142916","832","3.140624","833","3.142048","833","3.142572","833","3.138724","861","3.140736","862","3.142584","862","3.141984","861","3.143116","856","3.144016","857","3.14146","857","3.140076","828","3.141692","857","3.141092","856","3.141968","856","3.143104","856","3.142216","828","3.14208","856","3.142364","803","3.138328","856","3.141076","856","3.140172","856","3.141348","929","3.140692","894","3.138204","989","3.14052","965","3.144208","979","3.143152","980","3.141392","979","3.142688","978","3.1406","980","3.141616","980","3.140512","975","3.1413","980","3.139344","979","3.141104","980","3.140608","953","3.145272","980","3.143192","980","3.139152","979","3.140844","979","3.137552","980","3.140624","975","3.142264","980","3.142456","974","3.142232","979","3.141964","975","3.140252","974","3.14096","974","3.141124","979","3.143004","980","3.14082","980","3.141676","979","3.142632","978","3.141076","980","3.14118","974","3.143264","955","3.143132","979","3.14278","978","3.142188","978","3.141524","975","3.142144","974","3.141204","974","3.140268","974","3.142496","980","3.140692","978","3.142656","980","3.142104","978","3.141648","978","3.139868","979","3.14322","978","3.139704","974","3.146864","977","3.140872","978","3.14228","978","3.141656","979","3.142152","974","3.139788","974","3.14112","980","3.14006","979","3.142024","978","3.141124","974","3.143492","978","3.140648","974","3.142576","978","3.138788","978","3.140152","978","3.139572","974","3.140916","978","3.140768","979","3.141908","978","3.140432","979","3.141461119999999","924","1012"
"81","3.14296","68","3.139444","372","3.142216","374","3.141948","372","3.14204","372","3.140616","372","3.14076","373","3.143232","372","3.139012","373","3.1404","395","3.144228","395","3.142328","395","3.142704","395","3.14138","379","3.140252","379","3.139604","378","3.138732","669","3.144296","556","3.143452","669","3.14242","445","3.14324","951","3.14074","951","3.14032","950","3.141324","951","3.143684","951","3.141096","950","3.141352","951","3.142812","951","3.138556","951","3.14414","951","3.140564","951","3.140596","951","3.140752","951","3.142716","950","3.13934","951","3.140484","951","3.14052","951","3.1435","951","3.142516","913","3.142256","913","3.143268","950","3.142872","951","3.142124","950","3.138476","950","3.140244","950","3.138164","924","3.141788","950","3.14148","951","3.142964","951","3.13984","950","3.141316","950","3.144624","950","3.141808","950","3.141556","951","3.142716","950","3.14194","951","3.142156","922","3.141812","950","3.141528","950","3.143132","950","3.144376","950","3.139332","951","3.140884","951","3.141364","917","3.141928","951","3.140808","950","3.141744","950","3.141348","950","3.142044","951","3.140312","950","3.14092","950","3.142876","950","3.141124","950","3.139984","951","3.140608","924","3.140408","951","3.141676","950","3.145352","915","3.140928","950","3.140648","950","3.141064","950","3.142244","950","3.14414","950","3.141004","950","3.141692","950","3.14172","949","3.142328","950","3.141988","950","3.142772","950","3.142628","924","3.140076","950","3.140916","950","3.140316","949","3.143712","949","3.142964","950","3.143312","950","3.138844","950","3.14114","950","3.143212","950","3.142676","950","3.1416375199999993","838","1020"
"82","3.14308","478","3.141316","981","3.141816","950","3.141936","943","3.141864","981","3.141684","981","3.144424","981","3.1405","944","3.140364","949","3.138768","981","3.140464","981","3.137992","954","3.141876","981","3.139304","981","3.145188","954","3.145204","954","3.144324","981","3.14358","943","3.14112","976","3.142548","977","3.142224","976","3.1413","976","3.143372","976","3.140592","977","3.1409","978","3.13664","976","3.141916","977","3.143052","977","3.142444","976","3.140756","977","3.141396","945","3.14164","977","3.143232","949","3.140252","976","3.14454","976","3.144392","935","3.143272","934","3.140652","934","3.14242","934","3.138044","903","3.140784","931","3.141556","931","3.141408","931","3.141768","931","3.140412","931","3.141676","904","3.14114","931","3.142428","904","3.142412","931","3.143768","931","3.141784","931","3.140696","931","3.139816","931","3.140744","931","3.140228","931","3.143516","931","3.1428","931","3.141284","931","3.139776","931","3.14078","931","3.140124","931","3.142576","905","3.144556","931","3.141384","931","3.144488","931","3.139452","931","3.143292","911","3.142436","911","3.140476","896","3.140776","899","3.140228","899","3.141044","898","3.141136","899","3.140592","898","3.143052","898","3.141992","895","3.141604","891","3.13914","893","3.139156","891","3.139712","893","3.142668","891","3.143216","893","3.140464","893","3.139348","893","3.144776","891","3.142952","889","3.14162","893","3.14138","893","3.139916","893","3.142468","893","3.14184","893","3.14092","893","3.140188","891","3.140432","893","3.144644","893","3.1396","893","3.1428","891","3.144076","892","3.143104","893","3.142152","893","3.14164944","926","990"
"83","3.139248","1011","3.140224","1050","3.141012","1047","3.140556","1018","3.13704","1046","3.141","1051","3.14224","1050","3.139516","1055","3.141208","1055","3.144476","1044","3.139776","1053","3.139788","1055","3.142236","1047","3.140184","1045","3.142228","1046","3.139852","1022","3.139368","1055","3.141888","1045","3.137304","1045","3.138372","1056","3.139964","1044","3.142812","1045","3.137568","1045","3.141356","1050","3.139516","1050","3.142868","1045","3.143288","1044","3.14206","1050","3.145512","1052","3.14298","1018","3.140388","1045","3.138148","1045","3.140372","1055","3.141508","1055","3.14162","1003","3.140888","1048","3.141544","1045","3.144128","1045","3.13954","1053","3.140672","1044","3.141924","1044","3.14278","1045","3.138176","1044","3.138864","1045","3.142928","1045","3.145152","1044","3.13814","1045","3.140332","1045","3.142124","1055","3.137852","1045","3.141068","1051","3.141432","1047","3.144116","1044","3.14212","1050","3.141132","1044","3.14262","1046","3.138916","1044","3.140728","968","3.140184","997","3.142244","1003","3.141368","996","3.140648","1000","3.14094","997","3.140972","1002","3.140028","1001","3.14172","1001","3.138092","999","3.142196","997","3.140612","1001","3.144108","992","3.146772","1002","3.14116","998","3.14082","1003","3.138628","1003","3.14288","999","3.140328","1000","3.140396","992","3.140368","998","3.141676","1001","3.139012","996","3.13974","1001","3.14144","1001","3.142256","1000","3.146","1000","3.142992","998","3.139424","989","3.141056","994","3.142036","993","3.142072","998","3.139512","1001","3.142324","1001","3.1399","997","3.141032","998","3.14172","997","3.141708","997","3.138628","999","3.142012","1000","3.144068","990","3.142148","998","3.140892","990","3.14110764","1024","1056"
"84","3.140384","188","3.144324","975","3.139712","847","3.141952","976","3.140828","848","3.142496","976","3.143824","976","3.14162","976","3.14238","975","3.141728","976","3.141812","975","3.140108","950","3.142688","717","3.142904","824","3.140756","965","3.140884","990","3.140656","965","3.13884","965","3.145068","990","3.139968","965","3.141336","965","3.140588","990","3.140308","965","3.142792","990","3.14062","990","3.139464","990","3.142356","965","3.14126","990","3.137984","940","3.140668","990","3.141856","990","3.139788","940","3.1403","990","3.141628","962","3.144052","962","3.142832","962","3.141528","952","3.139672","952","3.138032","952","3.14062","952","3.139216","952","3.13852","1017","3.142848","1014","3.137884","991","3.141948","1015","3.140364","1014","3.1399","1014","3.14196","1014","3.141448","1016","3.138188","1014","3.142604","1015","3.141216","1014","3.141432","1014","3.142488","1017","3.14128","1014","3.142412","1014","3.146316","1014","3.141576","1015","3.141724","1015","3.142072","1017","3.137784","1015","3.14036","1017","3.140512","1014","3.142876","1014","3.142668","1015","3.138692","1014","3.140012","1016","3.141164","1014","3.142124","1014","3.141836","1014","3.141372","1014","3.1433","1014","3.139656","1014","3.14294","1013","3.141052","1007","3.144284","1006","3.140516","1008","3.143108","1006","3.143696","1009","3.141268","1009","3.140156","1006","3.144328","995","3.143076","995","3.138836","996","3.140216","995","3.140828","995","3.142828","995","3.143016","983","3.14148","986","3.141948","984","3.13836","985","3.141664","986","3.137192","986","3.139524","984","3.138708","985","3.141176","986","3.145728","985","3.143456","984","3.14052","974","3.143184","974","3.141314560000002","976","1071"
"85","3.142992","360","3.140468","360","3.142024","361","3.138992","360","3.140676","360","3.139312","360","3.143196","409","3.140688","428","3.142192","406","3.142256","406","3.143476","836","3.139584","866","3.142244","844","3.140204","866","3.140692","867","3.142796","866","3.143464","866","3.14092","830","3.14152","867","3.14102","867","3.141496","866","3.142008","836","3.1443","866","3.143064","866","3.140896","866","3.141548","866","3.14254","866","3.143716","824","3.1423","820","3.142636","820","3.142924","820","3.14436","811","3.142064","811","3.140596","808","3.141476","776","3.141356","776","3.140396","806","3.142408","806","3.144236","806","3.139012","806","3.142332","798","3.141512","798","3.143932","798","3.140616","798","3.14218","795","3.141276","794","3.143496","763","3.142","793","3.14224","790","3.141028","789","3.1413","960","3.139616","960","3.141296","943","3.140072","960","3.143328","960","3.13852","910","3.140904","943","3.141984","943","3.138216","943","3.138904","960","3.140088","960","3.142196","960","3.142924","943","3.140472","928","3.13974","959","3.139888","897","3.140036","897","3.13992","894","3.141632","893","3.142248","894","3.136128","875","3.142128","893","3.141344","894","3.141612","894","3.143848","894","3.141368","871","3.139068","894","3.141388","893","3.142756","894","3.141708","894","3.14144","894","3.142644","893","3.142484","893","3.141388","893","3.138208","869","3.143268","893","3.142368","890","3.138356","890","3.140296","888","3.140512","888","3.141884","888","3.143268","887","3.141888","887","3.143392","862","3.141412","880","3.143544","881","3.13798","881","3.143024","881","3.14234","881","3.13984","863","3.1414682800000002","821","1049"
"86","3.142384","387","3.140536","870","3.1413","870","3.142728","870","3.1418","870","3.144036","870","3.140708","870","3.141096","870","3.14462","870","3.141896","870","3.14176","844","3.142004","861","3.140244","861","3.14282","861","3.14136","861","3.14164","880","3.143924","880","3.145228","880","3.14274","858","3.139312","858","3.140572","880","3.141552","908","3.143148","880","3.141396","879","3.143088","879","3.138836","879","3.14144","879","3.141532","857","3.1427","857","3.144068","879","3.14534","865","3.144764","865","3.141044","865","3.14432","865","3.142072","1000","3.142264","960","3.14268","999","3.140288","1000","3.141992","1000","3.142712","1000","3.139844","1000","3.142464","1000","3.139952","1000","3.139316","999","3.13974","1000","3.142932","1000","3.146132","1000","3.142432","1000","3.141996","1000","3.14334","960","3.138304","1000","3.142324","999","3.141084","1000","3.143024","999","3.139708","1000","3.142144","999","3.144912","974","3.143284","999","3.141016","1000","3.139556","1000","3.140704","999","3.141992","974","3.136976","973","3.141008","974","3.142612","999","3.140904","1000","3.139488","976","3.1424","999","3.13832","998","3.142776","997","3.141472","998","3.143976","997","3.142872","974","3.141248","998","3.14094","998","3.141416","998","3.140644","997","3.139444","946","3.140048","946","3.1419","946","3.139204","945","3.143032","946","3.145624","946","3.14224","945","3.145844","938","3.146012","937","3.140624","937","3.142216","933","3.142148","933","3.142924","933","3.143656","933","3.140008","933","3.143984","932","3.142648","932","3.142196","932","3.13858","932","3.140584","932","3.141932","932","3.141552","932","3.139704","932","3.1418730000000012","933","1033"
"87","3.143032","1009","3.140408","1005","3.142208","1003","3.14006","1007","3.143008","1004","3.141984","1004","3.14024","1005","3.141736","1005","3.143136","1004","3.142928","1005","3.142504","1004","3.138472","1004","3.141192","1005","3.140172","1007","3.13976","1007","3.141604","1002","3.138132","1008","3.140548","1004","3.141488","1003","3.140828","1006","3.141036","1007","3.140056","1002","3.14426","1004","3.144144","1004","3.143568","1003","3.142724","1004","3.143164","1008","3.142624","1007","3.143464","1007","3.140744","1008","3.141324","1003","3.141744","1004","3.141684","1004","3.141172","1004","3.139528","1003","3.140196","1008","3.14306","1008","3.140216","1002","3.141872","1002","3.141648","1004","3.139632","1006","3.14382","1003","3.140292","1007","3.138388","1003","3.137948","1004","3.142812","1003","3.145888","1008","3.141684","1007","3.139776","1003","3.142904","1002","3.141348","1004","3.14096","1007","3.14186","1002","3.142728","1003","3.144288","1008","3.139296","1003","3.141208","1008","3.143784","1007","3.140048","1003","3.142308","970","3.1447","1008","3.144628","1004","3.139884","1003","3.141516","1008","3.143964","1004","3.144832","1003","3.139836","1002","3.143796","1003","3.140644","1003","3.144676","1003","3.14178","1003","3.141112","1002","3.139748","1007","3.14334","1007","3.141956","1008","3.141688","971","3.1414","970","3.142236","973","3.14104","969","3.139496","970","3.142588","970","3.1389","970","3.141568","974","3.14312","970","3.140412","971","3.142732","941","3.140796","969","3.14406","971","3.14292","972","3.142708","972","3.143912","975","3.140396","972","3.141468","973","3.142308","972","3.140276","973","3.139968","965","3.140452","966","3.139972","965","3.139112","961","3.137008","964","3.141595880000001","995","1009"
"88","3.143336","53","3.1411","716","3.141164","747","3.142776","858","3.14224","858","3.139068","782","3.142496","858","3.144316","858","3.141784","858","3.1426","857","3.14298","717","3.14012","858","3.142052","782","3.142288","857","3.139096","716","3.140668","1057","3.13984","986","3.14356","1008","3.140424","1008","3.144316","983","3.141156","986","3.142688","983","3.144624","984","3.141552","1008","3.139964","1056","3.141632","1057","3.139552","1051","3.140788","1003","3.14154","1046","3.143072","1003","3.141688","1043","3.140356","1050","3.140052","1046","3.141244","1046","3.144448","1050","3.140736","1040","3.140596","1046","3.143532","1046","3.138988","1047","3.141044","1047","3.142308","1043","3.142284","1050","3.141944","1048","3.141444","1047","3.14264","1046","3.142616","1047","3.141744","1050","3.138656","1041","3.143404","1046","3.13552","1047","3.139416","1047","3.138868","1046","3.141708","1047","3.138204","1048","3.142936","1048","3.141092","1064","3.142952","1042","3.140132","1042","3.145448","1031","3.14246","1040","3.141684","1064","3.142236","1042","3.141972","1042","3.1414","1041","3.142036","1040","3.14048","1014","3.139356","1036","3.140348","1012","3.137224","1035","3.14206","1007","3.139256","1035","3.141284","1036","3.1409","1035","3.141056","1035","3.142264","1014","3.139688","1035","3.142372","1035","3.145912","1035","3.141208","1006","3.142956","1035","3.139608","1035","3.144312","1035","3.143388","1035","3.14306","1035","3.141332","1035","3.141972","1035","3.141168","1003","3.143104","1035","3.140188","1035","3.13994","1035","3.139548","1029","3.140048","1030","3.141816","1030","3.140744","1029","3.141992","1030","3.141888","1030","3.141424","1029","3.140876","1029","3.140316","1029","3.143828","1030","3.1414749599999987","992","1094"
"89","3.139104","567","3.139984","942","3.142456","646","3.142684","941","3.138516","568","3.141244","568","3.14114","591","3.142068","591","3.140352","882","3.142496","591","3.135976","591","3.140828","869","3.138572","893","3.142496","893","3.14384","889","3.138868","893","3.141464","893","3.140184","889","3.141684","893","3.14356","889","3.142024","988","3.143512","959","3.139288","990","3.140488","893","3.144728","892","3.140652","893","3.143928","950","3.1402","888","3.140784","987","3.139936","984","3.141852","1055","3.140452","1009","3.140984","1009","3.142224","978","3.142416","1008","3.143024","1008","3.142428","1008","3.141428","985","3.1418","1011","3.143856","981","3.143152","1008","3.141492","1008","3.137916","1005","3.141792","1048","3.140452","1041","3.140344","1007","3.141716","1003","3.14316","1004","3.142184","1014","3.14142","1048","3.143628","1009","3.141456","1040","3.142172","1048","3.146052","1009","3.138152","1048","3.14038","1040","3.139464","1048","3.139056","1014","3.142244","1006","3.141212","1006","3.141464","1048","3.14304","1033","3.14138","1032","3.139856","1024","3.14252","1023","3.140624","1032","3.140556","994","3.142876","1032","3.139532","1026","3.139676","1031","3.142012","1030","3.141888","1051","3.142592","1026","3.140476","983","3.142512","965","3.140032","962","3.137852","982","3.142024","963","3.140768","964","3.139732","957","3.14142","982","3.139536","982","3.141496","964","3.142224","963","3.14058","982","3.141056","982","3.142356","963","3.143364","958","3.142372","963","3.14106","958","3.14244","982","3.140652","982","3.143572","964","3.13762","982","3.142396","980","3.142964","955","3.144068","961","3.142136","979","3.139648","979","3.144552","979","3.141378880000002","950","1114"
"90","3.139992","458","3.144616","858","3.145144","857","3.13912","900","3.139384","763","3.14292","857","3.143748","941","3.146232","940","3.14146","854","3.14282","830","3.140684","854","3.14142","854","3.139992","854","3.144148","850","3.139892","850","3.144408","936","3.13986","916","3.14088","850","3.139848","826","3.142556","915","3.141644","850","3.140828","850","3.138592","850","3.140812","936","3.143","850","3.142372","850","3.136676","848","3.142936","826","3.141772","804","3.14094","804","3.14078","894","3.142708","850","3.138388","910","3.141332","847","3.141484","910","3.138288","847","3.138504","907","3.143996","937","3.14284","885","3.143736","973","3.14114","937","3.139152","937","3.140804","864","3.139368","937","3.144328","947","3.142708","966","3.14136","946","3.139344","966","3.140152","946","3.14176","912","3.138692","947","3.143804","947","3.140668","914","3.1409","946","3.143208","965","3.138564","938","3.142324","938","3.1413","916","3.140804","946","3.143124","942","3.141492","960","3.140312","960","3.140416","959","3.142688","960","3.141844","960","3.143044","960","3.143624","960","3.144208","942","3.142012","932","3.141076","953","3.139316","953","3.143428","953","3.143196","953","3.140412","953","3.141024","952","3.139288","953","3.141204","953","3.141028","953","3.1428","949","3.14108","950","3.143512","950","3.139644","944","3.140832","944","3.142044","942","3.141532","942","3.142304","942","3.1424","941","3.142836","942","3.142412","942","3.140924","941","3.140388","941","3.139188","942","3.143376","941","3.141372","941","3.144528","941","3.14196","942","3.138016","941","3.145004","941","3.141872","942","3.142928","942","3.141548199999997","910","1032"
"91","3.141436","131","3.142528","987","3.140468","1014","3.14276","1013","3.14422","966","3.14106","1012","3.142204","986","3.1439","1013","3.139892","1013","3.143268","986","3.142768","1012","3.143936","1013","3.142572","1013","3.1428","1013","3.144672","1012","3.141492","1012","3.139684","1009","3.139712","1010","3.141656","1009","3.140892","1008","3.143676","1009","3.140508","1022","3.140124","1020","3.143388","1020","3.143152","1019","3.143196","1019","3.141712","1021","3.139192","1017","3.14294","1020","3.139356","1020","3.14038","1019","3.14108","1017","3.141304","1018","3.144332","1020","3.139532","1017","3.1416","1018","3.14454","1018","3.142744","1018","3.144116","1020","3.138444","1019","3.137644","1018","3.143184","1018","3.141368","1017","3.141364","1017","3.141652","1017","3.140016","1017","3.139756","1018","3.143392","1020","3.137824","1018","3.142196","1016","3.142972","1019","3.14078","1018","3.13972","1020","3.141024","1018","3.14272","1017","3.143068","1017","3.142208","1018","3.142232","1017","3.138792","1019","3.139696","1018","3.143876","1019","3.136576","1017","3.139088","1017","3.141704","1016","3.141516","1020","3.141832","1017","3.1413","1019","3.140856","1017","3.143456","1017","3.144052","1017","3.140064","1020","3.142396","1017","3.1434","1018","3.142436","1018","3.13944","1017","3.140776","1016","3.145064","1017","3.13928","1017","3.138932","1016","3.142076","1018","3.140256","1017","3.144524","1017","3.141476","1018","3.140916","1018","3.139296","1019","3.142468","1020","3.142144","1018","3.142244","1017","3.14112","1017","3.143976","1019","3.13848","1018","3.142672","1019","3.141284","1017","3.142072","1019","3.14384","1020","3.142416","1016","3.141744","1017","3.143672","1018","3.1421","1019","3.142888","1002","3.141665520000001","1006","1038"
"92","3.142444","19","3.142252","121","3.139876","385","3.14188","385","3.139388","385","3.143392","386","3.141632","386","3.138888","386","3.143768","362","3.140192","385","3.14472","928","3.140536","930","3.142304","925","3.143528","926","3.140932","932","3.141464","932","3.13872","925","3.141944","926","3.138732","931","3.142532","929","3.138924","927","3.140412","925","3.141016","932","3.142628","906","3.142552","926","3.139476","930","3.144868","925","3.143096","930","3.142736","924","3.1425","930","3.144484","903","3.139016","925","3.141028","931","3.144184","932","3.141884","928","3.141972","928","3.14164","928","3.138212","931","3.142424","925","3.14178","926","3.141748","929","3.140964","924","3.1392","926","3.14038","932","3.140996","929","3.139596","928","3.141312","924","3.141012","924","3.142616","924","3.140888","925","3.144132","931","3.140712","927","3.143288","930","3.144484","924","3.141888","930","3.144764","925","3.141864","928","3.142112","931","3.142264","928","3.1427","925","3.14192","906","3.142024","930","3.140356","931","3.141032","903","3.140088","930","3.142128","931","3.14208","924","3.144408","926","3.141344","929","3.139972","929","3.142388","929","3.141268","927","3.14024","927","3.143324","929","3.141104","928","3.141204","924","3.138448","906","3.142552","924","3.141044","930","3.143772","924","3.139984","928","3.14406","931","3.142412","924","3.144212","930","3.141016","926","3.141428","925","3.144584","929","3.142596","930","3.137872","930","3.140088","924","3.138012","925","3.1454","930","3.141916","928","3.142004","902","3.142572","929","3.138852","931","3.143524","929","3.142988","924","3.141208","930","3.139824","931","3.1416612399999995","865","957"
"93","3.141708","154","3.142984","527","3.139744","527","3.141684","524","3.141736","524","3.139432","524","3.142988","524","3.139696","524","3.143872","524","3.142036","524","3.141348","929","3.140236","951","3.142476","971","3.139388","972","3.143408","952","3.144116","971","3.143084","971","3.143672","951","3.142252","971","3.140608","929","3.143676","929","3.14358","962","3.143712","962","3.138992","962","3.142832","943","3.140904","939","3.138468","939","3.145316","919","3.141232","936","3.14232","936","3.14128","937","3.144552","934","3.14098","914","3.143976","933","3.140332","933","3.141048","933","3.141704","891","3.1402","933","3.141496","933","3.1414","914","3.139324","914","3.141424","933","3.142352","913","3.142904","933","3.144452","933","3.140956","933","3.142656","933","3.139912","933","3.142296","913","3.141916","922","3.138708","919","3.140692","919","3.142444","919","3.142076","919","3.141804","919","3.143832","919","3.13818","919","3.141412","919","3.140468","919","3.139612","919","3.141736","917","3.140364","917","3.141748","918","3.141964","917","3.139772","905","3.139724","905","3.14122","903","3.14098","920","3.141368","920","3.140104","920","3.140628","920","3.140112","902","3.141968","920","3.140012","902","3.143036","902","3.142208","920","3.138284","913","3.141436","913","3.139232","891","3.140228","890","3.14538","890","3.142092","909","3.142112","909","3.140012","890","3.14372","909","3.140932","909","3.142524","883","3.14736","901","3.141016","901","3.139976","901","3.142752","901","3.13766","883","3.140996","883","3.14024","898","3.143184","898","3.140652","826","3.140604","789","3.14232","808","3.139428","789","3.141316","808","3.1415228799999992","872","999"
"94","3.13884","419","3.141364","417","3.141828","419","3.142232","419","3.143624","416","3.142328","548","3.137316","547","3.137364","547","3.138804","1034","3.140204","1055","3.142676","1062","3.14378","1061","3.144448","1062","3.141308","1062","3.140208","1055","3.14122","1061","3.143524","1088","3.144572","1060","3.141564","1087","3.143236","1086","3.139748","1087","3.14174","1087","3.141652","1087","3.142932","1088","3.141788","1087","3.142824","1086","3.143224","1088","3.140572","1088","3.1417","1087","3.140052","1086","3.143552","1086","3.140004","1087","3.139456","1087","3.141924","1088","3.144452","1060","3.141328","1088","3.139148","1086","3.141172","1086","3.14254","1088","3.1435","1086","3.14012","1087","3.144244","1087","3.145236","1087","3.141676","1087","3.139592","1087","3.141216","1087","3.137712","1087","3.139956","1086","3.142556","1087","3.139724","1087","3.143536","1087","3.142248","1087","3.143508","1087","3.140664","1087","3.14132","1087","3.139492","1086","3.141984","1087","3.141712","1087","3.142692","1086","3.141784","1087","3.141372","1065","3.144492","1087","3.141692","1086","3.140656","1087","3.142348","1087","3.1436","1086","3.142496","1062","3.142564","1065","3.143172","1086","3.141716","1087","3.13876","1087","3.139192","1087","3.142888","1087","3.142668","1064","3.144168","1086","3.138224","1086","3.14196","1086","3.14246","1087","3.14224","1087","3.143548","1087","3.139736","1087","3.143288","1086","3.14034","1086","3.14272","1087","3.140456","1085","3.141204","1084","3.137048","1085","3.139112","1084","3.140892","1084","3.141844","1084","3.14202","1084","3.144596","1084","3.138572","1084","3.138388","1084","3.139252","1085","3.143088","1085","3.141236","1085","3.143188","1084","3.140848","1084","3.14074","1085","3.14153504","1032","1097"
"95","3.140724","496","3.140876","354","3.1391","731","3.139428","755","3.140536","782","3.142788","755","3.141404","782","3.143736","706","3.143008","1075","3.14406","1097","3.140476","1065","3.14286","1075","3.14312","1062","3.140752","1097","3.142224","1074","3.13818","1040","3.141336","1076","3.141392","1070","3.14212","1077","3.143404","1066","3.143608","1071","3.142832","1070","3.142784","1077","3.141472","1062","3.139752","1067","3.141796","1064","3.141564","1097","3.139708","1064","3.143652","1073","3.141668","1097","3.140216","1097","3.14214","1075","3.143028","1070","3.146496","1097","3.142512","1097","3.14408","1075","3.143124","1076","3.1409","1075","3.14442","1071","3.13984","1072","3.14188","1061","3.13788","1074","3.141624","1097","3.14236","1070","3.141916","1075","3.139844","1070","3.142272","1076","3.141056","1062","3.140524","1069","3.145524","1094","3.142828","1069","3.142828","1064","3.13872","1066","3.14236","1039","3.141424","1068","3.145128","1068","3.142116","1065","3.141824","1062","3.14014","1062","3.141708","1062","3.138632","1059","3.142644","1059","3.140384","1059","3.140796","1059","3.13988","1059","3.14122","1038","3.141104","1059","3.142504","1059","3.141876","1035","3.141236","1059","3.140872","1058","3.141912","1058","3.141388","1058","3.140256","1058","3.142068","1058","3.144104","1058","3.144372","1058","3.14148","1058","3.141388","1058","3.141728","1058","3.141508","1058","3.142972","1037","3.144616","1058","3.143196","1058","3.141588","1055","3.139064","1055","3.142068","1055","3.142532","1056","3.142652","1055","3.14324","1033","3.1416","1055","3.13934","1055","3.141","1055","3.144396","1056","3.140116","1055","3.141264","1055","3.144568","1055","3.138872","1055","3.144984","1055","3.143148","1055","3.1418364","1033","1103"
"96","3.140684","265","3.14094","533","3.142352","585","3.141724","585","3.144012","584","3.142288","1023","3.140612","999","3.142868","999","3.139712","994","3.140588","1002","3.139968","999","3.142788","994","3.143104","1024","3.142104","999","3.140956","993","3.140236","994","3.144196","998","3.142096","1024","3.140656","1024","3.141296","997","3.144644","997","3.14124","998","3.141688","994","3.140596","997","3.141584","1023","3.142844","1023","3.14218","999","3.142112","1023","3.140112","1023","3.142412","1023","3.14188","994","3.14424","1023","3.140448","1024","3.144032","994","3.142864","967","3.141676","1024","3.14436","998","3.14042","1023","3.143892","997","3.1403","998","3.142732","996","3.143004","1023","3.13932","997","3.13846","993","3.141236","994","3.140208","1001","3.1418","1002","3.144072","994","3.1394","1023","3.14196","1023","3.140024","1023","3.140256","1001","3.139744","997","3.142612","1001","3.140292","957","3.142236","994","3.143292","1023","3.140648","1023","3.14126","994","3.14162","994","3.14174","996","3.138936","999","3.138968","1001","3.142652","998","3.142376","1023","3.144396","998","3.140572","994","3.14248","998","3.143896","998","3.140664","1001","3.14456","998","3.142268","993","3.141532","994","3.142536","1023","3.13726","994","3.141816","1001","3.14632","994","3.142504","998","3.141428","994","3.142392","1023","3.140492","998","3.141792","1001","3.1439","1023","3.141044","996","3.140648","998","3.140808","1001","3.142476","1001","3.141004","997","3.139192","1023","3.141556","1023","3.143176","993","3.14014","994","3.141712","994","3.142424","1001","3.140836","1023","3.139952","1023","3.13932","992","3.143176","997","3.142104","998","3.14124","998","3.141671679999998","979","1029"
"97","3.140132","80","3.142908","982","3.144336","978","3.142748","978","3.142856","979","3.141024","980","3.139224","983","3.141828","978","3.142612","976","3.13984","986","3.1422","986","3.1425","984","3.144392","984","3.14376","976","3.138572","985","3.141336","978","3.143652","980","3.14118","981","3.138372","977","3.14066","983","3.142884","977","3.141108","983","3.14166","978","3.14038","981","3.1423","984","3.140188","984","3.142408","975","3.143184","976","3.142624","984","3.141784","985","3.141912","982","3.137604","977","3.139612","975","3.141676","985","3.138716","983","3.142888","983","3.147176","978","3.140312","984","3.14096","979","3.142652","983","3.141192","975","3.14144","976","3.14218","947","3.140576","984","3.14022","982","3.140952","976","3.141172","985","3.140068","977","3.138604","976","3.144932","983","3.140188","978","3.140376","975","3.140756","977","3.139836","983","3.141284","948","3.14314","948","3.139352","977","3.141952","985","3.143408","974","3.142124","982","3.143204","981","3.141088","984","3.139304","981","3.144448","982","3.140544","981","3.137232","983","3.143004","981","3.142688","975","3.143052","983","3.147292","981","3.140868","976","3.143364","983","3.13934","977","3.143708","980","3.144024","984","3.138336","977","3.1412","977","3.140596","981","3.140656","980","3.138864","978","3.140944","983","3.143624","979","3.140988","962","3.14154","962","3.14384","963","3.139116","954","3.14288","960","3.142268","960","3.142232","960","3.140476","963","3.139516","956","3.139436","926","3.143472","962","3.139128","963","3.141852","962","3.141464","962","3.14094","956","3.142516","963","3.140856","962","3.142404","963","3.1415221600000005","966","987"
"98","3.140764","525","3.141276","747","3.14294","718","3.142672","1078","3.141232","1074","3.142356","1068","3.141836","1070","3.142732","1068","3.142192","1080","3.141096","1071","3.138684","1079","3.142416","1080","3.13972","1080","3.143832","1080","3.142248","1074","3.14094","1069","3.140408","1045","3.141908","1079","3.140968","1074","3.139444","1078","3.143796","1079","3.142468","1075","3.143768","1068","3.142292","1071","3.142812","1071","3.142468","1072","3.139732","1074","3.14072","1070","3.14064","1079","3.1427","1078","3.141604","1078","3.142936","1072","3.14278","1071","3.141976","1068","3.143096","1078","3.140416","1072","3.140816","1074","3.140056","1079","3.141896","1075","3.141188","1070","3.144268","1078","3.141264","1067","3.14352","1073","3.14424","1067","3.142392","1069","3.14204","1072","3.142424","1069","3.139208","1078","3.140692","1071","3.141444","1069","3.13948","1067","3.144096","1070","3.140892","1079","3.140744","1078","3.14308","1079","3.141084","1078","3.143164","1073","3.141508","1067","3.140748","1074","3.142732","1079","3.142572","1078","3.141904","1074","3.141384","1079","3.14008","1067","3.144628","1074","3.138556","1074","3.139496","1072","3.142956","1068","3.139736","1072","3.141924","1077","3.144676","1072","3.144328","1077","3.141216","1078","3.140648","1078","3.139348","1079","3.140748","1067","3.138688","1072","3.139504","1067","3.141924","1077","3.146948","1069","3.144064","1066","3.14034","1078","3.139192","1067","3.139128","1071","3.141072","1068","3.141552","1067","3.142268","1070","3.139504","1072","3.140528","1073","3.141852","1079","3.141704","1044","3.142448","1069","3.14056","1067","3.145272","1073","3.141628","1067","3.142008","1075","3.145112","1070","3.138632","1067","3.14058","1067","3.143308","1078","3.1416885999999993","1060","1084"
"99","3.141632","140","3.142616","983","3.13994","983","3.141456","984","3.14312","988","3.142544","988","3.143028","985","3.142444","983","3.141908","988","3.141228","982","3.141808","982","3.14406","985","3.139952","982","3.142892","982","3.142516","985","3.141996","985","3.142752","988","3.141996","988","3.140428","985","3.14366","984","3.141936","988","3.143336","985","3.142552","988","3.13768","952","3.140868","988","3.140328","962","3.13834","988","3.139668","988","3.140732","983","3.141212","983","3.1402","982","3.139868","982","3.1404","988","3.1402","985","3.142048","988","3.142968","985","3.140732","985","3.140928","960","3.14144","988","3.138836","985","3.142316","985","3.142236","986","3.141044","982","3.144056","986","3.139732","981","3.141184","981","3.137892","985","3.14442","980","3.139224","982","3.142228","980","3.140892","980","3.143472","983","3.142248","986","3.138492","982","3.141216","982","3.139056","985","3.141428","981","3.141808","985","3.1414","985","3.142348","983","3.14324","981","3.142108","981","3.1419","985","3.142208","982","3.141812","980","3.14346","982","3.141924","982","3.142972","982","3.141936","982","3.141136","985","3.143216","985","3.139836","982","3.14218","980","3.138864","979","3.145196","985","3.14082","982","3.14118","981","3.142712","985","3.141912","983","3.141516","985","3.140852","981","3.14094","979","3.140588","979","3.140104","979","3.137972","982","3.143312","982","3.14334","985","3.142204","982","3.139604","981","3.141064","982","3.139832","981","3.14256","980","3.142888","979","3.143808","985","3.137868","985","3.1422","985","3.14208","981","3.140188","981","3.142788","982","3.139216","982","3.14146476","974","989"
"100","3.140612","544","3.143088","593","3.142424","593","3.141344","593","3.142208","593","3.140072","590","3.141556","541","3.142084","966","3.137672","965","3.140372","938","3.139748","967","3.13914","965","3.13856","965","3.140752","967","3.140192","968","3.141452","965","3.138868","965","3.141804","967","3.140492","968","3.142496","964","3.139752","969","3.139216","965","3.142448","939","3.14192","965","3.141292","964","3.141256","964","3.141484","965","3.14524","968","3.139412","965","3.141748","966","3.142872","964","3.14126","969","3.143124","939","3.140532","969","3.140976","936","3.13996","966","3.140324","966","3.140612","965","3.142","965","3.140168","938","3.142688","966","3.14464","965","3.140284","964","3.14186","968","3.14178","965","3.143092","965","3.139376","942","3.144256","968","3.145084","964","3.141236","930","3.139848","936","3.142332","967","3.1408","964","3.140992","965","3.142148","966","3.143952","964","3.140172","966","3.13866","966","3.138104","964","3.140532","965","3.141816","965","3.141832","961","3.143196","964","3.144112","961","3.1432","965","3.140928","965","3.142208","965","3.140676","961","3.143352","965","3.140848","953","3.143016","954","3.141364","953","3.141532","953","3.144564","912","3.144244","913","3.140676","908","3.143476","907","3.143432","908","3.140588","904","3.140648","903","3.14116","908","3.141692","905","3.141868","906","3.144748","904","3.137448","908","3.141836","908","3.140612","906","3.14078","905","3.141008","906","3.139756","904","3.144712","902","3.140548","894","3.141656","898","3.141632","896","3.142488","898","3.142404","898","3.1425","882","3.141892","887","3.141332","887","3.143384","888","3.1415153200000017","918","977"
"Averages","3.1416847599999995","416","3.1415949599999986","728","3.14131708","791","3.141512240000001","842","3.141342039999999","839","3.1415002800000003","857","3.1418033200000006","874","3.1415541200000003","880","3.141494319999999","899","3.1413542000000008","896","3.14156156","912","3.14149824","933","3.1416849200000003","935","3.1417578799999997","940","3.1417739600000005","953","3.1416036800000002","958","3.1417967999999985","957","3.1417098399999985","959","3.1417578399999986","960","3.1416368800000005","956","3.141653360000001","967","3.1417197599999986","972","3.1419338399999996","970","3.141462079999999","970","3.1412980399999997","973","3.141527520000002","978","3.1415395999999998","966","3.1417827999999997","973","3.141581680000001","975","3.1415197199999985","970","3.1416051999999994","976","3.1416778","977","3.1413292800000003","980","3.1419360400000005","977","3.1417902799999995","977","3.1416963599999996","975","3.141837320000001","979","3.1415504","981","3.141485719999999","980","3.1415349600000013","981","3.141453280000001","981","3.1417875600000014","981","3.1415217600000016","981","3.141430720000001","981","3.1415469599999977","984","3.14163392","982","3.1417776800000015","982","3.1413929999999994","986","3.1414219199999995","982","3.1416865599999984","982","3.141209199999999","983","3.1416428400000003","983","3.1414067200000004","985","3.1417672399999987","983","3.1418987599999997","985","3.1417353200000013","983","3.1417554399999994","982","3.141666839999999","982","3.1416427599999985","982","3.141460680000001","982","3.1417313599999996","983","3.1414332000000007","983","3.1415952400000005","983","3.14141552","982","3.1416286800000006","981","3.141584639999999","979","3.1412026","976","3.141716480000001","978","3.1417059200000024","975","3.141532400000001","977","3.141207079999999","975","3.1413396000000016","974","3.14180216","973","3.1417063600000006","973","3.141786839999999","972","3.141587800000001","971","3.1414012799999993","970","3.141608680000002","968","3.1411493200000002","968","3.1416337999999997","967","3.1414634800000005","967","3.141629639999999","966","3.1417243999999993","966","3.1416626400000016","963","3.1415266400000004","962","3.1416129200000005","960","3.1414788799999993","957","3.141783640000002","958","3.1414622800000003","956","3.1414516","956","3.141536399999999","954","3.1414785999999997","953","3.1416593200000005","953","3.1416505200000002","953","3.1416343600000003","952","3.1415004799999986","951","3.1416959600000007","950","3.1418441199999996","950","3.1416444399999994","949","3.141525959999999","949","3.141589750800001","952","1063"
