"Iteration Count","Job[1] Result","Job[1] Runtime (ms)","Job[2] Result","Job[2] Runtime (ms)","Job[3] Result","Job[3] Runtime (ms)","Job[4] Result","Job[4] Runtime (ms)","Job[5] Result","Job[5] Runtime (ms)","Job[6] Result","Job[6] Runtime (ms)","Job[7] Result","Job[7] Runtime (ms)","Job[8] Result","Job[8] Runtime (ms)","Job[9] Result","Job[9] Runtime (ms)","Job[10] Result","Job[10] Runtime (ms)","Job[11] Result","Job[11] Runtime (ms)","Job[12] Result","Job[12] Runtime (ms)","Job[13] Result","Job[13] Runtime (ms)","Job[14] Result","Job[14] Runtime (ms)","Job[15] Result","Job[15] Runtime (ms)","Job[16] Result","Job[16] Runtime (ms)","Job[17] Result","Job[17] Runtime (ms)","Job[18] Result","Job[18] Runtime (ms)","Job[19] Result","Job[19] Runtime (ms)","Job[20] Result","Job[20] Runtime (ms)","Job[21] Result","Job[21] Runtime (ms)","Job[22] Result","Job[22] Runtime (ms)","Job[23] Result","Job[23] Runtime (ms)","Job[24] Result","Job[24] Runtime (ms)","Job[25] Result","Job[25] Runtime (ms)","Job[26] Result","Job[26] Runtime (ms)","Job[27] Result","Job[27] Runtime (ms)","Job[28] Result","Job[28] Runtime (ms)","Job[29] Result","Job[29] Runtime (ms)","Job[30] Result","Job[30] Runtime (ms)","Job[31] Result","Job[31] Runtime (ms)","Job[32] Result","Job[32] Runtime (ms)","Job[33] Result","Job[33] Runtime (ms)","Job[34] Result","Job[34] Runtime (ms)","Job[35] Result","Job[35] Runtime (ms)","Job[36] Result","Job[36] Runtime (ms)","Job[37] Result","Job[37] Runtime (ms)","Job[38] Result","Job[38] Runtime (ms)","Job[39] Result","Job[39] Runtime (ms)","Job[40] Result","Job[40] Runtime (ms)","Job[41] Result","Job[41] Runtime (ms)","Job[42] Result","Job[42] Runtime (ms)","Job[43] Result","Job[43] Runtime (ms)","Job[44] Result","Job[44] Runtime (ms)","Job[45] Result","Job[45] Runtime (ms)","Job[46] Result","Job[46] Runtime (ms)","Job[47] Result","Job[47] Runtime (ms)","Job[48] Result","Job[48] Runtime (ms)","Job[49] Result","Job[49] Runtime (ms)","Job[50] Result","Job[50] Runtime (ms)","Job[51] Result","Job[51] Runtime (ms)","Job[52] Result","Job[52] Runtime (ms)","Job[53] Result","Job[53] Runtime (ms)","Job[54] Result","Job[54] Runtime (ms)","Job[55] Result","Job[55] Runtime (ms)","Job[56] Result","Job[56] Runtime (ms)","Job[57] Result","Job[57] Runtime (ms)","Job[58] Result","Job[58] Runtime (ms)","Job[59] Result","Job[59] Runtime (ms)","Job[60] Result","Job[60] Runtime (ms)","Job[61] Result","Job[61] Runtime (ms)","Job[62] Result","Job[62] Runtime (ms)","Job[63] Result","Job[63] Runtime (ms)","Job[64] Result","Job[64] Runtime (ms)","Job[65] Result","Job[65] Runtime (ms)","Job[66] Result","Job[66] Runtime (ms)","Job[67] Result","Job[67] Runtime (ms)","Job[68] Result","Job[68] Runtime (ms)","Job[69] Result","Job[69] Runtime (ms)","Job[70] Result","Job[70] Runtime (ms)","Job[71] Result","Job[71] Runtime (ms)","Job[72] Result","Job[72] Runtime (ms)","Job[73] Result","Job[73] Runtime (ms)","Job[74] Result","Job[74] Runtime (ms)","Job[75] Result","Job[75] Runtime (ms)","Job[76] Result","Job[76] Runtime (ms)","Job[77] Result","Job[77] Runtime (ms)","Job[78] Result","Job[78] Runtime (ms)","Job[79] Result","Job[79] Runtime (ms)","Job[80] Result","Job[80] Runtime (ms)","Job[81] Result","Job[81] Runtime (ms)","Job[82] Result","Job[82] Runtime (ms)","Job[83] Result","Job[83] Runtime (ms)","Job[84] Result","Job[84] Runtime (ms)","Job[85] Result","Job[85] Runtime (ms)","Job[86] Result","Job[86] Runtime (ms)","Job[87] Result","Job[87] Runtime (ms)","Job[88] Result","Job[88] Runtime (ms)","Job[89] Result","Job[89] Runtime (ms)","Job[90] Result","Job[90] Runtime (ms)","Job[91] Result","Job[91] Runtime (ms)","Job[92] Result","Job[92] Runtime (ms)","Job[93] Result","Job[93] Runtime (ms)","Job[94] Result","Job[94] Runtime (ms)","Job[95] Result","Job[95] Runtime (ms)","Job[96] Result","Job[96] Runtime (ms)","Job[97] Result","Job[97] Runtime (ms)","Job[98] Result","Job[98] Runtime (ms)","Job[99] Result","Job[99] Runtime (ms)","Job[100] Result","Job[100] Runtime (ms)","Average Result","Average Runtime (ms)","Total Runtime (ms)"
"1","3.142184","2182","3.142888","2177","3.143028","2173","3.142836","2147","3.140548","2175","3.143988","2175","3.140548","2175","3.140208","2174","3.139544","2176","3.142944","2174","3.140692","2172","3.141844","2120","3.140148","2165","3.14006","2162","3.140612","2142","3.142748","2111","3.143928","2095","3.140392","2078","3.144208","2077","3.140624","2080","3.141552","2081","3.144536","2081","3.144072","2080","3.139908","2080","3.143144","2079","3.140112","2079","3.138424","2079","3.14042","2078","3.141392","2080","3.14246","2045","3.140848","2045","3.141056","2044","3.140168","2044","3.141928","2044","3.141532","2040","3.142472","2042","3.143816","2004","3.141324","2033","3.139228","2031","3.140272","2033","3.139688","2034","3.138768","2034","3.1419","2033","3.139552","2033","3.143068","2033","3.141852","2033","3.13796","2032","3.139916","2029","3.140644","2032","3.140964","2032","3.142508","2032","3.143208","2030","3.139804","2032","3.142364","2028","3.144016","2032","3.138256","2032","3.142796","2011","3.14128","2015","3.145376","1992","3.140808","1992","3.14158","1991","3.141672","1989","3.139212","1989","3.141868","1991","3.14566","1990","3.141464","1986","3.1455","1986","3.143056","1986","3.141244","1985","3.14468","1985","3.139892","1985","3.14436","1985","3.143532","1985","3.142996","1985","3.138644","1984","3.143784","1984","3.142292","1984","3.144796","1982","3.143456","1984","3.142496","1984","3.140332","1981","3.143112","1984","3.141416","1983","3.140376","1983","3.136748","1983","3.14128","1981","3.141976","1983","3.139244","1983","3.1411","1983","3.14252","1980","3.140696","1983","3.1407","1982","3.14216","1982","3.140568","1983","3.142216","1967","3.1419","1891","3.14128","1893","3.141308","1891","3.139492","1890","3.143072","1893","3.1416104399999996","2034","6023"
"2","3.141268","604","3.141176","680","3.143032","603","3.145344","649","3.14004","674","3.140948","648","3.142784","696","3.142508","696","3.14152","1123","3.1426","668","3.142256","817","3.141672","668","3.140908","1120","3.138664","1157","3.143416","1156","3.140512","1174","3.141284","1174","3.14254","1174","3.142856","1155","3.143012","1098","3.144044","1174","3.139768","1174","3.141684","1174","3.141672","1174","3.14096","1174","3.140036","1113","3.142844","1171","3.144492","1140","3.141508","1135","3.141944","1135","3.139264","1116","3.141104","1135","3.142552","1135","3.140492","1135","3.14152","1134","3.141104","1123","3.141268","1104","3.141752","1122","3.142152","1122","3.138504","1122","3.138708","1119","3.14204","1119","3.141724","1119","3.140512","1119","3.138748","1119","3.1421","1117","3.13978","1116","3.143476","1116","3.142888","1094","3.142356","1094","3.141436","1093","3.144732","1112","3.139692","1112","3.138084","1112","3.141952","1110","3.144544","1090","3.14242","1090","3.136916","1110","3.140968","1109","3.139752","1109","3.143524","1090","3.142352","1109","3.143892","1109","3.139696","1089","3.142712","1109","3.142192","1108","3.144736","1104","3.137584","1103","3.142496","1103","3.1395","1101","3.141184","1101","3.1417","1101","3.139952","1077","3.14064","1077","3.140892","1076","3.142156","1077","3.13832","1077","3.140804","1077","3.141004","1077","3.140732","1073","3.141816","1072","3.141204","1071","3.141636","1070","3.141344","1070","3.14194","1070","3.141136","1070","3.14306","1070","3.145952","1069","3.139152","1070","3.139288","1069","3.14266","1064","3.140004","1064","3.141916","1064","3.139052","1061","3.142092","1061","3.141928","1060","3.145512","1061","3.14174","1061","3.141752","1060","3.14186","1061","3.1415094399999997","1058","1192"
"3","3.14208","464","3.141856","585","3.142728","583","3.140536","485","3.14324","485","3.144112","583","3.1405","485","3.140864","583","3.140328","583","3.143024","462","3.143476","583","3.142604","582","3.141712","577","3.145232","572","3.139884","572","3.139808","974","3.138896","953","3.141036","874","3.141708","852","3.142544","874","3.143216","852","3.139804","874","3.143648","874","3.140316","874","3.139664","874","3.143184","874","3.140292","851","3.140264","852","3.141668","977","3.141672","852","3.142016","934","3.142332","952","3.143628","977","3.143388","867","3.141576","868","3.137492","846","3.141936","948","3.142884","868","3.1386","845","3.14274","867","3.142476","845","3.139492","860","3.140956","915","3.142128","891","3.141212","841","3.140712","841","3.144168","898","3.143636","898","3.138144","918","3.13972","940","3.141124","835","3.141436","914","3.141472","914","3.14166","893","3.142512","911","3.142916","907","3.139832","949","3.141672","966","3.139996","966","3.141212","948","3.14258","949","3.144568","949","3.142024","950","3.14182","949","3.140444","929","3.138372","949","3.139708","949","3.141264","950","3.139952","976","3.138736","976","3.142648","946","3.140092","976","3.139136","976","3.142492","962","3.143068","934","3.142224","920","3.143788","933","3.141692","933","3.142484","932","3.142624","933","3.141412","933","3.143048","933","3.14122","932","3.144552","933","3.142092","933","3.141592","933","3.14218","932","3.143568","932","3.138784","933","3.140632","932","3.14082","932","3.140616","932","3.141312","933","3.140988","932","3.139396","932","3.144296","933","3.140568","933","3.139248","932","3.13966","932","3.144712","932","3.14153376","861","1066"
"4","3.14076","578","3.14344","454","3.142488","1016","3.142556","1017","3.141824","1017","3.142632","985","3.13958","985","3.141992","985","3.138388","1017","3.14146","1014","3.142168","982","3.145948","1014","3.140584","1066","3.141444","1014","3.143208","1013","3.143692","1014","3.14078","982","3.1384","1065","3.14194","1013","3.139228","1013","3.14438","1013","3.142652","1013","3.138348","1012","3.14118","1029","3.140668","1008","3.141796","1061","3.141096","1060","3.142688","1060","3.142768","1061","3.142568","1061","3.140992","1061","3.142836","1061","3.1401","1060","3.141492","1060","3.137572","1061","3.142528","1061","3.144216","1061","3.143568","1008","3.139344","1009","3.139272","1008","3.14234","1061","3.139736","977","3.141696","1061","3.141804","1008","3.141324","1050","3.14052","1049","3.141236","1050","3.143284","1042","3.140864","1042","3.144012","1041","3.143968","1039","3.138688","1039","3.142524","1039","3.14152","1038","3.140308","1038","3.141516","1035","3.140716","1036","3.141876","1035","3.142912","1032","3.143368","1032","3.141204","1032","3.14362","1028","3.142588","1029","3.144608","1029","3.143924","1029","3.143844","1029","3.145256","1029","3.142376","1024","3.1396","1024","3.14328","1025","3.1418","1021","3.142456","1022","3.142788","1021","3.143036","1021","3.141036","1021","3.14306","1022","3.145968","1021","3.1415","1021","3.142076","1022","3.139764","1021","3.143948","1022","3.140516","1022","3.142524","1022","3.142528","1021","3.140972","1021","3.1415","1021","3.13984","1021","3.141948","1021","3.14152","1022","3.138792","1022","3.143148","1021","3.141344","1021","3.140976","1021","3.140912","1021","3.140428","1021","3.145336","1021","3.143084","1021","3.141252","1021","3.140896","1021","3.141016","1022","3.1418305200000005","1017","1072"
"5","3.14424","985","3.14724","1011","3.141452","992","3.14264","992","3.141972","993","3.142168","987","3.140836","1011","3.14078","1011","3.143212","1011","3.137608","993","3.143884","1011","3.14266","994","3.145052","990","3.141712","1011","3.14258","987","3.14116","993","3.13944","1011","3.141788","1011","3.14386","986","3.14266","993","3.141584","993","3.140864","985","3.14254","984","3.143148","1011","3.141492","1011","3.140648","1010","3.13962","1011","3.1446","981","3.143588","1010","3.142796","982","3.142412","994","3.139768","993","3.141604","985","3.141984","992","3.140888","992","3.138392","1011","3.141628","1011","3.14212","981","3.142488","1011","3.142628","993","3.139856","990","3.14282","1010","3.142104","982","3.140228","1010","3.139868","1010","3.144448","992","3.14122","1010","3.142796","987","3.142272","984","3.14234","1010","3.142532","989","3.14068","1010","3.1407","990","3.14264","991","3.14096","1010","3.140612","1010","3.142344","982","3.141968","982","3.139412","989","3.143584","992","3.140156","980","3.142508","983","3.14126","986","3.141616","987","3.137692","1010","3.141652","983","3.14322","990","3.141096","984","3.141444","990","3.142012","1010","3.140264","993","3.143676","1010","3.139196","986","3.143368","960","3.144008","1010","3.141196","980","3.142492","992","3.141904","1010","3.14462","987","3.143524","993","3.139784","1010","3.141268","982","3.142464","991","3.142268","988","3.141184","1010","3.142468","1009","3.141968","974","3.141932","1001","3.141928","1001","3.14098","982","3.140184","984","3.141944","984","3.1395","984","3.142936","1001","3.140836","980","3.1416","998","3.1389","981","3.1402","980","3.143364","998","3.14254","975","3.1418027200000007","994","1011"
"6","3.141808","744","3.14254","595","3.140524","743","3.140852","1039","3.142672","961","3.139724","962","3.142152","961","3.140984","1019","3.141744","1019","3.141052","961","3.144236","1019","3.14164","961","3.142884","961","3.142512","1019","3.142412","1019","3.143836","1000","3.139804","961","3.141072","980","3.140576","961","3.140304","980","3.141744","1019","3.143032","1019","3.141008","1000","3.141548","1019","3.141172","1019","3.142148","1036","3.13818","1000","3.14132","1000","3.14252","1000","3.142368","980","3.13826","1019","3.143916","1019","3.1432","1000","3.14264","961","3.142472","961","3.142128","1018","3.141464","960","3.140584","1018","3.142692","1014","3.139876","1006","3.139276","1005","3.140716","1005","3.143424","1003","3.142924","1003","3.142388","996","3.143112","992","3.141192","971","3.14228","985","3.143584","984","3.138912","984","3.140424","984","3.140528","984","3.14426","984","3.140628","980","3.142364","996","3.14136","980","3.14224","980","3.14388","980","3.142616","980","3.140936","980","3.14492","961","3.1442","980","3.14226","980","3.143928","980","3.145248","980","3.142104","980","3.142608","979","3.141232","992","3.142972","991","3.143316","991","3.140968","975","3.139592","975","3.14212","975","3.142788","991","3.14054","975","3.142416","975","3.14228","991","3.1424","975","3.138672","988","3.142188","988","3.140872","988","3.143304","972","3.138044","988","3.14104","985","3.141232","968","3.142808","981","3.141084","976","3.139456","976","3.14408","976","3.142292","976","3.141888","976","3.140504","976","3.140888","976","3.141344","976","3.141936","975","3.143016","976","3.142532","976","3.143688","976","3.138008","976","3.141432","975","3.141788439999999","978","1041"
"7","3.142396","740","3.14216","885","3.140408","765","3.143216","788","3.142876","885","3.140544","1102","3.14116","884","3.14424","1139","3.143624","1139","3.143696","1159","3.143212","1139","3.141252","1158","3.140392","1118","3.141748","1098","3.141436","1098","3.145464","1140","3.139572","1158","3.140244","1140","3.141756","1140","3.145716","1139","3.140524","1139","3.141428","1139","3.143196","1118","3.142868","1098","3.140196","1139","3.142","1158","3.14142","1158","3.144192","1098","3.141592","1139","3.141932","1139","3.141852","1139","3.141412","1140","3.14422","1140","3.141572","1139","3.139996","1139","3.139832","1100","3.144224","1139","3.140356","1139","3.140904","1121","3.141336","1120","3.141688","1100","3.14108","1139","3.14038","1120","3.139112","1139","3.14298","1139","3.142076","1139","3.14206","1121","3.13904","1139","3.142056","1139","3.13996","1139","3.140448","1120","3.142256","1100","3.14124","1120","3.140336","1139","3.142676","1139","3.142652","1139","3.142644","1139","3.140616","1139","3.143368","1139","3.141204","1119","3.141368","1121","3.142716","1139","3.142616","1139","3.143176","1120","3.140388","1139","3.141248","1120","3.144908","1139","3.143552","1138","3.143852","1099","3.141704","1119","3.141032","1139","3.138476","1139","3.140352","1102","3.145308","1120","3.141372","1075","3.141044","1086","3.141864","1086","3.14056","1086","3.139228","1067","3.139748","1076","3.140724","1073","3.13952","1073","3.140592","1073","3.14218","1054","3.140028","1072","3.14226","1072","3.13848","1072","3.14316","1072","3.142368","1071","3.14196","1071","3.143924","1071","3.143032","1071","3.14036","1072","3.143184","1071","3.141676","1071","3.14016","1058","3.141548","1058","3.139532","1058","3.141468","1058","3.139852","1058","3.141685559999999","1096","1164"
"8","3.14206","172","3.14226","296","3.140064","999","3.141932","999","3.140764","970","3.142232","999","3.141324","973","3.143004","997","3.140564","963","3.140756","1002","3.142204","968","3.141112","997","3.1425","997","3.140832","997","3.14234","969","3.14132","964","3.144668","997","3.142576","997","3.142512","961","3.143732","1000","3.142468","969","3.140624","1001","3.138388","999","3.141128","998","3.141064","1000","3.142676","1001","3.141584","995","3.142064","994","3.14266","995","3.141524","1000","3.144292","1000","3.143676","1000","3.140076","1001","3.142212","999","3.141336","997","3.143188","994","3.14258","998","3.141244","994","3.145464","996","3.139812","994","3.141272","999","3.14248","993","3.143224","997","3.143404","993","3.14272","1000","3.14276","1000","3.137832","996","3.141412","995","3.14246","993","3.14208","997","3.142808","1000","3.13908","997","3.140356","994","3.14146","1000","3.140588","996","3.138128","999","3.14442","998","3.141476","998","3.14284","993","3.142348","995","3.141172","1000","3.140088","996","3.141168","994","3.140424","997","3.140972","961","3.141232","998","3.143176","998","3.139168","993","3.14174","993","3.139704","957","3.13788","996","3.142484","994","3.14044","993","3.14292","1000","3.140328","998","3.139516","998","3.140908","993","3.141756","994","3.140012","996","3.14556","999","3.141956","998","3.14252","993","3.143888","998","3.142872","992","3.139344","994","3.141","993","3.143236","990","3.140196","993","3.143664","995","3.143736","993","3.141536","995","3.142576","989","3.141664","988","3.139988","989","3.139804","993","3.144012","989","3.14014","990","3.141968","995","3.141744","993","3.14356","988","3.1417001600000005","977","1005"
"9","3.142504","26","3.14072","977","3.143188","976","3.142332","983","3.140972","981","3.140936","983","3.1426","981","3.138696","953","3.140568","815","3.138536","983","3.140956","983","3.142268","981","3.143224","976","3.143708","950","3.14196","983","3.140716","981","3.141912","976","3.137268","976","3.144212","953","3.140808","981","3.139672","983","3.139052","983","3.14192","981","3.140096","946","3.139052","945","3.141532","982","3.139444","981","3.141928","976","3.143536","949","3.14158","969","3.140412","903","3.1388","936","3.141892","934","3.142076","930","3.140328","936","3.143264","934","3.1379","931","3.138444","929","3.141768","930","3.140652","926","3.140012","926","3.141164","927","3.142844","925","3.141052","926","3.13998","925","3.140712","923","3.138088","924","3.140604","925","3.143248","924","3.139424","925","3.141704","924","3.141364","924","3.141848","924","3.140208","924","3.141792","924","3.139828","924","3.142132","924","3.139632","924","3.141844","922","3.144744","922","3.138496","924","3.140604","924","3.143124","924","3.13932","923","3.142336","910","3.139892","910","3.140084","910","3.142104","909","3.142944","898","3.143236","898","3.145396","898","3.141368","898","3.142824","891","3.141692","898","3.138996","896","3.140808","892","3.144212","891","3.143168","891","3.142888","889","3.142596","889","3.143704","888","3.142472","904","3.141368","887","3.142376","888","3.1401","888","3.14194","887","3.141836","896","3.1409","896","3.14266","880","3.14016","896","3.14282","880","3.140284","896","3.142636","896","3.143204","896","3.139324","896","3.141156","896","3.142832","880","3.143796","896","3.139336","878","3.140296","879","3.1413294400000007","917","1002"
"10","3.14052","497","3.142588","470","3.142384","497","3.141372","497","3.139144","938","3.141564","993","3.144876","993","3.139016","994","3.141628","990","3.141528","764","3.139176","990","3.140908","764","3.140516","993","3.140424","993","3.143552","989","3.140252","994","3.141316","993","3.140188","932","3.143356","984","3.141284","970","3.144072","970","3.143524","970","3.143548","970","3.144864","970","3.142696","965","3.142636","962","3.141672","962","3.140592","961","3.141224","962","3.141248","957","3.141676","962","3.14304","962","3.143492","961","3.142016","962","3.139284","951","3.139808","953","3.138956","923","3.141188","957","3.138416","927","3.141748","957","3.141176","957","3.140496","980","3.14208","953","3.142772","959","3.141796","959","3.142824","958","3.142912","980","3.14002","953","3.143588","954","3.140444","952","3.145272","958","3.140568","978","3.140964","955","3.141708","957","3.14144","958","3.138808","953","3.142208","946","3.143036","957","3.140308","958","3.138784","955","3.1436","954","3.141076","959","3.14086","958","3.140976","954","3.142812","959","3.142188","958","3.142704","959","3.139336","954","3.139608","956","3.14276","956","3.141408","958","3.141648","952","3.145292","959","3.141372","952","3.140336","959","3.146168","953","3.137676","954","3.143828","955","3.139896","945","3.141064","954","3.143048","958","3.142472","954","3.142052","957","3.142908","959","3.139636","956","3.141616","958","3.140864","958","3.14194","959","3.141244","953","3.140328","955","3.140848","958","3.138668","954","3.14218","956","3.140432","950","3.140028","956","3.140428","957","3.142204","959","3.138528","950","3.140972","930","3.140024","928","3.141475239999998","937","1028"
"11","3.143372","279","3.141828","562","3.139868","535","3.144728","561","3.140016","561","3.140728","561","3.139816","561","3.14246","558","3.141092","558","3.144092","558","3.14296","581","3.1437","956","3.139024","957","3.144152","956","3.141048","957","3.140448","786","3.141244","774","3.140032","810","3.140564","953","3.142608","952","3.140516","898","3.1408","889","3.144092","952","3.142896","899","3.144168","953","3.142088","954","3.1432","953","3.142352","952","3.144004","946","3.14298","948","3.14148","945","3.142928","945","3.139368","945","3.141488","946","3.143116","945","3.143852","945","3.144072","948","3.138852","946","3.141604","945","3.144912","948","3.141688","946","3.140704","946","3.141768","947","3.140888","944","3.143136","944","3.142548","947","3.142724","945","3.143792","924","3.139568","943","3.141432","943","3.143116","946","3.14124","946","3.14054","945","3.14148","945","3.14254","947","3.142704","947","3.144208","947","3.13904","946","3.14408","946","3.14464","946","3.140452","947","3.140824","943","3.140648","947","3.1438","943","3.14082","943","3.140408","945","3.14382","944","3.138488","943","3.138364","891","3.141016","891","3.141332","891","3.13844","891","3.140852","890","3.140156","891","3.142372","887","3.14026","891","3.143804","891","3.14088","890","3.142208","888","3.14318","888","3.141296","888","3.141292","890","3.14042","891","3.139704","887","3.138968","887","3.140076","888","3.140136","890","3.143988","888","3.14128","891","3.141412","890","3.1428","890","3.140072","890","3.142348","890","3.140256","891","3.139388","887","3.142336","889","3.14496","888","3.1436","887","3.14148","887","3.141448","890","3.1417376800000003","876","968"
"12","3.141848","20","3.143048","566","3.14262","542","3.143524","566","3.144504","616","3.141452","590","3.14392","566","3.14246","955","3.14504","972","3.141596","932","3.138464","955","3.140232","955","3.142236","972","3.14218","955","3.13906","958","3.142856","954","3.14164","955","3.1414","955","3.139896","971","3.140072","955","3.14284","954","3.138956","954","3.142596","972","3.141068","955","3.144652","971","3.13884","954","3.142848","955","3.141728","971","3.142768","954","3.141192","955","3.14542","931","3.14184","923","3.142892","932","3.139464","931","3.141344","971","3.142156","931","3.14206","971","3.137792","941","3.139708","941","3.140576","948","3.144224","910","3.14082","933","3.143312","916","3.142508","920","3.140484","933","3.144344","933","3.147024","919","3.14088","918","3.139968","933","3.143168","916","3.140288","893","3.139488","917","3.141668","915","3.144348","932","3.141736","933","3.141312","916","3.141404","933","3.142656","916","3.141396","917","3.140284","919","3.142008","919","3.140972","932","3.14038","917","3.140532","932","3.138996","919","3.14284","933","3.140668","932","3.144436","917","3.142748","916","3.14054","932","3.141896","932","3.14052","932","3.140036","932","3.144672","918","3.1424","932","3.14036","917","3.1415","933","3.140456","918","3.14476","919","3.140212","933","3.143036","918","3.140576","918","3.140796","932","3.140664","932","3.141444","932","3.13726","918","3.138512","916","3.143328","931","3.140716","932","3.139072","915","3.140468","932","3.141964","932","3.141984","932","3.139908","932","3.141736","917","3.139332","932","3.143116","932","3.140676","932","3.140672","917","3.143416","932","3.1415970799999995","903","977"
"13","3.14152","157","3.141828","878","3.143612","877","3.141016","911","3.141356","666","3.143844","883","3.14182","877","3.140816","597","3.138788","853","3.1414","882","3.141168","911","3.140632","887","3.139548","856","3.14224","911","3.144748","877","3.142216","911","3.144384","877","3.142208","911","3.140576","818","3.14252","850","3.141884","862","3.144112","837","3.1417","861","3.143664","861","3.143404","837","3.140524","803","3.141288","836","3.141128","861","3.1437","825","3.142148","829","3.141612","829","3.138816","829","3.144588","853","3.143108","827","3.142688","848","3.140352","845","3.141748","844","3.144924","845","3.141988","812","3.139596","817","3.140768","821","3.14302","844","3.143704","821","3.14306","821","3.141448","817","3.142972","844","3.14248","811","3.140316","816","3.14162","844","3.141","843","3.1417","821","3.141668","844","3.141628","814","3.138976","819","3.141776","841","3.14176","842","3.144104","841","3.141148","841","3.14308","841","3.141376","841","3.141528","814","3.144","841","3.139444","818","3.142884","920","3.143288","920","3.142504","920","3.143928","920","3.140912","920","3.142024","920","3.141224","920","3.139732","920","3.141532","918","3.141512","918","3.143232","913","3.140988","913","3.139172","912","3.143568","913","3.143244","913","3.141624","913","3.139844","911","3.14336","912","3.140448","913","3.141608","912","3.14262","911","3.142848","912","3.138436","911","3.143348","913","3.141164","913","3.141012","912","3.140416","912","3.141788","913","3.1395","906","3.144304","907","3.141896","906","3.140268","905","3.145472","907","3.143132","907","3.141004","907","3.142176","905","3.143084","907","3.141908840000001","860","1006"
"14","3.13984","577","3.14174","576","3.141844","552","3.138196","552","3.14122","939","3.13754","911","3.142736","939","3.144212","937","3.13888","937","3.141056","937","3.14256","938","3.143292","940","3.141424","938","3.142768","937","3.141972","938","3.139024","903","3.143524","938","3.144356","916","3.145836","938","3.13928","939","3.140684","938","3.145016","941","3.13858","906","3.142892","938","3.141272","938","3.139852","939","3.14304","937","3.140472","939","3.143816","942","3.141292","936","3.140192","937","3.144092","911","3.139156","903","3.141804","937","3.139636","933","3.140948","935","3.139744","932","3.139488","935","3.140524","933","3.142744","935","3.140112","935","3.138232","937","3.140252","934","3.139624","907","3.144748","934","3.139196","935","3.142224","933","3.1405","937","3.143792","932","3.140912","937","3.138724","933","3.14052","932","3.143464","932","3.142088","933","3.140308","936","3.140344","932","3.141816","934","3.1382","931","3.139616","933","3.140656","933","3.142976","934","3.142804","923","3.140596","928","3.141908","923","3.140956","929","3.143376","923","3.1421","926","3.14048","926","3.140736","924","3.141568","924","3.140948","914","3.140772","898","3.142708","886","3.13838","892","3.140124","892","3.140796","890","3.141512","892","3.143984","892","3.143836","892","3.139216","890","3.138744","888","3.139964","890","3.140756","892","3.142812","886","3.142456","889","3.143776","887","3.14192","883","3.140548","889","3.142576","889","3.142712","888","3.144176","889","3.143008","883","3.139808","886","3.143928","889","3.144396","889","3.142576","884","3.141564","886","3.141804","889","3.140896","860","3.138692","887","3.141387600000001","903","949"
"15","3.14134","393","3.142668","575","3.140884","576","3.141772","576","3.140432","603","3.1427","572","3.141124","573","3.142208","916","3.14526","942","3.141876","942","3.140244","965","3.141452","943","3.139084","942","3.141632","942","3.140396","916","3.141064","1000","3.141464","1000","3.139308","1000","3.142064","1000","3.14134","965","3.14146","998","3.144","1000","3.142184","971","3.13946","971","3.13988","1005","3.14272","1004","3.142972","965","3.141508","1026","3.139352","968","3.141204","971","3.140312","943","3.143452","968","3.139844","1007","3.141788","985","3.14364","984","3.141524","978","3.144416","985","3.139704","985","3.140912","982","3.140508","1007","3.139396","986","3.143132","1007","3.142992","979","3.141608","985","3.140436","985","3.138668","1007","3.140092","1007","3.14166","986","3.139948","985","3.143044","983","3.141876","985","3.14198","983","3.142028","985","3.143088","978","3.140284","984","3.137592","981","3.139736","986","3.139296","1006","3.140116","984","3.141876","984","3.139876","985","3.14408","983","3.142268","984","3.139548","985","3.141864","984","3.14158","1006","3.138812","980","3.141684","985","3.139392","1006","3.139676","983","3.141472","983","3.14058","980","3.139708","976","3.140868","1004","3.142068","978","3.145404","977","3.14062","976","3.141936","977","3.138928","999","3.140196","972","3.13948","978","3.140716","978","3.140392","977","3.141072","975","3.140676","970","3.13896","970","3.143808","969","3.141832","970","3.142212","970","3.142324","991","3.141692","970","3.141436","991","3.145228","991","3.14164","967","3.142348","970","3.141476","963","3.14404","968","3.140332","969","3.141012","991","3.14284","991","3.1413207599999997","950","1034"
"16","3.139632","805","3.14144","629","3.14138","804","3.140652","805","3.1412","777","3.141756","804","3.139716","805","3.140848","776","3.14258","804","3.141476","827","3.14326","803","3.13994","827","3.142032","827","3.142704","804","3.143148","804","3.140128","804","3.141972","827","3.14126","805","3.14142","804","3.143636","804","3.139388","804","3.141864","804","3.142564","827","3.142192","827","3.141168","730","3.142244","804","3.140832","804","3.140236","827","3.141096","803","3.14306","804","3.1418","823","3.139556","801","3.1434","783","3.137908","803","3.14052","803","3.141728","802","3.140136","790","3.138068","767","3.142444","755","3.141236","947","3.138836","907","3.14262","947","3.140856","974","3.142236","970","3.141992","911","3.142752","969","3.140268","969","3.143388","969","3.141844","970","3.13898","932","3.141528","970","3.142732","969","3.142752","969","3.141192","969","3.14258","947","3.13822","969","3.141708","946","3.142512","947","3.140568","969","3.140128","947","3.143544","970","3.139836","947","3.143128","969","3.138316","931","3.142208","969","3.138812","969","3.142216","969","3.141936","877","3.142756","899","3.140836","876","3.143416","900","3.140508","901","3.139904","899","3.144628","900","3.143424","899","3.138264","893","3.14384","894","3.143268","892","3.141084","895","3.142784","893","3.140524","886","3.140328","890","3.143308","886","3.141292","885","3.139492","885","3.145016","870","3.141928","869","3.143284","868","3.14134","872","3.141412","867","3.14446","867","3.141952","867","3.139884","869","3.140492","872","3.142784","872","3.142964","872","3.145856","872","3.140536","869","3.143148","873","3.142636","868","3.14156656","869","1027"
"17","3.141596","584","3.139852","611","3.145564","584","3.14148","657","3.1399","610","3.141632","657","3.142968","610","3.14158","584","3.141216","584","3.142304","603","3.141768","1025","3.142756","1027","3.141768","1046","3.141864","994","3.138928","1028","3.144564","1027","3.14098","981","3.14418","1025","3.140288","1046","3.142856","1019","3.141748","981","3.138784","1028","3.143284","1028","3.139924","1025","3.138524","1020","3.142004","981","3.142208","1027","3.14442","1046","3.138916","1046","3.141272","1039","3.141872","1039","3.141652","1039","3.13938","1039","3.142752","1039","3.140028","1020","3.14056","1038","3.144132","1038","3.143884","1019","3.142584","1037","3.142668","1037","3.141632","1037","3.144872","1038","3.140928","1038","3.141","1016","3.140412","1037","3.138768","1038","3.143504","1038","3.140448","1037","3.140728","1015","3.142676","1037","3.141784","1037","3.14122","1037","3.141352","1038","3.14292","1037","3.142332","1037","3.143704","1037","3.139972","1037","3.141568","1038","3.140932","1019","3.142696","1037","3.13922","1037","3.142212","1018","3.14208","1037","3.142588","1037","3.141384","1037","3.141748","1037","3.14236","1037","3.14064","1018","3.142276","1037","3.1432","1037","3.136988","1037","3.14324","1037","3.140472","1019","3.140304","1014","3.142324","1014","3.143936","1014","3.142852","993","3.140988","1014","3.142208","1014","3.14094","993","3.13934","1013","3.142168","1014","3.141844","1014","3.142696","1013","3.140256","1014","3.142996","1013","3.14106","1013","3.140216","1014","3.143084","1014","3.141716","1014","3.142984","1014","3.141744","1014","3.140444","994","3.142584","992","3.141544","1013","3.143052","1013","3.142392","1013","3.14318","1013","3.139004","1013","3.142308","1013","3.1416865999999994","982","1056"
"18","3.142132","215","3.139664","486","3.144024","534","3.135276","653","3.139788","534","3.139036","457","3.1434","533","3.138804","653","3.14246","646","3.140876","646","3.143372","527","3.139252","955","3.14114","933","3.140712","933","3.14108","955","3.141296","933","3.140064","955","3.142184","922","3.140624","922","3.139764","933","3.138912","955","3.1421","955","3.14016","933","3.142508","927","3.140172","955","3.145416","955","3.140832","933","3.14242","933","3.142804","920","3.14108","949","3.144464","949","3.143572","926","3.143328","931","3.13888","931","3.142256","906","3.139864","921","3.141588","921","3.144","892","3.141744","899","3.141824","920","3.142272","921","3.138516","899","3.141668","888","3.140916","888","3.140912","882","3.140652","882","3.137704","910","3.14324","888","3.140496","909","3.141224","887","3.142532","881","3.141364","881","3.143124","909","3.144364","908","3.139872","881","3.139488","908","3.140208","893","3.140768","893","3.142468","892","3.142176","872","3.144092","892","3.142332","871","3.143248","871","3.141344","892","3.141548","890","3.14258","890","3.144536","890","3.142456","890","3.139944","890","3.140908","890","3.140948","890","3.140296","890","3.14384","890","3.141152","890","3.141696","880","3.142716","879","3.140284","879","3.142596","879","3.141808","879","3.145116","880","3.141164","880","3.140368","880","3.140032","880","3.140216","880","3.142732","879","3.142852","880","3.138564","880","3.142064","879","3.14132","879","3.14038","880","3.140308","879","3.140692","880","3.142392","879","3.14178","880","3.140884","880","3.140152","880","3.143352","880","3.139648","879","3.14042","880","3.141948","879","3.141415440000001","861","965"
"19","3.143292","206","3.14206","544","3.140528","544","3.142148","978","3.1402","978","3.139132","1015","3.14046","1015","3.142388","978","3.141256","1015","3.143124","1015","3.139948","978","3.140396","1015","3.140788","1015","3.143504","1007","3.138396","1008","3.144136","1008","3.140904","1007","3.142204","1008","3.14514","1010","3.142536","1009","3.139044","1007","3.14114","976","3.14482","1008","3.141804","1008","3.142208","1007","3.142768","1014","3.142748","986","3.144048","1007","3.142908","985","3.140376","1014","3.142004","1014","3.137412","981","3.141824","1008","3.142076","1008","3.140244","1007","3.140452","1008","3.142584","1009","3.141632","1008","3.140604","1007","3.1412","1009","3.14042","1014","3.144044","1014","3.141012","1010","3.139164","1010","3.1392","1008","3.14208","1009","3.140072","1007","3.142772","1007","3.141296","1008","3.145156","1009","3.14258","1007","3.141704","1007","3.14196","1007","3.140904","1009","3.14254","1007","3.142396","1009","3.142728","1014","3.143228","1008","3.143052","1007","3.1392","1013","3.141524","1007","3.139812","1007","3.140856","1006","3.142028","1007","3.141","1009","3.143536","1007","3.140672","1010","3.138088","1010","3.139688","1007","3.140176","1007","3.141568","1008","3.145428","1009","3.140236","980","3.139608","1009","3.1427","1007","3.140972","1010","3.142088","1007","3.141616","1006","3.141656","1013","3.14182","1007","3.1423","1009","3.140104","1009","3.143624","1006","3.140576","1007","3.140732","1007","3.142616","1013","3.14298","1007","3.145588","1007","3.139184","1013","3.14166","1007","3.141712","1007","3.140848","1007","3.141316","1013","3.142532","1008","3.139664","1013","3.141104","1010","3.144444","1007","3.142008","1007","3.142028","1007","3.142132","1013","3.1416216800000005","989","1026"
"20","3.140524","343","3.143136","748","3.144348","773","3.14018","773","3.140476","748","3.140464","773","3.142676","748","3.141632","748","3.1416","773","3.142668","750","3.139128","773","3.141564","773","3.141756","773","3.14224","773","3.141364","763","3.143652","763","3.141524","761","3.1403","761","3.145408","761","3.139336","760","3.144528","736","3.139648","761","3.142544","760","3.141776","760","3.139616","760","3.140572","760","3.142564","760","3.13874","760","3.14312","771","3.143168","748","3.141224","748","3.14002","771","3.138996","771","3.14424","743","3.144456","765","3.139072","742","3.140736","765","3.139856","761","3.140836","780","3.1433","761","3.145752","737","3.14028","761","3.141144","760","3.142984","907","3.141292","909","3.142644","904","3.139092","908","3.140328","902","3.142272","909","3.139988","906","3.137588","896","3.145632","904","3.141364","898","3.142616","905","3.141616","908","3.144636","905","3.14098","909","3.141916","908","3.143012","905","3.144516","907","3.139212","908","3.141524","901","3.141784","906","3.142988","907","3.143236","906","3.144104","906","3.146028","901","3.142712","908","3.142728","906","3.140736","907","3.14306","900","3.143104","907","3.1402","905","3.14394","908","3.143196","908","3.140768","908","3.14148","906","3.139752","903","3.141608","908","3.143196","903","3.141436","908","3.137124","905","3.137764","906","3.142876","905","3.14032","901","3.141964","908","3.141696","906","3.141444","908","3.14108","903","3.14026","907","3.140572","896","3.139508","908","3.144376","898","3.143612","901","3.144388","906","3.137936","908","3.139808","907","3.141564","908","3.137708","903","3.141264","906","3.141646959999999","838","967"
"21","3.141404","510","3.140472","913","3.142716","909","3.14098","905","3.142368","909","3.140176","905","3.141348","909","3.138976","913","3.142872","884","3.139776","905","3.143388","909","3.141636","910","3.142044","909","3.141804","913","3.140636","909","3.14298","905","3.141084","909","3.140228","913","3.140212","883","3.140724","909","3.143176","909","3.137672","913","3.142464","904","3.141944","881","3.141604","881","3.139452","880","3.142996","878","3.141804","875","3.14","878","3.138348","875","3.142652","874","3.139508","875","3.14036","871","3.143104","871","3.141848","866","3.140296","870","3.14156","871","3.140048","890","3.139496","865","3.13896","866","3.144212","871","3.141144","890","3.141412","872","3.142056","890","3.143424","866","3.143736","871","3.144652","870","3.141612","870","3.1426","865","3.139284","859","3.138916","890","3.138888","871","3.140368","871","3.142448","869","3.143592","870","3.141612","872","3.140116","865","3.14188","872","3.141216","869","3.140812","870","3.141512","871","3.141248","861","3.142408","869","3.141576","872","3.140164","868","3.142852","871","3.141576","865","3.14242","877","3.143536","870","3.143796","869","3.141272","869","3.141624","869","3.139872","869","3.13984","869","3.143168","869","3.13848","869","3.141508","846","3.141192","862","3.143184","862","3.141056","862","3.139716","862","3.142452","862","3.141268","862","3.140676","862","3.140708","862","3.139408","862","3.14134","862","3.142508","862","3.143048","862","3.144024","862","3.139932","862","3.14148","862","3.141576","862","3.140444","862","3.143576","862","3.142812","862","3.145388","862","3.140248","862","3.142896","862","3.141096","862","3.1414397599999995","873","937"
"22","3.142964","627","3.143244","575","3.138284","627","3.142568","627","3.140312","625","3.143184","626","3.142228","624","3.13886","698","3.140936","1055","3.140924","920","3.137172","848","3.14154","1055","3.141016","891","3.14212","821","3.138576","931","3.142036","1054","3.140752","1055","3.141968","854","3.14192","888","3.142244","1052","3.139716","1048","3.140828","1047","3.137332","991","3.14032","1048","3.142256","978","3.142864","1044","3.140876","1012","3.145004","1013","3.143384","1044","3.143212","1043","3.140172","1012","3.139684","1049","3.142772","1044","3.142344","1045","3.141724","1013","3.143696","1044","3.141992","1045","3.141756","1012","3.14078","1013","3.140708","1012","3.142092","1051","3.141904","1012","3.141192","1044","3.139676","1044","3.143596","1051","3.139156","1045","3.142972","1043","3.145452","1013","3.142532","1013","3.142376","1043","3.145432","1042","3.143","1013","3.13906","1039","3.140244","1044","3.140372","1038","3.144152","1045","3.142472","1042","3.144204","1004","3.139832","1039","3.140188","1035","3.143528","1036","3.141672","1039","3.143136","1032","3.14082","1039","3.140828","1036","3.141632","1031","3.140496","1037","3.139772","1039","3.141156","1038","3.141264","1037","3.144132","1037","3.1397","1031","3.14184","1029","3.141328","1031","3.14066","1036","3.1432","1022","3.141724","1020","3.141516","1024","3.143224","1021","3.144596","1020","3.141092","1001","3.142024","1002","3.14194","997","3.142112","1000","3.140568","998","3.141172","999","3.141964","999","3.138748","996","3.143288","1000","3.142252","995","3.143792","998","3.140192","998","3.139556","998","3.139124","999","3.142412","998","3.141044","998","3.141168","999","3.139352","996","3.142088","998","3.143784","999","3.141580679999999","983","1072"
"23","3.14066","149","3.141308","581","3.139988","579","3.14308","687","3.139588","971","3.14182","807","3.1441","971","3.143624","970","3.14432","962","3.137928","962","3.141824","970","3.14018","970","3.141052","962","3.139568","783","3.144052","970","3.139824","941","3.141072","962","3.139016","970","3.1399","971","3.142236","944","3.140072","947","3.139484","969","3.144048","1006","3.142788","948","3.139148","935","3.142056","970","3.13998","970","3.142468","935","3.140464","968","3.140952","935","3.14152","936","3.14072","935","3.137976","971","3.14004","1007","3.143276","970","3.143508","1007","3.14124","970","3.14278","970","3.141084","936","3.138804","975","3.14294","1002","3.142108","1002","3.140236","1022","3.139828","1002","3.139772","1001","3.13986","1002","3.139888","1002","3.14168","1004","3.141172","1002","3.142932","1001","3.143104","1022","3.144556","1003","3.138732","1001","3.139576","1001","3.141112","1003","3.141128","971","3.143692","1001","3.143588","1002","3.14432","1002","3.14198","1002","3.14042","1004","3.14","1002","3.141084","1002","3.142808","1002","3.141932","1003","3.142344","1002","3.142832","1003","3.139972","1002","3.14142","1001","3.1409","1003","3.142208","1002","3.141608","1002","3.142012","1001","3.143124","993","3.141204","994","3.139132","993","3.13986","993","3.142156","1012","3.141408","992","3.143676","992","3.142128","994","3.14132","993","3.143136","993","3.140668","994","3.141164","992","3.137764","993","3.142692","992","3.14112","993","3.141868","992","3.139272","978","3.140596","976","3.141984","976","3.141232","995","3.137936","973","3.141936","973","3.140828","955","3.139376","945","3.140288","942","3.14","961","3.1396","856","3.1412476","958","1057"
"24","3.141548","453","3.140772","873","3.141136","926","3.141496","873","3.14216","526","3.142612","602","3.140764","903","3.14262","526","3.13994","894","3.141084","477","3.141652","920","3.140188","919","3.14454","919","3.139704","919","3.14202","919","3.140368","918","3.146052","908","3.142436","909","3.14344","907","3.14064","909","3.143444","909","3.143712","915","3.139444","912","3.145292","908","3.140344","885","3.139576","909","3.142236","936","3.142008","909","3.143264","909","3.14278","912","3.145216","915","3.14274","915","3.142708","914","3.142748","909","3.141076","909","3.140204","909","3.140668","908","3.140584","908","3.143956","919","3.142684","907","3.142488","908","3.140684","908","3.14424","876","3.143988","905","3.141996","906","3.139472","907","3.140128","907","3.14378","903","3.1424","907","3.142492","931","3.139944","902","3.141796","907","3.142428","931","3.1415","897","3.144808","897","3.140624","891","3.1424","897","3.142864","897","3.141712","915","3.142392","915","3.143148","893","3.144808","887","3.144192","897","3.143988","890","3.136364","915","3.139728","915","3.141116","915","3.14276","915","3.142344","915","3.13832","915","3.140852","887","3.14034","897","3.141316","891","3.143212","897","3.140048","915","3.139632","901","3.14488","878","3.139572","883","3.146824","901","3.144932","873","3.142072","901","3.14166","901","3.142176","878","3.143192","883","3.138632","879","3.142628","901","3.141376","901","3.139384","877","3.141968","901","3.142272","883","3.13978","901","3.143568","901","3.143636","901","3.144744","870","3.139188","870","3.140096","859","3.141664","831","3.14422","859","3.142176","859","3.143232","859","3.141980320000002","881","957"
"25","3.146712","389","3.143068","823","3.14172","864","3.141076","823","3.139156","922","3.139312","863","3.13838","918","3.138244","918","3.143144","916","3.142008","916","3.144224","916","3.14266","858","3.144336","913","3.14106","855","3.14344","912","3.142088","854","3.142184","849","3.13994","907","3.139996","907","3.14168","907","3.143404","849","3.143444","907","3.143084","849","3.140444","849","3.143732","849","3.141516","907","3.140256","845","3.14204","897","3.143932","897","3.143496","897","3.143628","895","3.141044","895","3.141956","927","3.141824","835","3.143036","927","3.140644","893","3.14502","835","3.141648","871","3.141988","893","3.143068","927","3.142536","835","3.140784","927","3.143056","927","3.13986","927","3.141108","946","3.142944","937","3.142","938","3.143076","938","3.139816","938","3.142444","937","3.144324","863","3.140712","884","3.141128","912","3.140168","892","3.140708","909","3.13986","909","3.14186","908","3.143356","907","3.14072","889","3.140056","908","3.14068","908","3.14094","908","3.13838","908","3.142296","908","3.141388","908","3.138652","908","3.141148","908","3.141884","899","3.140904","899","3.144664","899","3.142408","899","3.141468","899","3.14256","881","3.139388","899","3.138668","899","3.138256","899","3.14008","890","3.140972","890","3.139936","903","3.14198","903","3.138508","903","3.141112","888","3.143812","888","3.14312","888","3.140356","903","3.14132","903","3.144256","888","3.144716","903","3.143844","903","3.140572","903","3.138352","903","3.1422","903","3.141836","903","3.143456","903","3.142268","903","3.142504","903","3.14352","888","3.142268","887","3.140932","903","3.141452","903","3.1417120400000016","890","993"
"26","3.145668","521","3.141164","758","3.138984","908","3.14256","780","3.14322","780","3.138708","780","3.141984","780","3.139684","929","3.143012","843","3.143204","780","3.143024","780","3.14172","780","3.14254","780","3.142","780","3.140136","844","3.143564","780","3.140336","843","3.141872","800","3.141816","757","3.141164","780","3.14196","780","3.13938","780","3.140976","843","3.139496","757","3.138856","780","3.140916","843","3.140928","780","3.13976","779","3.13994","784","3.140092","806","3.142588","936","3.141012","784","3.142648","930","3.141828","928","3.138896","928","3.142596","924","3.142656","928","3.141724","928","3.1444","929","3.141332","928","3.142572","928","3.14394","928","3.140096","928","3.14102","923","3.14074","928","3.139816","928","3.141336","928","3.139436","929","3.14288","928","3.14346","923","3.14012","898","3.144192","902","3.143664","903","3.14134","902","3.141884","902","3.142936","902","3.144312","898","3.140556","898","3.140184","903","3.143564","902","3.141792","867","3.142492","886","3.14162","893","3.138632","892","3.140072","897","3.140356","892","3.143732","896","3.143572","897","3.140048","905","3.140832","905","3.14236","904","3.144792","904","3.141684","906","3.14124","905","3.143008","905","3.142484","904","3.143196","905","3.143476","904","3.140212","904","3.139872","905","3.142112","906","3.140348","904","3.14016","905","3.140876","906","3.14432","906","3.139956","906","3.143972","906","3.1408","906","3.1426","904","3.142304","905","3.141712","904","3.138664","905","3.14064","904","3.143256","905","3.140928","905","3.14154","905","3.142912","905","3.139176","905","3.142744","905","3.142088","905","3.14162972","872","980"
"27","3.142176","526","3.141784","604","3.14006","603","3.142828","800","3.140568","601","3.142064","981","3.14152","977","3.140968","938","3.139672","971","3.140376","980","3.140272","972","3.140304","975","3.141912","975","3.142772","980","3.14242","972","3.139568","972","3.139976","980","3.142988","980","3.1426","972","3.142656","980","3.141124","970","3.141928","979","3.139308","982","3.142076","981","3.141844","980","3.140884","972","3.142488","971","3.140164","972","3.1437","971","3.141208","972","3.141512","980","3.143124","971","3.142556","971","3.142856","976","3.141336","971","3.141184","979","3.143604","976","3.142444","976","3.142972","918","3.142768","973","3.141556","980","3.141996","976","3.141268","970","3.14068","971","3.141696","997","3.142436","972","3.140588","974","3.141256","941","3.143784","980","3.142808","977","3.143912","982","3.139956","947","3.142668","981","3.14058","973","3.14296","971","3.141072","979","3.143604","969","3.140696","973","3.13986","973","3.14142","967","3.140252","967","3.140896","944","3.142772","974","3.140692","972","3.14174","972","3.14332","969","3.13924","973","3.141192","974","3.1392","969","3.143868","973","3.139836","969","3.138652","965","3.138296","971","3.144416","965","3.143092","991","3.139712","973","3.141476","965","3.14364","967","3.141416","973","3.140244","991","3.141424","966","3.144204","974","3.142584","965","3.140676","970","3.144848","940","3.144864","929","3.14174","947","3.140924","947","3.141024","947","3.139172","947","3.139936","932","3.1397","947","3.141256","947","3.143804","947","3.140664","947","3.140452","947","3.143384","947","3.140972","930","3.1424","947","3.139916","947","3.1415925600000003","950","1002"
"28","3.141972","427","3.1388","934","3.141948","870","3.141544","824","3.144124","823","3.140276","824","3.139784","876","3.141416","898","3.139416","803","3.141888","874","3.144624","824","3.141932","824","3.142768","823","3.136976","803","3.14104","782","3.140744","846","3.143384","874","3.142064","934","3.14268","934","3.141844","934","3.142816","846","3.1437","846","3.139936","846","3.143596","823","3.14182","934","3.138008","846","3.137736","934","3.140632","870","3.141732","898","3.143448","921","3.142516","886","3.143384","921","3.14172","886","3.14176","922","3.140544","921","3.139388","864","3.143304","921","3.140536","922","3.142932","922","3.140228","886","3.142728","921","3.138308","922","3.13976","921","3.146744","921","3.142212","921","3.142728","921","3.140852","921","3.139856","921","3.14506","921","3.141996","919","3.138636","920","3.141312","915","3.140232","916","3.14056","916","3.140384","916","3.143616","916","3.140024","915","3.142712","880","3.141588","916","3.142268","915","3.144288","915","3.137808","876","3.14286","876","3.1407","876","3.141444","876","3.140324","876","3.14246","840","3.142116","875","3.14118","876","3.14492","876","3.144072","842","3.13984","876","3.138984","875","3.140344","875","3.139752","875","3.140316","876","3.142424","875","3.138536","855","3.140584","855","3.141688","850","3.143504","850","3.141716","850","3.139212","850","3.144512","851","3.13932","843","3.1388","843","3.142116","839","3.142968","838","3.141468","837","3.141684","837","3.138272","836","3.141256","837","3.139924","837","3.14144","832","3.140828","841","3.140816","837","3.140224","837","3.145632","826","3.143532","837","3.140532","837","3.1414293199999985","870","946"
"29","3.141236","285","3.14098","594","3.13816","545","3.137436","569","3.140384","569","3.139476","569","3.141184","594","3.144156","563","3.144388","563","3.140532","587","3.140672","587","3.138696","606","3.14426","584","3.138168","584","3.144872","606","3.144964","584","3.145396","583","3.14148","785","3.143896","806","3.13976","762","3.142836","785","3.142112","956","3.142028","785","3.139636","956","3.139736","806","3.141176","956","3.140452","834","3.139244","806","3.142784","762","3.141012","834","3.14426","917","3.143128","803","3.139064","913","3.14368","913","3.141708","913","3.143748","861","3.141168","882","3.1415","913","3.140584","912","3.140448","913","3.140596","858","3.141896","912","3.14102","881","3.13946","912","3.141796","882","3.136516","859","3.138812","882","3.140604","912","3.14248","904","3.14118","903","3.138672","903","3.14412","903","3.138816","903","3.141824","873","3.143444","880","3.141628","903","3.14298","903","3.144852","874","3.144324","903","3.140124","903","3.139004","902","3.144372","903","3.143676","885","3.145296","903","3.142436","873","3.140572","880","3.139644","880","3.141492","903","3.141548","902","3.13894","903","3.142112","903","3.13982","903","3.142444","879","3.14292","879","3.141024","884","3.1421","903","3.139104","903","3.14328","903","3.14446","885","3.142836","880","3.140276","878","3.1449","873","3.14412","873","3.143116","873","3.14182","873","3.140164","873","3.140116","873","3.142152","855","3.13854","873","3.142176","873","3.141016","873","3.138624","872","3.140188","873","3.14082","873","3.140828","873","3.145068","873","3.143188","873","3.138556","873","3.138044","873","3.138388","873","3.1414472399999998","825","973"
"30","3.138948","592","3.142736","956","3.139812","694","3.141856","893","3.146412","893","3.140208","849","3.141888","917","3.140948","893","3.141924","893","3.1431","850","3.141892","891","3.146628","848","3.142824","848","3.14136","891","3.142604","848","3.142788","848","3.141324","891","3.142104","911","3.142152","844","3.13914","888","3.139272","911","3.142168","888","3.142076","973","3.139896","911","3.13982","888","3.142676","895","3.13972","895","3.13918","828","3.143568","895","3.141792","828","3.14486","895","3.13806","895","3.139148","895","3.143252","866","3.140948","891","3.142532","891","3.142068","890","3.141088","929","3.145748","866","3.138092","891","3.139628","890","3.14276","929","3.140268","982","3.142072","981","3.140016","981","3.137204","982","3.142","982","3.140912","982","3.143044","982","3.140024","982","3.14246","983","3.13996","981","3.140168","982","3.142044","982","3.143092","982","3.142564","979","3.141904","979","3.143552","979","3.138704","966","3.139596","966","3.14064","966","3.140916","945","3.13946","968","3.142632","968","3.141156","968","3.143736","965","3.14174","968","3.14176","936","3.1433","953","3.139716","953","3.13948","937","3.141988","934","3.143096","952","3.14188","934","3.142452","936","3.139844","952","3.142276","953","3.141212","933","3.141492","937","3.141404","952","3.141476","952","3.141888","936","3.143384","952","3.141724","936","3.140324","936","3.140116","953","3.14032","934","3.14054","935","3.140232","953","3.142376","952","3.141728","939","3.141764","938","3.141104","938","3.141576","939","3.144272","922","3.13554","950","3.143032","939","3.140936","950","3.141804","950","3.141928","938","3.1414482799999996","922","1053"
"31","3.142448","288","3.141128","950","3.14074","950","3.14202","950","3.141396","951","3.145044","950","3.142452","950","3.139576","853","3.142972","950","3.14304","949","3.1403","949","3.142896","950","3.140524","914","3.142232","949","3.143916","950","3.143328","950","3.144328","950","3.14096","950","3.144684","951","3.14184","950","3.140212","863","3.141436","948","3.140672","910","3.139812","946","3.139364","952","3.139828","947","3.13998","952","3.14212","952","3.139048","945","3.141152","952","3.140844","946","3.137876","947","3.144212","947","3.141632","951","3.139432","947","3.139816","952","3.141928","948","3.14218","946","3.144088","951","3.14118","946","3.142212","951","3.142664","947","3.143392","951","3.142236","948","3.14062","893","3.145692","951","3.141172","926","3.142212","931","3.139432","926","3.139884","930","3.140372","948","3.13954","928","3.1437","923","3.141384","916","3.145","922","3.14032","941","3.141556","921","3.139668","922","3.141012","922","3.14294","922","3.141104","922","3.13882","941","3.141576","915","3.139572","917","3.142404","916","3.14114","923","3.139636","916","3.139476","918","3.141956","934","3.142064","916","3.143556","934","3.141592","910","3.14072","915","3.142544","934","3.1428","910","3.140936","934","3.140984","882","3.141572","906","3.140888","906","3.139972","887","3.140624","906","3.143728","887","3.141288","885","3.14276","905","3.141584","884","3.143136","881","3.13956","880","3.140592","887","3.141032","885","3.139316","880","3.142296","884","3.144484","905","3.137232","905","3.142652","880","3.141876","905","3.138684","905","3.140568","905","3.138584","884","3.142548","905","3.141184","905","3.14144684","918","977"
"32","3.142228","947","3.141368","934","3.142788","934","3.143812","947","3.142124","948","3.136924","948","3.140484","967","3.139828","946","3.143516","940","3.140716","934","3.139864","939","3.142996","934","3.142012","915","3.143308","940","3.141824","948","3.14356","939","3.143056","902","3.139196","941","3.145112","967","3.138844","946","3.14072","947","3.140016","934","3.14316","947","3.143916","961","3.142168","941","3.139104","961","3.141564","961","3.14182","941","3.137636","940","3.142048","941","3.141716","941","3.139184","928","3.14202","960","3.140664","941","3.143572","868","3.142576","941","3.139988","928","3.142844","928","3.1435","961","3.141212","960","3.14182","928","3.141084","940","3.14274","939","3.14138","932","3.138056","961","3.140368","895","3.141032","934","3.141812","960","3.142288","961","3.142852","933","3.14098","940","3.14192","960","3.14226","940","3.139756","934","3.140928","942","3.141748","923","3.140308","923","3.141072","943","3.141944","943","3.139376","943","3.14268","910","3.139592","915","3.142536","942","3.1444","943","3.143268","943","3.141884","922","3.139808","922","3.142248","914","3.141244","910","3.14188","910","3.141128","910","3.142492","910","3.143708","910","3.141228","910","3.140816","910","3.140708","910","3.142092","910","3.1421","900","3.14272","908","3.143184","898","3.142836","908","3.142928","908","3.140868","908","3.140704","908","3.141728","908","3.141508","908","3.14084","908","3.142604","908","3.140732","908","3.14272","908","3.143536","908","3.14","908","3.144416","908","3.140664","908","3.141704","908","3.14132","908","3.144372","908","3.143804","898","3.140356","898","3.144236","898","3.1416830399999998","928","978"
"33","3.143288","122","3.14162","895","3.141272","895","3.141436","895","3.143828","895","3.144324","895","3.14066","874","3.138904","895","3.140908","895","3.14232","895","3.142368","895","3.14182","895","3.141948","936","3.142892","915","3.14262","915","3.141608","895","3.140876","895","3.139496","894","3.140404","894","3.14256","873","3.140844","895","3.141216","895","3.143208","894","3.14172","895","3.140764","894","3.141768","912","3.138864","892","3.140832","912","3.139152","912","3.141828","891","3.140268","891","3.143912","892","3.14502","911","3.141584","892","3.14174","890","3.143444","890","3.14344","890","3.14126","911","3.14248","867","3.142572","867","3.13946","887","3.141892","887","3.140952","887","3.139084","887","3.142","887","3.142204","887","3.139836","887","3.142884","908","3.140964","887","3.139172","887","3.141368","887","3.14464","867","3.140052","887","3.143316","887","3.139508","887","3.141312","887","3.139104","887","3.137908","887","3.14158","887","3.14378","870","3.140496","853","3.139976","850","3.139932","850","3.14162","836","3.142532","856","3.141648","856","3.143324","836","3.142552","855","3.1399","856","3.14182","856","3.144108","856","3.142268","876","3.142736","856","3.14246","835","3.140444","876","3.139908","876","3.14192","862","3.145068","862","3.141152","862","3.141332","862","3.140688","832","3.139748","832","3.142832","832","3.141616","832","3.142692","832","3.141648","832","3.140304","832","3.13832","832","3.13942","832","3.13954","832","3.142032","832","3.14186","832","3.140036","832","3.1408","832","3.142148","832","3.142064","832","3.14254","832","3.140732","832","3.140376","832","3.142212","832","3.141488880000001","865","958"
"34","3.143344","210","3.141","544","3.139172","544","3.143464","682","3.139252","542","3.14048","565","3.138608","565","3.140236","543","3.141716","565","3.142188","565","3.137972","565","3.143032","542","3.140936","565","3.14136","565","3.1389","565","3.1412","947","3.144252","888","3.142572","825","3.142832","925","3.139804","825","3.142532","947","3.141964","925","3.142744","947","3.141572","675","3.137988","947","3.144428","901","3.140672","940","3.140876","941","3.141336","940","3.140044","941","3.141632","921","3.140184","940","3.1422","941","3.140188","941","3.139288","940","3.141668","941","3.143316","941","3.142896","941","3.138524","941","3.140812","941","3.141164","940","3.142644","940","3.141176","922","3.140388","940","3.140012","940","3.140664","941","3.142004","941","3.142292","941","3.14168","940","3.139728","922","3.140748","941","3.139768","941","3.143652","941","3.142176","941","3.142652","941","3.137112","940","3.140808","921","3.142648","940","3.14084","941","3.141964","940","3.141808","941","3.139604","940","3.14","940","3.1423","940","3.1443","940","3.142652","940","3.138588","940","3.141632","941","3.141168","940","3.145136","941","3.144316","940","3.139276","922","3.143572","921","3.137868","940","3.142624","940","3.143848","940","3.142348","921","3.140276","940","3.142976","941","3.140104","941","3.139668","940","3.140352","921","3.13764","940","3.140896","940","3.139536","940","3.140332","940","3.1409","940","3.140448","940","3.1417","939","3.139928","940","3.143124","940","3.1421","940","3.14138","940","3.142676","940","3.14178","940","3.142916","921","3.141228","940","3.141232","939","3.13994","940","3.141576","940","3.14125052","872","997"
"35","3.140872","298","3.142008","758","3.14112","787","3.145488","758","3.145068","938","3.140776","938","3.143688","912","3.141068","938","3.13936","787","3.141952","938","3.143844","912","3.14226","938","3.141972","787","3.138036","787","3.143568","764","3.140464","938","3.14038","938","3.142572","765","3.142468","937","3.143504","915","3.145092","938","3.141484","937","3.139744","786","3.142012","915","3.142004","786","3.141404","937","3.145112","935","3.144504","901","3.140828","902","3.141416","909","3.141004","905","3.1427","907","3.142108","902","3.14314","903","3.139336","906","3.140508","906","3.141852","901","3.141052","908","3.142164","900","3.1402","905","3.142664","907","3.141816","910","3.142048","909","3.140216","909","3.141312","900","3.138224","908","3.142148","905","3.144496","900","3.141228","908","3.144196","906","3.14118","907","3.141928","902","3.141264","907","3.145756","908","3.1399","904","3.137832","907","3.141048","908","3.143","908","3.1438","905","3.14144","906","3.141592","907","3.141464","907","3.141092","909","3.14182","902","3.144628","902","3.140576","908","3.144488","907","3.140864","906","3.140232","908","3.143996","909","3.1419","908","3.140024","902","3.141688","907","3.14204","909","3.140164","904","3.142936","907","3.141652","907","3.141536","907","3.140752","906","3.14152","908","3.142968","901","3.14254","901","3.143512","901","3.142896","909","3.14364","908","3.143504","908","3.1426","900","3.142124","901","3.140528","905","3.140152","901","3.142624","904","3.139616","907","3.140344","904","3.143792","908","3.140324","908","3.141636","908","3.138516","909","3.13988","907","3.142044","905","3.141984","904","3.1418381600000007","890","948"
"36","3.143576","1007","3.142836","1007","3.144252","953","3.142944","952","3.141948","1007","3.139936","1007","3.138716","1007","3.141052","1007","3.142256","952","3.144892","1007","3.141392","1007","3.142288","1007","3.143484","921","3.142152","1007","3.141556","1006","3.1439","1007","3.141948","1007","3.1428","1007","3.14178","1008","3.1392","1006","3.139908","1008","3.138024","1007","3.14332","1007","3.142492","952","3.142912","1007","3.138588","1008","3.142712","1007","3.144424","1007","3.140468","1007","3.144268","1006","3.142696","1006","3.141648","1007","3.140032","1007","3.141276","1006","3.142036","1007","3.137616","1007","3.142112","1006","3.140408","921","3.13988","1006","3.143068","953","3.145228","950","3.14046","1007","3.141836","1007","3.140244","988","3.1365","950","3.141824","994","3.140552","993","3.143504","942","3.139704","993","3.142668","993","3.141876","993","3.143664","992","3.14496","994","3.140488","994","3.14212","993","3.140568","992","3.139896","994","3.143556","954","3.144876","946","3.14244","948","3.143432","949","3.140952","947","3.142624","947","3.142604","945","3.140532","946","3.143984","940","3.14278","939","3.143364","940","3.141968","941","3.143248","938","3.143864","942","3.140008","940","3.14094","940","3.142284","919","3.1399","941","3.14058","942","3.141676","942","3.14302","941","3.14136","940","3.140952","942","3.145232","942","3.141184","939","3.14084","942","3.140268","941","3.140652","942","3.140964","940","3.140984","943","3.143356","939","3.142056","940","3.141632","939","3.140404","937","3.141196","937","3.14424","940","3.139672","937","3.139248","938","3.141908","916","3.141112","916","3.141896","912","3.140048","912","3.142328","912","3.14177052","969","1012"
"37","3.144448","57","3.143836","848","3.139224","844","3.14098","844","3.14084","845","3.143072","844","3.142416","848","3.141052","849","3.142984","844","3.142116","850","3.14348","844","3.1395","844","3.139696","844","3.141688","844","3.14244","844","3.138288","875","3.139796","849","3.140068","845","3.13968","875","3.140008","849","3.141156","844","3.14094","844","3.13786","849","3.140676","845","3.138368","820","3.143012","848","3.138532","844","3.144228","848","3.14062","845","3.140264","821","3.140432","844","3.141304","848","3.143604","845","3.141712","899","3.139448","899","3.14156","879","3.139996","899","3.142704","899","3.141092","899","3.141564","899","3.14112","899","3.141676","898","3.140136","899","3.142572","899","3.141456","899","3.142308","899","3.142028","899","3.142748","899","3.1407","871","3.143184","899","3.138444","899","3.142648","899","3.141788","899","3.137408","899","3.1433","899","3.138556","899","3.14272","899","3.139124","899","3.14176","899","3.137756","899","3.138708","899","3.1404","899","3.138924","879","3.141484","878","3.141624","878","3.140528","879","3.139516","878","3.143068","879","3.140896","878","3.14016","878","3.139112","879","3.143088","878","3.14352","878","3.143516","878","3.141748","879","3.138568","878","3.141508","879","3.140688","851","3.1416","879","3.144064","879","3.140344","878","3.143328","879","3.140832","879","3.140188","878","3.13992","879","3.143696","878","3.142508","878","3.14438","878","3.140592","878","3.141128","878","3.144284","878","3.144356","878","3.142308","878","3.139816","873","3.144164","873","3.138984","873","3.141156","873","3.139432","870","3.141664","869","3.143152","869","3.141250680000001","864","937"
"38","3.141972","113","3.1429","1006","3.1463","939","3.140308","939","3.142272","939","3.143972","904","3.142256","939","3.13762","939","3.14256","1006","3.142092","939","3.138692","904","3.14228","939","3.139168","1006","3.142408","1005","3.141372","1006","3.139528","1005","3.139164","1006","3.142236","1005","3.141352","1006","3.14282","1005","3.140924","880","3.14114","921","3.140516","919","3.143468","986","3.139128","986","3.142864","986","3.14316","986","3.138076","925","3.141588","986","3.142428","986","3.141352","986","3.142244","920","3.14312","986","3.141032","986","3.145176","984","3.142476","984","3.142016","984","3.141612","917","3.141488","984","3.140232","984","3.141576","983","3.141252","979","3.141488","979","3.139384","905","3.14078","975","3.142544","975","3.14224","937","3.139932","970","3.142224","964","3.14232","967","3.143248","933","3.142528","911","3.143548","940","3.14332","940","3.140716","936","3.140832","940","3.141672","940","3.141152","936","3.141016","941","3.139372","940","3.144856","940","3.141924","940","3.142136","940","3.141928","931","3.141196","934","3.142728","930","3.140832","934","3.142108","931","3.142852","929","3.138564","931","3.142024","934","3.142416","934","3.140556","934","3.141532","931","3.143828","928","3.141352","931","3.139468","935","3.141732","935","3.141048","936","3.139944","928","3.141108","932","3.142588","925","3.142676","918","3.141132","922","3.14214","914","3.139532","915","3.143444","912","3.14384","913","3.142796","912","3.144108","913","3.142032","912","3.14086","913","3.138944","912","3.14262","907","3.1418","908","3.140372","902","3.142056","902","3.140508","908","3.14292","906","3.143608","907","3.14168564","937","1017"
"39","3.140704","506","3.14092","506","3.139472","505","3.14066","505","3.142392","940","3.139512","940","3.138944","928","3.13912","930","3.14114","927","3.141556","940","3.142616","939","3.140996","940","3.14142","940","3.143516","927","3.14054","940","3.140428","931","3.14448","940","3.138336","926","3.141072","927","3.145008","945","3.140236","945","3.141692","945","3.14148","945","3.143852","945","3.14206","944","3.139112","945","3.141444","925","3.140036","923","3.143132","945","3.138236","945","3.142548","944","3.142468","945","3.13826","944","3.143872","945","3.142304","922","3.140608","945","3.142116","945","3.139588","945","3.138924","925","3.145632","945","3.143452","945","3.143168","945","3.144316","926","3.139812","945","3.141756","945","3.139928","921","3.141424","944","3.139132","912","3.141732","944","3.139352","944","3.14216","944","3.140024","945","3.142388","922","3.14024","925","3.141088","923","3.141856","944","3.142128","926","3.14508","944","3.140956","914","3.142604","944","3.142136","945","3.141332","945","3.141108","945","3.141092","923","3.139488","944","3.1435","945","3.141408","944","3.140896","945","3.143344","944","3.141276","944","3.143948","944","3.142812","944","3.138164","944","3.140152","926","3.143928","944","3.144036","944","3.140816","944","3.142832","945","3.141312","944","3.141308","926","3.141808","944","3.142992","944","3.139644","944","3.14072","944","3.13846","944","3.14406","919","3.143568","944","3.14178","944","3.140268","926","3.14044","944","3.142996","944","3.140964","944","3.14006","944","3.141112","944","3.142276","944","3.138536","914","3.141012","923","3.139908","916","3.13906","944","3.140804","925","3.141383839999999","920","968"
"40","3.144124","251","3.140132","989","3.141888","989","3.139636","989","3.14188","966","3.140044","965","3.142156","969","3.145672","962","3.14276","961","3.141104","968","3.140416","989","3.140532","962","3.144528","988","3.138644","988","3.142","969","3.139888","961","3.142752","961","3.139328","989","3.145088","988","3.144816","988","3.14118","988","3.145352","988","3.138896","988","3.138376","969","3.142352","988","3.14048","962","3.142172","988","3.142528","965","3.142828","988","3.142732","988","3.142748","988","3.137224","988","3.141368","987","3.14118","968","3.141428","988","3.144856","963","3.139048","987","3.142156","988","3.142528","987","3.140472","962","3.143168","988","3.142152","988","3.138952","967","3.143048","964","3.142756","988","3.141304","987","3.142844","987","3.145444","963","3.140864","934","3.140648","988","3.139176","961","3.140428","966","3.139064","967","3.141056","969","3.141196","962","3.143312","987","3.141876","987","3.142912","988","3.139944","987","3.141904","959","3.142","988","3.142172","987","3.142492","987","3.141948","987","3.141188","988","3.141036","969","3.143388","965","3.142536","969","3.139648","988","3.144448","987","3.143832","968","3.142436","964","3.140816","988","3.141584","987","3.141444","968","3.144108","987","3.145732","987","3.141604","959","3.143212","968","3.142604","968","3.141564","962","3.139156","966","3.140772","961","3.141388","987","3.140324","987","3.140336","987","3.143608","959","3.140084","965","3.140904","987","3.142888","987","3.141308","968","3.140704","968","3.14278","959","3.1409","987","3.145412","967","3.14556","987","3.14344","987","3.140644","987","3.144208","987","3.14054","959","3.14184088","969","989"
"41","3.138176","530","3.13896","638","3.140976","732","3.142748","666","3.142036","638","3.143612","639","3.140596","903","3.140876","903","3.142688","903","3.142636","903","3.139264","903","3.142736","881","3.14496","903","3.144","903","3.140944","795","3.138596","881","3.14024","881","3.139948","881","3.139968","881","3.142664","903","3.14178","882","3.141096","881","3.139508","876","3.140548","769","3.140076","898","3.143208","872","3.141724","850","3.140536","850","3.141952","850","3.142156","872","3.144492","756","3.140992","863","3.141756","907","3.140268","926","3.142776","910","3.141528","905","3.140024","909","3.142104","909","3.143564","926","3.140748","905","3.14112","884","3.139208","911","3.140752","909","3.1416","926","3.140764","926","3.143544","904","3.141936","906","3.1386","925","3.139644","910","3.14006","909","3.14284","926","3.141388","909","3.142712","908","3.141224","926","3.13972","909","3.141836","908","3.140624","905","3.142836","926","3.142168","909","3.140008","903","3.141192","905","3.140848","909","3.140616","925","3.143264","904","3.138388","926","3.141452","926","3.142908","905","3.140744","925","3.142176","909","3.1414","906","3.141928","909","3.142764","920","3.143472","920","3.142168","905","3.142168","899","3.14412","920","3.138896","905","3.142604","917","3.144108","917","3.142452","917","3.139068","917","3.139988","917","3.142804","917","3.141952","901","3.143176","917","3.143992","917","3.140508","917","3.141676","917","3.140796","917","3.140248","902","3.142184","917","3.140976","916","3.141376","901","3.142092","917","3.140364","917","3.14104","904","3.14128","903","3.138436","886","3.140096","903","3.144296","903","3.1414405999999997","884","972"
"42","3.141688","494","3.139776","494","3.141328","914","3.142432","914","3.146224","680","3.143852","914","3.141936","914","3.143124","615","3.140532","615","3.141492","914","3.14116","914","3.143268","866","3.14304","902","3.142644","947","3.139612","924","3.142344","917","3.141488","917","3.140548","894","3.140824","916","3.140664","1016","3.142616","1016","3.142408","1016","3.145124","1016","3.142344","1017","3.14272","1016","3.141164","1016","3.139464","998","3.14154","1016","3.1398","1016","3.139892","1017","3.140864","1016","3.141056","1016","3.141028","1016","3.141836","1016","3.141168","1016","3.142428","1016","3.139292","1016","3.141952","1016","3.141412","1016","3.140384","1016","3.142024","1016","3.144148","1016","3.141388","1016","3.13984","1016","3.143044","1016","3.144712","1016","3.141512","1016","3.145068","1016","3.1423","1016","3.142076","1016","3.141416","998","3.144304","1015","3.140944","1016","3.140048","1016","3.142632","1016","3.140328","1016","3.142716","1016","3.143836","1016","3.1422","1016","3.14218","1016","3.141356","1016","3.140296","1016","3.13986","1015","3.139048","1015","3.14204","998","3.13956","1016","3.14172","1016","3.140896","1015","3.141988","1015","3.142952","1015","3.141644","998","3.141256","1015","3.142276","1016","3.14196","1015","3.140824","1015","3.14206","1015","3.140472","1015","3.139664","1016","3.143628","1016","3.144284","1016","3.139164","1016","3.143312","1015","3.138036","1015","3.144524","1016","3.141912","1016","3.144644","1015","3.142896","1016","3.14278","1016","3.141632","998","3.139576","1015","3.14182","1015","3.140596","1015","3.140172","998","3.140372","1016","3.14014","1015","3.144248","1015","3.14054","1016","3.142356","1016","3.143836","997","3.143416","1015","3.141769400000001","978","1042"
"43","3.140732","607","3.139172","951","3.140944","956","3.141144","956","3.140924","960","3.141976","960","3.142888","921","3.142212","956","3.141592","953","3.142816","951","3.140184","951","3.144056","952","3.139136","938","3.141968","942","3.14246","942","3.142648","952","3.143648","945","3.141532","936","3.14304","945","3.138404","945","3.141044","944","3.140932","938","3.140372","945","3.141732","941","3.140132","944","3.140756","945","3.138444","945","3.142476","944","3.142328","944","3.139836","945","3.140476","941","3.140592","945","3.143784","936","3.144076","938","3.141664","944","3.14424","941","3.141108","951","3.140416","944","3.138648","945","3.143912","944","3.14152","936","3.142212","946","3.138624","936","3.14104","939","3.145484","946","3.14426","936","3.143648","934","3.141648","941","3.141756","934","3.143668","951","3.141608","922","3.141068","933","3.1431","951","3.141276","916","3.139244","932","3.141516","952","3.142608","919","3.14072","933","3.138856","922","3.142296","950","3.142972","930","3.140492","920","3.143768","922","3.14192","949","3.137408","918","3.141844","939","3.144528","940","3.140876","939","3.142228","939","3.139796","936","3.14492","936","3.142388","935","3.143468","938","3.141924","938","3.13954","935","3.142372","936","3.142524","936","3.14208","934","3.142624","934","3.144752","934","3.141852","934","3.142524","933","3.137836","911","3.141784","933","3.142644","930","3.141192","931","3.140844","919","3.139688","915","3.142684","907","3.143688","904","3.143188","907","3.14052","906","3.143364","906","3.141672","906","3.13882","907","3.144276","905","3.139964","907","3.140532","906","3.140036","901","3.143588","904","3.14167716","931","992"
"44","3.142904","486","3.141512","537","3.141792","535","3.144204","684","3.142044","535","3.140276","927","3.14266","932","3.141156","932","3.143776","929","3.140932","931","3.139684","929","3.139424","929","3.143424","933","3.140328","932","3.140516","929","3.139628","931","3.14152","932","3.140068","926","3.140332","829","3.141916","829","3.14144","932","3.138024","931","3.140584","932","3.141004","926","3.142136","931","3.142336","932","3.145832","927","3.142296","866","3.141688","922","3.141492","942","3.1388","922","3.1397","920","3.142708","922","3.141828","917","3.142672","941","3.142092","921","3.141356","941","3.144764","921","3.141128","922","3.139948","941","3.139232","919","3.138832","922","3.143988","917","3.146288","941","3.140408","922","3.140412","941","3.141884","920","3.142164","916","3.142176","919","3.141456","919","3.139804","919","3.139672","919","3.140796","920","3.1429","919","3.140176","917","3.142864","922","3.142792","916","3.140036","930","3.143276","908","3.141664","930","3.141112","930","3.142948","930","3.14198","930","3.137692","930","3.142332","905","3.14162","930","3.139792","908","3.14206","909","3.141776","930","3.138208","930","3.14028","908","3.140316","930","3.144256","922","3.138952","905","3.1424","922","3.143308","921","3.143148","900","3.141684","922","3.142812","922","3.142764","921","3.141336","922","3.143336","922","3.141576","922","3.14008","922","3.141936","902","3.142344","922","3.14402","905","3.141352","905","3.141696","905","3.144192","905","3.14304","905","3.140544","905","3.141852","904","3.141064","905","3.143776","883","3.143168","905","3.143744","905","3.141772","905","3.141528","880","3.140976","904","3.1416351600000003","900","959"
"45","3.141356","467","3.142428","940","3.141564","771","3.142396","899","3.139232","940","3.140892","940","3.142184","976","3.14188","940","3.143156","940","3.140744","940","3.143804","715","3.141988","940","3.142408","938","3.13984","940","3.141544","940","3.142744","940","3.14234","940","3.141584","940","3.141084","940","3.142924","946","3.14174","928","3.141396","946","3.144076","946","3.142172","946","3.140352","935","3.14106","936","3.143256","935","3.142528","935","3.141904","935","3.138004","935","3.141956","935","3.142588","935","3.141412","935","3.142212","927","3.139284","927","3.141092","926","3.140832","926","3.145548","926","3.14314","926","3.141656","926","3.1424","926","3.140452","926","3.140684","926","3.143736","926","3.14232","926","3.13902","926","3.143288","867","3.14006","914","3.137536","911","3.14468","911","3.13892","910","3.14506","911","3.140372","910","3.141552","911","3.142428","911","3.14076","927","3.138976","911","3.141","927","3.14264","910","3.141632","910","3.14162","927","3.142704","911","3.142556","910","3.141632","910","3.140144","910","3.138808","927","3.143156","927","3.142456","910","3.14464","927","3.14194","910","3.139672","911","3.143236","910","3.144704","910","3.144444","910","3.14186","927","3.140516","927","3.141084","911","3.139392","910","3.143208","910","3.142908","927","3.14338","911","3.141792","911","3.140548","910","3.14154","910","3.142396","910","3.142788","910","3.142708","910","3.140452","910","3.138484","910","3.145108","910","3.140636","910","3.139436","910","3.14136","910","3.14134","910","3.14292","909","3.141132","927","3.140376","910","3.142652","910","3.141652","910","3.142556","927","3.1417375200000013","914","977"
"46","3.141204","577","3.141036","510","3.141556","577","3.14248","577","3.140856","509","3.140784","577","3.138772","571","3.144016","571","3.14364","920","3.143336","895","3.142072","920","3.143156","920","3.142756","637","3.143692","615","3.142076","888","3.142252","895","3.139156","919","3.144008","697","3.141932","919","3.140764","886","3.141308","909","3.141556","909","3.139212","909","3.138088","909","3.141076","909","3.140384","909","3.142508","878","3.140572","904","3.14152","904","3.14084","904","3.138704","904","3.142296","897","3.142536","873","3.143156","897","3.138672","898","3.144048","868","3.142648","898","3.141084","896","3.1416","896","3.140012","865","3.140764","898","3.14152","897","3.14042","897","3.142992","897","3.144352","897","3.139892","897","3.14106","897","3.139572","897","3.146476","873","3.145196","896","3.142264","897","3.14328","897","3.139568","897","3.13902","896","3.143224","897","3.141204","896","3.14218","897","3.140432","897","3.142736","897","3.14474","873","3.1399","897","3.143028","897","3.143728","897","3.139852","897","3.14186","874","3.14246","861","3.14278","864","3.143836","888","3.140504","889","3.13822","887","3.138124","887","3.141188","889","3.140876","889","3.142128","888","3.140656","888","3.137908","888","3.141588","887","3.142192","887","3.143008","888","3.14346","888","3.139372","874","3.14186","874","3.141052","874","3.141384","874","3.139588","874","3.141644","874","3.140464","874","3.143156","874","3.140752","874","3.141732","874","3.140464","874","3.141896","874","3.138936","873","3.139216","874","3.139952","874","3.1423","874","3.142292","873","3.14394","872","3.14338","874","3.143204","872","3.1415613599999994","856","930"
"47","3.14276","409","3.142252","572","3.143188","472","3.141804","569","3.144292","568","3.142788","917","3.143256","788","3.144568","874","3.14282","788","3.140844","762","3.143228","852","3.14018","788","3.1436","740","3.142572","788","3.143012","788","3.142028","788","3.14156","788","3.140708","852","3.141068","874","3.142844","788","3.140592","788","3.141172","898","3.140472","876","3.143868","877","3.141056","919","3.14016","877","3.14254","918","3.14244","917","3.143924","877","3.142664","919","3.1412","919","3.14078","919","3.141496","919","3.139928","919","3.14168","919","3.141804","918","3.143632","919","3.138132","919","3.142508","877","3.140288","936","3.141908","899","3.141208","919","3.140644","927","3.144024","927","3.140796","927","3.141764","910","3.141728","926","3.137788","910","3.142276","927","3.142812","927","3.139552","927","3.14168","927","3.142384","927","3.139764","927","3.139776","927","3.14354","918","3.143436","918","3.1396","917","3.143372","918","3.140676","918","3.139428","917","3.142328","917","3.14232","918","3.142004","917","3.14224","918","3.140344","917","3.141856","917","3.142392","917","3.139412","917","3.140048","917","3.142788","915","3.14424","915","3.140344","915","3.139276","914","3.142712","915","3.143804","891","3.140904","891","3.141504","891","3.140108","890","3.13898","891","3.142484","891","3.140824","890","3.14248","891","3.141908","891","3.139408","891","3.140076","890","3.13962","867","3.14058","862","3.141724","859","3.141108","859","3.139928","851","3.1422","847","3.144216","848","3.14274","848","3.142096","847","3.142748","847","3.139144","847","3.144052","842","3.143524","841","3.14426","841","3.141705879999999","866","960"
"48","3.138672","208","3.140156","904","3.139992","877","3.141584","933","3.13982","876","3.140412","935","3.138156","904","3.139212","930","3.139992","906","3.14312","930","3.140376","930","3.138424","930","3.139816","900","3.1411","900","3.142536","897","3.141132","906","3.142132","930","3.144888","905","3.145032","930","3.141512","905","3.142404","930","3.141396","897","3.140264","905","3.14468","897","3.139228","930","3.141316","906","3.142736","906","3.141528","896","3.14108","895","3.139712","865","3.140448","895","3.140024","871","3.141648","868","3.143036","868","3.140796","891","3.141784","890","3.142568","866","3.140204","889","3.141084","860","3.142664","889","3.141796","889","3.14408","889","3.142476","886","3.143516","882","3.14358","881","3.143752","882","3.141872","881","3.141908","882","3.141432","882","3.142828","881","3.143736","881","3.14088","881","3.142288","881","3.141712","881","3.140904","880","3.144132","881","3.139284","881","3.142448","881","3.141508","852","3.14176","881","3.140228","882","3.143584","881","3.141384","881","3.141224","881","3.142528","881","3.141288","881","3.140328","882","3.142624","881","3.14052","881","3.14446","880","3.14132","882","3.141888","881","3.142572","881","3.14292","881","3.143992","881","3.142072","881","3.14218","881","3.142076","882","3.142912","881","3.139688","881","3.1429","881","3.142952","881","3.139748","881","3.14236","879","3.140168","881","3.141296","881","3.143072","849","3.142388","881","3.141932","881","3.140916","881","3.139928","881","3.144132","881","3.142712","881","3.142616","881","3.137336","881","3.1402","880","3.140972","881","3.140092","881","3.14024","881","3.138564","881","3.1415686800000007","881","935"
"49","3.142804","500","3.141816","836","3.146492","782","3.142148","781","3.13948","579","3.14396","836","3.143152","834","3.141452","835","3.140844","836","3.14262","837","3.145988","833","3.142696","837","3.14174","836","3.138836","835","3.14218","836","3.140272","833","3.140492","835","3.145104","837","3.14112","835","3.143364","836","3.144152","834","3.142456","837","3.143916","833","3.140288","833","3.14076","836","3.143552","836","3.142484","836","3.13908","837","3.1425","835","3.137228","833","3.143448","837","3.139804","833","3.14096","834","3.141224","833","3.141864","836","3.143356","821","3.14338","940","3.141976","859","3.140188","859","3.142092","817","3.137988","821","3.147008","819","3.143516","816","3.142564","940","3.14054","934","3.143252","939","3.14024","939","3.137876","816","3.145152","939","3.138976","845","3.143052","853","3.144676","865","3.140732","920","3.142544","920","3.1397","914","3.141216","914","3.14124","915","3.139316","906","3.141536","906","3.138756","914","3.140848","914","3.142236","913","3.145444","915","3.141524","912","3.140208","912","3.143604","910","3.143144","912","3.142","911","3.141136","913","3.13974","910","3.139996","910","3.143072","914","3.139908","911","3.141368","909","3.140852","911","3.142876","911","3.141988","908","3.142536","907","3.143344","905","3.143316","905","3.146412","908","3.143272","907","3.140908","907","3.141652","906","3.141768","886","3.142536","885","3.139728","886","3.141352","886","3.138992","886","3.141808","883","3.141992","876","3.140016","885","3.140572","839","3.143008","840","3.1399","838","3.14138","839","3.139404","840","3.144116","836","3.143096","839","3.14214","839","3.1418434000000013","862","970"
"50","3.13844","293","3.141684","883","3.142564","906","3.142268","908","3.142072","852","3.141444","908","3.144636","882","3.13916","907","3.14018","905","3.139868","905","3.141504","903","3.142896","903","3.1419","903","3.141056","905","3.143004","905","3.142516","903","3.139944","909","3.139344","905","3.138724","905","3.143816","903","3.141944","905","3.142976","903","3.143508","905","3.137848","905","3.142092","905","3.144112","903","3.142444","873","3.141688","908","3.14036","903","3.141024","905","3.142848","903","3.14158","905","3.142092","903","3.139744","904","3.141548","903","3.140416","905","3.1437","905","3.14076","905","3.139772","903","3.13964","905","3.143352","908","3.141076","873","3.141256","902","3.145248","903","3.142108","874","3.144296","905","3.140408","905","3.142192","903","3.142008","903","3.141572","903","3.141544","908","3.142164","903","3.13952","908","3.139756","902","3.143456","908","3.140292","881","3.1395","903","3.1441","905","3.141156","903","3.143004","908","3.140496","904","3.143952","905","3.144264","904","3.1394","908","3.139624","908","3.142052","905","3.140924","902","3.14116","902","3.140888","902","3.142372","899","3.138184","904","3.141564","904","3.139824","898","3.144132","899","3.142904","898","3.13908","904","3.138604","900","3.142132","899","3.142056","899","3.141936","898","3.14004","898","3.140672","901","3.142944","898","3.139292","900","3.141504","904","3.140616","898","3.140792","900","3.141968","901","3.143484","898","3.14474","873","3.142256","903","3.143656","871","3.13988","900","3.139764","900","3.138768","883","3.142392","888","3.142716","888","3.140636","888","3.143404","885","3.138772","885","3.1414896800000007","893","912"
"51","3.140964","45","3.138808","853","3.141592","790","3.138644","673","3.144704","621","3.140692","789","3.142132","726","3.13954","621","3.14238","727","3.138012","621","3.142624","621","3.139136","673","3.14102","769","3.142716","726","3.14128","621","3.14136","931","3.1408","673","3.140216","769","3.1406","726","3.140504","789","3.1436","902","3.141824","902","3.1418","881","3.143028","924","3.140884","941","3.141304","825","3.140936","881","3.141112","924","3.138504","923","3.144296","902","3.142332","923","3.140288","923","3.141256","901","3.142284","923","3.14298","923","3.140384","825","3.141712","924","3.139392","923","3.14072","848","3.1396","901","3.140484","924","3.143916","923","3.141036","900","3.1395","902","3.137928","902","3.14294","917","3.13914","917","3.143672","933","3.141064","917","3.140824","917","3.140048","917","3.139416","933","3.140068","917","3.143428","917","3.144576","916","3.14402","917","3.142912","933","3.142772","931","3.141532","915","3.143212","915","3.141412","931","3.140964","931","3.140956","930","3.14484","914","3.140432","915","3.145024","930","3.142816","914","3.141688","914","3.142976","922","3.142684","905","3.14038","880","3.138344","881","3.14066","880","3.139356","864","3.140388","880","3.14562","880","3.138732","879","3.1429","879","3.142992","879","3.142732","879","3.140844","879","3.141256","879","3.142044","879","3.143764","879","3.143612","861","3.14318","860","3.143208","860","3.140312","860","3.143384","860","3.140816","860","3.139528","860","3.142488","860","3.139676","860","3.139808","860","3.142176","860","3.143892","860","3.141888","860","3.144096","860","3.139708","860","3.142188","860","3.1415221199999994","854","1010"
"52","3.14324","352","3.14166","352","3.141116","656","3.141452","530","3.141392","656","3.143104","529","3.14044","656","3.139024","601","3.140528","656","3.143164","656","3.143328","578","3.137816","530","3.140776","656","3.143188","601","3.144356","656","3.146308","553","3.143036","603","3.140452","601","3.140688","656","3.141856","656","3.141216","656","3.13982","656","3.139632","601","3.144388","601","3.139056","577","3.141876","656","3.143716","656","3.141616","602","3.14096","601","3.139088","656","3.13868","656","3.142076","618","3.140456","617","3.141696","555","3.141928","609","3.142144","609","3.140996","578","3.141128","609","3.13988","603","3.141332","603","3.14026","780","3.138244","780","3.140444","880","3.141464","843","3.141244","816","3.141512","843","3.142344","820","3.142048","828","3.141988","843","3.14234","819","3.141104","843","3.142764","843","3.142112","843","3.142152","827","3.141656","843","3.142168","843","3.137812","827","3.142804","821","3.139704","828","3.142904","828","3.142052","827","3.139492","828","3.140132","843","3.1398","828","3.14206","828","3.144872","820","3.142228","843","3.141488","843","3.13984","843","3.140908","827","3.143192","822","3.142444","828","3.142356","827","3.139444","827","3.141476","827","3.14084","812","3.14136","826","3.144564","826","3.1436","826","3.140928","808","3.142484","826","3.1399","825","3.142052","809","3.140336","809","3.14248","826","3.140936","826","3.139196","826","3.141428","804","3.140168","825","3.140644","825","3.140484","809","3.143184","825","3.142976","825","3.14526","809","3.142204","825","3.139996","825","3.141832","811","3.1405","826","3.139328","825","3.145524","808","3.14149664","735","952"
"53","3.143116","421","3.140548","777","3.14034","803","3.143052","651","3.142984","778","3.141044","698","3.140612","698","3.140396","537","3.143668","777","3.140668","651","3.142208","800","3.141452","799","3.142072","799","3.145608","799","3.1395","798","3.141828","854","3.140444","858","3.141676","854","3.140704","883","3.142164","797","3.141164","828","3.140256","948","3.140844","883","3.14106","948","3.141332","825","3.14282","796","3.143356","854","3.142088","828","3.142228","854","3.144464","854","3.139088","883","3.14244","797","3.142004","883","3.142176","825","3.141776","796","3.14252","883","3.140484","854","3.142256","825","3.142284","823","3.14144","830","3.13824","839","3.141544","931","3.140048","889","3.141904","923","3.141124","889","3.141084","864","3.140452","889","3.141696","889","3.14342","865","3.139432","923","3.142408","923","3.140436","889","3.139932","923","3.14174","883","3.143428","917","3.144036","917","3.140692","910","3.139684","886","3.14498","876","3.141448","907","3.139896","907","3.14234","906","3.141664","873","3.140912","881","3.141756","906","3.142844","905","3.14032","878","3.139952","905","3.14156","881","3.140292","906","3.142396","873","3.14188","905","3.142636","827","3.145488","827","3.137776","827","3.141488","827","3.141772","827","3.144344","827","3.141732","827","3.14154","823","3.140696","823","3.141356","823","3.14018","822","3.141748","823","3.14078","823","3.142956","823","3.138472","820","3.141968","820","3.144732","820","3.144084","820","3.1434","820","3.141548","820","3.141108","820","3.140772","820","3.14082","817","3.141604","818","3.145892","811","3.139288","811","3.14224","811","3.142064","810","3.141661879999999","836","957"
"54","3.141592","379","3.140904","665","3.143188","665","3.141048","665","3.141552","687","3.139436","687","3.142732","686","3.13822","686","3.141904","750","3.14124","930","3.139092","835","3.144652","835","3.14116","926","3.14154","927","3.144604","898","3.141576","901","3.14044","898","3.140664","898","3.141588","898","3.145416","839","3.1414","927","3.14146","901","3.141328","925","3.140908","865","3.1436","898","3.141804","898","3.139664","926","3.141576","927","3.143816","927","3.142372","898","3.140812","898","3.142924","913","3.143936","915","3.143728","915","3.144616","913","3.14132","913","3.140732","913","3.142388","915","3.14066","893","3.14146","893","3.14276","891","3.1419","893","3.14114","864","3.14166","860","3.139288","893","3.13988","893","3.140348","886","3.140448","888","3.141052","888","3.140952","888","3.144596","881","3.14094","882","3.139684","884","3.141936","883","3.14242","881","3.14158","883","3.141396","883","3.143116","883","3.142572","881","3.137196","883","3.14042","883","3.143764","883","3.140156","881","3.1431","883","3.140188","870","3.140872","870","3.141704","868","3.141656","868","3.142744","870","3.140808","870","3.14238","868","3.14162","869","3.1418","869","3.142608","869","3.140368","868","3.142052","868","3.140916","861","3.13912","859","3.141612","855","3.138808","855","3.142708","855","3.14058","855","3.141732","855","3.141024","855","3.142284","854","3.144284","854","3.141452","854","3.144468","854","3.139288","854","3.143312","855","3.144344","855","3.142336","855","3.13944","855","3.141824","854","3.140688","855","3.14206","855","3.137672","855","3.1424","854","3.1413","855","3.140372","855","3.1415817999999995","859","937"
"55","3.142084","67","3.139428","936","3.144136","935","3.142064","935","3.139588","935","3.1421","935","3.140508","933","3.140996","933","3.140204","933","3.1457","933","3.140332","933","3.143348","930","3.142492","932","3.1376","932","3.13766","932","3.142248","931","3.140952","931","3.141228","934","3.142068","933","3.139484","934","3.14324","933","3.139628","933","3.140076","934","3.142528","933","3.141956","931","3.140048","931","3.143272","932","3.139556","932","3.142344","933","3.140984","933","3.14076","932","3.140432","933","3.14198","933","3.143108","892","3.142904","933","3.142784","931","3.142348","930","3.139536","930","3.141872","933","3.1431","931","3.142176","932","3.142896","896","3.142508","931","3.142264","933","3.141444","932","3.141268","900","3.142348","934","3.142492","930","3.142356","932","3.141684","933","3.143024","931","3.141148","933","3.141064","932","3.138304","931","3.141068","933","3.140588","933","3.144772","903","3.142564","933","3.146336","931","3.1418","933","3.142052","905","3.141968","933","3.14454","933","3.142664","932","3.139532","932","3.142244","933","3.142364","933","3.145408","933","3.13966","929","3.139396","931","3.140496","933","3.142604","933","3.1396","933","3.139888","931","3.140712","931","3.143824","931","3.142452","931","3.1431","931","3.142908","933","3.141456","933","3.145364","933","3.14104","929","3.144348","932","3.140896","930","3.13944","933","3.1403","931","3.14366","932","3.142904","931","3.137984","933","3.142096","932","3.14268","933","3.141636","933","3.140392","932","3.140464","932","3.140556","929","3.14098","927","3.142676","929","3.142256","928","3.14196","925","3.139","929","3.1416627999999998","921","937"
"56","3.143904","53","3.140312","650","3.142212","674","3.144108","673","3.144116","932","3.139996","650","3.141552","900","3.140476","904","3.141812","933","3.14374","900","3.145604","903","3.141416","674","3.143856","649","3.141064","900","3.1433","932","3.141232","900","3.142052","932","3.143464","900","3.142792","932","3.14172","932","3.139628","910","3.141232","900","3.143212","910","3.141716","932","3.143944","932","3.143156","903","3.142164","932","3.141884","932","3.1391","673","3.142592","898","3.140584","898","3.141588","880","3.140832","879","3.14044","879","3.141988","879","3.141588","876","3.144948","876","3.145976","844","3.143124","876","3.143724","876","3.14028","876","3.142712","876","3.141228","870","3.143036","849","3.143164","871","3.143768","870","3.144992","845","3.13968","865","3.142772","865","3.141764","865","3.139856","844","3.138312","865","3.141468","865","3.140588","865","3.14428","844","3.144316","865","3.142488","865","3.138988","865","3.142124","865","3.141888","865","3.144004","865","3.140836","852","3.14216","852","3.141008","851","3.14094","843","3.139964","842","3.14502","843","3.140512","843","3.140784","843","3.142584","843","3.139636","843","3.140876","843","3.138944","843","3.143088","843","3.14022","843","3.14308","843","3.140336","839","3.140224","831","3.140292","829","3.140912","828","3.141528","828","3.141624","828","3.144972","828","3.144188","827","3.141612","828","3.145768","828","3.140956","828","3.142128","828","3.143056","827","3.139728","828","3.144108","828","3.14202","828","3.140768","828","3.140064","828","3.140828","828","3.141956","828","3.141584","828","3.141672","828","3.1393","828","3.141596","828","3.1419472799999992","842","934"
"57","3.142056","68","3.1382","301","3.14028","322","3.141444","321","3.144436","538","3.14376","610","3.140788","563","3.140824","610","3.14226","563","3.143172","610","3.142776","536","3.141268","563","3.1423","634","3.143656","609","3.140128","609","3.1403","563","3.142448","556","3.140804","558","3.142704","558","3.14428","577","3.137648","624","3.139784","602","3.142048","602","3.139088","882","3.1423","813","3.139232","881","3.141924","882","3.14108","815","3.143204","813","3.139128","791","3.14124","817","3.141872","882","3.142336","813","3.138032","826","3.138832","826","3.142352","882","3.143428","830","3.142064","850","3.142684","850","3.14168","793","3.143212","792","3.14352","882","3.139044","881","3.142104","850","3.143168","829","3.143296","850","3.141568","882","3.14366","815","3.141624","881","3.140224","882","3.140416","882","3.139424","815","3.143804","878","3.141864","847","3.13952","796","3.142112","817","3.141776","848","3.142784","817","3.140228","848","3.142932","808","3.144124","808","3.143416","808","3.141148","805","3.144248","806","3.14124","808","3.140004","807","3.140148","808","3.144208","805","3.139688","805","3.142552","805","3.142548","808","3.141436","808","3.142536","798","3.141984","796","3.140448","796","3.1394","799","3.1417","796","3.140144","797","3.14296","797","3.140988","796","3.141364","796","3.144504","795","3.140564","794","3.139716","793","3.143988","793","3.140356","794","3.139304","791","3.140296","792","3.142424","790","3.140148","790","3.141836","790","3.144832","790","3.140676","791","3.142704","787","3.139316","787","3.141088","787","3.141564","787","3.139228","787","3.138728","786","3.142828","781","3.1415450399999996","751","929"
"58","3.142488","144","3.140608","898","3.139604","898","3.141324","897","3.142436","898","3.139212","896","3.142948","896","3.139932","864","3.143572","896","3.142576","896","3.142504","864","3.141992","817","3.140328","863","3.139944","896","3.141004","896","3.139412","896","3.137772","838","3.139132","896","3.143756","896","3.142884","896","3.138988","896","3.140828","895","3.142844","896","3.14472","896","3.141112","863","3.14092","896","3.143292","896","3.144204","896","3.14034","895","3.1456","896","3.1403","896","3.14198","896","3.142492","896","3.140708","895","3.141636","896","3.139832","839","3.140452","895","3.141168","896","3.141296","895","3.138456","816","3.1453","895","3.14058","906","3.140708","903","3.141652","918","3.140996","897","3.140852","918","3.140812","917","3.144252","918","3.142296","901","3.14376","917","3.139712","918","3.140624","917","3.141428","917","3.140576","917","3.142856","902","3.141244","917","3.139516","917","3.141672","900","3.141916","917","3.139048","899","3.141796","917","3.141312","902","3.140028","917","3.142516","917","3.14168","917","3.141908","900","3.139652","917","3.143124","917","3.1428","918","3.1412","917","3.140692","915","3.142024","911","3.142196","911","3.142916","911","3.140604","912","3.140456","910","3.140216","910","3.13986","911","3.141232","907","3.142356","907","3.144764","907","3.140856","908","3.14366","907","3.142012","907","3.140488","907","3.144628","907","3.142492","908","3.142204","908","3.138768","907","3.139468","907","3.138032","907","3.143212","907","3.139352","907","3.144424","907","3.142548","907","3.143124","891","3.140876","907","3.141204","894","3.144532","894","3.141136","894","3.1415074400000016","892","949"
"59","3.143632","953","3.143372","954","3.143576","948","3.142812","952","3.142196","951","3.13828","954","3.142488","953","3.144476","947","3.14288","950","3.14024","947","3.143456","949","3.139144","954","3.143484","952","3.140928","947","3.141472","950","3.1447","952","3.141556","953","3.14234","951","3.142156","952","3.14522","953","3.141996","953","3.14316","949","3.142","953","3.1419","954","3.141388","954","3.14032","953","3.140752","953","3.140996","952","3.14296","951","3.14024","951","3.138568","952","3.140792","953","3.13938","949","3.140272","923","3.144252","923","3.141716","952","3.143368","952","3.138312","952","3.142248","950","3.1424","951","3.142388","953","3.141388","953","3.142372","951","3.141552","947","3.139504","953","3.143532","946","3.141028","952","3.140644","947","3.13926","952","3.140048","953","3.14048","951","3.138232","950","3.143632","951","3.142524","951","3.143372","951","3.144572","951","3.143056","946","3.1421","952","3.143684","953","3.142828","951","3.142144","952","3.14516","951","3.141964","947","3.142384","953","3.141956","948","3.141552","951","3.14166","950","3.140824","949","3.141924","953","3.139812","949","3.142088","951","3.140468","948","3.142304","918","3.140692","915","3.139612","917","3.141148","917","3.13906","910","3.143032","910","3.14332","912","3.141536","909","3.138508","912","3.139884","910","3.140816","910","3.143088","911","3.14138","913","3.145148","913","3.13914","911","3.140032","913","3.1432","910","3.142412","913","3.142844","914","3.139144","911","3.141904","914","3.1431","914","3.141064","914","3.141696","911","3.140996","909","3.1401","913","3.140536","910","3.138964","912","3.1416821999999995","939","955"
"60","3.140908","51","3.143036","801","3.140332","877","3.14234","944","3.139512","869","3.141096","878","3.141428","944","3.141372","873","3.141888","868","3.142288","800","3.143052","903","3.14272","900","3.140944","941","3.13886","865","3.142732","941","3.1444","874","3.140476","877","3.142432","900","3.14152","865","3.141316","900","3.140156","875","3.142244","906","3.142648","836","3.142064","941","3.141896","941","3.139552","940","3.14362","873","3.143092","941","3.140752","902","3.14168","905","3.141016","874","3.140252","844","3.141488","857","3.143804","928","3.142504","928","3.14396","928","3.142904","927","3.1415","928","3.141724","899","3.140964","928","3.141948","928","3.142796","928","3.141344","886","3.1426","886","3.139616","927","3.143264","893","3.142156","887","3.140324","886","3.1408","892","3.141376","916","3.140788","887","3.140172","887","3.138924","880","3.14174","921","3.140368","921","3.143228","881","3.141424","921","3.142552","887","3.14358","921","3.141752","889","3.138708","920","3.139512","921","3.143772","890","3.14274","887","3.142784","887","3.143848","864","3.14058","864","3.142344","870","3.138556","859","3.138052","859","3.141292","833","3.1416","855","3.142296","863","3.139556","855","3.141128","855","3.140252","861","3.143124","855","3.141648","858","3.141336","853","3.140604","861","3.141848","858","3.141868","853","3.140316","861","3.143012","848","3.139116","848","3.141712","844","3.139164","849","3.144164","848","3.142024","844","3.1436","848","3.139704","848","3.140112","845","3.143328","845","3.140792","845","3.141876","845","3.144992","840","3.139848","841","3.1428","841","3.138492","845","3.142832","845","3.1415655599999983","873","949"
"61","3.142344","38","3.141772","395","3.141872","463","3.142024","420","3.142864","421","3.142992","553","3.1437","553","3.1397","462","3.14388","420","3.142724","575","3.142012","461","3.142072","463","3.141308","659","3.141312","659","3.139892","639","3.141636","611","3.145364","640","3.142128","637","3.141904","609","3.143988","637","3.141288","637","3.138848","582","3.1435","637","3.143276","609","3.137784","637","3.140872","637","3.143692","841","3.14024","806","3.14236","907","3.139876","806","3.141044","843","3.142272","862","3.140908","874","3.142984","894","3.140596","867","3.140984","894","3.142504","894","3.140528","867","3.141416","871","3.140092","874","3.142684","894","3.142604","903","3.14168","871","3.139756","858","3.140244","901","3.144108","891","3.140076","900","3.139364","890","3.142196","900","3.140496","899","3.143792","901","3.143656","901","3.139516","900","3.140652","890","3.139744","891","3.141252","900","3.140328","890","3.143648","890","3.140252","901","3.136132","882","3.144068","889","3.14214","888","3.141308","888","3.14338","882","3.142892","882","3.142644","882","3.141044","889","3.140592","887","3.140988","882","3.141032","884","3.14122","877","3.138428","877","3.141644","880","3.143508","869","3.1387","875","3.138212","877","3.141212","868","3.13946","874","3.142516","876","3.141372","877","3.13912","875","3.141996","877","3.140832","877","3.1421","871","3.137364","876","3.142292","828","3.141468","821","3.14026","822","3.139796","822","3.143324","821","3.143388","791","3.14302","794","3.137708","794","3.142036","794","3.140376","791","3.141732","791","3.142624","793","3.14184","794","3.143068","792","3.14008","790","3.1414351600000003","780","949"
"62","3.142768","176","3.143076","761","3.141864","759","3.137712","759","3.143792","758","3.144892","778","3.140432","894","3.14066","875","3.138936","837","3.141016","894","3.14216","875","3.14132","816","3.141488","874","3.14014","875","3.141352","875","3.142876","893","3.140868","893","3.144488","875","3.140872","875","3.142752","875","3.140232","798","3.14182","875","3.140936","875","3.14136","875","3.144016","893","3.142196","875","3.137744","797","3.136104","893","3.136832","875","3.1417","875","3.142516","874","3.138192","893","3.143556","875","3.143544","875","3.142312","874","3.141584","875","3.141652","891","3.14284","890","3.140428","890","3.141116","871","3.140648","872","3.13984","890","3.142336","890","3.1416","890","3.14024","890","3.139948","890","3.140296","881","3.143168","862","3.141164","803","3.144052","880","3.140244","852","3.140328","844","3.140516","840","3.14002","839","3.140404","845","3.138224","845","3.143152","840","3.145584","840","3.143868","845","3.137576","841","3.143604","844","3.139564","844","3.140508","845","3.14218","845","3.142556","840","3.143248","841","3.142572","843","3.141676","843","3.141344","844","3.143604","840","3.14162","840","3.142276","845","3.142312","844","3.141132","845","3.141956","845","3.14212","843","3.142252","840","3.14074","840","3.141292","840","3.1409","845","3.140992","840","3.139688","845","3.142144","844","3.14042","844","3.142828","845","3.13968","843","3.143248","844","3.141116","844","3.146076","844","3.14188","844","3.141984","845","3.14536","844","3.142696","838","3.141812","845","3.143992","843","3.139904","839","3.143056","840","3.142784","844","3.142468","839","3.14196","844","3.1415889600000004","845","904"
"63","3.14204","29","3.144808","563","3.1396","486","3.144204","386","3.141468","252","3.141816","563","3.142244","486","3.13972","563","3.144972","680","3.142828","559","3.14272","532","3.139816","587","3.14136","537","3.140796","510","3.13992","537","3.14168","537","3.138576","696","3.144096","674","3.139116","762","3.140308","696","3.141188","674","3.142472","872","3.13994","564","3.144344","718","3.13882","715","3.140308","607","3.141964","715","3.142868","874","3.14196","863","3.142312","863","3.140368","863","3.142808","858","3.138128","863","3.142616","884","3.1408","867","3.142656","867","3.13904","867","3.141208","863","3.1412","862","3.144768","840","3.142932","862","3.143148","862","3.141852","836","3.140984","862","3.141092","810","3.143776","862","3.141808","862","3.14002","843","3.142704","862","3.142092","841","3.141212","862","3.140244","862","3.142476","862","3.142436","842","3.1444","841","3.141892","862","3.141072","862","3.142124","859","3.142848","840","3.143232","859","3.141968","839","3.141868","840","3.145256","859","3.141116","859","3.141528","827","3.14298","847","3.13956","821","3.141016","827","3.140804","819","3.142008","847","3.142204","847","3.141288","847","3.140992","847","3.14326","835","3.142424","835","3.143232","835","3.140332","830","3.139364","827","3.14182","827","3.140904","827","3.141192","826","3.145336","827","3.1438","827","3.14002","827","3.140076","827","3.141152","827","3.142268","827","3.140888","827","3.13796","827","3.140716","827","3.141588","826","3.140688","827","3.13884","827","3.141844","827","3.139548","826","3.142048","826","3.139852","827","3.141216","827","3.141024","827","3.139816","827","3.14157996","770","930"
"64","3.141576","564","3.142904","586","3.139996","709","3.141652","679","3.144636","705","3.139992","679","3.139016","705","3.141548","635","3.141832","705","3.14128","635","3.139848","674","3.141624","701","3.137324","701","3.142256","674","3.142864","674","3.141688","701","3.142584","701","3.13874","701","3.139132","701","3.145344","723","3.141104","674","3.142412","714","3.141796","878","3.141144","871","3.143024","793","3.14314","871","3.142872","873","3.14178","795","3.141188","890","3.140768","873","3.143144","871","3.142176","873","3.140884","873","3.141788","873","3.143168","818","3.138864","817","3.14288","871","3.140912","795","3.144208","871","3.144008","871","3.140272","871","3.140144","860","3.1392","828","3.14016","861","3.139776","861","3.142652","861","3.140428","859","3.143692","830","3.141112","824","3.141168","822","3.143868","827","3.1428","853","3.141764","851","3.140488","820","3.14102","849","3.140048","827","3.143828","849","3.141688","817","3.13956","855","3.141876","832","3.1397","854","3.140084","836","3.138724","835","3.14202","838","3.142756","837","3.137256","837","3.141824","855","3.140568","855","3.141172","855","3.14196","854","3.14286","837","3.139824","855","3.142784","854","3.143268","831","3.141312","854","3.141436","854","3.141376","833","3.140148","833","3.139864","833","3.140864","829","3.141372","829","3.140832","829","3.141232","830","3.141744","809","3.14064","829","3.145016","829","3.140356","823","3.13988","823","3.143068","805","3.140868","804","3.141592","822","3.141404","823","3.138816","822","3.141252","805","3.145124","822","3.143452","823","3.141856","822","3.14364","822","3.143616","822","3.1439","822","3.1415210000000027","804","914"
"65","3.14314","650","3.141116","601","3.140372","600","3.140224","600","3.1434","784","3.14266","911","3.141088","911","3.141728","910","3.141912","910","3.14026","910","3.1428","749","3.141876","911","3.141008","911","3.140112","716","3.143348","751","3.143212","910","3.142356","911","3.141128","911","3.142964","911","3.141652","911","3.140464","911","3.14094","911","3.14258","911","3.142196","911","3.140792","909","3.140284","790","3.142264","909","3.142876","909","3.141996","909","3.142492","903","3.140824","903","3.141596","903","3.139816","889","3.140316","892","3.141432","899","3.140912","891","3.139496","887","3.140392","899","3.1424","899","3.140696","887","3.142412","899","3.14314","891","3.140876","893","3.14306","887","3.139328","885","3.14028","893","3.144948","884","3.137688","895","3.143964","888","3.142748","896","3.139964","885","3.13982","876","3.142476","888","3.142844","875","3.141196","888","3.141064","888","3.140292","888","3.138548","888","3.142332","881","3.142924","874","3.140992","881","3.140896","880","3.140112","849","3.139692","881","3.1399","879","3.138976","880","3.143112","879","3.142768","881","3.140472","879","3.14108","875","3.14268","870","3.14426","881","3.143168","881","3.139572","874","3.140324","879","3.139892","880","3.143564","872","3.141864","873","3.140856","873","3.141748","872","3.141464","873","3.137816","871","3.143916","873","3.141724","872","3.140976","872","3.141732","871","3.1451","867","3.141504","872","3.14252","860","3.14262","872","3.140232","843","3.142288","841","3.14186","842","3.140968","838","3.143888","838","3.14338","836","3.14292","834","3.141772","835","3.142344","837","3.139704","836","3.1415567999999996","866","925"
"66","3.141848","893","3.138676","891","3.141","893","3.142544","887","3.142192","909","3.139428","887","3.140892","892","3.14224","886","3.142784","887","3.14096","892","3.140068","889","3.140624","886","3.142024","887","3.14028","909","3.144508","893","3.140044","891","3.140508","888","3.14058","909","3.143324","893","3.143716","886","3.141452","894","3.141952","909","3.14082","893","3.139856","884","3.142152","889","3.143936","891","3.141004","908","3.142992","891","3.141228","885","3.141072","858","3.141144","884","3.140408","889","3.142632","883","3.142536","908","3.1419","888","3.144136","882","3.142452","893","3.140516","891","3.142452","893","3.142672","908","3.142324","889","3.14288","892","3.140424","894","3.14146","892","3.143788","908","3.138228","894","3.13912","890","3.143376","881","3.139556","890","3.141816","893","3.140364","882","3.141584","891","3.14246","889","3.138692","889","3.142412","892","3.138212","882","3.140664","892","3.139804","891","3.141024","884","3.144908","882","3.143544","890","3.141624","882","3.138572","891","3.13752","884","3.14074","883","3.141832","890","3.142204","882","3.142196","892","3.139096","888","3.138964","885","3.141608","892","3.141356","892","3.14104","884","3.140572","908","3.139716","908","3.141556","882","3.14292","908","3.138136","893","3.14124","860","3.142644","888","3.140376","908","3.139172","888","3.138848","893","3.140884","893","3.14122","891","3.1446","892","3.14082","890","3.14154","889","3.143188","884","3.143556","890","3.14356","908","3.140564","850","3.142684","847","3.143932","848","3.142252","851","3.140584","843","3.141632","867","3.140076","867","3.142668","851","3.141344","867","3.141392279999999","887","909"
"67","3.140464","772","3.13952","704","3.139464","704","3.144192","728","3.143788","933","3.140352","838","3.142676","932","3.143072","932","3.141932","911","3.139528","932","3.141272","932","3.140048","933","3.139916","933","3.14076","933","3.145904","933","3.141192","905","3.142308","932","3.142004","932","3.13836","909","3.141748","910","3.141112","932","3.14192","932","3.143872","931","3.140996","932","3.14252","865","3.141656","933","3.141528","931","3.141128","905","3.141444","905","3.143508","931","3.143136","905","3.142604","933","3.144832","933","3.141356","928","3.1422","926","3.141328","927","3.13906","927","3.142008","928","3.137032","927","3.141456","927","3.141612","926","3.142408","928","3.143404","928","3.141456","928","3.141752","927","3.141652","928","3.139104","927","3.143296","927","3.141084","927","3.141436","864","3.141444","915","3.140928","915","3.141644","887","3.140296","886","3.138828","886","3.1436","887","3.142648","886","3.14252","886","3.142068","884","3.14494","886","3.139908","886","3.143772","886","3.14072","886","3.14166","882","3.139716","885","3.14024","886","3.14186","882","3.142648","878","3.142808","878","3.139944","878","3.141576","875","3.141936","877","3.142188","876","3.140768","876","3.141588","877","3.142212","876","3.141304","876","3.140708","876","3.140936","877","3.143368","878","3.14472","875","3.142096","877","3.143408","861","3.14276","856","3.142964","853","3.1416","852","3.1429","849","3.141664","848","3.141852","849","3.142816","849","3.1434","848","3.141072","849","3.142472","849","3.14094","848","3.140144","848","3.141756","849","3.140816","849","3.141664","849","3.142604","848","3.14188","849","3.14172704","888","941"
"68","3.137536","118","3.143936","887","3.139144","887","3.14288","887","3.142736","888","3.141644","887","3.142332","858","3.142272","887","3.140432","858","3.143152","887","3.141088","862","3.142036","887","3.142948","887","3.143272","885","3.14474","611","3.141436","885","3.144176","885","3.142628","860","3.143892","860","3.139864","950","3.141472","959","3.14044","913","3.139592","958","3.1402","913","3.14418","946","3.142868","958","3.140388","913","3.138828","945","3.138452","888","3.140272","913","3.141256","893","3.13908","957","3.146176","913","3.142716","957","3.1439","927","3.140524","946","3.14178","945","3.141324","945","3.142836","888","3.141228","958","3.14202","950","3.140184","945","3.1434","913","3.14324","968","3.142","968","3.141192","949","3.143888","951","3.143492","968","3.13872","968","3.142056","968","3.13952","937","3.14114","968","3.140584","947","3.142596","943","3.14454","949","3.139668","950","3.140696","960","3.141916","960","3.141212","960","3.142516","959","3.14052","959","3.141196","943","3.143004","960","3.141148","960","3.141828","940","3.140908","935","3.144048","930","3.139596","942","3.143392","960","3.142916","929","3.143896","942","3.13948","933","3.141196","959","3.142008","941","3.140556","959","3.1436","960","3.140316","959","3.141376","959","3.13898","959","3.14186","959","3.141164","941","3.142328","959","3.141836","939","3.14034","960","3.141832","959","3.139872","947","3.143012","947","3.141524","928","3.140268","945","3.144828","945","3.14382","945","3.140384","938","3.141924","938","3.143808","938","3.139308","938","3.14552","938","3.1427","938","3.140684","938","3.142936","938","3.140636","938","3.141747840000001","921","1005"
"69","3.139356","888","3.14256","889","3.141352","909","3.140668","888","3.141016","888","3.140004","889","3.141368","889","3.139492","888","3.137692","889","3.14122","828","3.14008","888","3.14242","889","3.141504","889","3.143112","855","3.139856","889","3.141476","889","3.141892","889","3.143692","889","3.14244","888","3.143544","889","3.141396","889","3.1398","888","3.141008","889","3.142776","889","3.140488","881","3.141524","880","3.14146","880","3.140952","900","3.142816","900","3.141512","900","3.142984","879","3.140968","900","3.140296","880","3.14192","901","3.142008","880","3.14144","900","3.140752","880","3.144644","880","3.140892","900","3.141904","880","3.141556","900","3.143132","900","3.142332","880","3.139488","900","3.139376","880","3.140256","879","3.140792","900","3.141884","879","3.139432","900","3.142648","880","3.14418","880","3.139424","900","3.139536","900","3.14154","879","3.141392","900","3.14274","900","3.14268","900","3.144064","880","3.141508","900","3.139072","880","3.142396","900","3.137712","887","3.140704","887","3.141468","866","3.141888","866","3.141116","882","3.141236","882","3.142344","882","3.142212","882","3.14114","882","3.1466","882","3.13666","882","3.141276","882","3.1422","882","3.142632","882","3.140376","882","3.141664","882","3.140772","861","3.139948","861","3.14408","882","3.140912","882","3.13988","882","3.142604","882","3.13962","882","3.1391","882","3.143116","882","3.140208","882","3.141648","882","3.141616","882","3.143656","882","3.139044","882","3.141568","882","3.140368","882","3.141312","881","3.141832","882","3.144036","882","3.140072","861","3.141144","875","3.141384","863","3.143936","862","3.1413879600000003","884","910"
"70","3.140472","527","3.142148","555","3.140072","647","3.143484","669","3.139408","669","3.142164","555","3.141944","555","3.141828","646","3.141244","555","3.143728","669","3.14196","919","3.142172","891","3.139176","912","3.140536","912","3.139804","912","3.141544","912","3.142808","912","3.141792","890","3.14194","912","3.139924","912","3.14136","891","3.144772","890","3.141584","912","3.137956","912","3.1409","795","3.142004","913","3.142012","912","3.1435","911","3.14068","891","3.143408","886","3.139944","912","3.143596","890","3.141828","885","3.1414","911","3.140388","891","3.144672","912","3.140972","891","3.142016","913","3.143432","912","3.140308","912","3.145832","906","3.138508","868","3.140416","873","3.139544","893","3.14342","873","3.141588","872","3.143404","854","3.142084","876","3.140896","875","3.1389","854","3.1423","875","3.143812","874","3.139112","875","3.141696","874","3.140988","873","3.142804","874","3.140012","871","3.14044","871","3.142796","868","3.141876","869","3.14232","869","3.143948","869","3.14276","870","3.13826","872","3.142076","868","3.143708","871","3.139644","871","3.139768","871","3.144404","871","3.140452","869","3.139652","869","3.14364","868","3.141828","868","3.143316","870","3.1412","867","3.14254","868","3.145276","864","3.143288","860","3.138308","860","3.141464","864","3.141812","859","3.13972","862","3.141504","863","3.139308","863","3.138696","862","3.137896","863","3.147004","863","3.140612","863","3.143564","862","3.141812","864","3.141292","863","3.143096","862","3.143444","860","3.140544","864","3.141728","862","3.14144","864","3.140672","864","3.14154","860","3.142372","863","3.141496","861","3.141627120000002","851","924"
"71","3.143224","545","3.14012","822","3.139628","738","3.142172","845","3.142292","664","3.14056","568","3.141644","845","3.140368","822","3.141368","822","3.139424","833","3.14142","855","3.141356","855","3.139352","855","3.140644","855","3.1438","855","3.139868","855","3.140588","832","3.139024","832","3.143884","833","3.142112","855","3.140932","911","3.14352","855","3.140256","855","3.138352","892","3.143588","829","3.13976","851","3.141084","851","3.14052","806","3.14266","908","3.140168","830","3.142636","851","3.142056","851","3.141904","852","3.141352","852","3.141452","829","3.142036","904","3.14426","835","3.138488","835","3.141092","813","3.141908","834","3.142704","813","3.142096","820","3.14114","897","3.140996","877","3.141328","821","3.142024","821","3.142492","873","3.141708","818","3.141908","837","3.142208","817","3.141652","924","3.141692","924","3.141144","923","3.139084","924","3.139684","924","3.140832","924","3.143324","924","3.14234","924","3.138492","924","3.144544","924","3.142108","924","3.143228","924","3.142628","924","3.141128","923","3.138232","923","3.141892","924","3.141352","924","3.142896","923","3.141708","924","3.140508","924","3.142128","924","3.142696","899","3.142444","899","3.1416","899","3.1443","899","3.141452","899","3.141832","899","3.140132","899","3.139316","899","3.142472","899","3.140812","899","3.14168","899","3.1427","899","3.140312","899","3.1436","899","3.142704","899","3.140564","899","3.14068","899","3.138972","899","3.140652","899","3.140492","856","3.14268","856","3.142484","856","3.140984","856","3.141216","856","3.14244","855","3.141568","856","3.1402","856","3.142008","856","3.14058","856","3.141436439999999","864","979"
"72","3.143492","517","3.142108","467","3.14246","464","3.13812","465","3.143072","463","3.144256","582","3.142276","923","3.142736","867","3.144412","923","3.139804","923","3.143408","896","3.1379","923","3.143452","923","3.139108","923","3.141976","923","3.140528","923","3.14492","923","3.13924","923","3.140876","897","3.1423","923","3.140892","923","3.142672","922","3.14158","923","3.142444","923","3.143004","923","3.141248","900","3.143084","898","3.142892","922","3.140772","896","3.138712","923","3.142296","897","3.1436","923","3.143876","923","3.141452","923","3.139548","892","3.140652","895","3.143016","923","3.140752","922","3.141932","923","3.14112","892","3.141664","904","3.140832","904","3.140532","904","3.140636","903","3.143064","899","3.13886","868","3.14132","877","3.140108","898","3.140856","899","3.140468","899","3.143432","895","3.141464","895","3.144304","894","3.141612","892","3.138532","891","3.14254","892","3.138852","892","3.140016","892","3.141568","892","3.140264","892","3.142716","891","3.142652","892","3.139992","892","3.140912","892","3.139412","867","3.13954","891","3.143048","892","3.14196","891","3.143432","875","3.143708","825","3.141752","875","3.142632","847","3.140524","874","3.141348","848","3.146536","901","3.140992","887","3.142724","886","3.140368","885","3.144272","901","3.144376","887","3.142512","901","3.14214","901","3.141504","901","3.139832","901","3.142188","901","3.140672","887","3.141456","886","3.141624","886","3.14182","886","3.136188","886","3.140408","882","3.141928","900","3.143748","885","3.142568","883","3.142796","900","3.139868","901","3.144328","820","3.143528","819","3.142436","819","3.139904","819","3.1416725599999995","870","987"
"73","3.141124","469","3.143116","920","3.13968","940","3.144472","914","3.142424","920","3.144224","817","3.139532","943","3.14132","920","3.139984","945","3.140068","692","3.142996","915","3.139284","915","3.142356","943","3.13964","936","3.139756","937","3.1414","936","3.142244","937","3.14038","939","3.140856","937","3.141756","939","3.142188","939","3.141448","936","3.140332","939","3.140368","936","3.141964","939","3.14192","934","3.144076","939","3.142356","939","3.1443","939","3.144872","934","3.144072","939","3.143724","936","3.141204","939","3.143152","915","3.141652","907","3.141224","912","3.13966","912","3.141784","912","3.142748","906","3.145208","909","3.140036","906","3.1435","899","3.143284","868","3.142344","902","3.139984","902","3.13968","899","3.14058","900","3.141472","902","3.144452","902","3.140296","902","3.139124","897","3.14158","897","3.142332","897","3.143224","894","3.140556","897","3.140588","897","3.139336","897","3.140496","891","3.13726","888","3.140732","891","3.142464","888","3.139096","891","3.142252","891","3.139224","891","3.141592","888","3.141172","891","3.141268","891","3.144124","891","3.144432","885","3.139624","883","3.141084","882","3.141144","882","3.14316","882","3.13906","881","3.140172","878","3.141488","876","3.144972","872","3.139208","875","3.14238","872","3.143552","875","3.141384","875","3.140736","876","3.140332","875","3.140752","872","3.143152","869","3.14042","875","3.140008","867","3.140392","865","3.140292","866","3.142228","866","3.138404","866","3.140084","863","3.140052","865","3.14244","865","3.14278","865","3.140588","865","3.140452","865","3.142416","859","3.141944","865","3.142788","857","3.1414883200000014","893","952"
"74","3.141896","597","3.14454","544","3.1395","660","3.139536","868","3.14404","887","3.1424","869","3.140128","846","3.146348","868","3.142632","869","3.140948","868","3.141024","867","3.141644","867","3.13984","867","3.140836","887","3.143192","869","3.141128","867","3.139564","868","3.14168","868","3.140904","868","3.142472","867","3.140244","869","3.140564","868","3.142648","867","3.14344","867","3.14248","868","3.144308","887","3.140776","869","3.14096","867","3.1394","887","3.13738","846","3.14024","887","3.13796","867","3.141536","868","3.140552","868","3.145128","869","3.139888","867","3.140528","887","3.138876","887","3.141732","868","3.142564","867","3.143076","868","3.140636","868","3.14272","869","3.14314","868","3.141916","866","3.141968","867","3.14124","887","3.139628","887","3.141672","867","3.141016","897","3.143812","891","3.14088","890","3.143216","891","3.142024","915","3.141336","915","3.141924","915","3.141132","888","3.142756","914","3.142308","914","3.139544","914","3.140796","889","3.140584","863","3.140432","914","3.14126","914","3.140848","895","3.140408","914","3.14426","914","3.141728","895","3.141688","892","3.14308","914","3.142872","885","3.142128","888","3.143492","886","3.140304","895","3.141264","914","3.1403","914","3.143244","896","3.14096","914","3.141508","913","3.142336","914","3.142624","897","3.141804","889","3.140992","896","3.14382","913","3.140708","890","3.142492","867","3.142348","887","3.138676","887","3.140616","887","3.141156","869","3.138204","887","3.142108","868","3.140064","865","3.143852","887","3.142568","887","3.137364","820","3.14294","820","3.141992","813","3.140944","835","3.141348","835","3.14151512","872","947"
"75","3.141276","765","3.142588","765","3.14212","764","3.14014","764","3.140188","761","3.13966","784","3.141384","761","3.143812","719","3.140368","716","3.142868","716","3.143228","757","3.14348","757","3.141912","655","3.139916","757","3.141756","715","3.145032","655","3.13974","915","3.1399","915","3.142","913","3.141068","913","3.14632","914","3.140048","818","3.139336","917","3.140772","843","3.140976","915","3.143056","853","3.140996","881","3.140996","914","3.142596","915","3.140248","913","3.142156","914","3.141244","914","3.144776","841","3.143508","842","3.142404","881","3.143292","841","3.142304","842","3.140012","819","3.142792","917","3.141348","844","3.140848","846","3.140956","842","3.13948","853","3.140452","914","3.141104","909","3.143232","910","3.138808","909","3.140056","910","3.140448","908","3.140672","841","3.14354","908","3.143896","890","3.14254","861","3.142488","890","3.140656","888","3.142692","887","3.143676","855","3.141832","885","3.140532","843","3.141748","835","3.142684","833","3.141036","823","3.1454","852","3.142072","834","3.139848","833","3.140476","825","3.139852","844","3.14054","821","3.140364","821","3.142296","838","3.141052","809","3.140348","836","3.142836","835","3.140904","835","3.142912","835","3.141928","836","3.139324","835","3.14086","835","3.14248","835","3.142128","835","3.140188","814","3.142604","812","3.14006","835","3.141108","835","3.14206","835","3.141156","835","3.139652","835","3.142768","835","3.139484","808","3.140228","835","3.139708","835","3.138672","816","3.141344","835","3.143184","835","3.14244","835","3.14076","813","3.138244","817","3.144432","835","3.139452","835","3.139216","835","3.1414737199999996","838","949"
"76","3.141596","408","3.14074","516","3.141424","564","3.139316","652","3.142332","540","3.140696","564","3.14216","564","3.14168","564","3.143136","564","3.143856","564","3.140636","564","3.1422","564","3.13862","612","3.141388","903","3.138528","905","3.14158","905","3.14206","903","3.142616","903","3.139792","905","3.141828","911","3.142508","911","3.140232","911","3.139188","907","3.143376","908","3.142268","898","3.141532","901","3.140472","899","3.144164","907","3.141536","907","3.142268","876","3.143696","876","3.144196","869","3.140928","869","3.140812","876","3.143656","876","3.140132","876","3.142288","867","3.141612","876","3.140624","864","3.141432","863","3.141612","863","3.140684","868","3.142232","881","3.143424","858","3.143428","853","3.141988","857","3.143048","853","3.139356","861","3.143804","830","3.143424","878","3.141072","878","3.140656","878","3.141724","878","3.142656","852","3.143184","876","3.141488","872","3.141304","872","3.13842","872","3.1431","851","3.144848","850","3.14094","872","3.14232","870","3.141236","869","3.142492","866","3.139932","865","3.143032","865","3.144952","842","3.139896","863","3.14114","842","3.14166","863","3.141628","863","3.143968","842","3.142196","863","3.142764","842","3.142872","863","3.140644","837","3.143544","854","3.141604","853","3.139592","853","3.1383","833","3.1424","854","3.138692","854","3.143708","853","3.141148","833","3.140528","828","3.141336","853","3.138868","853","3.141","853","3.14394","853","3.138276","853","3.140432","853","3.14384","853","3.14246","853","3.142","852","3.141988","852","3.140484","853","3.142828","821","3.14246","837","3.139872","837","3.139568","837","3.1416509600000015","826","942"
"77","3.141864","362","3.144332","362","3.142156","964","3.142024","931","3.14214","942","3.14038","928","3.141692","964","3.14006","946","3.139904","964","3.140596","964","3.141384","928","3.140264","938","3.140716","964","3.143176","964","3.141688","937","3.1397","964","3.142976","946","3.139992","941","3.142032","940","3.139192","932","3.141752","964","3.1391","941","3.141816","964","3.142528","964","3.142708","964","3.139908","964","3.141104","964","3.139804","870","3.141108","938","3.1423","937","3.142292","964","3.140536","964","3.140304","909","3.141604","946","3.140568","932","3.140088","964","3.13986","964","3.139308","964","3.139508","947","3.141676","964","3.142092","946","3.139744","937","3.143528","947","3.142504","964","3.143468","964","3.142684","940","3.141824","942","3.14264","963","3.139156","964","3.1395","946","3.13988","963","3.142708","964","3.143004","964","3.140848","964","3.141844","946","3.143832","937","3.142052","941","3.142156","963","3.14422","963","3.139628","903","3.141528","964","3.142076","946","3.14072","963","3.141316","963","3.14136","947","3.143072","947","3.140428","948","3.143932","919","3.140368","947","3.14342","930","3.1422","948","3.143008","947","3.141552","920","3.141556","947","3.142752","939","3.1413","938","3.141208","938","3.142888","938","3.141856","914","3.144716","938","3.139724","935","3.141928","935","3.140648","936","3.139844","936","3.142836","935","3.138428","935","3.142824","935","3.139112","917","3.140828","900","3.143596","888","3.142396","816","3.141024","838","3.142472","836","3.136324","835","3.14214","835","3.146064","835","3.139924","835","3.140652","835","3.142176","835","3.13898","832","3.1414462800000003","922","966"
"78","3.141316","294","3.140568","543","3.13832","543","3.143016","543","3.140216","496","3.139232","568","3.142752","543","3.140304","543","3.143976","570","3.140344","543","3.140512","644","3.141764","542","3.141616","543","3.139008","584","3.141044","897","3.139308","897","3.14438","897","3.138108","897","3.141204","897","3.142224","897","3.141912","897","3.138668","897","3.142968","897","3.143296","897","3.137428","897","3.141004","897","3.14106","897","3.142944","897","3.139752","897","3.143956","871","3.141536","897","3.141124","897","3.143188","897","3.143308","897","3.138624","871","3.141076","897","3.141396","897","3.14102","897","3.1443","897","3.140272","897","3.141524","897","3.143","897","3.139304","897","3.140584","897","3.14262","897","3.139148","897","3.140832","896","3.142092","897","3.138804","897","3.14162","897","3.140364","897","3.141932","897","3.14394","896","3.140788","896","3.140592","897","3.140628","897","3.1396","896","3.135372","896","3.143656","896","3.142312","897","3.143952","897","3.139848","897","3.141016","897","3.143616","897","3.141696","867","3.14174","867","3.14184","867","3.143768","867","3.14038","867","3.140212","867","3.142084","867","3.142012","845","3.14028","841","3.140856","841","3.14422","841","3.143248","834","3.140556","834","3.14102","834","3.141788","833","3.140408","827","3.142488","827","3.144396","827","3.14218","823","3.1387","823","3.14058","823","3.144752","823","3.14114","823","3.143752","822","3.141812","823","3.142436","823","3.14298","823","3.141208","822","3.142332","823","3.139104","823","3.14004","811","3.138836","811","3.142824","811","3.139936","811","3.141896","810","3.145768","811","3.1413845599999983","822","913"
"79","3.141732","66","3.14176","334","3.144736","401","3.141388","1005","3.14262","972","3.141868","975","3.142572","1005","3.141332","971","3.141572","971","3.13986","1004","3.140864","1004","3.139796","1004","3.139036","976","3.141972","961","3.144536","964","3.141284","961","3.142912","968","3.142712","1005","3.143364","976","3.141776","974","3.143944","1004","3.142684","969","3.138208","1005","3.141764","973","3.142256","1005","3.14156","976","3.141856","1004","3.142508","1005","3.14014","1004","3.140776","1004","3.140144","1005","3.139692","999","3.139768","969","3.143624","963","3.14138","1000","3.139788","1000","3.143128","1000","3.141004","999","3.144212","960","3.142512","970","3.138092","969","3.142952","999","3.142364","971","3.144096","1000","3.140156","1000","3.14076","999","3.144536","1000","3.139644","999","3.142616","999","3.142644","1000","3.143352","970","3.1399","1000","3.138816","965","3.144128","993","3.141856","993","3.140628","956","3.141256","994","3.140772","964","3.141148","994","3.139696","993","3.141288","993","3.142316","993","3.138152","993","3.142624","993","3.143212","961","3.142108","993","3.140784","993","3.142068","993","3.140724","993","3.14188","994","3.13972","992","3.139432","993","3.141712","993","3.142536","993","3.143312","992","3.139428","993","3.142252","994","3.140148","993","3.144104","993","3.142336","950","3.139184","961","3.141568","994","3.13952","992","3.142904","993","3.139688","993","3.138852","993","3.143448","993","3.141072","992","3.138984","992","3.143932","993","3.14146","960","3.142416","993","3.143592","993","3.1417","992","3.14","993","3.140588","992","3.141824","993","3.141564","926","3.142356","900","3.140532","925","3.1415337199999995","964","1010"
"80","3.139484","81","3.142236","261","3.140068","261","3.142732","261","3.14142","258","3.14088","258","3.140676","258","3.141864","257","3.140972","258","3.141072","529","3.14074","530","3.144084","529","3.138352","529","3.141356","529","3.141036","615","3.138516","910","3.141212","952","3.141348","953","3.142916","952","3.13928","951","3.14178","951","3.142284","924","3.143732","952","3.142928","948","3.144508","951","3.142864","924","3.146364","952","3.1415","951","3.139932","949","3.140208","947","3.146212","951","3.144212","910","3.14152","927","3.142652","927","3.14226","910","3.143032","927","3.143624","907","3.141568","911","3.141136","927","3.141528","927","3.143432","910","3.14452","927","3.140836","906","3.140356","907","3.140504","909","3.13958","905","3.139684","927","3.141012","927","3.141624","900","3.141168","927","3.141072","908","3.14124","927","3.140888","927","3.1415","905","3.14068","910","3.14028","910","3.140148","927","3.141908","927","3.144016","927","3.140304","910","3.141416","905","3.143716","927","3.139736","927","3.140692","927","3.140528","927","3.141212","927","3.144672","927","3.143348","927","3.139692","906","3.138928","909","3.13872","909","3.141472","927","3.144272","927","3.141744","927","3.143928","926","3.141508","907","3.141656","926","3.141516","927","3.144128","926","3.14452","905","3.140456","927","3.141604","909","3.143248","899","3.1421","904","3.141132","926","3.142408","927","3.143296","905","3.14256","903","3.143004","908","3.1408","909","3.141968","906","3.140916","909","3.140436","926","3.142728","927","3.141728","927","3.13782","926","3.14248","902","3.139776","927","3.145024","906","3.143356","926","3.1417308399999997","838","1027"
"81","3.141448","576","3.142076","598","3.140008","978","3.140516","978","3.140708","978","3.140948","977","3.140764","977","3.142656","977","3.142924","977","3.143348","977","3.139304","978","3.141352","976","3.14326","977","3.138652","978","3.138548","978","3.141584","978","3.139508","978","3.144592","977","3.140324","977","3.141784","977","3.142252","978","3.138552","977","3.141684","977","3.140116","955","3.141952","978","3.139988","980","3.141668","977","3.139448","978","3.14078","976","3.140992","977","3.138176","977","3.141088","977","3.142316","953","3.141392","978","3.140368","980","3.14014","955","3.142416","978","3.140788","980","3.139168","977","3.141928","978","3.143704","977","3.140968","976","3.142084","977","3.14272","978","3.1427","976","3.144464","980","3.139024","976","3.140768","977","3.141992","978","3.140764","977","3.141588","977","3.139828","977","3.141632","977","3.140816","977","3.142444","977","3.143788","977","3.14148","978","3.140068","976","3.142404","978","3.141504","977","3.141296","976","3.142256","977","3.141168","977","3.144544","978","3.140104","980","3.139684","977","3.144736","977","3.14124","976","3.143684","978","3.138412","976","3.141528","976","3.141916","954","3.140796","977","3.142936","953","3.143164","977","3.14326","976","3.142736","977","3.141484","978","3.13988","976","3.141884","977","3.143916","977","3.144744","977","3.140928","976","3.140364","977","3.141276","977","3.140576","980","3.140924","977","3.139708","977","3.143432","977","3.140232","955","3.140852","977","3.142852","977","3.145648","976","3.141088","976","3.141016","977","3.14188","977","3.14182","979","3.143808","977","3.141668","979","3.141932","976","3.1414962799999997","968","981"
"82","3.140924","67","3.141992","607","3.141044","847","3.141428","848","3.141928","846","3.144516","847","3.142056","847","3.141388","847","3.141252","795","3.140696","847","3.138932","847","3.141296","847","3.142736","847","3.14182","838","3.141632","839","3.141804","839","3.139292","839","3.139948","838","3.142652","839","3.14192","838","3.143608","839","3.141104","839","3.140428","838","3.139884","838","3.140688","838","3.143196","839","3.142176","860","3.141096","839","3.141648","818","3.142776","838","3.14014","838","3.142764","854","3.14088","878","3.141768","854","3.14268","877","3.140912","902","3.139752","826","3.141984","902","3.142308","846","3.140976","846","3.141412","826","3.141656","902","3.141516","854","3.142316","877","3.13996","902","3.138956","902","3.141676","877","3.140616","876","3.13994","854","3.14186","895","3.142684","898","3.143816","895","3.141028","898","3.14066","874","3.141044","896","3.141112","895","3.142596","891","3.142204","891","3.140724","891","3.140712","894","3.142504","890","3.141932","894","3.142388","893","3.140212","890","3.142448","891","3.144312","894","3.137604","893","3.140076","891","3.142808","891","3.141504","894","3.142104","889","3.141848","888","3.141812","892","3.13968","888","3.140456","888","3.144556","891","3.142772","889","3.14416","891","3.13876","891","3.142928","888","3.1402","889","3.137444","888","3.142504","889","3.14036","889","3.141768","891","3.143776","889","3.138264","888","3.140752","891","3.137204","888","3.141548","870","3.142756","862","3.142604","864","3.14328","862","3.145904","864","3.14","861","3.138344","864","3.142696","863","3.142428","851","3.142572","850","3.141268","849","3.1414704799999993","857","950"
"83","3.1407","485","3.143148","508","3.142884","508","3.142128","508","3.142368","508","3.140872","508","3.140776","502","3.14272","503","3.144256","528","3.143348","866","3.140652","906","3.140436","903","3.142708","904","3.139596","904","3.14198","903","3.142564","899","3.140744","903","3.141404","901","3.141556","899","3.141648","903","3.139656","903","3.140252","896","3.14064","895","3.141444","888","3.13978","898","3.140516","892","3.141648","894","3.14356","894","3.143144","893","3.141712","895","3.142472","894","3.140528","895","3.140832","892","3.139988","915","3.139168","895","3.14304","889","3.140976","894","3.14282","893","3.140644","888","3.142404","895","3.143644","892","3.143096","915","3.142316","895","3.142784","895","3.143204","895","3.141696","895","3.139904","888","3.142368","915","3.141036","915","3.14152","894","3.142452","892","3.141564","892","3.140608","895","3.140188","892","3.14198","895","3.141532","894","3.141384","895","3.14138","895","3.139788","908","3.141668","881","3.14074","888","3.144416","908","3.141616","887","3.140484","885","3.141404","887","3.14066","879","3.143764","879","3.141876","879","3.141096","873","3.14064","873","3.14058","872","3.140192","872","3.143276","849","3.144024","871","3.140808","872","3.13692","872","3.143788","871","3.138804","869","3.14148","869","3.144344","869","3.143092","869","3.137864","869","3.140944","839","3.143568","863","3.139972","862","3.144412","862","3.143364","836","3.142708","862","3.141748","840","3.142812","862","3.140732","836","3.137624","861","3.1441","862","3.14258","861","3.144588","856","3.141432","855","3.13998","856","3.14158","855","3.142216","856","3.14384","855","3.1416589200000002","849","936"
"84","3.14238","518","3.139272","517","3.141684","953","3.142252","952","3.140456","932","3.139028","926","3.14124","927","3.142732","931","3.143908","932","3.142916","952","3.14168","926","3.14378","932","3.142216","854","3.144952","932","3.140892","932","3.139176","926","3.138036","931","3.138628","952","3.140956","920","3.145508","922","3.139176","926","3.142448","926","3.139864","932","3.140068","925","3.143236","931","3.141312","940","3.142552","940","3.141248","940","3.14332","940","3.140492","940","3.142084","913","3.139688","940","3.141152","940","3.140836","940","3.14314","940","3.142388","940","3.142868","940","3.1412","940","3.142608","940","3.144012","940","3.144804","940","3.139828","940","3.142948","919","3.141804","941","3.140516","914","3.14132","940","3.14182","940","3.14162","940","3.141732","940","3.140608","940","3.139076","940","3.145352","940","3.142184","940","3.139484","940","3.141136","940","3.141748","940","3.14112","940","3.14112","940","3.142152","940","3.143248","940","3.14358","937","3.142232","937","3.14034","915","3.143368","915","3.141376","937","3.142704","936","3.144648","936","3.141392","936","3.142088","936","3.140752","936","3.139688","936","3.137224","936","3.141256","936","3.142208","936","3.140824","936","3.142908","936","3.142124","936","3.1404","936","3.141344","936","3.141004","936","3.140476","936","3.139736","936","3.142788","936","3.144132","936","3.139868","936","3.142704","936","3.140176","936","3.1392","936","3.139996","936","3.145016","936","3.14078","936","3.142716","936","3.141136","935","3.142404","936","3.139536","936","3.139784","928","3.140848","927","3.140936","927","3.140932","927","3.139808","927","3.141534360000001","925","954"
"85","3.141684","107","3.139152","652","3.143084","652","3.140724","652","3.141944","469","3.139348","1138","3.1407","1138","3.143456","1157","3.141916","1138","3.14222","1158","3.144808","1097","3.145984","1157","3.140256","1117","3.141668","1176","3.143132","1157","3.142972","1138","3.14244","1177","3.142332","1176","3.143948","1157","3.14214","1138","3.1428","1156","3.142108","1138","3.142752","1157","3.14056","1138","3.144584","1157","3.140644","1157","3.143128","1137","3.141216","1157","3.14106","1117","3.141572","1157","3.140168","1156","3.140784","1156","3.141348","1156","3.142376","1138","3.139076","1157","3.142888","1157","3.144712","1156","3.14052","1176","3.138648","1116","3.140968","1157","3.1416","1176","3.14132","1157","3.140972","1156","3.144188","1176","3.138784","1138","3.140728","1116","3.14116","1157","3.141932","1157","3.141904","1157","3.138424","1157","3.140164","1157","3.14046","1176","3.142204","1137","3.13844","1156","3.140892","1156","3.143008","1156","3.143332","1176","3.14244","1156","3.142096","1116","3.143024","1138","3.141372","1176","3.144192","1116","3.13928","1117","3.14296","1147","3.141132","1146","3.140584","1166","3.143332","1147","3.141096","1144","3.144436","1122","3.140676","1141","3.141204","1141","3.140604","1119","3.139944","1119","3.14178","1119","3.144244","1138","3.140508","1119","3.141748","1138","3.141088","1118","3.141796","989","3.140348","989","3.140928","989","3.140824","989","3.14504","989","3.14274","989","3.142108","989","3.137276","989","3.1408","989","3.138908","989","3.1424","989","3.142","989","3.1401","989","3.143412","935","3.139164","886","3.139788","886","3.139312","886","3.141424","886","3.140496","886","3.142812","886","3.138572","886","3.14158","886","3.1415489999999995","1071","1182"
"86","3.142584","259","3.140552","690","3.141528","690","3.144476","689","3.139664","660","3.140944","687","3.140324","687","3.14374","687","3.140364","687","3.141512","657","3.141468","686","3.140496","687","3.141116","718","3.140848","686","3.14284","689","3.143848","925","3.143088","927","3.140732","926","3.144212","833","3.139988","746","3.141556","833","3.14276","926","3.143108","926","3.141784","926","3.140652","925","3.140232","926","3.141684","926","3.144012","831","3.140368","925","3.140656","921","3.141744","921","3.139336","926","3.139652","925","3.141952","925","3.140736","926","3.139492","926","3.140044","828","3.142068","925","3.140228","922","3.141392","912","3.140812","901","3.142788","902","3.141092","906","3.14056","903","3.144024","907","3.142816","901","3.1422","906","3.141696","908","3.144408","907","3.143392","907","3.140428","901","3.142928","907","3.144096","906","3.143508","878","3.14188","907","3.141976","908","3.140832","907","3.140672","904","3.143144","906","3.14382","902","3.14156","905","3.139112","905","3.14334","869","3.1425","880","3.142904","899","3.139436","890","3.1431","896","3.140872","889","3.141748","900","3.14178","896","3.14114","895","3.142216","887","3.14124","894","3.139644","889","3.14128","891","3.140548","899","3.142672","896","3.139976","900","3.142112","899","3.140684","884","3.141644","875","3.14142","879","3.140496","879","3.142472","878","3.140504","878","3.143228","870","3.140388","878","3.139912","873","3.14324","877","3.141456","874","3.142496","874","3.139144","861","3.141804","864","3.144312","864","3.137988","862","3.140164","850","3.1411","862","3.142744","862","3.142736","862","3.140064","862","3.1416002799999996","857","944"
"87","3.142932","457","3.136908","954","3.141028","944","3.137464","946","3.139884","952","3.141924","943","3.141984","858","3.141576","942","3.145008","942","3.141312","940","3.14076","940","3.137968","940","3.140116","940","3.14192","939","3.13982","939","3.139744","939","3.139144","939","3.143732","937","3.14268","940","3.142912","940","3.141548","935","3.140116","940","3.140024","940","3.142068","940","3.140652","935","3.142908","937","3.139132","912","3.142176","940","3.143108","940","3.140216","939","3.144236","940","3.142464","940","3.140256","940","3.1397","939","3.141264","935","3.14046","936","3.140984","939","3.141788","940","3.141072","939","3.141892","935","3.144852","936","3.141388","935","3.141244","939","3.139852","934","3.141628","940","3.142264","929","3.141876","932","3.143268","903","3.142732","865","3.14228","897","3.142736","900","3.140892","900","3.141848","900","3.140604","900","3.142436","896","3.142504","896","3.137272","900","3.140352","860","3.13954","900","3.14228","900","3.138856","899","3.140724","899","3.140292","894","3.14256","885","3.142112","885","3.140064","888","3.144408","884","3.13948","888","3.141416","908","3.138244","889","3.141856","889","3.141504","907","3.145464","885","3.143592","889","3.14174","888","3.138992","888","3.143596","908","3.141756","908","3.142752","907","3.142468","888","3.145904","900","3.13878","881","3.141116","878","3.14198","874","3.141984","895","3.139676","875","3.141316","895","3.140964","874","3.142552","895","3.141512","871","3.13904","871","3.143536","871","3.141148","870","3.141784","891","3.139444","891","3.141372","891","3.142404","876","3.13958","876","3.14362","856","3.142304","856","3.141386200000001","906","975"
"88","3.143244","249","3.139964","899","3.138352","900","3.143384","900","3.139892","901","3.141268","901","3.138992","898","3.141088","898","3.139264","875","3.14394","898","3.13938","898","3.14428","899","3.140112","900","3.140748","898","3.1408","898","3.14344","898","3.139064","900","3.141964","899","3.14048","899","3.143028","900","3.141144","873","3.13996","897","3.140912","900","3.140528","897","3.140104","900","3.140972","898","3.141724","897","3.143204","900","3.141764","897","3.138832","897","3.14064","897","3.143844","895","3.14154","897","3.140236","894","3.14128","895","3.14194","864","3.140916","895","3.141076","895","3.141236","895","3.139832","896","3.140428","896","3.140456","920","3.140336","894","3.139636","894","3.141896","895","3.140804","897","3.143408","895","3.141224","896","3.141336","897","3.141036","894","3.141796","894","3.145312","919","3.139008","885","3.141436","883","3.139096","886","3.14294","908","3.144012","887","3.139752","883","3.136816","908","3.141336","908","3.142112","908","3.143176","883","3.14006","908","3.141436","908","3.142168","887","3.143092","882","3.14084","881","3.144636","879","3.142164","879","3.140644","854","3.143244","859","3.140908","879","3.141188","860","3.142308","859","3.143148","858","3.14434","858","3.139424","879","3.140668","879","3.145412","866","3.139908","846","3.14116","866","3.144432","866","3.138628","838","3.141192","858","3.141332","838","3.143816","837","3.14066","836","3.142436","838","3.144032","827","3.142412","848","3.14434","833","3.140192","833","3.143532","833","3.140676","833","3.141332","833","3.142476","833","3.138512","833","3.142108","812","3.138332","832","3.145056","832","3.141439639999999","873","925"
"89","3.142552","371","3.140392","439","3.142136","393","3.138464","439","3.141808","392","3.142156","393","3.142308","518","3.142012","514","3.1405","431","3.14346","792","3.143276","792","3.14458","769","3.140012","792","3.13948","769","3.141712","792","3.143416","792","3.142536","770","3.140612","770","3.140892","767","3.143712","744","3.141488","767","3.14104","767","3.142636","767","3.141956","767","3.143372","761","3.142556","761","3.1452","761","3.139484","761","3.139448","758","3.140096","757","3.142764","757","3.141332","758","3.144708","758","3.143484","720","3.143128","758","3.14132","757","3.140536","757","3.142712","757","3.14188","721","3.140944","758","3.143456","758","3.141748","757","3.143752","758","3.138988","757","3.141648","757","3.143432","822","3.141232","875","3.139756","848","3.140632","852","3.14224","874","3.1452","874","3.141832","898","3.14182","898","3.146532","898","3.142276","898","3.141444","898","3.141936","898","3.141772","898","3.143604","890","3.137684","866","3.143228","889","3.141972","889","3.1397","865","3.143364","889","3.143964","889","3.142568","889","3.142396","886","3.140348","879","3.143752","825","3.143996","825","3.144","825","3.140608","804","3.140448","824","3.137788","824","3.141156","825","3.138304","824","3.142024","804","3.140228","821","3.142416","821","3.138864","821","3.141824","821","3.143632","821","3.143572","821","3.1434","821","3.140336","821","3.140504","821","3.138428","821","3.140776","821","3.141204","821","3.143444","821","3.14094","821","3.142044","821","3.141116","821","3.14084","821","3.14242","821","3.140432","820","3.1438","821","3.14282","801","3.140568","801","3.142288","820","3.14182596","778","953"
"90","3.142596","339","3.140932","916","3.138788","916","3.142172","915","3.143336","916","3.139812","926","3.14282","922","3.141768","915","3.142596","924","3.14074","893","3.140528","927","3.143908","919","3.139748","925","3.141204","916","3.142288","924","3.144032","915","3.144224","920","3.140748","915","3.140188","924","3.1399","924","3.14528","914","3.142428","920","3.141872","917","3.143612","919","3.142028","888","3.13822","938","3.14314","938","3.14262","922","3.139644","917","3.139036","915","3.140856","938","3.143484","917","3.142636","909","3.142824","913","3.141404","913","3.14404","938","3.140208","938","3.141992","916","3.144228","938","3.142388","921","3.140764","917","3.14268","917","3.140008","938","3.13996","920","3.140192","910","3.14128","921","3.14222","910","3.141368","937","3.139696","938","3.141492","919","3.14206","938","3.141684","916","3.1457","938","3.138412","910","3.13968","913","3.1435","916","3.1398","919","3.141372","917","3.141316","919","3.140316","916","3.142952","937","3.141004","919","3.143536","914","3.140428","927","3.139248","905","3.141368","907","3.140264","926","3.141048","899","3.1414","926","3.140108","926","3.137892","926","3.142476","926","3.142784","904","3.141576","897","3.14274","907","3.145316","926","3.141912","925","3.1414","926","3.143536","905","3.142316","925","3.140312","906","3.14","907","3.142244","926","3.141128","925","3.141376","898","3.13914","924","3.143528","906","3.142792","906","3.143588","901","3.14022","906","3.143072","923","3.14226","923","3.142792","898","3.141396","923","3.143384","923","3.140264","898","3.143848","904","3.14224","907","3.142556","907","3.143132","904","3.1417034400000006","912","945"
"91","3.141884","43","3.141208","741","3.140616","741","3.143076","741","3.139644","741","3.13816","700","3.141052","741","3.14142","725","3.141716","725","3.144376","725","3.139404","917","3.140668","918","3.141832","886","3.14194","917","3.13942","917","3.142912","917","3.142112","917","3.138524","917","3.145608","917","3.14248","898","3.141872","899","3.143704","917","3.141308","891","3.142916","916","3.142632","886","3.143672","830","3.13868","917","3.138528","908","3.137728","909","3.140952","910","3.139944","908","3.140336","905","3.141832","907","3.141664","914","3.13962","905","3.140156","913","3.143156","913","3.142284","915","3.14054","914","3.141712","905","3.138748","913","3.141388","884","3.142664","884","3.141976","905","3.142944","905","3.141844","905","3.141648","905","3.142036","904","3.14414","909","3.141168","903","3.139696","904","3.142504","905","3.1398","907","3.13946","905","3.141796","909","3.142936","909","3.14186","910","3.13914","901","3.13912","901","3.138588","909","3.140648","909","3.140324","910","3.142944","910","3.143388","909","3.14292","902","3.141628","911","3.142876","902","3.138924","901","3.142436","910","3.13786","901","3.144488","909","3.143184","910","3.141528","911","3.140168","910","3.141924","900","3.142548","909","3.144924","910","3.141692","911","3.145","909","3.141384","911","3.142612","909","3.142448","910","3.142672","909","3.142968","911","3.140648","909","3.142228","902","3.141228","910","3.14024","909","3.140944","903","3.141712","910","3.142516","906","3.142732","910","3.141576","909","3.141396","902","3.143056","902","3.142136","906","3.140824","910","3.141328","901","3.13952","910","3.141588","903","3.141499039999999","881","946"
"92","3.142712","921","3.141892","944","3.141708","923","3.142952","922","3.142756","912","3.141376","944","3.143084","923","3.140284","944","3.141624","926","3.14136","925","3.141764","922","3.13964","944","3.1387","926","3.142596","944","3.141612","915","3.140072","944","3.140364","944","3.14228","944","3.140436","944","3.142484","944","3.141076","917","3.141216","924","3.14164","917","3.141116","919","3.143432","926","3.139332","926","3.142612","912","3.142428","926","3.143408","919","3.141956","919","3.143808","913","3.141184","944","3.140284","916","3.142064","944","3.140796","944","3.141804","944","3.142488","923","3.141056","944","3.14298","924","3.14088","926","3.14044","944","3.142092","944","3.139352","922","3.144728","944","3.138844","943","3.1373","943","3.143768","912","3.143412","921","3.14014","919","3.14334","926","3.140172","922","3.145004","922","3.140332","943","3.141268","918","3.141992","924","3.140932","925","3.140332","922","3.140452","926","3.141896","916","3.14308","920","3.141048","943","3.139904","923","3.141088","925","3.140932","943","3.141812","944","3.14294","923","3.145624","944","3.142452","922","3.143644","924","3.141048","944","3.139848","943","3.142684","944","3.14408","917","3.141596","943","3.142396","917","3.141124","943","3.141464","916","3.13938","918","3.141896","926","3.144676","923","3.141236","918","3.143656","924","3.144576","925","3.142424","944","3.141628","921","3.141","943","3.139932","943","3.141752","923","3.142912","919","3.140572","944","3.143264","943","3.14258","943","3.142924","943","3.140888","922","3.141904","874","3.141036","925","3.141124","917","3.144372","926","3.144256","919","3.142712","943","3.14178516","929","945"
"93","3.138828","307","3.140272","355","3.140052","904","3.14122","907","3.14254","815","3.14004","907","3.140356","852","3.144572","906","3.137148","902","3.141032","785","3.141904","906","3.14152","909","3.14254","909","3.139664","906","3.1395","785","3.140936","904","3.142428","817","3.14366","906","3.141484","907","3.140248","907","3.140944","787","3.139584","907","3.13874","902","3.138428","906","3.142048","909","3.142996","909","3.14096","909","3.14168","909","3.140872","909","3.142508","907","3.138008","909","3.143892","909","3.139728","901","3.141048","847","3.144084","875","3.139432","876","3.140936","873","3.143908","875","3.14338","872","3.14184","873","3.141384","873","3.141168","871","3.142916","873","3.139612","870","3.145196","871","3.141572","872","3.142604","870","3.139408","873","3.141344","871","3.143588","869","3.142032","871","3.141736","873","3.144576","871","3.138336","869","3.137296","872","3.141616","872","3.143944","873","3.140976","872","3.13882","873","3.142348","873","3.141396","870","3.141104","872","3.142832","873","3.14312","873","3.141968","873","3.140308","870","3.140756","871","3.140872","872","3.140228","866","3.141256","872","3.142028","872","3.14192","870","3.144372","868","3.143136","872","3.138904","873","3.140824","867","3.144124","873","3.139436","872","3.14196","867","3.144444","873","3.14158","872","3.142096","873","3.142412","872","3.141664","867","3.139248","866","3.1413","865","3.144228","872","3.143944","873","3.140192","867","3.141596","870","3.144032","870","3.138904","872","3.140704","870","3.143408","869","3.141692","871","3.140964","872","3.142096","871","3.142396","870","3.141952","871","3.141288","873","3.14146116","865","912"
"94","3.14076","420","3.141764","446","3.141816","506","3.14172","507","3.1416","473","3.145556","507","3.14266","507","3.141872","506","3.138728","714","3.141252","920","3.143404","920","3.142276","912","3.14208","920","3.140924","911","3.1422","914","3.142232","920","3.140504","912","3.140304","736","3.14018","911","3.142836","920","3.144092","911","3.143","913","3.14346","913","3.140512","893","3.13864","890","3.14172","894","3.14424","912","3.14452","886","3.14286","912","3.142208","890","3.142444","912","3.141036","912","3.141168","912","3.140076","912","3.14308","913","3.138304","913","3.137884","912","3.14554","883","3.140528","881","3.143188","890","3.145672","912","3.142432","885","3.143036","912","3.142548","912","3.1414","912","3.14448","912","3.140464","912","3.141608","912","3.140756","912","3.140768","912","3.142732","912","3.142236","885","3.140584","882","3.141384","912","3.140836","912","3.140492","912","3.14012","912","3.142036","912","3.141396","912","3.140384","912","3.13958","893","3.14172","890","3.140436","912","3.13766","912","3.140928","912","3.14276","912","3.140856","912","3.142256","884","3.140352","912","3.140852","912","3.144084","880","3.141708","912","3.142564","912","3.143128","912","3.140356","911","3.142864","912","3.142644","912","3.142024","912","3.142232","912","3.141208","912","3.141948","912","3.14304","912","3.143064","912","3.14314","912","3.140928","912","3.144372","911","3.141","912","3.141212","911","3.140048","912","3.140816","912","3.142524","912","3.144156","912","3.141024","911","3.144272","911","3.143616","883","3.141144","912","3.142332","912","3.140668","911","3.140648","903","3.141636","903","3.1418033199999993","870","953"
"95","3.140352","391","3.14302","695","3.143392","944","3.143248","695","3.14196","695","3.142848","695","3.142648","671","3.140696","695","3.140252","695","3.143056","671","3.140856","695","3.140224","695","3.141616","695","3.140496","695","3.1454","695","3.1435","695","3.138176","695","3.142368","695","3.142264","671","3.14204","695","3.140504","695","3.142172","912","3.140136","695","3.14256","695","3.138968","695","3.140736","695","3.141784","695","3.140812","695","3.142064","692","3.14026","692","3.14234","919","3.14302","692","3.140412","908","3.1412","886","3.142116","908","3.141872","908","3.141264","907","3.14142","887","3.141088","908","3.141144","908","3.140392","907","3.142956","908","3.141724","907","3.141836","882","3.138772","908","3.141292","908","3.14214","901","3.144032","901","3.143336","900","3.140384","900","3.143444","901","3.141316","878","3.14078","879","3.14268","878","3.143932","879","3.144008","878","3.140652","879","3.142672","879","3.144416","879","3.142476","879","3.143624","879","3.143336","879","3.142264","878","3.14136","874","3.140448","874","3.143276","874","3.142664","875","3.144552","875","3.144508","874","3.140656","852","3.140992","852","3.142252","853","3.138108","852","3.14206","851","3.141012","853","3.136964","852","3.143192","852","3.141256","852","3.141152","851","3.143256","852","3.140748","852","3.143584","843","3.138576","844","3.1418","843","3.139504","842","3.140412","843","3.140676","843","3.137332","843","3.138012","843","3.143392","844","3.143636","843","3.143316","836","3.139944","834","3.14178","833","3.141652","833","3.143208","830","3.145004","830","3.14188","831","3.140888","831","3.14278","830","3.1417258000000015","816","946"
"96","3.140192","258","3.140732","437","3.139848","538","3.14138","560","3.144244","560","3.14062","561","3.14036","559","3.141996","557","3.14346","556","3.141792","555","3.140624","555","3.142868","556","3.14062","556","3.140072","555","3.146248","552","3.14156","550","3.13888","760","3.141704","764","3.1429","883","3.138732","883","3.141272","788","3.140924","768","3.13902","732","3.139468","883","3.144516","758","3.142844","825","3.14068","820","3.142188","732","3.140664","820","3.13972","787","3.140216","789","3.14262","846","3.139652","846","3.143348","845","3.14298","879","3.138512","846","3.141264","817","3.139628","846","3.144364","879","3.141316","880","3.142052","879","3.143268","879","3.139988","849","3.140988","822","3.145564","851","3.14166","848","3.139544","853","3.139756","857","3.139576","853","3.14166","854","3.14158","847","3.140792","854","3.139936","851","3.143508","852","3.140596","851","3.14142","850","3.1413","847","3.139196","843","3.141544","850","3.140656","851","3.141712","851","3.141996","847","3.140672","851","3.142072","846","3.143184","850","3.14272","846","3.13896","851","3.140724","849","3.141216","847","3.139392","847","3.141844","848","3.141728","848","3.139676","848","3.139292","851","3.145032","847","3.14204","851","3.143928","850","3.142464","848","3.14318","850","3.141316","845","3.141696","813","3.141092","851","3.14102","849","3.142676","850","3.141828","851","3.144164","841","3.14304","846","3.145472","851","3.144028","851","3.142176","849","3.14132","845","3.141092","847","3.143104","851","3.1423","848","3.142316","851","3.143688","840","3.139796","841","3.142256","834","3.142","843","3.141784","842","3.141586079999999","790","909"
"97","3.141644","17","3.14094","485","3.14158","505","3.14222","504","3.140168","504","3.1428","504","3.141532","504","3.139316","505","3.141536","505","3.140116","913","3.142844","895","3.140744","895","3.143212","895","3.141064","895","3.140644","887","3.139448","890","3.140256","914","3.144096","895","3.14266","886","3.141688","895","3.140172","914","3.137724","886","3.14316","886","3.142032","895","3.141812","914","3.141496","913","3.141668","887","3.141732","893","3.145104","913","3.14418","913","3.140624","913","3.14078","913","3.141784","894","3.142764","913","3.140244","893","3.143396","847","3.141512","913","3.141996","894","3.140324","913","3.142072","895","3.140332","886","3.144244","902","3.141092","902","3.13934","902","3.144344","884","3.139068","902","3.141476","902","3.141224","882","3.140284","884","3.143844","902","3.141588","902","3.14034","884","3.143012","878","3.142076","902","3.140756","902","3.143464","902","3.138932","902","3.141672","902","3.142108","902","3.140736","903","3.141548","902","3.13824","902","3.141408","882","3.139492","902","3.142804","902","3.14238","902","3.144196","883","3.140872","902","3.140668","901","3.140084","901","3.142856","856","3.141808","856","3.142712","856","3.13956","836","3.142448","856","3.141584","856","3.14164","856","3.143508","834","3.144248","808","3.139448","834","3.1403","826","3.139768","786","3.139284","812","3.141044","812","3.142044","812","3.141224","813","3.14192","813","3.14244","813","3.141736","812","3.142812","813","3.140104","813","3.142124","812","3.141752","812","3.140228","813","3.138668","813","3.140044","811","3.142316","793","3.144368","813","3.142336","812","3.13914","812","3.1414817200000003","834","933"
"98","3.142408","536","3.138672","640","3.142008","823","3.141028","823","3.144796","995","3.142376","820","3.14016","893","3.143116","892","3.139928","819","3.141084","819","3.140648","890","3.13806","816","3.141972","932","3.139508","890","3.139824","988","3.141516","988","3.14464","989","3.141992","931","3.144508","969","3.140292","988","3.139768","988","3.138852","988","3.142228","953","3.142508","953","3.144904","970","3.141032","987","3.140268","988","3.139716","984","3.142428","984","3.142372","949","3.143648","984","3.143448","965","3.141144","965","3.142152","984","3.143124","984","3.1404","926","3.14144","984","3.144928","984","3.141388","984","3.143516","965","3.14322","984","3.145","965","3.139528","965","3.142684","965","3.142292","965","3.14278","984","3.140192","984","3.142572","965","3.14106","939","3.141772","957","3.140192","958","3.143556","956","3.139872","956","3.139384","956","3.142832","937","3.14008","955","3.140208","951","3.140476","951","3.141688","951","3.143308","951","3.14166","950","3.14146","950","3.141592","951","3.14094","969","3.13982","951","3.1426","969","3.142748","950","3.144108","968","3.143632","951","3.1436","968","3.142152","950","3.143032","969","3.142512","950","3.14464","968","3.13936","950","3.142364","950","3.14312","950","3.14198","968","3.141296","951","3.139108","950","3.141216","950","3.141384","950","3.140412","968","3.14142","968","3.141032","968","3.140772","951","3.139648","950","3.144148","950","3.142848","968","3.142532","951","3.142792","968","3.141068","950","3.141996","968","3.14326","968","3.141304","950","3.144244","949","3.138548","968","3.139528","950","3.14172","950","3.143312","965","3.1417540400000017","943","1017"
"99","3.14208","417","3.14218","936","3.142552","936","3.141004","936","3.142552","936","3.142504","937","3.142088","937","3.143904","905","3.144128","909","3.141636","913","3.1417","936","3.141492","909","3.140872","936","3.141496","937","3.141648","909","3.140392","932","3.140596","932","3.143284","750","3.140236","932","3.141144","931","3.142396","932","3.141788","728","3.141688","900","3.142652","930","3.139028","932","3.140192","931","3.139144","910","3.140564","910","3.139684","911","3.141612","913","3.142384","912","3.1414","911","3.14316","911","3.142376","911","3.141648","909","3.14242","908","3.141404","911","3.14076","908","3.142764","907","3.139668","908","3.142656","908","3.139008","908","3.138412","909","3.139916","908","3.140112","906","3.140988","907","3.139376","909","3.142684","907","3.143272","909","3.13904","907","3.139872","907","3.140924","904","3.142284","906","3.138944","908","3.14166","908","3.142656","906","3.143924","906","3.14114","901","3.1411","904","3.138944","901","3.138852","902","3.144524","904","3.141836","904","3.140072","902","3.141412","904","3.141668","903","3.138708","904","3.141764","902","3.139772","904","3.141276","903","3.143064","901","3.14478","902","3.140616","903","3.141408","904","3.141","901","3.142704","874","3.140176","873","3.141608","874","3.143012","873","3.140456","870","3.142444","871","3.140264","867","3.14416","863","3.1408","862","3.139544","863","3.141888","863","3.142308","863","3.142072","863","3.141392","863","3.140752","863","3.143464","863","3.144536","863","3.139644","863","3.14","862","3.141468","863","3.141904","863","3.142528","863","3.139976","863","3.143644","863","3.140572","863","3.141432","892","942"
"100","3.14408","239","3.14112","457","3.141604","506","3.140744","506","3.143804","506","3.143008","454","3.141176","480","3.140416","506","3.140552","506","3.142628","505","3.1407","480","3.14076","497","3.140368","446","3.14188","497","3.140968","495","3.140796","494","3.142056","494","3.14252","905","3.142488","903","3.142704","687","3.145912","903","3.14034","826","3.1441","885","3.140356","885","3.14172","801","3.140384","885","3.142716","885","3.144624","885","3.14046","885","3.143964","801","3.13958","773","3.14212","885","3.141924","797","3.14016","885","3.140172","885","3.141796","885","3.143288","826","3.139504","885","3.142616","885","3.142596","872","3.142308","861","3.138904","861","3.140568","802","3.14246","859","3.144416","861","3.141804","823","3.13944","859","3.141648","859","3.143232","854","3.137664","819","3.143156","852","3.14082","825","3.140664","824","3.14352","817","3.141392","852","3.136912","852","3.142076","852","3.1434","852","3.143764","815","3.141572","842","3.140356","813","3.139212","842","3.144644","839","3.1407","848","3.140348","866","3.140172","867","3.14392","866","3.139212","847","3.14314","867","3.142656","846","3.140956","867","3.145392","867","3.140468","867","3.14128","867","3.14168","867","3.141","867","3.142592","867","3.141172","867","3.14112","867","3.141992","867","3.139548","848","3.138284","867","3.141532","866","3.14138","867","3.14186","867","3.143144","867","3.144488","848","3.143676","866","3.143012","867","3.145016","867","3.141568","866","3.140812","867","3.140192","866","3.141712","866","3.141628","866","3.142776","867","3.142328","867","3.14242","867","3.140904","843","3.141548","866","3.141722640000001","790","951"
"Averages","3.141824599999999","416","3.141506880000001","700","3.1414031599999994","750","3.141743559999999","770","3.1418442799999995","775","3.141379720000001","803","3.1415000799999984","820","3.14139048","820","3.1417440399999994","840","3.1417303600000013","845","3.1416191600000003","863","3.14159088","867","3.1415031200000016","875","3.141333879999999","877","3.1417459999999995","882","3.1416860400000015","903","3.1415451200000017","908","3.14136436","906","3.1419600800000005","914","3.14182104","912","3.1416299600000004","915","3.1412971199999986","921","3.1415173199999975","918","3.1416020799999997","921","3.1413914","918","3.1414348400000005","923","3.1416372","926","3.1416801599999986","922","3.14156316","926","3.1414583200000004","923","3.141611","928","3.141436759999999","926","3.1416660799999994","929","3.1418118000000015","929","3.14153608","929","3.141480479999999","928","3.1417690799999987","929","3.1414191600000003","928","3.1416051200000004","925","3.1414742399999995","928","3.1417400800000013","929","3.141698999999999","935","3.141480600000001","932","3.141579839999998","937","3.141476439999999","935","3.1415511999999994","936","3.141363040000002","938","3.141604759999999","934","3.14163968","935","3.1415379200000006","936","3.1415301600000007","935","3.1416388800000004","935","3.1415117199999973","936","3.14132668","934","3.1415755599999993","935","3.1415197200000007","936","3.1415545999999996","935","3.141491200000001","934","3.141754559999999","933","3.141483439999999","932","3.1416040400000003","933","3.1416687999999993","930","3.14162552","931","3.141587200000001","932","3.14140556","930","3.141675160000001","931","3.1420838000000004","930","3.1416376400000003","929","3.141549599999998","929","3.141298959999999","927","3.1416701200000006","925","3.141576960000001","926","3.141663920000001","922","3.1417482400000005","922","3.141582720000002","924","3.1414856399999995","923","3.14189256","921","3.1415095199999996","921","3.141953759999999","918","3.1418685200000014","917","3.1415121999999998","917","3.1414660000000016","916","3.141580439999999","915","3.1416656400000007","916","3.1410657199999985","915","3.1417264400000016","914","3.141546840000002","912","3.14161152","912","3.141495959999999","912","3.1416702799999996","911","3.1416831200000006","909","3.1415247600000034","909","3.1414879999999994","908","3.1416898399999997","907","3.1414112800000016","906","3.1416456399999992","904","3.141823919999999","902","3.141495719999999","901","3.1414616400000006","900","3.14174472","901","3.1415871520000014","903","1026"
