"Iteration Count","Job[1] Result","Job[1] Runtime (ms)","Job[2] Result","Job[2] Runtime (ms)","Job[3] Result","Job[3] Runtime (ms)","Job[4] Result","Job[4] Runtime (ms)","Job[5] Result","Job[5] Runtime (ms)","Job[6] Result","Job[6] Runtime (ms)","Job[7] Result","Job[7] Runtime (ms)","Job[8] Result","Job[8] Runtime (ms)","Job[9] Result","Job[9] Runtime (ms)","Job[10] Result","Job[10] Runtime (ms)","Job[11] Result","Job[11] Runtime (ms)","Job[12] Result","Job[12] Runtime (ms)","Job[13] Result","Job[13] Runtime (ms)","Job[14] Result","Job[14] Runtime (ms)","Job[15] Result","Job[15] Runtime (ms)","Job[16] Result","Job[16] Runtime (ms)","Job[17] Result","Job[17] Runtime (ms)","Job[18] Result","Job[18] Runtime (ms)","Job[19] Result","Job[19] Runtime (ms)","Job[20] Result","Job[20] Runtime (ms)","Job[21] Result","Job[21] Runtime (ms)","Job[22] Result","Job[22] Runtime (ms)","Job[23] Result","Job[23] Runtime (ms)","Job[24] Result","Job[24] Runtime (ms)","Job[25] Result","Job[25] Runtime (ms)","Job[26] Result","Job[26] Runtime (ms)","Job[27] Result","Job[27] Runtime (ms)","Job[28] Result","Job[28] Runtime (ms)","Job[29] Result","Job[29] Runtime (ms)","Job[30] Result","Job[30] Runtime (ms)","Job[31] Result","Job[31] Runtime (ms)","Job[32] Result","Job[32] Runtime (ms)","Job[33] Result","Job[33] Runtime (ms)","Job[34] Result","Job[34] Runtime (ms)","Job[35] Result","Job[35] Runtime (ms)","Job[36] Result","Job[36] Runtime (ms)","Job[37] Result","Job[37] Runtime (ms)","Job[38] Result","Job[38] Runtime (ms)","Job[39] Result","Job[39] Runtime (ms)","Job[40] Result","Job[40] Runtime (ms)","Job[41] Result","Job[41] Runtime (ms)","Job[42] Result","Job[42] Runtime (ms)","Job[43] Result","Job[43] Runtime (ms)","Job[44] Result","Job[44] Runtime (ms)","Job[45] Result","Job[45] Runtime (ms)","Job[46] Result","Job[46] Runtime (ms)","Job[47] Result","Job[47] Runtime (ms)","Job[48] Result","Job[48] Runtime (ms)","Job[49] Result","Job[49] Runtime (ms)","Job[50] Result","Job[50] Runtime (ms)","Job[51] Result","Job[51] Runtime (ms)","Job[52] Result","Job[52] Runtime (ms)","Job[53] Result","Job[53] Runtime (ms)","Job[54] Result","Job[54] Runtime (ms)","Job[55] Result","Job[55] Runtime (ms)","Job[56] Result","Job[56] Runtime (ms)","Job[57] Result","Job[57] Runtime (ms)","Job[58] Result","Job[58] Runtime (ms)","Job[59] Result","Job[59] Runtime (ms)","Job[60] Result","Job[60] Runtime (ms)","Job[61] Result","Job[61] Runtime (ms)","Job[62] Result","Job[62] Runtime (ms)","Job[63] Result","Job[63] Runtime (ms)","Job[64] Result","Job[64] Runtime (ms)","Job[65] Result","Job[65] Runtime (ms)","Job[66] Result","Job[66] Runtime (ms)","Job[67] Result","Job[67] Runtime (ms)","Job[68] Result","Job[68] Runtime (ms)","Job[69] Result","Job[69] Runtime (ms)","Job[70] Result","Job[70] Runtime (ms)","Job[71] Result","Job[71] Runtime (ms)","Job[72] Result","Job[72] Runtime (ms)","Job[73] Result","Job[73] Runtime (ms)","Job[74] Result","Job[74] Runtime (ms)","Job[75] Result","Job[75] Runtime (ms)","Job[76] Result","Job[76] Runtime (ms)","Job[77] Result","Job[77] Runtime (ms)","Job[78] Result","Job[78] Runtime (ms)","Job[79] Result","Job[79] Runtime (ms)","Job[80] Result","Job[80] Runtime (ms)","Job[81] Result","Job[81] Runtime (ms)","Job[82] Result","Job[82] Runtime (ms)","Job[83] Result","Job[83] Runtime (ms)","Job[84] Result","Job[84] Runtime (ms)","Job[85] Result","Job[85] Runtime (ms)","Job[86] Result","Job[86] Runtime (ms)","Job[87] Result","Job[87] Runtime (ms)","Job[88] Result","Job[88] Runtime (ms)","Job[89] Result","Job[89] Runtime (ms)","Job[90] Result","Job[90] Runtime (ms)","Job[91] Result","Job[91] Runtime (ms)","Job[92] Result","Job[92] Runtime (ms)","Job[93] Result","Job[93] Runtime (ms)","Job[94] Result","Job[94] Runtime (ms)","Job[95] Result","Job[95] Runtime (ms)","Job[96] Result","Job[96] Runtime (ms)","Job[97] Result","Job[97] Runtime (ms)","Job[98] Result","Job[98] Runtime (ms)","Job[99] Result","Job[99] Runtime (ms)","Job[100] Result","Job[100] Runtime (ms)","Average Result","Average Runtime (ms)","Total Runtime (ms)"
"1","3.14048","675","3.14162","683","3.145004","695","3.138112","679","3.142524","679","3.141308","1508","3.143204","1552","3.139396","1436","3.14412","1511","3.14224","1551","3.139148","1551","3.14336","1481","3.141948","1552","3.143644","1551","3.140892","1553","3.1406","1551","3.142072","1479","3.139144","1481","3.143708","1550","3.141048","1548","3.140736","1549","3.139296","1432","3.139356","1549","3.143568","1547","3.141148","1547","3.14054","1548","3.14276","1546","3.13938","1546","3.140652","1434","3.14408","1546","3.142776","1546","3.139756","1311","3.140464","1428","3.139284","1426","3.140556","1424","3.143408","1251","3.141916","1409","3.140748","1361","3.14148","1315","3.143524","1358","3.14178","1358","3.142316","1353","3.140448","1352","3.143036","1352","3.141424","1352","3.14192","1352","3.137484","1351","3.140396","1352","3.140224","1352","3.139688","1352","3.142688","1315","3.140756","1351","3.14136","1350","3.142352","1351","3.144128","1351","3.14052","1350","3.143712","1232","3.141488","1322","3.141332","1322","3.14402","1313","3.140856","1309","3.141412","1225","3.140252","1225","3.143084","1225","3.13994","1224","3.1423","1226","3.139764","1225","3.14122","1224","3.142492","1225","3.1397","1224","3.139648","1224","3.1413","1224","3.140216","1168","3.13798","1168","3.14266","1168","3.141764","1168","3.142492","1167","3.140472","1146","3.13916","1168","3.140252","1167","3.142316","1167","3.142432","1148","3.1426","1167","3.142968","1167","3.141068","1167","3.142132","1167","3.139956","1167","3.1395","1167","3.144128","1166","3.142532","1167","3.143396","1167","3.142916","1166","3.140468","1166","3.141732","1166","3.143216","1166","3.14322","1166","3.1412","1166","3.143072","1166","3.14204","1146","3.142524","1166","3.1415045200000016","1295","5831"
"2","3.14358","362","3.142256","362","3.14018","362","3.14146","682","3.14188","678","3.142268","680","3.14","678","3.145964","677","3.144808","674","3.143664","696","3.141592","673","3.14178","672","3.140776","674","3.142008","673","3.142456","673","3.13874","671","3.143772","671","3.144068","900","3.14236","900","3.143284","671","3.142592","720","3.141608","900","3.14024","670","3.142012","668","3.139484","914","3.139896","914","3.138172","891","3.143064","911","3.14202","927","3.14266","927","3.141424","927","3.139728","908","3.142868","926","3.140652","926","3.14436","926","3.146028","907","3.144368","926","3.142548","884","3.14152","907","3.142812","907","3.141868","907","3.142328","926","3.138544","926","3.13934","926","3.13792","926","3.14242","906","3.143304","925","3.139964","908","3.141332","908","3.140312","925","3.137284","925","3.141724","920","3.141416","862","3.140616","859","3.1399","859","3.140196","859","3.140684","859","3.14656","859","3.141584","840","3.141276","859","3.142996","849","3.141076","849","3.137968","848","3.137552","848","3.142544","848","3.141284","848","3.14342","848","3.141292","847","3.141124","848","3.141724","848","3.14452","843","3.142572","843","3.141892","842","3.142236","843","3.140484","840","3.141188","840","3.140268","835","3.143108","829","3.140936","826","3.140908","826","3.143096","825","3.142336","825","3.140748","824","3.142648","821","3.142404","821","3.14222","819","3.141736","819","3.143816","814","3.14188","813","3.140964","814","3.140864","814","3.143564","814","3.140668","812","3.14268","812","3.14152","811","3.141896","810","3.141052","808","3.140184","807","3.142056","807","3.143696","805","3.14172644","816","956"
"3","3.139408","62","3.14122","447","3.14336","517","3.144064","468","3.141952","660","3.140112","589","3.140372","662","3.14232","702","3.139992","682","3.14288","702","3.140528","701","3.142012","682","3.139604","682","3.141204","701","3.141604","659","3.139896","659","3.144576","679","3.142256","671","3.140684","671","3.143552","671","3.141648","762","3.141916","667","3.143624","780","3.140224","647","3.141772","756","3.142592","664","3.139804","664","3.141004","756","3.140788","832","3.142196","871","3.141296","852","3.142804","871","3.142392","868","3.140888","850","3.141748","868","3.139692","848","3.140764","868","3.139668","848","3.143132","868","3.141756","848","3.142892","868","3.139684","868","3.14012","868","3.140052","829","3.14172","863","3.142216","863","3.141872","863","3.142136","852","3.141704","846","3.142708","846","3.141052","846","3.140364","845","3.14226","826","3.143548","845","3.140688","844","3.143284","845","3.14218","825","3.13942","825","3.141228","844","3.143036","841","3.142392","841","3.14062","840","3.143252","839","3.141396","840","3.14162","839","3.140748","839","3.142476","840","3.142384","840","3.139092","840","3.143552","839","3.142668","840","3.142396","839","3.141656","839","3.142844","839","3.143332","839","3.1404","839","3.139144","839","3.142076","839","3.139","838","3.144044","839","3.141328","839","3.140104","839","3.14188","839","3.141888","836","3.139944","837","3.142212","836","3.14288","836","3.140024","836","3.140288","836","3.140284","836","3.141716","836","3.142644","831","3.143412","831","3.143152","831","3.141892","831","3.141776","831","3.142952","831","3.143396","831","3.141176","831","3.143208","824","3.1416471599999984","786","918"
"4","3.143044","233","3.138916","520","3.141608","520","3.138408","693","3.140204","434","3.141128","382","3.143132","518","3.143096","486","3.139296","617","3.139976","639","3.143104","693","3.1427","693","3.141476","905","3.140996","693","3.140984","926","3.142736","900","3.141888","926","3.13962","968","3.141224","968","3.140156","968","3.138956","937","3.140984","968","3.142376","937","3.1409","967","3.14008","967","3.144152","967","3.14128","967","3.140828","967","3.140024","967","3.138672","914","3.141356","931","3.1405","963","3.139948","931","3.141708","963","3.140412","963","3.140544","963","3.142924","932","3.14058","963","3.141756","931","3.139336","962","3.142048","962","3.142188","964","3.142552","946","3.14626","946","3.139744","946","3.141888","946","3.142184","946","3.141292","914","3.139864","915","3.140704","945","3.141","945","3.138812","945","3.14026","945","3.141328","945","3.138848","945","3.141512","944","3.142236","945","3.143912","944","3.143124","944","3.142872","944","3.140656","944","3.13764","914","3.140204","944","3.140472","944","3.140312","945","3.141964","940","3.140652","938","3.138576","934","3.140888","920","3.140168","919","3.143596","918","3.138004","901","3.141956","902","3.140196","902","3.142948","902","3.140976","901","3.140032","902","3.142908","902","3.141892","893","3.14458","894","3.140088","894","3.143776","894","3.14094","894","3.141152","893","3.141548","894","3.141532","893","3.1422","894","3.14256","894","3.143788","894","3.140456","892","3.141668","894","3.143324","894","3.141236","894","3.141276","894","3.140616","894","3.143416","894","3.141332","894","3.14076","893","3.142288","894","3.143608","894","3.141298199999998","878","1001"
"5","3.141312","325","3.141196","534","3.144524","534","3.143568","534","3.141656","510","3.143924","576","3.142692","501","3.1413","525","3.142596","913","3.13894","569","3.138468","910","3.141332","909","3.143884","639","3.14296","674","3.143468","909","3.142224","909","3.141508","884","3.141604","906","3.144096","881","3.141804","881","3.141532","902","3.141924","899","3.141604","898","3.140984","898","3.142688","760","3.138628","898","3.141652","805","3.14044","898","3.140728","877","3.142856","898","3.142376","898","3.1431","898","3.141656","807","3.14294","898","3.14402","898","3.140096","895","3.141996","895","3.14092","895","3.140188","895","3.141712","895","3.141568","895","3.142828","895","3.138972","895","3.140992","895","3.141132","874","3.143268","895","3.14202","807","3.143056","895","3.14156","891","3.14218","833","3.141548","887","3.139024","889","3.143316","888","3.143232","886","3.141752","877","3.141068","876","3.137652","876","3.1425","875","3.140752","875","3.140844","874","3.14184","874","3.14094","874","3.143372","876","3.142524","874","3.14244","875","3.142824","875","3.142504","875","3.141736","875","3.141868","875","3.142948","874","3.143372","875","3.141592","875","3.141244","874","3.139504","875","3.141808","875","3.143396","874","3.144284","875","3.142868","875","3.143572","875","3.141748","874","3.141912","873","3.139932","875","3.139544","875","3.141084","875","3.142808","874","3.141784","875","3.140652","874","3.142636","874","3.14184","874","3.140128","874","3.140616","874","3.138352","875","3.146204","874","3.14216","874","3.143624","874","3.143868","874","3.142052","873","3.13882","872","3.142656","871","3.139456","872","3.1418087199999984","841","925"
"6","3.14214","259","3.140588","378","3.138516","564","3.142724","503","3.142396","589","3.140156","561","3.143348","561","3.142028","589","3.141328","535","3.139716","535","3.142876","494","3.1418","583","3.139316","583","3.137576","583","3.143172","583","3.140544","583","3.140928","579","3.141548","528","3.140856","579","3.146432","858","3.142356","857","3.140908","691","3.14108","713","3.141104","688","3.141412","857","3.144452","857","3.144132","840","3.142292","840","3.140924","839","3.142688","839","3.143208","839","3.14156","839","3.141708","839","3.137796","839","3.14418","834","3.141324","727","3.142192","746","3.14192","827","3.138796","827","3.1442","827","3.138276","827","3.143312","827","3.139512","827","3.138652","820","3.139884","767","3.142608","820","3.139696","820","3.14066","820","3.140628","820","3.143052","820","3.142812","820","3.143648","767","3.138608","820","3.144184","819","3.14286","816","3.14148","816","3.142032","817","3.142264","814","3.14348","815","3.14242","817","3.141484","816","3.145136","817","3.142304","813","3.142092","813","3.14094","812","3.144652","814","3.142104","813","3.140284","813","3.14072","816","3.139804","813","3.144332","815","3.14424","815","3.144148","816","3.143236","811","3.14168","810","3.14256","813","3.14152","816","3.140176","814","3.141404","815","3.140272","817","3.1392","813","3.13924","809","3.139776","812","3.141264","814","3.14472","816","3.140824","815","3.141248","812","3.14274","816","3.14242","816","3.142104","815","3.144","810","3.144212","810","3.140784","812","3.145","811","3.140604","812","3.140048","811","3.139876","812","3.142508","812","3.144852","812","3.141008","812","3.1417580399999996","760","887"
"7","3.144472","868","3.144668","844","3.1397","844","3.141572","844","3.140584","868","3.13994","868","3.14252","843","3.143012","817","3.13984","868","3.143988","817","3.144112","843","3.141144","843","3.141256","868","3.138604","843","3.142492","844","3.14176","843","3.141096","817","3.140468","843","3.141212","843","3.142176","868","3.142364","790","3.144672","867","3.141616","844","3.142044","868","3.143636","843","3.139148","843","3.143844","843","3.142184","843","3.14166","790","3.143408","817","3.139932","843","3.1448","868","3.146","843","3.140892","843","3.143044","843","3.140452","843","3.142364","843","3.142572","843","3.141144","843","3.143424","784","3.143088","843","3.140932","867","3.142824","843","3.143396","843","3.14252","843","3.141872","843","3.142988","843","3.138636","843","3.142048","843","3.142464","817","3.1398","843","3.1417","843","3.140508","843","3.140964","867","3.144064","842","3.142384","843","3.139396","842","3.141008","867","3.14134","867","3.142292","817","3.14066","842","3.140868","818","3.138608","815","3.140528","839","3.142504","829","3.14228","805","3.143788","829","3.14222","798","3.143232","806","3.141584","782","3.141272","781","3.142668","776","3.138516","773","3.139724","786","3.141392","786","3.141676","778","3.14182","777","3.140476","756","3.14366","756","3.136612","774","3.141708","751","3.14368","773","3.143156","769","3.142288","751","3.140228","769","3.142144","768","3.141464","769","3.14592","768","3.140584","768","3.1416","769","3.141752","749","3.140088","746","3.144176","765","3.141952","764","3.14162","746","3.140248","764","3.141216","759","3.142616","759","3.142612","738","3.140528","755","3.141817079999998","816","869"
"8","3.140028","229","3.14056","471","3.13942","229","3.14246","422","3.139528","562","3.144396","777","3.142876","838","3.142968","838","3.140096","896","3.139872","896","3.140632","897","3.13938","896","3.138416","896","3.141776","896","3.140612","894","3.141324","893","3.139368","894","3.140372","895","3.140388","894","3.141808","894","3.140268","894","3.140064","894","3.14384","894","3.141632","893","3.141604","893","3.14056","894","3.141272","894","3.140656","895","3.141028","894","3.140936","869","3.14104","895","3.141828","870","3.141268","894","3.1431","893","3.1399","893","3.142044","894","3.139824","894","3.140956","895","3.14176","894","3.141324","894","3.13976","873","3.140784","894","3.139796","894","3.142284","894","3.139136","893","3.141436","894","3.141436","893","3.144016","894","3.141756","895","3.142504","894","3.14072","895","3.139528","894","3.141916","895","3.140684","894","3.140476","894","3.143008","894","3.141056","893","3.1404","893","3.141296","894","3.144076","893","3.141584","894","3.14162","893","3.140568","893","3.140136","894","3.145852","893","3.137424","894","3.1414","894","3.1402","893","3.140396","893","3.141256","893","3.141596","893","3.141192","893","3.139712","893","3.141116","872","3.142056","894","3.14154","894","3.143392","893","3.14122","893","3.141996","894","3.143092","893","3.142396","893","3.140984","894","3.13932","894","3.141456","894","3.137296","894","3.140828","894","3.139732","893","3.142396","894","3.140816","893","3.143788","893","3.14034","893","3.14264","893","3.140944","893","3.141016","892","3.138776","894","3.145008","893","3.143756","893","3.138116","893","3.1399","893","3.141932","894","3.1411603999999986","865","911"
"9","3.142904","841","3.142748","867","3.142528","775","3.141272","867","3.142036","742","3.142844","774","3.141528","869","3.14488","773","3.140728","868","3.142992","869","3.141772","869","3.142216","867","3.143956","742","3.13794","841","3.140352","742","3.140456","869","3.140972","711","3.140508","867","3.139604","868","3.143288","868","3.142072","713","3.142104","867","3.144052","746","3.141716","750","3.141716","867","3.142884","867","3.142152","840","3.140628","869","3.144044","844","3.139176","867","3.142356","742","3.141204","774","3.140712","841","3.142288","869","3.138056","868","3.141696","867","3.140168","867","3.140344","844","3.137972","868","3.141076","773","3.14236","867","3.140968","814","3.1407","835","3.140404","837","3.144448","836","3.14376","836","3.140948","836","3.144084","836","3.141584","820","3.138532","819","3.145184","820","3.14136","819","3.14174","819","3.142024","820","3.141024","820","3.140176","816","3.140968","793","3.141432","805","3.143128","782","3.141356","805","3.14408","805","3.140264","800","3.142868","799","3.141796","800","3.140724","800","3.138728","759","3.139208","795","3.139652","798","3.1402","798","3.139176","797","3.14076","798","3.141432","797","3.141572","798","3.142788","798","3.13852","798","3.140304","798","3.140612","798","3.141888","794","3.142612","797","3.143272","797","3.140892","785","3.13986","785","3.141996","785","3.140044","776","3.140248","776","3.140496","777","3.14308","775","3.139132","776","3.140976","776","3.139952","776","3.139584","776","3.138944","761","3.141536","761","3.143728","761","3.140936","761","3.14118","761","3.14218","761","3.140496","761","3.14252","761","3.14358","761","3.1413993599999994","808","872"
"10","3.140876","52","3.142676","677","3.141736","671","3.140556","581","3.140232","677","3.143644","619","3.142076","670","3.141008","677","3.14216","676","3.140544","643","3.145148","677","3.142084","676","3.141616","669","3.141688","878","3.143924","878","3.140204","877","3.141592","877","3.137188","879","3.142124","877","3.139956","877","3.14174","855","3.139436","878","3.140656","879","3.1412","877","3.140468","849","3.141164","857","3.143896","857","3.14024","857","3.143976","857","3.138872","858","3.141852","858","3.142544","857","3.138912","857","3.145768","858","3.141036","859","3.141812","857","3.139776","857","3.145036","857","3.13964","858","3.140608","857","3.143812","857","3.140296","857","3.139744","858","3.14076","857","3.141904","861","3.1449","861","3.141224","857","3.142984","858","3.14154","858","3.140512","857","3.13844","856","3.141748","852","3.142548","857","3.141392","855","3.140248","829","3.140284","841","3.141328","840","3.141212","840","3.1422","841","3.141556","846","3.143304","783","3.144668","846","3.141188","840","3.140624","840","3.143784","846","3.142328","829","3.142916","829","3.138788","823","3.140612","823","3.14196","818","3.142536","819","3.139628","819","3.143504","819","3.139412","819","3.142908","819","3.14132","817","3.138576","813","3.14066","813","3.143916","815","3.1408","816","3.14124","816","3.142876","816","3.14178","813","3.141376","811","3.140836","810","3.14158","806","3.14248","807","3.139692","805","3.141492","802","3.1428","807","3.143456","801","3.14232","794","3.14158","792","3.143888","793","3.142212","790","3.14552","793","3.138924","790","3.141036","785","3.140808","775","3.140796","784","3.1415841999999996","807","896"
"11","3.140756","589","3.143776","588","3.13932","658","3.141216","587","3.141472","587","3.141972","587","3.140084","852","3.139944","860","3.14356","860","3.141832","856","3.142304","848","3.139516","848","3.14278","856","3.142664","814","3.141572","856","3.140596","856","3.14202","848","3.144564","856","3.143688","848","3.13934","848","3.140236","855","3.142076","855","3.140356","855","3.141336","855","3.138808","855","3.143504","851","3.141544","844","3.1409","844","3.139872","851","3.139204","852","3.14288","852","3.138812","771","3.14342","844","3.140984","851","3.140528","844","3.143028","852","3.142428","844","3.142524","810","3.141332","836","3.142856","837","3.14178","852","3.140392","828","3.142148","831","3.140516","833","3.142968","852","3.143288","852","3.142672","825","3.140252","832","3.138332","852","3.141296","852","3.139984","852","3.137808","851","3.140272","852","3.14102","852","3.142092","847","3.13914","847","3.140768","847","3.142272","847","3.142668","847","3.143876","847","3.142392","847","3.140908","847","3.141804","847","3.14096","847","3.140828","847","3.13926","827","3.139464","847","3.142688","846","3.14076","847","3.14054","846","3.141868","847","3.142024","846","3.143184","843","3.140656","843","3.141944","844","3.142776","844","3.143788","816","3.140992","844","3.140304","822","3.13704","843","3.142184","843","3.141344","843","3.142184","817","3.140492","838","3.142996","838","3.13936","820","3.139332","820","3.141148","819","3.13952","820","3.142188","817","3.14052","817","3.139392","817","3.139944","817","3.14396","817","3.13992","817","3.141396","817","3.142764","816","3.1413","810","3.141308","810","3.139712","810","3.1412829199999988","825","890"
"12","3.140892","244","3.139844","437","3.141236","488","3.14062","461","3.14158","485","3.142352","460","3.142","485","3.141236","460","3.141592","457","3.140768","482","3.14156","866","3.140724","844","3.137856","843","3.14252","842","3.13994","843","3.142548","845","3.13918","843","3.14016","843","3.1395","842","3.14408","845","3.142224","866","3.141312","866","3.139496","845","3.141532","843","3.139888","865","3.14146","865","3.142032","866","3.14134","842","3.141396","842","3.139948","843","3.14124","842","3.141924","865","3.139524","843","3.141988","845","3.140872","842","3.139436","810","3.141156","843","3.142728","846","3.142964","845","3.137276","843","3.142132","841","3.13972","843","3.140908","842","3.143116","865","3.141148","843","3.14146","842","3.141472","842","3.142528","843","3.143292","811","3.139564","842","3.142772","842","3.138212","842","3.14344","844","3.140912","843","3.140016","842","3.140448","815","3.1444","834","3.142372","834","3.142264","834","3.141308","834","3.140464","834","3.140824","832","3.142548","810","3.143076","810","3.14164","831","3.139372","831","3.13854","831","3.139716","831","3.140476","831","3.141308","831","3.1413","810","3.140968","831","3.139244","831","3.141068","831","3.141912","808","3.140368","831","3.145128","831","3.14184","812","3.14196","831","3.141468","831","3.140652","831","3.142384","831","3.140336","831","3.14298","831","3.142268","831","3.14074","831","3.144156","831","3.14118","831","3.139168","831","3.14076","831","3.142772","831","3.141424","808","3.142032","808","3.138268","831","3.14182","831","3.139336","831","3.139788","831","3.142796","831","3.14042","831","3.138512","827","3.141164199999999","797","875"
"13","3.143264","624","3.139452","796","3.139468","876","3.141596","853","3.145708","854","3.1423","873","3.141412","855","3.143928","872","3.141676","872","3.141936","853","3.140556","853","3.140256","872","3.14374","872","3.141196","872","3.142308","872","3.14032","847","3.1399","869","3.143036","869","3.141216","869","3.144268","847","3.139136","869","3.137364","847","3.140556","869","3.144672","869","3.141436","845","3.140076","863","3.140544","864","3.14488","863","3.14096","863","3.143112","864","3.145072","864","3.141956","864","3.140708","864","3.140924","845","3.141916","805","3.142036","864","3.140748","863","3.14158","844","3.140552","864","3.136916","858","3.138588","831","3.141752","837","3.142232","857","3.1424","858","3.138136","858","3.140452","857","3.142552","836","3.144108","858","3.139544","858","3.142704","857","3.140764","858","3.141556","858","3.144504","858","3.141768","857","3.14148","839","3.136392","843","3.141404","843","3.141692","843","3.1411","843","3.139348","843","3.145284","829","3.141704","831","3.144596","829","3.141364","829","3.139612","832","3.142388","830","3.140316","853","3.141564","850","3.141332","850","3.14146","850","3.139236","848","3.141304","829","3.14206","847","3.141868","829","3.141992","847","3.141408","847","3.140252","842","3.14186","842","3.14248","822","3.14032","841","3.140964","822","3.141504","841","3.144916","830","3.143788","830","3.141424","830","3.141504","827","3.139356","827","3.143152","827","3.142376","827","3.142152","827","3.141472","827","3.139668","827","3.14072","827","3.138248","827","3.143956","827","3.143472","822","3.142296","822","3.142188","819","3.139276","819","3.144528","819","3.14154516","844","907"
"14","3.143612","601","3.141756","553","3.143232","576","3.142496","575","3.141732","575","3.14016","863","3.1392","624","3.142312","574","3.143596","863","3.14114","863","3.14254","597","3.141556","834","3.139776","574","3.140248","841","3.14312","573","3.140296","574","3.144896","680","3.140092","648","3.143788","656","3.143764","841","3.138152","841","3.141072","841","3.143056","862","3.143028","862","3.14184","862","3.14036","851","3.143144","829","3.139972","851","3.14482","826","3.141976","827","3.139928","825","3.141308","804","3.139876","825","3.142276","825","3.142608","822","3.141784","821","3.14362","821","3.141464","821","3.143808","821","3.143076","821","3.142088","819","3.141416","819","3.139356","819","3.139524","819","3.139016","819","3.141432","819","3.140968","819","3.140676","820","3.1425","820","3.145568","819","3.142932","818","3.138236","819","3.139508","818","3.143656","818","3.142356","818","3.140864","818","3.143652","805","3.138628","799","3.140756","799","3.140764","799","3.140864","779","3.140936","805","3.143908","799","3.141388","805","3.1444","796","3.14096","801","3.141452","801","3.143632","801","3.1403","801","3.139232","799","3.13968","799","3.141308","794","3.142992","799","3.140356","799","3.140356","799","3.13874","793","3.142888","799","3.140608","794","3.143828","794","3.143612","794","3.143924","794","3.142008","799","3.141288","794","3.142744","799","3.138676","799","3.141876","799","3.143436","799","3.14294","798","3.141624","798","3.140744","798","3.140548","798","3.141424","798","3.140012","798","3.143768","798","3.14234","793","3.144104","790","3.137992","789","3.144588","767","3.142096","767","3.142812","762","3.1417075999999993","782","874"
"15","3.139572","796","3.140088","798","3.140484","865","3.14064","798","3.141068","866","3.141064","798","3.13726","798","3.138964","798","3.1396","862","3.143332","862","3.141112","792","3.143348","794","3.142868","862","3.141756","862","3.142472","862","3.141884","862","3.143","862","3.142976","862","3.142008","858","3.142636","849","3.142256","849","3.140792","870","3.141292","849","3.14424","849","3.142604","849","3.14124","849","3.143256","842","3.141284","842","3.140692","842","3.141076","842","3.13918","861","3.142744","842","3.143124","841","3.143096","859","3.139936","838","3.140952","819","3.144636","859","3.141648","859","3.140472","838","3.143044","859","3.1437","858","3.143956","859","3.139","858","3.139472","856","3.138224","823","3.140964","859","3.14178","859","3.142812","824","3.14052","855","3.143588","855","3.141848","855","3.139048","855","3.140772","854","3.144064","854","3.142928","854","3.142048","854","3.140404","827","3.144836","827","3.141268","827","3.140408","827","3.14346","827","3.13842","827","3.1396","827","3.13994","827","3.142232","827","3.138216","827","3.141852","811","3.139944","827","3.142172","826","3.139752","827","3.137564","827","3.140444","827","3.139088","827","3.141244","827","3.142032","806","3.142876","804","3.140008","788","3.141324","801","3.13744","801","3.142236","801","3.143412","801","3.1423","801","3.143224","798","3.144464","797","3.141664","797","3.143348","795","3.144656","795","3.140488","794","3.141532","793","3.144608","794","3.140824","794","3.14044","790","3.141668","791","3.140572","791","3.143272","787","3.141496","788","3.143104","787","3.14292","786","3.144552","784","3.13886","783","3.1415258400000003","828","903"
"16","3.142656","393","3.140416","562","3.142284","650","3.14258","851","3.145016","851","3.140308","853","3.14102","851","3.141332","750","3.142748","790","3.141276","770","3.142672","813","3.143532","852","3.143532","851","3.140904","770","3.14218","770","3.14112","852","3.144356","713","3.143784","852","3.142852","852","3.139288","852","3.141992","851","3.144076","851","3.14278","851","3.143252","854","3.140564","851","3.141936","851","3.143408","790","3.14176","852","3.142396","770","3.1439","854","3.141136","790","3.14258","852","3.142968","851","3.14012","852","3.141956","851","3.143076","851","3.141508","852","3.14016","842","3.142468","843","3.140256","843","3.141384","804","3.140972","804","3.142144","840","3.142784","841","3.139492","841","3.143772","841","3.145372","841","3.140468","842","3.140248","841","3.140948","810","3.139984","808","3.143768","810","3.140912","807","3.14176","808","3.138724","806","3.140104","803","3.141608","806","3.139868","803","3.142016","804","3.140496","804","3.142596","804","3.141636","775","3.14142","799","3.140784","797","3.143148","796","3.145588","796","3.140872","796","3.13792","799","3.139052","775","3.14088","750","3.141168","778","3.138816","773","3.142284","773","3.141944","770","3.14084","772","3.142468","773","3.14116","774","3.140668","774","3.141872","772","3.142476","773","3.139072","774","3.140596","774","3.140924","764","3.139372","760","3.140996","759","3.14354","764","3.143016","761","3.143208","758","3.141004","758","3.14184","762","3.137996","758","3.139992","758","3.141152","758","3.14224","752","3.13988","756","3.13798","757","3.139888","751","3.142632","749","3.142096","749","3.139304","751","3.1415729199999993","794","866"
"17","3.140228","30","3.14238","582","3.141388","582","3.14118","582","3.142252","582","3.140556","582","3.144072","687","3.14118","581","3.143256","582","3.14086","581","3.13902","582","3.140592","582","3.142396","534","3.138756","712","3.141252","624","3.141836","687","3.140696","534","3.137488","860","3.1437","859","3.140644","864","3.1397","828","3.144164","863","3.140984","834","3.140024","790","3.141596","862","3.140112","859","3.13946","828","3.142","860","3.138828","861","3.13996","834","3.141888","859","3.14078","836","3.143408","828","3.140856","762","3.141664","828","3.144976","860","3.143428","836","3.141868","828","3.144728","859","3.14096","828","3.1419","858","3.14442","828","3.140672","791","3.14672","794","3.140108","861","3.141992","790","3.142888","790","3.14034","859","3.14168","856","3.142856","861","3.142684","828","3.13986","826","3.141476","798","3.140464","864","3.139804","851","3.142968","851","3.140408","855","3.14016","855","3.141584","851","3.145804","850","3.139184","853","3.14384","825","3.141832","855","3.140804","851","3.142092","853","3.141916","854","3.140624","852","3.139952","844","3.143476","752","3.142096","752","3.14144","751","3.14206","752","3.141328","751","3.140632","753","3.142252","752","3.144496","750","3.142128","752","3.13824","752","3.143176","751","3.1409","746","3.140648","752","3.139976","751","3.13876","752","3.13946","752","3.143024","750","3.1429","752","3.140872","747","3.142696","752","3.143408","751","3.140588","742","3.143564","742","3.143288","744","3.142188","744","3.13742","744","3.142152","743","3.140536","744","3.14306","743","3.14138","730","3.140168","730","3.142872","724","3.141553320000001","763","897"
"18","3.140112","528","3.140168","714","3.14074","867","3.137192","867","3.143632","867","3.141304","867","3.140812","712","3.14014","867","3.141476","867","3.142568","867","3.140056","712","3.139244","734","3.140696","866","3.144792","866","3.139704","866","3.144924","866","3.142168","866","3.142336","732","3.1405","866","3.141696","866","3.139004","866","3.143248","863","3.142404","862","3.139856","862","3.139612","862","3.142512","862","3.141004","862","3.140032","863","3.140472","862","3.141052","862","3.142596","814","3.140192","837","3.1429","837","3.141904","838","3.144436","837","3.1399","837","3.14256","834","3.139236","834","3.140812","834","3.143972","834","3.137944","828","3.14252","828","3.14194","828","3.14002","828","3.140732","828","3.138604","828","3.140988","828","3.141068","822","3.142796","819","3.139756","819","3.144832","819","3.144776","814","3.142308","820","3.141612","814","3.1428","814","3.141508","836","3.144332","836","3.139868","836","3.140892","814","3.142292","814","3.143332","814","3.142336","814","3.141252","836","3.141124","814","3.143316","836","3.139492","814","3.139444","813","3.13646","836","3.139052","836","3.141348","814","3.140836","835","3.142992","816","3.14292","836","3.139492","815","3.143664","816","3.140192","794","3.14336","811","3.138036","811","3.141072","811","3.143688","811","3.141628","811","3.140296","811","3.139372","811","3.138068","811","3.14278","811","3.140896","811","3.139916","812","3.14036","811","3.141232","811","3.140348","811","3.14102","811","3.140232","811","3.142412","811","3.13992","811","3.143564","811","3.140316","811","3.141896","811","3.141208","811","3.141236","811","3.141988","811","3.14125648","823","896"
"19","3.141052","439","3.139676","850","3.141148","813","3.140012","850","3.140956","851","3.141012","850","3.142312","813","3.144176","813","3.142988","850","3.139768","850","3.141792","850","3.142012","640","3.139776","850","3.141848","850","3.14298","838","3.143384","838","3.140376","836","3.140332","836","3.140532","835","3.141588","835","3.141452","835","3.140532","838","3.140604","856","3.142336","835","3.143072","832","3.14412","835","3.140584","836","3.14042","862","3.14238","835","3.140876","833","3.140112","834","3.138652","832","3.14066","838","3.141932","856","3.139628","834","3.14016","832","3.142256","832","3.144684","833","3.139964","857","3.1417","854","3.14216","859","3.142028","859","3.13896","852","3.140076","854","3.139804","852","3.147704","859","3.14148","852","3.140312","857","3.14212","854","3.140732","853","3.139816","829","3.139492","852","3.142564","856","3.140304","858","3.139488","849","3.141468","854","3.142512","829","3.1403","858","3.142648","855","3.138756","850","3.13776","850","3.14164","849","3.139988","849","3.13796","854","3.143488","855","3.140628","854","3.141532","825","3.142368","857","3.142856","858","3.13994","854","3.140092","846","3.142496","848","3.139612","848","3.143208","848","3.141684","849","3.141896","842","3.140976","846","3.14148","843","3.141988","844","3.141908","845","3.141336","849","3.138428","828","3.142252","827","3.139768","830","3.144116","829","3.14156","824","3.14228","830","3.141836","829","3.143508","833","3.139536","824","3.140744","829","3.140612","827","3.140912","828","3.143496","832","3.142024","830","3.140808","829","3.143632","829","3.144168","828","3.142792","832","3.142752","829","3.1413662799999997","835","889"
"20","3.141344","507","3.145008","530","3.143224","507","3.141828","555","3.142992","530","3.141484","530","3.143544","530","3.143848","530","3.143868","530","3.140592","891","3.141108","878","3.142144","888","3.141388","878","3.140784","887","3.1412","887","3.143728","879","3.141672","887","3.140844","888","3.14244","887","3.140688","887","3.141196","876","3.140516","885","3.141084","879","3.139572","879","3.141028","879","3.141504","879","3.140072","879","3.1426","878","3.141016","878","3.142432","879","3.139844","879","3.14336","879","3.139228","782","3.141552","868","3.14536","879","3.143012","878","3.142904","869","3.146268","868","3.140276","878","3.14062","879","3.138968","879","3.140288","879","3.144176","878","3.141432","872","3.144296","855","3.140772","865","3.144888","865","3.142752","857","3.143472","855","3.142636","846","3.144076","846","3.141436","855","3.141444","855","3.14578","842","3.139292","851","3.14382","851","3.13884","851","3.140612","851","3.141808","845","3.145832","845","3.140404","845","3.14176","836","3.142576","842","3.139732","841","3.14248","835","3.140612","839","3.141784","858","3.143732","859","3.142064","834","3.136884","858","3.14246","834","3.142036","841","3.140352","858","3.14226","828","3.141936","838","3.141056","856","3.141308","837","3.140052","831","3.145124","838","3.140212","856","3.143048","856","3.143152","856","3.142528","856","3.141244","852","3.140132","851","3.141156","851","3.14102","834","3.142124","851","3.140904","851","3.141616","852","3.14282","846","3.142312","845","3.141952","838","3.141008","834","3.141284","834","3.143812","816","3.139904","834","3.140112","834","3.139848","831","3.140672","831","3.1418326400000005","827","923"
"21","3.141732","734","3.13858","851","3.141712","869","3.144316","874","3.141868","874","3.1409","849","3.142612","874","3.139484","875","3.140832","875","3.144568","869","3.1394","875","3.141916","870","3.14312","874","3.142132","874","3.143448","875","3.139012","875","3.139268","869","3.13998","869","3.141948","868","3.13924","874","3.14268","875","3.139064","875","3.13896","873","3.139768","874","3.14522","875","3.145588","873","3.14098","873","3.143848","873","3.144344","868","3.140028","875","3.14104","868","3.142712","875","3.143764","875","3.141604","868","3.14288","869","3.141188","845","3.14158","869","3.140356","856","3.13974","863","3.142312","857","3.142396","863","3.141328","863","3.142788","843","3.145108","851","3.140648","844","3.140396","869","3.142068","869","3.139884","850","3.143004","869","3.14304","845","3.144716","836","3.139956","869","3.140168","869","3.141384","843","3.138736","850","3.138688","844","3.139688","838","3.14104","847","3.140876","850","3.143152","869","3.141136","844","3.14282","849","3.14164","869","3.141276","843","3.140852","869","3.142988","869","3.140164","869","3.142384","869","3.140236","869","3.142676","869","3.142988","840","3.140348","842","3.141768","860","3.142112","837","3.139932","860","3.14184","854","3.142808","854","3.142192","854","3.144656","854","3.141348","824","3.14294","854","3.141004","854","3.14222","854","3.142304","850","3.142784","840","3.1399","836","3.143448","835","3.140724","835","3.143504","835","3.140472","835","3.140752","835","3.14042","802","3.143232","821","3.140048","821","3.139516","821","3.14104","821","3.143312","820","3.142136","820","3.1436","821","3.141956","821","3.141642639999999","854","902"
"22","3.140708","671","3.142372","625","3.14094","625","3.1438","625","3.14158","625","3.1416","625","3.14142","648","3.141332","624","3.143444","648","3.140072","648","3.142532","625","3.141604","600","3.143832","624","3.142384","624","3.140068","625","3.142328","658","3.143064","633","3.141296","633","3.14136","844","3.141384","842","3.140116","650","3.141732","856","3.141476","875","3.143068","856","3.141332","852","3.142716","875","3.14092","847","3.139784","875","3.14018","875","3.1416","875","3.144228","847","3.140492","857","3.140076","875","3.138468","875","3.144168","858","3.141344","875","3.140456","842","3.141624","875","3.14414","849","3.138648","853","3.143064","875","3.145092","853","3.14316","875","3.13998","875","3.140436","875","3.144072","852","3.14454","875","3.140584","856","3.143044","851","3.14148","875","3.144084","875","3.139992","875","3.14254","856","3.140416","875","3.14226","875","3.14218","857","3.143776","875","3.140896","875","3.143444","842","3.143812","875","3.142688","857","3.142156","875","3.138696","875","3.14126","857","3.140096","875","3.140872","875","3.14342","875","3.144592","875","3.141848","857","3.14146","875","3.140388","857","3.141456","875","3.142116","875","3.142196","875","3.14288","850","3.141972","856","3.140912","875","3.142912","875","3.141196","875","3.142344","875","3.142212","851","3.141472","875","3.14402","875","3.143248","848","3.142904","874","3.143856","852","3.144688","874","3.13984","842","3.141312","852","3.140136","838","3.139528","874","3.144252","875","3.141032","852","3.140364","849","3.142572","875","3.140684","875","3.143452","845","3.143168","844","3.14494","871","3.141868","846","3.1419354799999994","820","898"
"23","3.14134","429","3.145752","797","3.14348","798","3.142896","798","3.140748","730","3.14264","797","3.143476","797","3.141612","797","3.143724","797","3.139388","775","3.145012","797","3.142568","797","3.143136","797","3.141812","797","3.141884","797","3.140936","797","3.142288","797","3.143028","797","3.143316","761","3.141404","794","3.143108","794","3.142472","899","3.143964","899","3.138944","900","3.14172","757","3.14218","793","3.141448","726","3.142764","899","3.142884","899","3.141008","798","3.142768","899","3.142036","877","3.140556","876","3.141076","877","3.13792","877","3.13834","877","3.140452","771","3.138744","877","3.140128","877","3.142492","775","3.142196","877","3.144628","877","3.141092","852","3.14276","860","3.140484","857","3.140548","859","3.140656","863","3.141004","856","3.140692","860","3.142188","830","3.141352","860","3.139344","859","3.140972","860","3.1428","854","3.142268","860","3.143408","855","3.141388","855","3.138324","869","3.143892","869","3.142896","869","3.143756","869","3.141948","869","3.13792","869","3.139084","868","3.142436","868","3.140984","869","3.143048","869","3.143748","868","3.1411","869","3.140872","868","3.142288","869","3.140744","868","3.142964","868","3.144044","847","3.144132","868","3.138372","868","3.14228","868","3.140524","868","3.141092","868","3.142956","850","3.1419","868","3.143704","868","3.142216","868","3.1435","868","3.141476","868","3.142652","868","3.140708","868","3.141964","868","3.141604","857","3.142376","854","3.139264","854","3.141952","819","3.144108","819","3.140544","819","3.142172","819","3.142176","809","3.140388","809","3.140868","809","3.139908","809","3.14258","809","3.1417868800000006","837","928"
"24","3.1401","274","3.142472","545","3.141028","545","3.141884","545","3.14308","545","3.141092","545","3.143364","522","3.141664","538","3.140608","563","3.142716","564","3.14184","563","3.14408","563","3.14114","584","3.143856","561","3.1424","581","3.141164","868","3.140664","867","3.140988","863","3.141504","659","3.140144","662","3.13782","859","3.141036","662","3.141544","715","3.140896","691","3.141632","714","3.141228","856","3.138792","856","3.142556","856","3.140408","853","3.14084","854","3.144032","854","3.140232","853","3.142476","854","3.140612","854","3.13998","853","3.140704","855","3.14312","814","3.143568","854","3.144056","785","3.141324","854","3.14408","854","3.139728","853","3.141256","854","3.141316","792","3.144156","854","3.14468","854","3.140532","813","3.142064","853","3.14188","785","3.143288","852","3.142116","840","3.140868","801","3.14254","839","3.142376","804","3.142572","839","3.145044","839","3.14314","797","3.139908","844","3.144328","844","3.139312","843","3.141","843","3.143552","844","3.14298","843","3.144872","844","3.140904","825","3.142204","844","3.141912","844","3.138528","822","3.144932","844","3.140748","844","3.1424","846","3.143636","844","3.1404","844","3.142976","843","3.140124","843","3.14012","844","3.144168","826","3.1414","826","3.138588","825","3.138404","825","3.142168","825","3.140096","824","3.141412","824","3.13752","823","3.140332","820","3.140312","817","3.142468","820","3.143836","819","3.140576","817","3.1436","819","3.141464","819","3.143328","819","3.143668","819","3.143204","809","3.143592","809","3.140956","811","3.14046","811","3.141568","809","3.141548","811","3.139432","809","3.141732160000001","780","908"
"25","3.141464","480","3.141848","855","3.141484","853","3.142044","879","3.141456","879","3.142948","855","3.140088","856","3.142812","879","3.143388","879","3.141176","853","3.139804","879","3.140784","879","3.140884","879","3.142184","759","3.141708","879","3.144156","879","3.139848","853","3.142416","879","3.141064","879","3.138952","853","3.138856","879","3.14038","856","3.142412","878","3.142412","878","3.142368","873","3.141672","844","3.140872","873","3.141932","873","3.141256","850","3.140832","872","3.139876","849","3.140064","848","3.139052","872","3.140364","811","3.144748","843","3.142672","872","3.141728","848","3.1417","872","3.141932","848","3.141716","849","3.141528","849","3.142524","873","3.140548","847","3.139928","873","3.143312","866","3.140676","844","3.142376","866","3.143212","866","3.14232","866","3.141256","865","3.143092","865","3.138504","865","3.14142","828","3.14194","856","3.141796","856","3.140876","856","3.139264","856","3.14156","855","3.142164","856","3.141236","830","3.142152","841","3.144728","819","3.138604","839","3.142756","841","3.142276","819","3.141552","829","3.14352","829","3.140592","829","3.142176","828","3.14228","828","3.138036","828","3.140476","829","3.143928","827","3.140724","827","3.14384","829","3.140944","829","3.142184","827","3.14244","827","3.14364","826","3.140464","826","3.141132","826","3.141312","825","3.142416","826","3.141216","825","3.144132","824","3.141756","825","3.141784","824","3.139588","826","3.141444","825","3.141836","825","3.138716","794","3.1431","788","3.142488","787","3.141064","787","3.138868","786","3.140836","787","3.141144","787","3.139468","786","3.141412","787","3.140856","787","3.1414876400000002","839","882"
"26","3.14194","519","3.14344","865","3.141264","673","3.142732","865","3.141204","865","3.143516","860","3.143308","854","3.1361","865","3.140592","861","3.142672","854","3.140404","865","3.140988","860","3.143232","648","3.141776","865","3.141872","734","3.140164","862","3.142468","854","3.138768","855","3.140112","859","3.141792","859","3.14326","859","3.143","855","3.141816","859","3.13936","859","3.142428","855","3.14262","732","3.138384","850","3.14208","855","3.143368","859","3.142584","850","3.13972","832","3.140412","841","3.138412","841","3.139368","837","3.13986","841","3.14118","840","3.140688","841","3.141988","841","3.138572","841","3.14076","837","3.140216","833","3.1429","833","3.141928","837","3.139608","832","3.140968","827","3.14412","831","3.14074","832","3.139544","832","3.143844","831","3.14214","832","3.1403","832","3.141416","831","3.142372","816","3.138296","840","3.138424","818","3.142608","840","3.143852","840","3.140656","840","3.14438","840","3.140336","839","3.141556","839","3.14044","840","3.140136","840","3.141236","839","3.141808","840","3.141796","810","3.13734","840","3.139328","839","3.146148","808","3.13844","839","3.139868","820","3.140556","821","3.14052","840","3.145908","840","3.143456","840","3.140536","840","3.144684","840","3.142408","840","3.142068","840","3.14302","840","3.140884","839","3.139044","820","3.140392","839","3.140184","839","3.139268","839","3.142536","820","3.142508","839","3.142772","839","3.143592","839","3.143216","818","3.139224","839","3.14374","839","3.142632","814","3.140804","839","3.14084","839","3.141552","839","3.141492","839","3.143208","839","3.143264","839","3.139964","817","3.1413922000000007","831","891"
"27","3.140168","512","3.142476","512","3.141648","512","3.140828","572","3.142812","572","3.143608","879","3.139204","881","3.144504","879","3.142832","882","3.139996","881","3.142248","881","3.141844","883","3.139948","882","3.141464","879","3.143176","780","3.141524","881","3.144348","881","3.13922","881","3.142592","860","3.139924","879","3.14202","881","3.142076","882","3.142408","859","3.139812","881","3.142052","881","3.1394","881","3.140316","881","3.139892","881","3.145112","881","3.142684","859","3.1425","882","3.143232","879","3.14368","881","3.140416","878","3.141976","879","3.14148","878","3.139956","864","3.139836","853","3.141284","846","3.140976","852","3.141772","827","3.144556","849","3.142348","846","3.142208","782","3.141372","845","3.14024","848","3.142232","838","3.140524","840","3.14172","839","3.142676","840","3.143072","837","3.140456","839","3.143112","829","3.143568","827","3.143436","825","3.142348","824","3.141684","825","3.142704","821","3.141812","825","3.140852","825","3.142444","821","3.139076","825","3.141484","824","3.141096","822","3.14414","822","3.141896","815","3.1419","811","3.140764","810","3.139944","810","3.141892","818","3.14344","809","3.144796","816","3.138","813","3.140368","813","3.138636","815","3.145812","814","3.141576","811","3.143152","809","3.142656","810","3.140088","810","3.141608","809","3.139452","825","3.140072","820","3.139524","820","3.139376","820","3.139284","802","3.140124","803","3.143412","802","3.144776","820","3.142472","820","3.14072","803","3.141568","803","3.142508","820","3.140952","801","3.142484","803","3.142552","803","3.140248","820","3.142896","810","3.143272","805","3.140644","804","3.14169268","823","909"
"28","3.13848","199","3.140384","532","3.141264","532","3.141068","532","3.140956","441","3.141284","824","3.14144","824","3.141588","833","3.140996","824","3.141072","829","3.140516","803","3.141376","856","3.1427","850","3.140776","849","3.140972","782","3.144768","849","3.141748","849","3.14062","844","3.139604","810","3.141076","843","3.142488","842","3.143388","842","3.141584","842","3.14236","815","3.144628","842","3.14288","816","3.141188","842","3.143012","842","3.140096","842","3.141816","842","3.140544","815","3.141788","839","3.140256","839","3.140444","838","3.139672","839","3.14288","839","3.139808","817","3.139592","839","3.144224","839","3.14332","816","3.1416","839","3.142068","838","3.140436","838","3.143508","817","3.142756","839","3.142836","838","3.1407","811","3.140624","839","3.142836","839","3.14112","839","3.142076","839","3.141084","828","3.14478","828","3.140708","828","3.140816","828","3.1414","828","3.14304","827","3.14064","828","3.141532","828","3.142","828","3.14246","827","3.142544","818","3.142928","818","3.142204","818","3.142176","817","3.143768","818","3.142032","818","3.14364","818","3.143516","818","3.141804","795","3.140228","795","3.141976","795","3.14256","795","3.142348","790","3.140952","789","3.139692","789","3.137636","789","3.142916","789","3.142348","789","3.141936","789","3.14174","789","3.141484","788","3.142984","788","3.143004","782","3.138736","783","3.139516","774","3.14158","774","3.14228","774","3.1408","771","3.138912","772","3.145484","771","3.143752","770","3.1401","771","3.144604","771","3.140468","770","3.141376","770","3.142476","764","3.14062","763","3.14166","763","3.139628","761","3.1416608400000006","795","871"
"29","3.14144","20","3.140432","293","3.140384","293","3.14104","290","3.142796","289","3.140288","911","3.14084","913","3.14228","913","3.142276","882","3.141864","913","3.140008","913","3.141944","911","3.139816","911","3.143232","914","3.14328","913","3.142528","913","3.140192","911","3.139592","913","3.141292","913","3.141892","911","3.142872","914","3.14216","882","3.142412","912","3.141664","911","3.13972","910","3.139248","913","3.143948","913","3.142764","913","3.142248","912","3.139964","911","3.142868","913","3.140292","913","3.14362","886","3.14238","888","3.142256","888","3.143088","888","3.140412","878","3.142116","880","3.140604","875","3.139488","877","3.143132","875","3.143452","877","3.141508","877","3.14154","877","3.138392","877","3.14092","878","3.142804","877","3.143964","876","3.142084","877","3.139912","870","3.142428","871","3.14042","867","3.141504","869","3.139624","868","3.143212","868","3.139928","868","3.138776","868","3.14234","835","3.143556","863","3.139648","865","3.14206","863","3.140816","860","3.141836","862","3.139136","857","3.142364","852","3.140016","852","3.143584","854","3.141644","854","3.1394","854","3.14324","847","3.142232","847","3.140832","847","3.141636","848","3.140872","847","3.14042","846","3.142108","816","3.142268","845","3.14144","847","3.140152","839","3.141236","840","3.140852","838","3.14058","838","3.14042","839","3.14366","835","3.141636","842","3.1413","833","3.140804","832","3.142196","840","3.142936","832","3.14186","839","3.142908","856","3.142816","829","3.143708","856","3.141172","856","3.141468","856","3.138536","850","3.141856","821","3.141308","823","3.142292","830","3.140988","850","3.14151272","839","963"
"30","3.14032","530","3.143972","555","3.144428","554","3.14508","738","3.141796","738","3.142244","551","3.142172","735","3.14056","735","3.141652","808","3.141348","809","3.14322","806","3.142636","809","3.143924","808","3.141992","937","3.138116","808","3.140564","808","3.142064","808","3.139708","808","3.141156","936","3.141912","808","3.143028","936","3.14022","803","3.143648","808","3.142336","808","3.139708","806","3.142568","936","3.143684","808","3.141024","808","3.140776","803","3.140964","908","3.141992","907","3.140388","905","3.142292","772","3.142384","900","3.14316","894","3.140628","855","3.141756","900","3.141876","899","3.141564","899","3.143176","899","3.143856","901","3.141592","899","3.137188","896","3.138064","899","3.139176","899","3.14246","899","3.142212","893","3.141256","901","3.143668","900","3.141684","900","3.139132","890","3.142172","886","3.142516","888","3.139208","879","3.143828","882","3.141952","882","3.142588","883","3.141056","883","3.141964","870","3.137584","878","3.139276","878","3.144804","875","3.142364","882","3.141168","883","3.143104","879","3.141704","878","3.139668","883","3.14202","878","3.140236","883","3.143668","869","3.140948","876","3.14182","877","3.140768","878","3.142032","874","3.137664","873","3.142576","868","3.14154","819","3.141048","825","3.143036","820","3.143548","814","3.139736","818","3.141436","814","3.139308","816","3.140608","816","3.143128","812","3.139824","817","3.139172","816","3.142392","816","3.140096","814","3.139588","816","3.143904","814","3.141668","815","3.139916","813","3.14232","807","3.13876","808","3.139932","808","3.142764","806","3.14104","808","3.140884","806","3.14192","807","3.1415057999999987","837","953"
"31","3.145464","434","3.140736","432","3.139744","432","3.143412","805","3.142076","827","3.143836","805","3.143912","827","3.142732","827","3.14438","804","3.14418","795","3.1403","795","3.140544","820","3.14202","797","3.140988","820","3.14024","820","3.141284","820","3.141476","820","3.14392","800","3.142052","810","3.142732","810","3.141088","810","3.141076","777","3.139196","686","3.144588","772","3.141444","804","3.142732","782","3.143916","681","3.141516","801","3.140648","801","3.141024","781","3.141408","801","3.141704","800","3.138952","780","3.143484","800","3.138268","801","3.141072","801","3.143972","800","3.14328","800","3.14128","800","3.1398","768","3.142428","800","3.140604","740","3.140452","801","3.139152","801","3.14318","769","3.143792","800","3.143344","769","3.144412","768","3.140308","768","3.140728","852","3.14008","853","3.1414","852","3.143188","853","3.142944","853","3.141628","850","3.14376","813","3.1422","822","3.141652","854","3.143568","850","3.143904","853","3.139832","853","3.138656","850","3.140076","843","3.144496","849","3.142456","850","3.14022","850","3.142864","843","3.142128","843","3.142008","843","3.139936","841","3.144288","844","3.143144","842","3.145832","841","3.1412","835","3.14368","843","3.141784","845","3.141884","843","3.143908","845","3.140112","841","3.141752","845","3.140596","845","3.1395","843","3.14096","845","3.142336","844","3.144188","842","3.14152","842","3.138908","845","3.141152","835","3.14314","812","3.141488","808","3.142528","812","3.140292","812","3.142604","810","3.140284","754","3.14506","736","3.141632","733","3.137968","736","3.141352","735","3.140268","736","3.143636","730","3.14188868","799","908"
"32","3.139704","898","3.139896","876","3.144836","873","3.139968","874","3.140976","898","3.141884","877","3.143024","869","3.14158","898","3.14202","876","3.143","838","3.13948","870","3.142964","898","3.140008","898","3.146212","898","3.143832","838","3.13936","878","3.144488","898","3.139892","874","3.140748","898","3.141108","898","3.141392","898","3.140036","898","3.141768","877","3.1419","877","3.142692","877","3.141316","837","3.140416","898","3.141752","898","3.143448","898","3.142604","877","3.140084","898","3.14218","866","3.140792","898","3.140748","898","3.14108","898","3.140128","843","3.146056","898","3.143272","877","3.141364","878","3.139916","873","3.139868","898","3.144088","874","3.142576","873","3.141744","869","3.14348","889","3.139756","889","3.141576","889","3.144336","889","3.14192","888","3.141092","889","3.140628","888","3.143204","889","3.144416","889","3.143776","889","3.140336","889","3.141712","888","3.142084","889","3.143448","889","3.141044","889","3.141428","889","3.141788","889","3.143696","888","3.137568","889","3.144632","889","3.143432","889","3.14206","889","3.137872","889","3.1392","889","3.140212","888","3.141872","888","3.140168","889","3.140012","888","3.141604","889","3.141632","888","3.14102","888","3.142356","888","3.139308","888","3.140664","888","3.142968","888","3.142492","888","3.142168","889","3.142208","888","3.139248","888","3.140752","886","3.14132","881","3.139624","881","3.141328","873","3.140748","873","3.14254","873","3.14318","871","3.14286","870","3.141588","871","3.142388","859","3.143868","859","3.144108","859","3.140872","859","3.142252","846","3.142004","834","3.14102","825","3.143504","825","3.1417257199999993","881","899"
"33","3.141464","393","3.140948","367","3.143524","367","3.143012","911","3.139488","911","3.143152","911","3.138552","911","3.140272","891","3.141504","890","3.142596","884","3.141764","887","3.143016","911","3.141624","911","3.143132","890","3.14056","911","3.141436","911","3.14042","910","3.143152","878","3.145292","912","3.139844","911","3.14112","911","3.141276","911","3.13762","891","3.141868","893","3.143096","887","3.142356","911","3.140252","911","3.141328","890","3.143472","911","3.14346","911","3.142568","912","3.14124","912","3.140596","911","3.143504","884","3.138876","893","3.139616","911","3.140276","911","3.141488","911","3.141736","911","3.144448","884","3.140984","893","3.141496","911","3.14134","911","3.141856","891","3.139432","910","3.141904","910","3.139864","911","3.140704","911","3.140004","910","3.142972","892","3.142384","910","3.142304","910","3.14044","903","3.143124","903","3.140212","902","3.139632","903","3.140584","902","3.144096","903","3.143612","903","3.140564","902","3.138592","903","3.13674","883","3.139784","903","3.139452","902","3.141568","902","3.143348","903","3.142008","903","3.143176","902","3.14232","873","3.139852","903","3.140372","903","3.140704","902","3.141664","902","3.140872","903","3.141556","903","3.142728","902","3.140028","903","3.141264","903","3.142748","901","3.140688","902","3.1423","902","3.14208","902","3.143968","902","3.14126","903","3.140976","903","3.143248","902","3.140008","903","3.13894","902","3.141352","903","3.142984","902","3.141744","902","3.140576","902","3.14096","902","3.141528","883","3.14132","902","3.136964","902","3.137484","902","3.1398","901","3.141224","902","3.13948","902","3.14130116","886","917"
"34","3.142172","179","3.14152","627","3.140476","873","3.141136","627","3.141164","555","3.139848","875","3.14408","628","3.140092","627","3.141616","555","3.140564","555","3.143196","752","3.140116","886","3.140516","886","3.141832","886","3.141604","727","3.142208","871","3.140028","886","3.139772","871","3.146108","647","3.142344","874","3.13776","875","3.1433","853","3.141668","853","3.139404","852","3.139284","852","3.142916","852","3.139384","756","3.14342","852","3.141588","853","3.137684","852","3.143664","852","3.140752","852","3.142272","853","3.139068","852","3.14224","852","3.142856","840","3.141432","840","3.142224","837","3.144036","853","3.140296","837","3.14136","837","3.14356","837","3.140456","837","3.139108","837","3.140716","836","3.139308","853","3.140108","837","3.14088","837","3.141344","836","3.139024","836","3.139044","836","3.143812","837","3.14398","837","3.142384","837","3.140016","837","3.141172","837","3.137804","837","3.142832","837","3.143708","837","3.14076","837","3.140592","837","3.144228","837","3.140896","853","3.141528","837","3.142532","837","3.13994","853","3.140792","837","3.140464","836","3.14252","836","3.144668","837","3.14264","836","3.141092","836","3.146056","836","3.139312","837","3.140464","836","3.139324","836","3.14208","853","3.138508","837","3.138828","837","3.143796","836","3.1435","853","3.142568","836","3.141156","836","3.14016","835","3.142552","836","3.1389","836","3.1404","836","3.14244","835","3.144036","836","3.143756","836","3.1412","836","3.138596","836","3.14308","836","3.142268","836","3.140464","836","3.142712","836","3.140892","853","3.141616","836","3.142444","836","3.141332","835","3.1414134800000006","815","908"
"35","3.141528","448","3.141132","447","3.140876","520","3.140436","921","3.14124","917","3.141584","899","3.14106","917","3.14002","899","3.138268","919","3.141928","899","3.138368","899","3.140112","917","3.140692","917","3.142164","898","3.14086","917","3.143444","917","3.146008","917","3.137484","898","3.139352","917","3.142592","917","3.143892","916","3.145052","873","3.142268","917","3.141808","898","3.141252","917","3.138668","917","3.14002","899","3.141804","917","3.14146","917","3.139308","915","3.140612","874","3.141836","917","3.143928","828","3.140136","872","3.140008","872","3.143092","905","3.145604","904","3.141988","905","3.139164","903","3.144232","904","3.140384","905","3.140584","905","3.141068","887","3.141356","905","3.140896","905","3.140924","905","3.143592","905","3.140272","903","3.140816","905","3.141396","904","3.14114","886","3.14146","905","3.142316","904","3.142032","905","3.139044","904","3.138724","905","3.14142","905","3.143288","903","3.142652","905","3.142096","905","3.142688","905","3.141076","904","3.141728","905","3.14166","905","3.142112","905","3.142372","904","3.142116","906","3.142716","903","3.139428","905","3.140004","895","3.139612","887","3.1441","886","3.143272","885","3.14018","886","3.139056","887","3.13904","886","3.142548","887","3.14168","882","3.143696","884","3.13804","884","3.140708","869","3.145568","868","3.14064","859","3.14224","860","3.141288","858","3.139212","859","3.140592","859","3.140708","859","3.142816","854","3.141184","814","3.143264","814","3.141416","812","3.142088","809","3.141916","811","3.142668","807","3.140424","806","3.141784","807","3.140384","807","3.142784","804","3.139996","802","3.14139544","874","923"
"36","3.142464","226","3.138784","609","3.14058","507","3.14328","507","3.141692","607","3.138528","577","3.141864","504","3.141904","740","3.140456","1025","3.14092","1048","3.1418","1047","3.138696","1051","3.143896","1051","3.138928","1047","3.139472","1051","3.144392","1045","3.14094","1051","3.140208","1051","3.140304","1045","3.140136","1047","3.143024","1047","3.142448","1041","3.141304","1047","3.1458","1047","3.142148","1047","3.143704","1043","3.136928","1047","3.14334","1047","3.140444","1047","3.13802","1047","3.141308","1043","3.141784","1045","3.142","1045","3.14036","1044","3.141768","1062","3.14354","1062","3.140164","1044","3.139796","1043","3.142352","1045","3.144392","1045","3.142156","1044","3.1423","1045","3.143056","1044","3.144308","1043","3.145104","1045","3.139352","1044","3.141784","1062","3.1404","1045","3.140804","1045","3.146148","1044","3.14142","1044","3.141388","1044","3.140928","1044","3.141396","1043","3.139764","1041","3.140792","1062","3.140688","1062","3.139668","1039","3.13956","1044","3.143056","1038","3.138476","1045","3.138132","1037","3.144144","1037","3.14126","1037","3.143572","1037","3.14014","1037","3.144888","1034","3.14118","1034","3.141972","1033","3.143304","1034","3.143232","1034","3.141896","1034","3.143852","1033","3.140616","1034","3.141012","1034","3.142344","1033","3.141952","1034","3.142148","1034","3.139596","1033","3.139796","1034","3.14078","1034","3.143068","1034","3.143388","1033","3.141448","1034","3.139176","1034","3.143088","1034","3.141412","1034","3.138788","1033","3.144064","1034","3.144772","1034","3.142364","1034","3.142304","1033","3.141912","1034","3.138292","1033","3.144832","1033","3.141712","1033","3.140272","1033","3.141816","1034","3.141704","1033","3.139312","1033","3.141559560000001","1000","1088"
"37","3.141836","263","3.138796","262","3.141904","261","3.140792","262","3.140024","262","3.142892","261","3.1404","261","3.143304","258","3.142232","379","3.140112","883","3.1424","878","3.140244","883","3.14422","884","3.141488","907","3.144052","736","3.141948","907","3.138268","907","3.142692","883","3.143088","883","3.141936","878","3.142508","883","3.14468","907","3.142972","907","3.13966","823","3.143084","883","3.141444","883","3.14032","878","3.142044","887","3.143108","907","3.139736","878","3.139764","906","3.142012","867","3.141904","867","3.14302","852","3.140356","852","3.140588","852","3.140952","852","3.141212","852","3.142092","852","3.139864","852","3.14004","851","3.140708","852","3.142952","851","3.139096","852","3.14098","852","3.137524","852","3.139124","852","3.140068","852","3.141576","851","3.143672","852","3.14018","851","3.140584","852","3.140796","851","3.140888","852","3.140728","851","3.141936","852","3.142916","852","3.143328","851","3.142768","851","3.141608","850","3.140188","852","3.14394","851","3.141124","851","3.141156","852","3.1409","852","3.141316","851","3.140516","851","3.139588","851","3.141544","851","3.140524","851","3.139244","851","3.143136","850","3.14044","851","3.1416","851","3.141324","851","3.141932","850","3.144008","850","3.144324","850","3.140372","851","3.142576","849","3.141548","851","3.141368","850","3.143056","851","3.141756","829","3.140268","851","3.142452","826","3.144252","850","3.140636","851","3.142092","850","3.137824","850","3.142064","849","3.141284","849","3.14254","849","3.14324","849","3.14494","848","3.143456","849","3.140356","848","3.140772","848","3.137356","849","3.140076","849","3.1414650799999997","805","917"
"38","3.141416","164","3.144676","908","3.142036","889","3.141824","909","3.14478","909","3.13862","908","3.140448","908","3.144568","908","3.14202","889","3.139624","908","3.144332","889","3.14142","908","3.140384","908","3.143784","908","3.141064","889","3.143284","908","3.142016","928","3.140668","908","3.143404","915","3.140984","909","3.144276","890","3.142084","890","3.14212","887","3.143064","906","3.139036","906","3.14446","906","3.140128","903","3.143752","883","3.14064","923","3.143316","903","3.141376","903","3.141992","903","3.140496","922","3.141544","921","3.141488","921","3.145112","921","3.142404","921","3.140652","921","3.141924","921","3.137024","903","3.139512","922","3.1419","921","3.139972","922","3.141368","921","3.141744","901","3.14236","921","3.14354","922","3.14176","921","3.142728","903","3.140084","922","3.140536","921","3.139984","913","3.141076","913","3.13954","908","3.143508","909","3.142144","909","3.142864","908","3.143184","908","3.143248","909","3.140496","909","3.141984","909","3.141464","909","3.139176","909","3.139396","908","3.14032","908","3.138232","909","3.143128","908","3.139704","908","3.141764","908","3.140716","909","3.142804","909","3.144764","909","3.13848","909","3.140492","908","3.1431","909","3.1401","909","3.146604","909","3.141724","909","3.141324","909","3.143932","908","3.143476","907","3.144836","907","3.141128","908","3.142712","907","3.140236","907","3.142044","907","3.144268","906","3.141908","908","3.14262","908","3.142488","906","3.142964","907","3.139736","907","3.142324","905","3.140308","904","3.140616","904","3.142156","905","3.139292","905","3.142532","905","3.141328","905","3.141524","904","3.141774920000001","901","949"
"39","3.143068","660","3.140148","660","3.143432","609","3.142424","607","3.14164","835","3.141752","835","3.139616","856","3.139928","856","3.145256","856","3.13996","856","3.140752","873","3.141452","873","3.141208","873","3.139484","873","3.140784","873","3.14456","873","3.139932","873","3.142456","873","3.140172","873","3.14242","873","3.140428","873","3.142004","872","3.141956","873","3.139212","873","3.141936","873","3.140144","872","3.137424","873","3.139644","872","3.142124","873","3.141496","873","3.143816","873","3.1396","873","3.14272","873","3.140288","873","3.142652","873","3.141956","872","3.142924","872","3.142856","873","3.143336","873","3.138272","872","3.1412","872","3.14156","873","3.142264","873","3.139672","873","3.141276","872","3.141576","872","3.141496","853","3.141232","872","3.144152","873","3.144128","873","3.138244","873","3.14136","872","3.142096","873","3.14014","872","3.14368","872","3.142596","872","3.141456","872","3.141224","873","3.140264","872","3.143544","872","3.141028","872","3.143592","872","3.138012","870","3.1416","869","3.14186","871","3.140972","870","3.137804","871","3.140608","871","3.14438","870","3.142296","870","3.142432","869","3.142388","870","3.142024","870","3.139752","870","3.141492","870","3.145132","870","3.140912","866","3.139628","866","3.142844","866","3.142848","865","3.141852","866","3.14182","865","3.140452","866","3.140424","866","3.141756","865","3.145108","866","3.14014","865","3.139288","865","3.141028","865","3.141536","865","3.14272","865","3.141364","865","3.142772","866","3.142568","865","3.141508","865","3.143024","865","3.140912","866","3.140948","865","3.142836","865","3.140916","865","3.1415296799999983","859","880"
"40","3.139776","615","3.13858","558","3.141448","874","3.143644","872","3.143996","872","3.142196","872","3.141928","875","3.14078","871","3.139524","708","3.140824","872","3.142332","872","3.142176","873","3.140896","872","3.144504","872","3.138264","872","3.14134","866","3.141176","872","3.140904","866","3.142012","866","3.141988","872","3.143536","872","3.141436","828","3.139392","872","3.143112","871","3.14118","849","3.144172","849","3.139348","850","3.13924","844","3.14172","878","3.142788","878","3.139136","851","3.143764","855","3.142224","852","3.139044","852","3.141648","877","3.141572","855","3.144312","851","3.140088","849","3.141076","849","3.1403","841","3.14212","849","3.144184","878","3.142372","841","3.142504","852","3.141428","877","3.142044","849","3.141048","843","3.137932","844","3.140588","851","3.142516","875","3.14008","854","3.142168","874","3.137832","874","3.142084","877","3.14364","875","3.141184","874","3.141316","874","3.140952","874","3.14002","875","3.139112","874","3.143","876","3.141876","874","3.1422","875","3.141368","874","3.140812","874","3.142888","875","3.141372","846","3.140928","874","3.14208","875","3.14068","874","3.145156","874","3.13844","874","3.142136","874","3.13944","874","3.144184","874","3.139648","874","3.141428","876","3.141344","873","3.14322","874","3.14344","874","3.141292","874","3.140132","874","3.140972","874","3.140764","853","3.142832","859","3.140432","861","3.142164","860","3.142672","861","3.13958","860","3.142948","860","3.137752","860","3.141588","860","3.142816","860","3.144364","860","3.144412","860","3.141888","860","3.14192","860","3.140752","852","3.14194","852","3.140304","852","3.1414966399999997","857","908"
"41","3.1421","680","3.139124","678","3.139788","689","3.14098","689","3.142556","690","3.139892","689","3.141608","689","3.142324","712","3.139972","654","3.142644","690","3.141944","689","3.143096","677","3.142132","690","3.142116","689","3.139676","690","3.142068","689","3.144676","711","3.142564","653","3.142816","677","3.142564","690","3.140148","690","3.141708","556","3.140436","653","3.142732","654","3.14218","677","3.142792","674","3.14138","683","3.141744","684","3.140444","641","3.14064","684","3.141776","744","3.139932","848","3.144236","870","3.139052","869","3.142552","870","3.141924","868","3.140588","849","3.140852","865","3.143664","868","3.140424","866","3.139324","868","3.142908","865","3.140476","863","3.140456","863","3.140412","865","3.143336","863","3.141312","867","3.143448","863","3.13978","867","3.141668","866","3.139852","863","3.141768","868","3.142588","863","3.142328","863","3.142816","863","3.14366","862","3.140828","863","3.139736","867","3.14222","865","3.141152","866","3.141648","867","3.1403","862","3.139152","867","3.141504","862","3.14276","863","3.143572","863","3.140008","866","3.142636","866","3.141404","866","3.14048","863","3.141856","862","3.142456","863","3.141612","859","3.139232","859","3.141636","859","3.140308","863","3.140756","862","3.14136","864","3.143096","862","3.143296","859","3.139936","862","3.141912","863","3.141512","862","3.142344","861","3.140212","862","3.142156","862","3.139268","859","3.141144","852","3.140368","798","3.145116","796","3.141276","797","3.140556","798","3.141128","798","3.141244","798","3.145216","797","3.143728","795","3.14212","796","3.141764","796","3.140432","798","3.138804","796","3.1415322","798","906"
"42","3.140408","462","3.141176","587","3.141196","510","3.13902","587","3.141676","485","3.1419","507","3.141832","584","3.1398","581","3.143604","581","3.145772","837","3.142804","836","3.142484","840","3.140748","845","3.140084","838","3.141044","844","3.14282","844","3.142756","843","3.140832","843","3.141876","772","3.142176","837","3.143956","843","3.138988","841","3.141476","776","3.141832","834","3.141316","855","3.141696","836","3.138808","834","3.141988","855","3.143992","837","3.140352","836","3.140348","779","3.14072","855","3.1409","833","3.141988","834","3.138912","834","3.143452","855","3.140116","855","3.141872","836","3.141876","835","3.14262","855","3.14274","837","3.139604","855","3.144952","855","3.139376","827","3.143176","848","3.139724","848","3.141104","827","3.143","830","3.145456","824","3.1418","796","3.143252","830","3.14094","848","3.143308","848","3.143448","830","3.139776","848","3.141004","848","3.142588","848","3.143096","819","3.139988","837","3.14142","811","3.14256","837","3.138268","837","3.143424","837","3.140136","831","3.143272","789","3.140664","815","3.139992","815","3.141752","815","3.142872","815","3.138772","792","3.13874","814","3.1426","814","3.1403","811","3.142884","811","3.141664","808","3.141512","808","3.142228","789","3.14384","789","3.141448","789","3.139472","789","3.141352","784","3.1433","784","3.1421","784","3.143204","784","3.14354","784","3.143344","784","3.141756","784","3.140148","784","3.142204","784","3.141896","784","3.14028","784","3.14016","784","3.138368","782","3.144216","783","3.140972","783","3.14144","782","3.140416","783","3.144336","783","3.144016","782","3.1404","783","3.141648160000001","793","870"
"43","3.142696","244","3.141316","276","3.14208","669","3.139104","721","3.141244","579","3.139428","579","3.137176","603","3.141668","823","3.143032","599","3.140796","664","3.142368","885","3.14406","885","3.143188","884","3.140412","894","3.142848","884","3.14068","884","3.1422","894","3.14282","884","3.142724","862","3.139556","894","3.14124","884","3.140552","893","3.14286","889","3.142936","888","3.140132","893","3.142336","893","3.14146","893","3.143288","882","3.143152","878","3.144408","882","3.140896","873","3.143568","882","3.14202","882","3.144264","882","3.14576","867","3.142568","873","3.139708","879","3.141076","879","3.142056","878","3.143348","870","3.142176","879","3.141392","879","3.143444","878","3.141936","879","3.139656","878","3.139408","878","3.139564","873","3.141028","879","3.143964","877","3.146504","877","3.140676","869","3.142168","870","3.141232","870","3.139508","873","3.139924","879","3.1416","867","3.140668","877","3.140644","878","3.141364","877","3.140812","879","3.141904","885","3.140532","868","3.13966","870","3.141944","859","3.141032","862","3.142428","882","3.140596","882","3.143144","866","3.141404","866","3.1417","847","3.143252","866","3.142168","866","3.140804","866","3.141688","866","3.144272","866","3.1422","830","3.140476","849","3.139716","826","3.143048","849","3.139632","849","3.143132","818","3.14204","818","3.141616","818","3.142928","818","3.140272","818","3.14072","818","3.141416","818","3.142448","818","3.142588","818","3.143472","799","3.14048","806","3.141276","806","3.14416","805","3.14382","805","3.141536","805","3.140148","805","3.140816","805","3.13798","805","3.14424","805","3.143628","805","3.14175008","831","919"
"44","3.1417","564","3.1416","519","3.143252","562","3.141944","562","3.142292","844","3.142516","852","3.139148","843","3.14264","852","3.14252","848","3.140232","848","3.141088","844","3.143952","844","3.1417","821","3.142036","844","3.141456","848","3.143168","851","3.14606","848","3.141108","852","3.141372","852","3.13964","828","3.138344","828","3.143652","825","3.143788","828","3.141628","850","3.141024","822","3.143108","819","3.143636","822","3.141196","819","3.141316","822","3.142132","819","3.144716","815","3.142276","819","3.142084","819","3.14388","840","3.140828","815","3.142036","840","3.139088","840","3.140616","840","3.139564","840","3.141032","840","3.144072","840","3.1402","840","3.14212","813","3.13934","815","3.143128","840","3.13848","840","3.141636","815","3.14328","835","3.143304","834","3.139792","810","3.14306","834","3.140756","834","3.14062","810","3.141092","807","3.141756","802","3.144128","823","3.141904","823","3.143592","823","3.142904","823","3.14084","823","3.141264","798","3.140612","808","3.141456","808","3.143128","808","3.142308","803","3.139436","802","3.14","802","3.143764","802","3.140932","802","3.143092","802","3.143176","802","3.141336","802","3.140352","802","3.140616","802","3.143224","802","3.1408","802","3.142424","802","3.142892","802","3.141068","802","3.142204","802","3.141636","802","3.144148","801","3.139036","801","3.1408","802","3.14316","796","3.138868","796","3.139988","795","3.140124","785","3.142956","782","3.143904","782","3.139948","782","3.13952","781","3.141144","782","3.14076","781","3.142124","781","3.141676","781","3.142884","780","3.139176","781","3.144848","780","3.141148","778","3.141733040000001","805","878"
"45","3.1402","185","3.139524","538","3.144012","537","3.144684","533","3.142228","485","3.138172","705","3.141348","533","3.140016","868","3.14008","868","3.140844","868","3.13908","886","3.142452","867","3.141676","867","3.142376","868","3.140432","868","3.142424","867","3.141924","868","3.143272","847","3.140308","867","3.144708","868","3.140396","850","3.140772","850","3.142724","842","3.138316","841","3.138864","842","3.139676","842","3.139344","842","3.141168","842","3.143068","841","3.14254","839","3.142228","839","3.140948","839","3.141036","833","3.1389","851","3.144108","833","3.140936","833","3.141948","851","3.141588","851","3.139136","834","3.139876","833","3.141468","851","3.141252","833","3.140168","833","3.139244","833","3.141352","833","3.143456","851","3.140852","821","3.142788","839","3.14194","835","3.142692","814","3.142104","832","3.13978","814","3.144612","827","3.14386","827","3.139844","827","3.141068","828","3.139888","828","3.141388","827","3.141612","828","3.141996","827","3.14138","828","3.139272","828","3.140236","827","3.139052","827","3.140904","827","3.142756","827","3.140896","823","3.138872","823","3.1381","822","3.143092","823","3.143436","822","3.141144","823","3.140296","823","3.14318","822","3.142976","823","3.1402","823","3.13798","823","3.144024","817","3.141204","813","3.142288","814","3.13964","814","3.143268","814","3.143056","814","3.140348","814","3.142088","814","3.141472","814","3.142724","814","3.141272","797","3.142036","797","3.143812","797","3.139236","797","3.141704","797","3.138284","797","3.14204","790","3.141956","789","3.142604","789","3.143816","789","3.143184","712","3.142088","712","3.1433","712","3.1413791200000007","804","898"
"46","3.145208","274","3.142396","848","3.139324","846","3.141212","846","3.14282","847","3.141816","811","3.14246","847","3.140928","847","3.142468","847","3.141184","846","3.141872","847","3.141548","848","3.141884","848","3.137332","846","3.14012","847","3.142944","847","3.1427","810","3.14338","846","3.14084","847","3.140168","847","3.1417","846","3.140336","818","3.141084","847","3.142208","847","3.143244","823","3.144516","847","3.142296","846","3.142592","848","3.142356","847","3.14274","846","3.141068","846","3.14522","846","3.144164","822","3.14082","823","3.141148","845","3.141084","844","3.141304","846","3.141256","845","3.140528","845","3.142032","822","3.13812","844","3.140676","845","3.141224","845","3.14102","844","3.142476","846","3.140012","846","3.141196","845","3.144216","846","3.145384","822","3.140556","824","3.142124","823","3.14148","846","3.144576","845","3.14052","845","3.140312","846","3.144112","846","3.142844","845","3.1392","845","3.140268","846","3.142184","844","3.142776","846","3.143524","844","3.14314","811","3.141316","823","3.141932","815","3.143172","820","3.1424","843","3.142484","842","3.141152","843","3.14322","843","3.13936","841","3.141644","841","3.141784","843","3.140384","843","3.139012","842","3.140128","842","3.144204","843","3.141288","805","3.143592","843","3.140928","843","3.144744","841","3.140244","842","3.141812","842","3.141316","842","3.142944","841","3.14418","843","3.141808","843","3.143108","843","3.141416","818","3.141712","841","3.14068","843","3.139928","842","3.140388","843","3.140944","841","3.141832","842","3.141176","841","3.140924","843","3.14028","841","3.142256","843","3.140036","841","3.1417596800000003","834","850"
"47","3.141456","250","3.14234","847","3.144008","847","3.144524","849","3.140568","850","3.14376","847","3.142016","851","3.14316","849","3.138296","825","3.139836","847","3.140164","755","3.14102","850","3.140568","820","3.139924","847","3.142544","850","3.141412","849","3.139788","827","3.14082","824","3.140664","849","3.143328","846","3.141428","849","3.1414","847","3.140896","836","3.142384","832","3.142188","833","3.141724","835","3.142724","811","3.141688","834","3.142536","833","3.141668","835","3.1438","833","3.140128","832","3.140716","836","3.14024","833","3.140572","834","3.142912","832","3.140688","832","3.140272","832","3.142132","835","3.141404","832","3.139816","835","3.137596","821","3.141568","828","3.140948","829","3.142272","845","3.141956","844","3.141836","829","3.143148","825","3.143268","823","3.1419","844","3.145056","844","3.138188","827","3.138052","844","3.14198","844","3.143284","822","3.14186","829","3.142936","826","3.139956","827","3.141508","819","3.139792","823","3.13972","822","3.143604","844","3.143092","829","3.145364","844","3.13934","829","3.141136","827","3.142956","829","3.142024","827","3.141716","821","3.14066","844","3.142928","829","3.140836","822","3.14138","844","3.142024","844","3.13726","827","3.138764","823","3.14098","844","3.145532","822","3.142244","804","3.141372","819","3.145356","802","3.142024","819","3.142392","819","3.143084","811","3.143136","793","3.142648","796","3.140988","775","3.1418","772","3.141336","772","3.141748","772","3.140324","772","3.142884","772","3.143256","769","3.141616","766","3.143872","766","3.141244","765","3.141484","750","3.140732","766","3.139876","766","3.14146","766","3.1416280800000003","816","874"
"48","3.140368","208","3.14018","459","3.144692","458","3.14266","458","3.139896","458","3.140008","458","3.13608","656","3.1415","907","3.141316","656","3.139456","902","3.140056","679","3.141","902","3.140968","902","3.141308","706","3.142788","706","3.141732","900","3.142352","900","3.142904","745","3.140652","900","3.142412","899","3.142648","725","3.139552","745","3.140008","727","3.143084","881","3.143668","844","3.140404","875","3.145444","840","3.141584","855","3.14484","874","3.141712","875","3.145964","852","3.142596","874","3.142148","850","3.141116","875","3.139784","852","3.140972","854","3.14136","874","3.141692","875","3.139868","875","3.140356","875","3.141392","875","3.140948","875","3.142784","875","3.142944","875","3.140804","875","3.141768","874","3.140248","840","3.140488","875","3.13994","852","3.140868","875","3.142284","874","3.143124","874","3.14008","849","3.142632","874","3.142444","855","3.143232","854","3.14242","849","3.142252","855","3.142332","874","3.143564","849","3.142104","839","3.1401","852","3.14102","874","3.13982","874","3.141908","875","3.141236","854","3.141412","871","3.1406","871","3.141804","871","3.141648","868","3.141024","863","3.141348","841","3.141824","851","3.13734","850","3.143992","850","3.14286","851","3.140984","849","3.14016","846","3.139164","847","3.139856","847","3.140808","824","3.1406","822","3.140408","821","3.140196","817","3.142868","817","3.13978","814","3.142688","814","3.141872","814","3.139888","813","3.145548","807","3.142516","807","3.142956","807","3.14432","807","3.14116","807","3.14084","803","3.142792","802","3.142192","800","3.140876","800","3.1388","800","3.141528","800","3.141505160000001","813","910"
"49","3.142116","557","3.14166","555","3.14134","555","3.139116","552","3.145348","581","3.141712","581","3.140988","581","3.142492","555","3.138932","669","3.139512","555","3.13854","555","3.139944","555","3.142748","529","3.1426","580","3.139348","580","3.142316","591","3.142144","852","3.14208","696","3.144096","852","3.139428","720","3.140152","852","3.143704","853","3.141348","853","3.140104","852","3.143548","696","3.141924","848","3.140648","852","3.144512","849","3.141852","823","3.139844","823","3.142512","818","3.13966","708","3.140884","816","3.140564","820","3.142944","820","3.143752","820","3.145184","816","3.138788","820","3.142936","820","3.138756","820","3.136972","820","3.142752","816","3.137296","820","3.14034","732","3.142344","820","3.142872","753","3.1422","816","3.138928","810","3.142184","806","3.140844","806","3.143756","802","3.14276","798","3.141324","803","3.143176","798","3.141852","768","3.13898","802","3.14026","799","3.14512","799","3.141816","795","3.142284","791","3.141392","795","3.142116","795","3.142088","795","3.142564","790","3.142636","795","3.14254","790","3.140516","795","3.141404","790","3.144356","768","3.137804","792","3.141296","792","3.139404","789","3.140772","790","3.14254","791","3.14128","792","3.141768","792","3.141364","789","3.142812","791","3.144812","789","3.137936","792","3.1415","787","3.141556","787","3.142252","780","3.137176","786","3.141784","786","3.13976","788","3.143824","788","3.141236","778","3.140564","786","3.142356","784","3.13878","785","3.142376","786","3.142024","783","3.1392","781","3.140508","783","3.141352","783","3.143096","782","3.138728","782","3.141056","783","3.139532","782","3.14138196","760","874"
"50","3.144428","335","3.141204","786","3.1415","809","3.142764","787","3.143652","809","3.1409","809","3.137608","809","3.14442","808","3.139756","809","3.140984","852","3.141444","809","3.139972","786","3.141632","884","3.143308","765","3.140904","832","3.141816","832","3.140944","850","3.140552","855","3.143964","830","3.14594","830","3.142176","857","3.142184","850","3.143284","854","3.144108","881","3.14192","881","3.142236","855","3.138652","849","3.14624","850","3.139692","881","3.142788","881","3.141864","850","3.141704","849","3.141768","881","3.144352","855","3.143104","850","3.142324","851","3.14208","849","3.141856","855","3.140744","882","3.140376","848","3.138948","868","3.144072","839","3.141888","869","3.14096","869","3.142928","847","3.140588","869","3.141612","868","3.140128","869","3.141068","868","3.143264","869","3.141236","868","3.141388","843","3.140356","846","3.142716","868","3.14076","844","3.144324","869","3.14048","868","3.138788","869","3.14084","841","3.141828","846","3.138256","868","3.14094","868","3.13822","868","3.143092","850","3.140316","868","3.14296","844","3.142896","842","3.142292","842","3.143772","844","3.140388","865","3.14208","865","3.140524","842","3.140576","865","3.14136","860","3.140604","860","3.142432","839","3.145072","860","3.14094","859","3.141452","857","3.141968","856","3.143288","857","3.140492","839","3.14008","850","3.14104","851","3.14236","850","3.141736","850","3.138856","851","3.143604","851","3.14266","850","3.143316","850","3.141852","829","3.141824","827","3.141588","850","3.142068","850","3.139984","850","3.139432","850","3.143232","850","3.142636","851","3.14018","850","3.142","850","3.1417168399999995","843","885"
"51","3.140692","887","3.142648","887","3.143532","852","3.140312","887","3.140588","866","3.140976","887","3.139632","887","3.144144","887","3.143944","887","3.140048","887","3.141536","887","3.142304","887","3.143292","887","3.140604","866","3.14364","886","3.141628","887","3.138976","887","3.141512","866","3.139632","865","3.139248","887","3.140252","887","3.143084","887","3.139","887","3.140436","887","3.142464","887","3.141808","887","3.141248","886","3.139812","886","3.14256","887","3.141576","886","3.14308","886","3.144016","886","3.140572","867","3.14038","867","3.141808","863","3.143648","844","3.143056","841","3.143208","748","3.1407","841","3.141776","841","3.142432","841","3.138088","841","3.138276","848","3.137792","847","3.141672","838","3.140964","845","3.141536","843","3.140084","840","3.14136","847","3.140228","839","3.140408","843","3.140664","848","3.140352","848","3.14344","847","3.141488","848","3.142012","848","3.143424","843","3.142608","848","3.144136","845","3.141112","846","3.141312","838","3.1392","845","3.14182","844","3.140124","845","3.140584","839","3.14092","842","3.1411","843","3.140776","844","3.140796","847","3.141324","848","3.141428","842","3.140824","838","3.142112","847","3.142716","844","3.141924","839","3.142844","844","3.13958","845","3.143252","846","3.140452","843","3.142268","847","3.143828","840","3.141608","848","3.143204","843","3.140704","848","3.141876","847","3.142308","846","3.141652","844","3.142748","847","3.141564","847","3.140324","845","3.140044","840","3.142468","845","3.139184","845","3.144892","844","3.141624","838","3.140248","838","3.144828","838","3.138308","844","3.14294","844","3.140276","837","3.1414543200000016","856","898"
"52","3.140356","114","3.142756","114","3.140396","438","3.141456","438","3.14204","733","3.141736","801","3.139428","493","3.143504","722","3.13882","722","3.14176","755","3.141684","755","3.1451","755","3.144048","752","3.141952","752","3.141004","752","3.139224","751","3.14152","865","3.14178","828","3.143408","865","3.143668","831","3.142864","865","3.143408","828","3.142132","865","3.141404","860","3.13898","869","3.139244","865","3.144272","859","3.141532","865","3.141348","858","3.141536","865","3.140388","861","3.140132","858","3.141528","864","3.144588","866","3.143436","866","3.140816","866","3.142912","860","3.141588","864","3.141904","858","3.140344","868","3.143904","867","3.141348","859","3.140476","864","3.142056","857","3.142136","865","3.142528","858","3.143056","866","3.143732","867","3.14162","861","3.141652","867","3.141996","858","3.140736","862","3.141348","856","3.13924","837","3.142944","861","3.142412","863","3.141192","862","3.141856","857","3.142324","860","3.140136","859","3.141396","860","3.141788","858","3.140424","852","3.141616","855","3.138356","855","3.14046","852","3.139856","853","3.144796","855","3.140376","855","3.138472","854","3.143016","855","3.142492","847","3.141716","853","3.14306","852","3.140572","846","3.137708","856","3.14048","855","3.139784","855","3.141316","853","3.142032","851","3.141572","855","3.144084","856","3.144108","851","3.141796","855","3.144708","853","3.139408","854","3.143688","847","3.141748","851","3.142148","855","3.140116","847","3.14252","847","3.143396","854","3.142192","852","3.140544","855","3.139116","851","3.143372","848","3.143256","851","3.141232","825","3.140352","855","3.142","845","3.1416775999999986","817","897"
"53","3.139932","104","3.140332","418","3.142836","463","3.139572","787","3.13984","798","3.143248","787","3.142676","798","3.143564","784","3.14208","786","3.141464","786","3.144132","797","3.141576","786","3.143468","786","3.141332","797","3.140728","798","3.14268","797","3.142872","798","3.1401","797","3.139828","786","3.141044","798","3.139812","792","3.142856","791","3.140388","779","3.142428","791","3.138776","791","3.144008","784","3.144076","781","3.140364","780","3.140632","780","3.140948","778","3.142704","764","3.142908","765","3.142756","795","3.141952","795","3.140876","795","3.13822","777","3.141656","765","3.14088","777","3.142552","756","3.143764","759","3.140884","788","3.141328","788","3.141352","785","3.142316","785","3.138404","784","3.137608","755","3.140776","784","3.14228","752","3.14522","784","3.141172","750","3.142124","778","3.143972","749","3.142068","841","3.144568","837","3.140328","836","3.14108","837","3.13918","835","3.144016","837","3.142948","843","3.143256","840","3.142348","840","3.1403","829","3.141564","832","3.140916","828","3.140516","831","3.142296","829","3.137504","825","3.137692","821","3.139108","832","3.143696","831","3.14222","822","3.140436","830","3.14482","830","3.140068","830","3.143164","822","3.142236","830","3.139576","822","3.140628","826","3.141832","819","3.140596","785","3.13982","788","3.141272","789","3.144144","783","3.139824","789","3.143996","784","3.142248","783","3.142856","785","3.141728","789","3.141436","788","3.142052","788","3.141888","788","3.142796","788","3.142324","785","3.142192","785","3.143736","774","3.13992","784","3.140808","783","3.144128","783","3.144216","780","3.14246","783","3.141660999999999","782","894"
"54","3.140276","946","3.142452","946","3.142376","943","3.140508","944","3.142276","947","3.143196","943","3.14188","949","3.140496","946","3.14068","947","3.137696","945","3.143224","942","3.143212","946","3.140576","944","3.143288","943","3.141712","949","3.1421","949","3.141876","945","3.144336","948","3.144116","946","3.14328","948","3.141108","943","3.142164","943","3.141712","948","3.141724","949","3.139956","943","3.142328","944","3.1404","943","3.140544","949","3.143196","943","3.143912","921","3.14106","947","3.14482","945","3.140136","949","3.143252","922","3.14108","944","3.14096","944","3.139228","947","3.141744","946","3.139404","949","3.14224","944","3.142576","942","3.141156","948","3.142232","944","3.138868","946","3.141532","948","3.142756","948","3.138384","948","3.14036","944","3.142372","942","3.138472","943","3.14238","921","3.142236","943","3.143348","949","3.1433","943","3.140084","949","3.140784","944","3.138412","947","3.13842","942","3.140496","948","3.139744","948","3.141516","945","3.141424","942","3.145468","945","3.14006","944","3.143732","946","3.140048","947","3.140452","949","3.144276","945","3.143608","917","3.143164","945","3.143732","942","3.140404","948","3.14206","947","3.14152","945","3.143144","944","3.140408","944","3.142324","943","3.143364","943","3.138432","943","3.142256","946","3.1386","944","3.138944","947","3.142728","944","3.142324","947","3.140396","947","3.137824","948","3.143264","945","3.141348","947","3.141128","949","3.142108","949","3.142324","943","3.140544","942","3.14214","945","3.13894","942","3.14168","947","3.141336","944","3.141908","943","3.143604","944","3.143492","915","3.1434","946","3.1415785999999986","944","950"
"55","3.142916","363","3.144428","645","3.14048","645","3.142072","645","3.141808","645","3.142836","645","3.141332","645","3.142588","645","3.141456","645","3.141808","642","3.142016","645","3.141272","645","3.141228","642","3.143912","645","3.139008","642","3.142476","645","3.143392","645","3.14382","635","3.143228","628","3.141792","602","3.13824","625","3.142836","625","3.143128","628","3.138396","621","3.141264","621","3.14532","623","3.141452","621","3.1381","559","3.140012","620","3.141","618","3.141172","614","3.143188","698","3.142064","617","3.141828","698","3.143088","617","3.1428","722","3.142344","815","3.142264","744","3.14066","744","3.145252","749","3.142688","815","3.142528","832","3.140596","832","3.141252","749","3.14164","815","3.13908","739","3.139096","740","3.138092","800","3.143056","801","3.142044","801","3.141284","800","3.141388","797","3.142028","797","3.13884","797","3.141296","767","3.1423","797","3.140436","744","3.14066","797","3.141664","747","3.140252","761","3.140684","790","3.138744","790","3.142788","791","3.14444","791","3.145612","790","3.140124","790","3.138744","790","3.141608","790","3.143408","790","3.143304","760","3.142492","790","3.14072","790","3.141044","790","3.140712","790","3.143596","780","3.144036","780","3.139172","779","3.141304","779","3.142568","780","3.1422","779","3.140416","779","3.142496","779","3.141228","767","3.14198","767","3.145124","767","3.143292","767","3.143248","767","3.143652","767","3.142528","767","3.14552","767","3.142116","767","3.142632","767","3.138764","767","3.141416","767","3.140696","767","3.13992","767","3.144792","767","3.142392","749","3.140552","767","3.142388","766","3.1418094799999987","725","881"
"56","3.143012","284","3.142588","640","3.13856","640","3.14066","549","3.142636","637","3.138828","641","3.140848","641","3.142148","640","3.140452","640","3.142384","637","3.141612","637","3.144408","837","3.141292","837","3.1388","833","3.142528","838","3.14176","837","3.14082","839","3.139884","837","3.142556","838","3.142256","838","3.138736","839","3.14272","836","3.138296","836","3.144072","839","3.14114","837","3.142788","837","3.144512","839","3.14198","838","3.141012","838","3.140836","810","3.141288","838","3.139556","839","3.139836","838","3.141208","838","3.13986","838","3.139084","839","3.142512","838","3.143072","839","3.140484","837","3.138112","839","3.142908","809","3.145792","839","3.143088","839","3.142196","838","3.14196","839","3.141852","838","3.143496","810","3.142616","838","3.142816","837","3.143852","838","3.140436","838","3.14232","838","3.141284","837","3.141592","832","3.140516","838","3.14546","837","3.14178","837","3.14204","838","3.144692","838","3.143312","837","3.142304","838","3.143296","838","3.141044","839","3.141804","838","3.145196","839","3.14586","838","3.140408","839","3.140968","837","3.143568","838","3.142508","835","3.140516","831","3.138388","830","3.14162","834","3.14204","835","3.140276","835","3.142228","835","3.142596","836","3.142288","835","3.141864","834","3.1434","803","3.139552","834","3.141424","834","3.142372","834","3.143452","835","3.1418","835","3.140696","835","3.14014","835","3.141512","833","3.143312","835","3.139444","835","3.1426","836","3.139624","835","3.14356","829","3.140636","833","3.1402","834","3.1434","834","3.144568","836","3.14018","830","3.141012","829","3.144492","834","3.14179292","809","849"
"57","3.142208","19","3.141108","499","3.14174","499","3.143996","294","3.14262","519","3.142304","628","3.139888","655","3.14136","655","3.139772","654","3.142948","654","3.143052","654","3.139944","654","3.142868","628","3.143164","655","3.143108","654","3.142536","655","3.138352","654","3.143736","606","3.1393","655","3.142836","655","3.144096","655","3.13992","654","3.13916","628","3.141064","613","3.141592","639","3.140896","670","3.140388","666","3.141032","823","3.143184","809","3.141264","685","3.138568","806","3.139624","806","3.138928","806","3.139088","803","3.14346","686","3.143796","771","3.142008","802","3.142492","771","3.140292","802","3.142588","802","3.141444","802","3.139932","801","3.143288","802","3.139172","802","3.139384","802","3.139432","802","3.143828","802","3.144804","802","3.142308","802","3.141792","802","3.145224","802","3.141696","802","3.142456","801","3.140776","774","3.1423","802","3.141664","802","3.139132","771","3.14244","802","3.140464","802","3.1418","802","3.14282","795","3.143772","794","3.144132","795","3.139952","794","3.141968","794","3.143616","795","3.140156","795","3.141804","775","3.143228","786","3.14184","785","3.140676","785","3.142396","786","3.140932","785","3.138292","785","3.141552","786","3.141544","785","3.140868","785","3.143516","786","3.14352","785","3.142872","785","3.141364","786","3.140416","785","3.141","785","3.143204","784","3.139908","785","3.14058","785","3.140812","785","3.1435","785","3.13876","785","3.142996","785","3.140892","785","3.14364","785","3.144024","785","3.139864","785","3.14304","785","3.14214","785","3.13864","785","3.139824","785","3.140004","784","3.141048","785","3.1415872800000004","736","856"
"58","3.142448","265","3.142876","611","3.142964","568","3.14152","492","3.1433","491","3.1414","568","3.142428","611","3.143516","823","3.140904","823","3.14082","754","3.140732","817","3.140752","823","3.136344","823","3.142408","603","3.139808","812","3.14028","817","3.143308","814","3.141468","814","3.143252","808","3.145128","803","3.140896","810","3.141276","809","3.141376","809","3.14048","809","3.141208","809","3.144568","809","3.14106","809","3.142504","809","3.141228","809","3.139484","809","3.14212","808","3.139744","809","3.140164","806","3.138212","799","3.141148","787","3.14024","798","3.13964","787","3.141804","792","3.140252","792","3.142004","787","3.14024","787","3.1431","793","3.142476","787","3.1413","787","3.141088","793","3.143236","793","3.139812","785","3.141712","785","3.14046","779","3.14306","779","3.144528","777","3.142812","801","3.137276","802","3.136644","801","3.138356","801","3.140724","800","3.140388","799","3.138864","799","3.14086","799","3.144704","798","3.141144","799","3.140076","798","3.143268","801","3.142516","800","3.143492","798","3.138916","798","3.14168","800","3.143216","798","3.142736","799","3.141216","800","3.141616","800","3.141592","798","3.139396","799","3.141012","800","3.143184","798","3.140828","776","3.140708","799","3.141848","798","3.138672","800","3.143532","800","3.14214","798","3.14024","800","3.142488","798","3.141508","800","3.143804","798","3.141732","799","3.139964","799","3.1428","800","3.14252","800","3.141936","798","3.142924","798","3.143272","775","3.139196","800","3.14518","800","3.140772","798","3.143816","800","3.142376","800","3.140248","800","3.140344","800","3.141632","798","3.1414624400000006","777","855"
"59","3.143556","876","3.143888","874","3.138732","868","3.140776","874","3.138772","875","3.139444","875","3.144712","866","3.140992","868","3.140588","875","3.140972","872","3.141168","873","3.142112","875","3.139928","874","3.142932","877","3.141028","877","3.142","834","3.140388","869","3.14232","875","3.14126","872","3.141704","875","3.144024","876","3.139652","865","3.140288","871","3.142452","876","3.14128","868","3.139864","876","3.139652","876","3.14286","872","3.140988","872","3.14362","868","3.142232","875","3.13982","875","3.141108","869","3.1422","868","3.14062","873","3.141104","869","3.144112","872","3.140752","876","3.14218","872","3.142104","874","3.141672","868","3.141","869","3.142016","875","3.141584","868","3.142964","834","3.141792","875","3.139956","870","3.141044","875","3.140276","874","3.138892","872","3.142092","871","3.143944","866","3.142088","876","3.141944","875","3.1432","866","3.144396","873","3.143956","869","3.140904","870","3.144984","865","3.142328","875","3.14354","874","3.139548","868","3.144812","873","3.143092","877","3.143512","877","3.141732","872","3.144328","866","3.1422","876","3.142124","868","3.14152","876","3.140636","867","3.144852","868","3.138808","874","3.14124","868","3.142448","873","3.143812","865","3.141456","867","3.1433","877","3.143468","877","3.140976","867","3.14546","874","3.14082","872","3.141128","876","3.139532","835","3.142916","873","3.138608","875","3.140192","873","3.144224","873","3.142068","875","3.14284","876","3.14278","875","3.139892","876","3.14288","872","3.142512","873","3.141588","868","3.141288","874","3.141872","870","3.141908","864","3.143048","876","3.14324","876","3.1418541599999994","871","877"
"60","3.14374","566","3.140372","633","3.142392","904","3.139112","904","3.142828","905","3.141852","884","3.142592","842","3.140844","884","3.143636","885","3.142004","885","3.141424","905","3.141116","885","3.14056","904","3.140172","885","3.142016","884","3.144644","884","3.140892","884","3.143696","904","3.140408","883","3.144052","903","3.141388","884","3.140692","903","3.142948","903","3.139748","895","3.140712","894","3.143036","895","3.14342","894","3.14384","895","3.141472","874","3.142192","892","3.144468","892","3.144804","892","3.140484","891","3.143944","860","3.143984","879","3.142844","879","3.141356","879","3.142688","879","3.141896","879","3.14182","879","3.141908","873","3.140212","873","3.142448","873","3.14284","873","3.144508","873","3.14184","872","3.139708","872","3.142664","872","3.141084","872","3.143508","873","3.140616","872","3.1402","872","3.139988","872","3.142332","872","3.14262","872","3.140092","872","3.141748","872","3.142584","872","3.140372","869","3.1419","870","3.141844","870","3.141432","870","3.140896","870","3.143668","869","3.144084","870","3.142284","870","3.140592","865","3.146404","865","3.142016","865","3.139892","865","3.14206","866","3.142644","866","3.14294","865","3.141868","865","3.143216","865","3.144728","865","3.142892","865","3.1425","865","3.1405","865","3.140592","866","3.142792","865","3.143188","865","3.141732","865","3.142072","865","3.142376","865","3.140648","865","3.142128","865","3.14236","865","3.138284","865","3.143724","865","3.141288","865","3.141716","865","3.142176","861","3.145828","862","3.141564","861","3.13938","862","3.14192","861","3.144912","862","3.138356","861","3.139664","862","3.142024199999999","869","908"
"61","3.143196","261","3.139884","581","3.141068","606","3.14232","606","3.139448","603","3.142844","603","3.139504","603","3.142396","601","3.142744","601","3.141812","823","3.139668","601","3.142644","822","3.143828","808","3.140672","844","3.142388","866","3.140048","866","3.137328","866","3.141592","847","3.140732","866","3.142372","866","3.141572","842","3.139196","866","3.141776","866","3.139908","843","3.141348","865","3.142568","854","3.14374","854","3.144384","835","3.143476","854","3.14124","854","3.142908","854","3.141592","854","3.141428","854","3.140464","831","3.139804","854","3.144964","854","3.1438","834","3.143612","853","3.14114","854","3.14314","854","3.143276","854","3.14248","853","3.13998","853","3.137992","833","3.139016","853","3.1397","853","3.141656","853","3.140696","853","3.140688","853","3.141992","854","3.139608","833","3.140992","832","3.143176","853","3.141948","853","3.142968","833","3.142412","854","3.142744","854","3.140724","852","3.143256","853","3.144104","853","3.140776","852","3.142308","853","3.142412","853","3.143128","853","3.142648","853","3.141964","853","3.141","852","3.1408","853","3.144712","853","3.14084","846","3.141912","846","3.142084","845","3.142164","846","3.14014","846","3.139516","846","3.141564","845","3.141812","845","3.142864","846","3.141384","826","3.142792","845","3.138948","845","3.141612","846","3.138388","846","3.141664","846","3.138556","845","3.13736","845","3.140256","845","3.14094","846","3.141848","845","3.139524","824","3.142396","825","3.141056","825","3.141856","825","3.14014","824","3.1405","825","3.140564","825","3.141528","824","3.141412","825","3.140804","824","3.14256","825","3.14146688","817","881"
"62","3.14312","604","3.140396","674","3.139788","913","3.140524","873","3.14238","625","3.140788","698","3.144616","893","3.143452","872","3.14128","872","3.142848","872","3.14244","886","3.142108","886","3.144288","886","3.1422","865","3.141048","886","3.143324","873","3.139044","873","3.140912","872","3.139724","851","3.139608","872","3.140872","673","3.139972","869","3.141008","869","3.14098","869","3.143912","869","3.142508","869","3.141368","869","3.140856","869","3.140144","869","3.142324","847","3.14166","869","3.14154","869","3.141708","846","3.14192","867","3.142312","868","3.140088","867","3.142768","843","3.144476","865","3.141468","864","3.143156","865","3.140644","879","3.14318","879","3.139012","879","3.142888","879","3.139808","861","3.139692","860","3.144132","860","3.140984","879","3.143064","874","3.146816","854","3.139324","854","3.14332","874","3.139656","874","3.141876","874","3.141348","874","3.138784","855","3.140008","874","3.141956","874","3.141356","854","3.141552","874","3.142024","854","3.141344","874","3.14042","854","3.14224","855","3.141636","853","3.141084","874","3.140092","874","3.139064","855","3.143284","874","3.140568","855","3.140628","874","3.143172","854","3.142212","874","3.141412","874","3.143172","873","3.14276","871","3.143012","871","3.143044","871","3.138284","871","3.143452","870","3.14232","871","3.141972","851","3.144312","852","3.140908","851","3.141208","832","3.140588","852","3.14328","851","3.143496","852","3.142728","851","3.142376","851","3.142596","852","3.14302","851","3.143816","852","3.143836","851","3.140092","832","3.139656","851","3.141756","851","3.139084","851","3.140456","851","3.142808","851","3.1417154000000007","854","915"
"63","3.14388","599","3.141588","599","3.13696","624","3.1425","623","3.141488","623","3.141996","621","3.139672","620","3.13812","620","3.141564","618","3.140676","618","3.140884","882","3.140984","882","3.142236","883","3.140228","885","3.141052","883","3.138296","759","3.141972","882","3.141548","882","3.14286","755","3.143024","881","3.141708","755","3.141236","882","3.142436","882","3.139992","882","3.14236","882","3.14106","882","3.142324","882","3.141052","882","3.138976","882","3.1425","881","3.143472","730","3.140688","871","3.139208","871","3.146072","863","3.142556","864","3.139656","864","3.143072","864","3.141196","865","3.139708","864","3.140512","865","3.1441","863","3.14208","832","3.142264","864","3.142116","860","3.143508","863","3.142204","863","3.142576","864","3.14152","865","3.142668","862","3.143868","861","3.144316","858","3.13848","860","3.143204","860","3.142596","860","3.140668","834","3.143288","857","3.141924","861","3.141476","862","3.14238","861","3.142472","834","3.143172","862","3.141156","860","3.140448","860","3.141232","858","3.14074","861","3.142484","862","3.143088","861","3.13834","860","3.14034","861","3.142356","857","3.141032","861","3.141636","860","3.141172","861","3.143668","857","3.140272","861","3.142236","861","3.140184","857","3.140688","858","3.13898","855","3.141648","858","3.140268","858","3.140524","857","3.142224","858","3.143104","858","3.14214","857","3.140824","858","3.139084","858","3.139952","858","3.140236","821","3.139352","820","3.14408","821","3.140612","821","3.140148","821","3.143232","821","3.14482","821","3.139812","820","3.141236","817","3.140196","817","3.143544","816","3.14","817","3.1414928","829","894"
"64","3.142464","459","3.141404","511","3.141072","489","3.140148","536","3.140904","537","3.142044","536","3.142688","788","3.14154","840","3.141668","626","3.141136","788","3.138952","819","3.14214","831","3.140884","831","3.14276","830","3.142184","831","3.142032","831","3.139944","830","3.14302","830","3.1451","804","3.139572","831","3.14094","830","3.1439","829","3.142484","831","3.139828","831","3.140092","831","3.143416","829","3.138488","831","3.145056","831","3.141072","830","3.144072","830","3.13964","831","3.142916","803","3.142916","830","3.14444","830","3.141212","801","3.141396","829","3.142052","831","3.142524","830","3.14134","830","3.141624","824","3.142028","824","3.141168","824","3.14246","801","3.139548","824","3.138936","823","3.142632","823","3.14012","824","3.139872","824","3.141008","823","3.142316","823","3.14062","823","3.142496","823","3.139516","822","3.143652","823","3.14084","823","3.142528","822","3.140488","823","3.143632","822","3.143352","818","3.139636","794","3.140308","817","3.141992","817","3.144424","818","3.143388","817","3.14134","817","3.141768","817","3.141008","816","3.139776","818","3.14288","816","3.139232","816","3.139832","817","3.141732","817","3.143564","816","3.142128","818","3.139612","816","3.142812","813","3.139736","812","3.14278","812","3.144264","812","3.143248","811","3.14102","812","3.143664","812","3.13862","787","3.141672","812","3.142616","812","3.141692","812","3.14248","812","3.14274","812","3.1404","812","3.142208","812","3.140912","812","3.1394","812","3.143268","811","3.143284","812","3.142652","811","3.139948","812","3.142544","811","3.139616","796","3.141456","797","3.138664","796","3.1416259199999983","798","845"
"65","3.142096","490","3.141196","628","3.138368","628","3.143876","628","3.142616","625","3.140112","818","3.141048","625","3.139712","837","3.14304","837","3.141744","836","3.142928","836","3.14274","837","3.140448","837","3.142192","815","3.141604","837","3.143368","837","3.144756","837","3.142324","829","3.143444","828","3.138408","827","3.141716","828","3.143856","828","3.141308","827","3.142008","827","3.1413","827","3.14144","828","3.14148","827","3.141268","827","3.143412","827","3.1405","828","3.141608","827","3.141156","827","3.138504","827","3.141624","827","3.139812","827","3.142388","827","3.13988","827","3.139476","827","3.144552","828","3.14492","827","3.1438","827","3.143308","829","3.143472","827","3.141344","826","3.143016","827","3.14042","827","3.142592","827","3.141936","811","3.138068","826","3.138632","826","3.139604","826","3.143228","826","3.138052","826","3.142416","826","3.141976","826","3.142476","826","3.142328","826","3.141316","826","3.14154","826","3.140136","826","3.141004","826","3.139972","825","3.14524","826","3.14172","826","3.139836","826","3.141572","826","3.141308","826","3.14268","826","3.142068","826","3.142196","826","3.142444","807","3.141096","826","3.142832","826","3.137684","808","3.143588","826","3.140744","826","3.143624","826","3.144448","826","3.141264","826","3.142068","826","3.143084","825","3.13846","807","3.14156","825","3.140932","825","3.1402","825","3.141252","825","3.143324","822","3.14234","822","3.140288","822","3.139912","821","3.142388","822","3.142984","821","3.138944","821","3.141308","820","3.1431","821","3.144064","820","3.13972","820","3.141336","820","3.140312","820","3.14246","820","3.141632440000001","812","867"
"66","3.141652","744","3.142628","744","3.144344","700","3.138068","699","3.144168","841","3.142048","723","3.143112","841","3.142296","699","3.142884","744","3.14052","744","3.143184","841","3.145068","744","3.144128","844","3.140984","744","3.138412","744","3.140952","744","3.14158","744","3.140596","723","3.141468","724","3.142308","699","3.143888","840","3.140668","744","3.142136","723","3.140288","844","3.142108","744","3.140012","744","3.139292","841","3.142224","744","3.140724","724","3.14044","826","3.14018","820","3.141024","820","3.14136","813","3.142308","838","3.141688","813","3.143808","814","3.139504","790","3.140556","814","3.143352","813","3.142544","813","3.143888","813","3.140456","790","3.143032","739","3.14228","789","3.143884","786","3.1408","783","3.141648","783","3.141844","784","3.140064","804","3.141852","804","3.14498","804","3.143736","804","3.14274","804","3.141724","804","3.143304","804","3.143304","795","3.143292","773","3.138936","797","3.141188","793","3.14398","793","3.143256","794","3.140664","792","3.141324","793","3.140588","796","3.143696","794","3.140464","793","3.142968","793","3.142536","795","3.140464","792","3.143284","797","3.142376","793","3.141448","795","3.140972","794","3.142468","796","3.14078","818","3.142884","793","3.142136","793","3.138852","793","3.140956","794","3.145496","792","3.142824","792","3.14064","795","3.140484","793","3.141532","790","3.142988","793","3.140996","790","3.14154","800","3.145076","800","3.143164","800","3.141184","791","3.139512","787","3.141736","787","3.14458","767","3.1433","787","3.14196","787","3.142084","766","3.143104","787","3.142952","787","3.140764","781","3.139936","781","3.1419340400000006","784","896"
"67","3.14304","234","3.13928","497","3.140812","453","3.14262","520","3.144256","495","3.144144","495","3.140268","868","3.142056","847","3.13802","847","3.143224","870","3.144568","868","3.144628","660","3.139468","872","3.140672","868","3.1426","584","3.1388","847","3.14196","847","3.141256","868","3.139336","868","3.144064","869","3.143812","847","3.140876","871","3.144456","869","3.142368","869","3.143172","834","3.143016","835","3.13966","834","3.1431","834","3.142004","834","3.1432","834","3.139836","834","3.1409","834","3.142112","834","3.144456","834","3.143832","834","3.140104","832","3.14332","833","3.13836","834","3.142008","832","3.138356","832","3.140832","834","3.141596","819","3.140908","818","3.144752","818","3.141076","818","3.141492","818","3.143312","813","3.14214","813","3.146032","813","3.14268","812","3.14242","813","3.140372","815","3.143512","815","3.145676","816","3.14274","816","3.138484","816","3.139736","815","3.14058","815","3.141724","800","3.142224","800","3.145556","795","3.142168","795","3.142332","797","3.142476","797","3.139424","797","3.143316","801","3.14182","798","3.142852","795","3.140108","797","3.144212","797","3.142608","797","3.14176","797","3.14528","798","3.142544","797","3.13998","797","3.142664","796","3.14074","796","3.139704","787","3.143664","788","3.14466","778","3.143192","785","3.141976","785","3.142156","784","3.142108","784","3.140896","784","3.141204","784","3.14058","778","3.14134","785","3.137384","784","3.142092","784","3.143008","784","3.144284","784","3.140548","785","3.142072","784","3.141652","784","3.14106","784","3.143872","784","3.142976","775","3.140352","774","3.141624","774","3.1419855200000004","789","884"
"68","3.141664","122","3.140016","871","3.140928","871","3.142556","873","3.142","837","3.141892","872","3.139776","871","3.144096","838","3.144304","840","3.138552","868","3.143104","877","3.142316","868","3.142216","871","3.141316","876","3.142756","879","3.138256","877","3.140964","868","3.14278","880","3.142908","873","3.141948","868","3.143152","868","3.144092","869","3.142096","873","3.139032","869","3.140076","877","3.140376","877","3.14234","870","3.14248","899","3.138848","837","3.141364","879","3.142348","881","3.141156","869","3.14042","863","3.140524","875","3.141652","875","3.14416","877","3.143956","877","3.140132","870","3.142536","834","3.14218","868","3.143384","862","3.142224","870","3.140676","875","3.141536","875","3.141076","875","3.141632","875","3.14116","866","3.142692","868","3.14054","874","3.141212","862","3.140376","874","3.142824","872","3.14178","870","3.1427","869","3.142284","870","3.141612","866","3.142796","874","3.140512","866","3.140572","874","3.142048","860","3.144264","869","3.139816","875","3.140804","873","3.142672","867","3.13974","874","3.141516","868","3.139152","874","3.140164","874","3.140848","834","3.141412","864","3.137956","874","3.14156","872","3.13884","875","3.141892","867","3.143632","860","3.142884","860","3.1401","867","3.142244","866","3.144956","868","3.138488","869","3.14154","872","3.138412","867","3.142248","860","3.141588","872","3.139272","872","3.139844","874","3.139884","872","3.140676","874","3.141072","874","3.14238","858","3.13968","852","3.143424","819","3.141724","815","3.143008","757","3.140924","779","3.140184","763","3.143068","779","3.140932","779","3.140496","762","3.143352","779","3.141475519999999","853","903"
"69","3.141992","877","3.141796","877","3.13998","897","3.14146","877","3.139796","897","3.142924","897","3.140668","879","3.140352","897","3.13962","881","3.140624","897","3.141864","881","3.142136","897","3.138412","897","3.13922","897","3.142644","879","3.140656","877","3.142652","897","3.140648","875","3.141432","877","3.14122","897","3.143524","897","3.14192","897","3.14144","897","3.14132","897","3.143008","897","3.144492","874","3.141416","879","3.140312","897","3.138928","897","3.139196","896","3.143712","897","3.140916","897","3.140952","863","3.142072","864","3.14356","874","3.142464","897","3.141184","879","3.145356","863","3.14104","897","3.144552","896","3.143488","878","3.138356","863","3.13968","879","3.143032","863","3.138784","879","3.142992","879","3.142348","880","3.13686","897","3.142476","896","3.142496","863","3.139292","896","3.141832","896","3.141264","869","3.138832","896","3.14266","866","3.140904","880","3.1406","863","3.142204","897","3.141336","879","3.139064","897","3.139836","879","3.142636","896","3.14152","896","3.138344","896","3.142264","867","3.139548","879","3.143012","896","3.14298","896","3.142596","877","3.141716","862","3.140576","869","3.142952","896","3.14294","897","3.14036","896","3.144052","896","3.136604","896","3.141968","876","3.1417","896","3.142464","866","3.141564","864","3.141684","876","3.142272","896","3.141668","879","3.14304","896","3.140008","896","3.144284","896","3.14096","896","3.140168","872","3.141024","896","3.14116","896","3.142288","879","3.140024","876","3.138696","896","3.139668","866","3.139964","879","3.141704","896","3.138628","876","3.1422","863","3.14274","896","3.141224","878","3.1413299599999998","885","897"
"70","3.14044","484","3.137516","509","3.143588","509","3.142576","508","3.1422","530","3.139304","530","3.141968","530","3.142376","529","3.141336","529","3.14414","529","3.140008","529","3.140456","529","3.1405","529","3.143048","529","3.142788","509","3.141804","844","3.142088","844","3.141148","844","3.14374","844","3.141604","844","3.141872","844","3.139304","844","3.140164","844","3.14246","822","3.142088","811","3.141608","844","3.14002","844","3.14388","844","3.138956","844","3.14332","844","3.139828","844","3.141308","822","3.138536","844","3.139472","845","3.14136","844","3.137232","843","3.140868","843","3.143312","843","3.1441","809","3.142364","809","3.138748","809","3.142148","809","3.140872","809","3.145124","809","3.139924","809","3.140052","809","3.139428","809","3.144172","809","3.142532","809","3.141088","809","3.142392","809","3.142624","787","3.14282","787","3.141652","808","3.1409","809","3.141228","809","3.14038","787","3.141984","792","3.142532","770","3.1425","792","3.143964","786","3.142288","786","3.142472","785","3.143116","785","3.142656","785","3.141284","786","3.140532","785","3.140816","785","3.139512","784","3.139556","786","3.139128","785","3.141012","785","3.140692","785","3.14264","786","3.14222","786","3.140724","786","3.142548","786","3.141284","784","3.143188","784","3.1395","785","3.140288","784","3.142008","781","3.141788","781","3.141224","781","3.141388","782","3.139404","781","3.143072","777","3.13876","765","3.140604","764","3.14222","765","3.141272","765","3.142608","765","3.14462","765","3.141304","765","3.14","765","3.140776","765","3.141828","765","3.147048","765","3.139072","765","3.139336","765","3.1414553200000004","759","863"
"71","3.144648","805","3.144412","756","3.139288","805","3.143248","756","3.141236","805","3.144604","805","3.140828","785","3.14158","805","3.144292","804","3.142148","756","3.142092","804","3.13938","785","3.141288","804","3.142964","776","3.137412","756","3.140312","756","3.144624","755","3.14098","804","3.142052","755","3.140304","805","3.141172","804","3.141068","804","3.14172","755","3.139956","805","3.140356","804","3.141356","735","3.141888","755","3.139944","756","3.140508","804","3.141696","756","3.14252","804","3.142244","755","3.140148","777","3.1409","804","3.143328","804","3.143052","784","3.142","777","3.138684","804","3.14134","804","3.13836","825","3.139552","762","3.13958","762","3.14204","825","3.13966","825","3.142304","736","3.140064","822","3.143468","800","3.14098","800","3.141352","800","3.144996","797","3.14036","797","3.140608","796","3.141524","796","3.139088","796","3.141608","796","3.143932","763","3.139704","796","3.141084","794","3.141744","794","3.140644","807","3.144268","808","3.143904","807","3.141244","807","3.144064","790","3.143156","808","3.142036","807","3.141816","807","3.13954","808","3.142612","789","3.14192","788","3.142168","807","3.138468","807","3.14392","807","3.14398","807","3.14284","807","3.141648","807","3.143784","807","3.144604","807","3.143532","807","3.1449","807","3.141764","807","3.142412","807","3.14492","807","3.142108","807","3.143812","807","3.1423","807","3.14078","807","3.141964","807","3.143564","807","3.140044","807","3.142112","807","3.142468","807","3.141836","807","3.138892","807","3.143344","807","3.138644","807","3.13866","807","3.141292","807","3.138412","807","3.143424","801","3.141713800000001","794","888"
"72","3.143456","637","3.141112","711","3.140332","722","3.141604","636","3.142152","774","3.141632","891","3.14012","774","3.143432","891","3.141028","785","3.140452","681","3.139732","804","3.142776","891","3.141008","891","3.140524","774","3.141884","891","3.139568","891","3.142124","779","3.140284","750","3.1433","891","3.142524","891","3.14116","891","3.142404","785","3.142776","891","3.142568","803","3.139968","773","3.139292","744","3.140788","891","3.141012","779","3.142372","774","3.140748","785","3.140876","876","3.145084","863","3.139288","864","3.141692","863","3.14224","863","3.141164","838","3.140776","863","3.141568","802","3.140904","859","3.141652","811","3.141204","860","3.1432","835","3.14148","860","3.141804","860","3.14428","834","3.140432","860","3.140416","860","3.144224","840","3.143096","853","3.14058","853","3.141476","834","3.140756","852","3.13906","831","3.145044","852","3.142624","852","3.140264","855","3.141716","854","3.143188","854","3.1409","854","3.14146","833","3.140236","854","3.140672","832","3.142176","854","3.13882","845","3.142232","844","3.140064","844","3.142508","842","3.1421","844","3.144008","844","3.144248","844","3.13784","844","3.14026","831","3.140352","828","3.14444","828","3.143052","828","3.141812","824","3.142572","824","3.141584","821","3.140892","824","3.141048","824","3.141996","823","3.141576","821","3.138448","824","3.144136","823","3.143664","824","3.139204","824","3.140508","817","3.14088","817","3.142644","817","3.139608","818","3.141316","815","3.143588","816","3.139908","809","3.139956","808","3.140472","809","3.141704","808","3.141308","802","3.14034","790","3.13998","785","3.14216","783","3.141488920000001","825","896"
"73","3.142124","549","3.141452","570","3.13988","547","3.14124","891","3.139672","892","3.141836","891","3.141136","871","3.14362","892","3.141536","891","3.141272","849","3.139188","911","3.144636","891","3.143848","891","3.14184","892","3.139948","891","3.141368","848","3.142116","892","3.138792","891","3.14256","910","3.141716","911","3.144072","891","3.143092","891","3.141216","891","3.143384","904","3.141852","903","3.14364","903","3.14164","901","3.141644","901","3.139684","881","3.1416","881","3.144544","900","3.137896","896","3.140884","897","3.143076","897","3.141676","897","3.141456","897","3.139844","897","3.14316","896","3.146016","896","3.140232","896","3.142244","896","3.140092","896","3.141704","897","3.139492","896","3.139084","897","3.143672","897","3.140796","897","3.143332","897","3.139696","896","3.140228","897","3.141956","896","3.142468","896","3.139484","896","3.142648","896","3.142608","896","3.14042","876","3.14004","896","3.143208","896","3.138604","896","3.14324","896","3.145448","895","3.141228","896","3.1392","896","3.14214","896","3.14382","896","3.140332","896","3.142452","896","3.142832","896","3.145452","895","3.140824","896","3.142424","896","3.139268","896","3.13922","895","3.142312","895","3.142388","895","3.140416","895","3.142624","895","3.141684","895","3.140704","895","3.139452","895","3.142988","895","3.14282","895","3.143984","892","3.141888","891","3.141468","885","3.13828","886","3.142276","885","3.143944","879","3.141752","879","3.141596","879","3.140432","879","3.139084","879","3.137452","880","3.141704","879","3.141648","876","3.14282","877","3.144404","877","3.140408","870","3.141784","870","3.140568","870","3.1416092399999975","881","915"
"74","3.141924","292","3.14136","605","3.140928","585","3.139672","605","3.144976","605","3.142412","470","3.142528","604","3.140676","604","3.141984","582","3.139912","602","3.143024","602","3.142652","601","3.143212","583","3.141928","582","3.143612","582","3.142532","582","3.140072","584","3.14426","582","3.141884","582","3.143976","582","3.140756","582","3.14264","582","3.139808","582","3.139808","583","3.140212","583","3.1401","582","3.139884","567","3.143724","567","3.140172","803","3.142068","803","3.143028","803","3.142864","777","3.142492","803","3.139468","803","3.141716","803","3.14222","803","3.140964","780","3.13972","803","3.13806","803","3.139264","803","3.142072","713","3.139592","778","3.140052","781","3.139536","800","3.14246","800","3.14448","763","3.14238","763","3.14104","762","3.142616","760","3.141484","760","3.137736","759","3.143964","759","3.1412","752","3.140668","751","3.141196","752","3.141216","749","3.141364","749","3.140672","747","3.142832","748","3.14284","748","3.1403","721","3.1429","746","3.139784","745","3.142032","745","3.140768","712","3.145848","741","3.140404","742","3.142196","742","3.138816","742","3.141764","743","3.14038","742","3.142812","742","3.142404","742","3.143128","743","3.144104","740","3.139612","740","3.142352","740","3.14014","738","3.142888","739","3.14144","740","3.14316","740","3.142136","740","3.140784","740","3.138732","740","3.139388","739","3.142868","739","3.138708","738","3.140304","730","3.139272","729","3.143256","730","3.13998","728","3.142784","727","3.1403","727","3.142568","727","3.142096","726","3.1441","728","3.140492","724","3.138844","724","3.140396","725","3.139364","725","3.141454959999999","702","845"
"75","3.140284","227","3.142936","482","3.143812","482","3.143148","482","3.138304","482","3.14114","482","3.139696","482","3.140364","482","3.140556","482","3.136804","482","3.136996","481","3.1435","481","3.139828","497","3.141324","521","3.1412","521","3.141644","495","3.14258","561","3.140212","667","3.141124","689","3.141272","689","3.143112","667","3.141048","829","3.140424","687","3.144812","813","3.13894","812","3.142604","829","3.139704","820","3.14242","820","3.140376","820","3.143736","820","3.142368","786","3.142928","786","3.142416","816","3.141116","815","3.14254","816","3.143512","763","3.143304","815","3.142984","753","3.13942","816","3.14242","815","3.142804","816","3.142128","815","3.139364","815","3.144532","815","3.141892","815","3.140316","811","3.141324","783","3.140072","811","3.140604","812","3.139888","812","3.139312","812","3.142948","812","3.142208","812","3.140752","783","3.142348","784","3.1431","779","3.142948","808","3.140484","807","3.143496","808","3.140952","757","3.140524","807","3.14356","808","3.141","807","3.142632","800","3.1424","801","3.140668","801","3.141912","800","3.141732","783","3.141196","761","3.143196","777","3.139116","777","3.143236","778","3.142548","777","3.1394","777","3.141","777","3.141512","778","3.142096","776","3.141028","777","3.138916","778","3.138452","777","3.141448","777","3.139192","777","3.140248","777","3.143196","777","3.141192","776","3.143548","777","3.139816","777","3.14176","777","3.141936","777","3.140188","776","3.143596","773","3.142512","773","3.14064","747","3.14432","748","3.143784","748","3.141532","748","3.14106","745","3.141264","745","3.142488","743","3.144212","745","3.141524359999999","731","860"
"76","3.14052","530","3.141008","530","3.140872","530","3.140936","504","3.140308","884","3.141604","884","3.14426","852","3.143052","845","3.142932","861","3.143244","884","3.141056","845","3.138472","851","3.141536","874","3.140796","874","3.142892","874","3.142104","874","3.142744","874","3.142444","874","3.139228","874","3.140508","874","3.140468","843","3.144256","850","3.13866","837","3.142516","874","3.142512","841","3.14198","874","3.144448","874","3.141524","850","3.139436","842","3.141408","874","3.140992","874","3.142168","874","3.140588","874","3.140612","835","3.1394","874","3.13898","874","3.141436","874","3.140156","874","3.139976","874","3.143752","834","3.142452","874","3.142444","850","3.140756","874","3.140288","874","3.141492","874","3.140168","838","3.139444","844","3.142168","844","3.142304","868","3.142076","855","3.1396","855","3.139876","854","3.141072","856","3.141904","855","3.141912","833","3.14238","856","3.143044","834","3.140684","853","3.143328","848","3.140104","848","3.138544","849","3.142656","848","3.141976","847","3.1411","848","3.138908","849","3.141452","848","3.140024","848","3.139612","824","3.142732","845","3.141812","846","3.143024","842","3.14172","820","3.140436","842","3.14258","842","3.140752","842","3.143056","842","3.143164","842","3.144912","841","3.138756","842","3.14318","842","3.140024","841","3.139952","842","3.142844","842","3.14328","841","3.141392","842","3.142568","841","3.139192","833","3.142244","832","3.143376","831","3.142088","827","3.14138","827","3.13964","828","3.143936","818","3.140996","818","3.140524","805","3.140804","805","3.142508","806","3.141148","805","3.140088","806","3.141692","806","3.14143352","836","890"
"77","3.1409","283","3.139812","881","3.142812","881","3.1408","878","3.139208","848","3.143212","848","3.144644","881","3.144552","878","3.1434","879","3.141184","881","3.140656","881","3.140832","879","3.13956","881","3.1389","881","3.14266","880","3.14236","878","3.142712","881","3.136732","879","3.142312","878","3.140852","713","3.139824","881","3.140152","879","3.1421","878","3.14104","881","3.141532","848","3.142208","878","3.140416","881","3.139372","774","3.142368","878","3.139112","878","3.144508","878","3.142076","878","3.141856","842","3.142688","880","3.143376","881","3.142812","848","3.144052","775","3.142412","879","3.142088","881","3.141556","875","3.13972","876","3.1409","864","3.140356","856","3.139168","853","3.139336","813","3.142312","841","3.141336","839","3.140256","832","3.14154","830","3.140616","756","3.140368","832","3.142288","830","3.141872","830","3.142292","830","3.140768","830","3.142652","825","3.1388","828","3.13994","828","3.139148","821","3.141844","828","3.14124","821","3.140256","828","3.140436","824","3.1429","828","3.142384","825","3.140824","828","3.141064","824","3.142552","827","3.140412","826","3.143992","822","3.136844","820","3.140804","820","3.14004","815","3.143936","814","3.143568","817","3.14048","814","3.142276","813","3.137656","831","3.140064","817","3.141836","817","3.1394","814","3.142344","811","3.14112","814","3.13854","817","3.143184","814","3.141984","805","3.138148","801","3.140168","824","3.140208","803","3.142892","817","3.14","803","3.142548","817","3.140892","803","3.142544","803","3.140564","799","3.140312","800","3.142592","798","3.14154","797","3.141748","797","3.141156","811","3.1412460799999993","832","904"
"78","3.14174","362","3.144796","524","3.142324","524","3.142436","472","3.141508","842","3.14104","882","3.144784","851","3.142036","877","3.14152","877","3.142868","876","3.141264","882","3.142168","876","3.141832","877","3.143268","876","3.14088","882","3.139104","877","3.140768","876","3.139744","882","3.139276","876","3.144168","877","3.141012","876","3.143272","877","3.142388","876","3.140784","876","3.140616","881","3.139012","879","3.141144","877","3.140712","876","3.141236","877","3.141124","877","3.139916","876","3.14324","842","3.141476","878","3.14486","882","3.140168","876","3.139916","877","3.14376","880","3.139728","877","3.141236","876","3.144712","873","3.140916","873","3.143696","873","3.140248","872","3.141104","872","3.142264","875","3.142272","877","3.138688","874","3.142824","878","3.138992","873","3.142088","874","3.143532","871","3.143112","877","3.14312","877","3.142952","869","3.139628","875","3.142312","875","3.14092","874","3.141348","874","3.141524","871","3.143856","874","3.143664","874","3.140196","872","3.141","874","3.140992","869","3.141124","871","3.143608","872","3.143244","868","3.139932","873","3.13966","871","3.140172","874","3.142576","869","3.141648","837","3.145112","862","3.141724","860","3.142924","856","3.141548","860","3.139244","856","3.141704","858","3.142772","854","3.143772","860","3.143016","857","3.142912","862","3.139248","860","3.141148","857","3.1415","861","3.138724","856","3.142912","856","3.142628","851","3.14494","852","3.14036","855","3.140916","856","3.143876","852","3.142224","853","3.142184","853","3.141036","855","3.143496","854","3.142136","851","3.144524","842","3.140408","839","3.139696","841","3.1417773200000005","852","886"
"79","3.141676","557","3.143312","582","3.144456","579","3.140612","580","3.141716","579","3.141204","851","3.141236","851","3.142164","873","3.139164","871","3.14192","851","3.13886","871","3.14074","873","3.141784","848","3.140128","868","3.142608","866","3.14254","865","3.140984","875","3.144672","868","3.145728","857","3.140628","891","3.140632","872","3.143572","869","3.14244","868","3.141748","863","3.14316","866","3.142704","869","3.141652","870","3.140184","836","3.144512","891","3.142496","866","3.14138","869","3.140972","838","3.14168","869","3.142272","859","3.140972","891","3.142016","870","3.142868","870","3.141524","871","3.141536","890","3.145288","870","3.143056","890","3.142396","890","3.138192","864","3.1419","887","3.14318","887","3.138824","887","3.144608","855","3.141836","887","3.141392","887","3.14362","867","3.140108","870","3.143572","870","3.142696","869","3.141848","868","3.143444","887","3.143932","886","3.1433","887","3.14206","887","3.14116","868","3.144432","887","3.141412","870","3.13958","887","3.14374","867","3.145372","868","3.140724","886","3.142128","866","3.14276","867","3.141648","887","3.142808","886","3.140768","861","3.141816","886","3.139012","865","3.142156","870","3.144068","866","3.140116","886","3.14206","867","3.142676","884","3.138848","884","3.142512","884","3.142688","864","3.139672","864","3.143364","884","3.142328","868","3.14224","866","3.142852","884","3.137316","884","3.140524","863","3.138296","861","3.1422","884","3.14122","884","3.140176","884","3.14122","884","3.14046","865","3.139668","884","3.14308","884","3.140816","884","3.142512","861","3.14364","884","3.139508","867","3.140112","884","3.1418339200000007","858","909"
"80","3.144232","249","3.139644","555","3.141596","578","3.140696","578","3.141124","528","3.141976","577","3.14344","578","3.140492","578","3.140912","528","3.14214","578","3.145736","578","3.142048","575","3.141812","515","3.140176","540","3.140812","722","3.143004","872","3.140984","872","3.14184","676","3.14184","712","3.14252","744","3.140876","713","3.141476","714","3.142292","722","3.140536","872","3.141872","872","3.140556","800","3.145416","866","3.140376","867","3.138504","867","3.147292","796","3.139936","866","3.140076","866","3.142236","866","3.14224","866","3.140348","866","3.140436","866","3.145264","866","3.139768","866","3.142368","866","3.141068","866","3.143864","844","3.140436","844","3.143372","844","3.140392","844","3.140772","844","3.146044","844","3.144072","844","3.142336","837","3.141984","837","3.13764","822","3.14112","822","3.14312","822","3.144476","821","3.141004","821","3.1405","821","3.14238","821","3.142192","787","3.141648","821","3.140464","781","3.142064","815","3.138236","815","3.14338","787","3.141728","815","3.14126","812","3.142768","812","3.14156","812","3.138636","812","3.139636","813","3.144704","783","3.13824","812","3.141856","812","3.141152","812","3.14202","813","3.138712","813","3.142012","812","3.142632","812","3.13854","812","3.14226","812","3.142","812","3.141124","807","3.143752","808","3.14184","808","3.145472","783","3.139824","807","3.143304","808","3.14406","808","3.142644","807","3.141668","807","3.142052","800","3.141708","800","3.142628","790","3.140808","782","3.140908","783","3.14194","782","3.140868","782","3.141196","781","3.141428","782","3.143276","778","3.140012","777","3.140604","775","3.141722879999999","774","889"
"81","3.13976","329","3.143116","705","3.138856","682","3.142984","658","3.13924","657","3.142","680","3.144088","680","3.140816","680","3.141336","657","3.141424","680","3.14004","680","3.139572","657","3.141332","657","3.141156","676","3.142552","654","3.14414","654","3.14484","654","3.14002","676","3.142436","676","3.140748","669","3.142252","668","3.141512","712","3.140256","731","3.141492","837","3.141052","744","3.139632","761","3.14132","848","3.14182","847","3.145548","848","3.143216","847","3.141844","849","3.141476","848","3.14172","849","3.141668","848","3.138784","848","3.140908","848","3.141612","848","3.141108","848","3.143256","846","3.13818","848","3.14222","849","3.14264","848","3.142564","848","3.142888","848","3.142404","848","3.13946","847","3.1416","848","3.140912","846","3.140912","848","3.141768","847","3.139036","848","3.143324","846","3.1411","848","3.138844","847","3.144512","847","3.143544","848","3.14222","848","3.140456","848","3.140912","848","3.141388","825","3.141","849","3.138612","848","3.141976","847","3.141808","848","3.14236","848","3.137556","848","3.140856","848","3.14252","846","3.140568","848","3.139024","848","3.141388","847","3.144168","847","3.140832","848","3.143828","847","3.143944","847","3.143172","848","3.140496","847","3.14246","847","3.138744","848","3.139928","847","3.1414","847","3.143096","847","3.143292","848","3.141056","848","3.143852","848","3.14148","848","3.142584","848","3.143408","848","3.141872","848","3.143476","827","3.141512","847","3.140116","846","3.140732","848","3.141392","847","3.14148","847","3.144004","847","3.142812","848","3.142124","848","3.139988","847","3.142352","846","3.1415908400000006","801","873"
"82","3.138832","140","3.139672","510","3.14068","564","3.139604","448","3.139356","510","3.13708","847","3.140972","844","3.144196","847","3.141416","844","3.14252","820","3.143164","847","3.14022","847","3.142236","847","3.140764","847","3.141936","844","3.14174","847","3.14096","847","3.140588","844","3.143856","820","3.14162","832","3.138628","832","3.140376","832","3.143028","832","3.14062","829","3.142304","823","3.142776","829","3.140148","802","3.143284","802","3.14292","829","3.140788","829","3.142788","829","3.141904","826","3.143464","829","3.145584","826","3.141732","826","3.138972","826","3.140872","819","3.139988","820","3.143476","816","3.144364","790","3.142132","819","3.141","819","3.142752","819","3.140816","819","3.138688","818","3.143068","819","3.143032","815","3.142756","818","3.143812","816","3.140484","819","3.142328","818","3.141916","818","3.141204","860","3.143868","860","3.14044","860","3.143004","860","3.142296","860","3.140512","860","3.140116","860","3.1415","855","3.141888","856","3.142632","856","3.142112","856","3.142648","856","3.14232","855","3.141196","855","3.139656","855","3.143304","855","3.142952","856","3.13988","856","3.139636","855","3.141312","855","3.141032","855","3.140944","855","3.141068","855","3.140872","855","3.142968","855","3.142968","855","3.138556","855","3.144208","855","3.142168","855","3.141648","855","3.141024","855","3.139008","855","3.14306","855","3.144588","855","3.14378","855","3.141524","855","3.139448","855","3.142804","855","3.140324","855","3.144264","855","3.143744","854","3.14212","855","3.142452","855","3.14264","855","3.142968","855","3.141564","848","3.136136","833","3.141556","833","3.1416412400000002","820","905"
"83","3.139984","320","3.145176","605","3.141232","580","3.140528","626","3.14146","881","3.145272","794","3.14152","794","3.14082","794","3.143588","747","3.143696","794","3.141936","880","3.14026","747","3.142832","769","3.14004","880","3.140524","880","3.141272","796","3.142312","862","3.1396","769","3.140576","794","3.142052","794","3.143052","747","3.142232","769","3.139452","769","3.14366","769","3.14184","862","3.14326","796","3.142424","880","3.141656","794","3.1423","880","3.142904","794","3.141552","794","3.145136","772","3.140864","794","3.140756","874","3.138836","874","3.138564","869","3.142072","802","3.139792","802","3.140756","868","3.14216","784","3.1422","868","3.140168","814","3.144684","867","3.142784","803","3.1421","803","3.143088","812","3.140952","803","3.141244","803","3.141772","840","3.143388","841","3.141088","754","3.142324","836","3.14342","833","3.139036","825","3.144888","773","3.137528","771","3.140412","771","3.142424","767","3.144168","814","3.142956","814","3.141492","815","3.139612","814","3.141412","814","3.143612","814","3.140708","814","3.13972","814","3.14304","814","3.14332","814","3.142568","809","3.141992","803","3.14372","800","3.144844","800","3.14208","799","3.142028","799","3.14104","799","3.145344","799","3.138884","797","3.14186","796","3.1451","797","3.142692","797","3.141764","796","3.1408","796","3.141472","796","3.142728","796","3.14122","797","3.141984","796","3.140796","796","3.13848","797","3.141012","796","3.14238","796","3.142928","796","3.140664","796","3.14276","796","3.142328","797","3.140436","796","3.140588","796","3.139972","796","3.142692","796","3.142072","796","3.142868","796","3.1418358400000006","796","887"
"84","3.142508","291","3.138916","652","3.14154","652","3.140444","652","3.14222","676","3.144032","630","3.142796","807","3.140224","806","3.141916","843","3.141872","804","3.139128","772","3.139736","834","3.141584","812","3.142616","843","3.141544","744","3.142964","834","3.142212","774","3.142492","813","3.140428","836","3.145844","774","3.1419","804","3.14132","807","3.138472","834","3.141684","834","3.14368","812","3.139644","776","3.141176","812","3.142784","809","3.13906","806","3.140676","834","3.14404","834","3.140452","804","3.144256","810","3.143904","804","3.142628","804","3.141792","834","3.141648","832","3.144236","831","3.143404","852","3.140952","827","3.141912","853","3.144936","824","3.139872","834","3.139764","832","3.14172","852","3.143896","853","3.139444","822","3.139784","852","3.139496","822","3.144128","852","3.140856","852","3.137992","853","3.140516","828","3.139176","852","3.138724","833","3.144224","824","3.1422","852","3.14124","852","3.140664","846","3.143472","822","3.144132","846","3.142996","844","3.140556","844","3.140412","825","3.141864","844","3.138584","844","3.141772","813","3.142072","844","3.142112","844","3.141308","844","3.141612","826","3.140968","844","3.143192","844","3.141532","823","3.141312","823","3.14262","822","3.143428","817","3.143716","844","3.140148","823","3.140548","844","3.140576","820","3.140812","820","3.142352","820","3.139056","790","3.137776","799","3.139752","820","3.142032","820","3.142256","820","3.141064","820","3.1396","803","3.141852","820","3.142124","801","3.140248","820","3.143692","820","3.14104","809","3.143256","791","3.140696","809","3.142488","809","3.140764","809","3.142408","809","3.141554679999999","809","868"
"85","3.1418","607","3.142892","526","3.141016","586","3.141496","585","3.141668","545","3.14274","582","3.14304","582","3.139796","545","3.140652","580","3.14262","580","3.141984","685","3.140688","578","3.144592","657","3.143528","883","3.14154","579","3.140292","852","3.139628","580","3.141008","691","3.140216","879","3.14288","879","3.14064","852","3.144916","852","3.14242","719","3.141944","848","3.143304","879","3.140408","852","3.139608","878","3.14004","844","3.142196","840","3.141412","843","3.139204","844","3.139712","870","3.142028","847","3.143196","847","3.139552","847","3.140232","816","3.140964","847","3.13954","816","3.141848","809","3.14052","839","3.14216","838","3.13964","838","3.143532","838","3.139224","838","3.143192","839","3.137888","832","3.140192","801","3.139616","831","3.143836","831","3.14176","831","3.141268","803","3.138672","829","3.13878","803","3.139912","830","3.140832","829","3.138936","799","3.1413","829","3.14272","803","3.142608","829","3.141744","803","3.140344","829","3.142668","828","3.137028","817","3.140864","791","3.14308","817","3.14038","815","3.140264","814","3.143316","815","3.13858","815","3.143296","814","3.142368","814","3.142168","815","3.140972","815","3.142744","815","3.139432","815","3.1408","815","3.13974","815","3.13824","814","3.142324","815","3.142512","815","3.140924","815","3.143128","815","3.1401","815","3.140312","815","3.142964","815","3.141052","815","3.140668","815","3.142116","815","3.141744","814","3.141424","815","3.141744","815","3.142808","814","3.14144","814","3.141568","813","3.143632","815","3.14164","814","3.14356","815","3.13978","812","3.141416","813","3.1412","815","3.1412991199999993","788","893"
"86","3.143972","559","3.1403","559","3.141564","820","3.140752","818","3.142136","839","3.141956","817","3.141824","837","3.140868","834","3.138728","812","3.140928","834","3.138448","812","3.140692","834","3.139792","812","3.142208","830","3.137728","830","3.14014","830","3.142404","809","3.143208","808","3.140764","809","3.139416","830","3.143452","827","3.141256","806","3.142176","827","3.14102","827","3.143156","827","3.141076","805","3.139304","827","3.138788","827","3.140716","827","3.141468","827","3.140164","827","3.140584","827","3.140652","827","3.141864","827","3.140792","826","3.1425","804","3.139676","826","3.13966","827","3.140412","827","3.144744","806","3.140188","805","3.141936","827","3.141544","826","3.140776","826","3.147088","826","3.139256","821","3.14324","821","3.145452","821","3.141932","821","3.141136","822","3.142408","821","3.14396","822","3.144048","800","3.140084","797","3.143072","817","3.140828","818","3.141216","818","3.137896","818","3.142416","810","3.14072","805","3.139992","866","3.144244","808","3.14336","809","3.141884","828","3.141064","828","3.143356","852","3.1396","852","3.140512","823","3.139868","852","3.142016","851","3.143332","851","3.143076","848","3.139892","817","3.140796","848","3.142152","821","3.141296","848","3.139556","848","3.140576","847","3.140484","847","3.142988","848","3.145164","836","3.141968","836","3.137696","771","3.14114","771","3.141492","771","3.142532","771","3.144764","771","3.140852","771","3.142556","771","3.141884","771","3.14032","771","3.143148","771","3.142496","771","3.143352","771","3.140336","771","3.14238","771","3.144576","771","3.141644","771","3.137592","770","3.14092","771","3.1414733999999997","810","907"
"87","3.141168","376","3.141364","555","3.14204","530","3.1441","553","3.143292","552","3.144208","575","3.13962","552","3.139348","552","3.141344","827","3.142436","834","3.14234","834","3.143056","830","3.141936","830","3.140828","827","3.142248","834","3.137276","827","3.14124","834","3.14042","830","3.14214","827","3.140096","834","3.139896","830","3.141568","826","3.14048","689","3.143768","827","3.14056","826","3.14152","827","3.141692","827","3.140644","834","3.142032","834","3.141036","826","3.141308","834","3.1442","834","3.143036","827","3.142348","830","3.141088","798","3.140816","794","3.139404","798","3.14302","793","3.140588","793","3.142024","789","3.139864","809","3.142084","786","3.143432","782","3.142292","808","3.140708","806","3.13802","783","3.139844","783","3.141576","779","3.141252","805","3.14532","805","3.139048","776","3.142436","802","3.143948","802","3.142964","776","3.13906","802","3.144164","776","3.143124","802","3.137084","802","3.141672","802","3.140536","803","3.142708","802","3.14334","802","3.139664","789","3.142512","784","3.143012","784","3.141012","762","3.14232","757","3.142624","783","3.141204","783","3.14286","783","3.142504","783","3.140532","783","3.141896","783","3.141072","783","3.143672","761","3.141928","774","3.13784","771","3.13828","771","3.141044","771","3.140304","771","3.14228","771","3.141844","771","3.140496","771","3.142048","771","3.142112","771","3.140932","771","3.142388","771","3.141064","771","3.142824","771","3.142168","771","3.139264","768","3.14172","768","3.143904","768","3.138468","768","3.142776","768","3.142348","768","3.142688","768","3.14524","768","3.140632","768","3.140036","768","3.1415551600000016","773","861"
"88","3.142104","241","3.141628","583","3.142164","488","3.141796","583","3.142564","583","3.139648","488","3.140944","583","3.140944","817","3.142952","851","3.141704","844","3.140732","850","3.143","847","3.141632","849","3.139676","845","3.143308","848","3.142488","847","3.140592","848","3.14252","848","3.141888","845","3.142936","847","3.143372","848","3.140912","844","3.141252","844","3.141756","848","3.14172","851","3.138856","844","3.142904","847","3.141604","851","3.140072","844","3.138604","851","3.139016","845","3.141156","844","3.142592","851","3.141264","847","3.143304","847","3.140328","850","3.144256","841","3.142828","844","3.141864","846","3.144824","845","3.14234","848","3.141704","844","3.143776","843","3.139988","846","3.14154","843","3.143208","840","3.144108","847","3.141964","843","3.141916","832","3.143688","835","3.138912","836","3.139456","837","3.140468","822","3.140412","823","3.139136","815","3.144292","823","3.136908","823","3.139808","823","3.14328","820","3.140464","821","3.140632","821","3.143992","821","3.138208","819","3.143632","823","3.1426","815","3.145852","816","3.141016","823","3.1417","820","3.140616","818","3.139704","814","3.14356","818","3.141908","822","3.140828","820","3.14404","823","3.146368","823","3.14074","822","3.145492","815","3.13874","821","3.144084","821","3.140208","823","3.1423","822","3.140968","821","3.140348","821","3.141324","819","3.143564","813","3.14","819","3.140816","822","3.139984","822","3.143892","821","3.141076","821","3.143096","823","3.144228","821","3.138732","820","3.140172","819","3.141564","806","3.142464","806","3.138236","802","3.1402","803","3.140772","805","3.146448","799","3.141691760000001","808","858"
"89","3.143944","590","3.143028","587","3.144264","609","3.143596","609","3.14094","850","3.141908","872","3.140168","846","3.145356","871","3.140832","871","3.142268","872","3.142724","872","3.13896","872","3.142464","872","3.14226","850","3.142356","725","3.142928","705","3.14068","850","3.142216","871","3.1433","846","3.143136","871","3.141804","848","3.139104","839","3.143156","865","3.14232","865","3.141528","844","3.143012","844","3.141948","843","3.140076","864","3.142192","864","3.140996","865","3.139712","865","3.143892","839","3.138224","864","3.14248","760","3.141076","851","3.139304","852","3.142056","852","3.142584","851","3.142468","851","3.143484","851","3.143028","819","3.14166","844","3.141348","844","3.144236","818","3.142112","844","3.143456","821","3.141264","841","3.142024","820","3.14134","841","3.142828","821","3.13992","789","3.140588","815","3.142184","840","3.139872","840","3.142432","840","3.13944","840","3.145952","841","3.142668","838","3.1378","838","3.144032","813","3.14372","832","3.14124","833","3.142276","833","3.137412","808","3.142536","766","3.142252","808","3.141516","808","3.141652","803","3.143716","828","3.13926","825","3.142164","805","3.14318","824","3.141056","821","3.141688","821","3.136968","822","3.140124","806","3.138996","796","3.14042","797","3.143356","778","3.141212","797","3.14312","797","3.144416","783","3.139532","783","3.142536","783","3.143344","779","3.140336","779","3.139132","779","3.140252","779","3.141264","777","3.138428","775","3.140132","775","3.141764","772","3.141652","771","3.141312","771","3.141776","771","3.138888","767","3.14014","743","3.143444","766","3.14072","765","3.141164","761","3.1416502399999997","811","877"
"90","3.138676","266","3.142452","267","3.142716","781","3.138748","782","3.13936","754","3.139828","722","3.14296","822","3.141028","749","3.141496","750","3.140024","781","3.140228","822","3.14104","823","3.140912","728","3.142504","781","3.142188","694","3.143148","760","3.142632","749","3.142784","808","3.143152","817","3.140888","810","3.141296","815","3.142308","808","3.141","815","3.140736","816","3.140424","814","3.139892","808","3.139952","786","3.141148","816","3.141356","810","3.141708","810","3.140704","816","3.140588","808","3.14312","816","3.144008","815","3.14054","810","3.140672","815","3.140536","810","3.140404","773","3.14216","773","3.141188","810","3.139676","811","3.142116","811","3.144096","804","3.140156","803","3.141996","810","3.139944","809","3.141936","809","3.140712","808","3.14236","803","3.141692","811","3.140432","803","3.141912","805","3.140236","807","3.140632","769","3.140144","808","3.144128","802","3.142108","808","3.144348","803","3.1388","808","3.142284","810","3.141344","803","3.142144","810","3.14368","810","3.140552","808","3.140792","784","3.1404","784","3.139812","783","3.142684","790","3.141956","791","3.14082","787","3.14356","790","3.1442","783","3.138612","784","3.136948","791","3.143888","788","3.142656","783","3.141216","783","3.142824","788","3.141064","787","3.143192","785","3.141704","783","3.142236","787","3.137832","781","3.140116","777","3.13948","779","3.141648","781","3.14446","774","3.14098","777","3.141348","782","3.145812","774","3.141196","781","3.139552","782","3.142896","781","3.143784","782","3.141696","782","3.142412","782","3.139848","782","3.142736","782","3.140968","775","3.140904","782","3.141441639999998","781","828"
"91","3.142212","673","3.14224","692","3.145104","696","3.142252","857","3.138004","833","3.141488","833","3.1407","833","3.143056","857","3.139712","858","3.137348","858","3.145764","719","3.140748","858","3.142628","719","3.140288","857","3.144136","858","3.143524","857","3.14176","857","3.141284","858","3.14408","719","3.141296","858","3.142084","833","3.140928","833","3.14448","691","3.141088","833","3.140708","692","3.142156","692","3.139084","857","3.141292","850","3.140844","849","3.143492","849","3.140536","824","3.139576","817","3.139264","784","3.13804","808","3.141816","723","3.143104","723","3.142396","808","3.141836","780","3.142176","780","3.141352","805","3.144208","805","3.141916","777","3.141484","801","3.14174","774","3.140884","798","3.141084","798","3.137336","774","3.1421","798","3.137928","774","3.13982","746","3.1433","794","3.14246","792","3.13914","792","3.144752","768","3.140208","768","3.138564","792","3.141212","789","3.139448","789","3.139992","789","3.138516","789","3.141484","789","3.143416","789","3.141764","788","3.14432","789","3.141668","789","3.141824","789","3.146144","789","3.142984","789","3.141724","789","3.142012","788","3.141952","788","3.140676","788","3.141716","788","3.142372","788","3.142244","788","3.14204","789","3.14072","789","3.140596","788","3.1399","789","3.142356","789","3.14228","789","3.141208","789","3.141768","785","3.142692","785","3.14122","784","3.139736","785","3.140916","784","3.137176","784","3.142808","784","3.140228","785","3.138704","783","3.141328","784","3.1422","785","3.140632","785","3.141372","784","3.139924","783","3.141728","785","3.141224","784","3.145064","784","3.140676","784","3.141447640000001","791","860"
"92","3.14134","318","3.140344","691","3.140144","674","3.14084","692","3.139988","651","3.144228","691","3.142536","692","3.141576","691","3.142636","692","3.144212","692","3.1417","692","3.143176","691","3.139668","691","3.140164","691","3.144096","691","3.142436","652","3.141812","691","3.1439","692","3.14298","606","3.140872","877","3.142848","877","3.144496","877","3.139852","877","3.142264","815","3.14262","877","3.143524","816","3.140772","815","3.14258","877","3.140132","877","3.142256","816","3.141728","877","3.143312","867","3.14056","868","3.14246","867","3.143192","867","3.143516","868","3.140936","868","3.143708","867","3.140536","867","3.141076","867","3.142088","867","3.13974","867","3.14212","867","3.140584","865","3.14134","866","3.140728","864","3.1426","865","3.14408","865","3.142636","866","3.139836","868","3.145796","865","3.143232","864","3.14276","866","3.140852","865","3.141328","865","3.1442","865","3.14116","835","3.140928","846","3.1399","865","3.141916","868","3.141284","834","3.141576","864","3.142504","865","3.14186","865","3.139876","868","3.141184","836","3.141028","865","3.1412","841","3.143244","839","3.136952","836","3.141268","841","3.1399","838","3.142356","836","3.144088","835","3.142732","838","3.139","838","3.14006","836","3.142024","841","3.141152","839","3.142364","841","3.139332","836","3.13946","839","3.142592","841","3.142064","840","3.143416","838","3.142692","840","3.144672","838","3.142528","825","3.146184","822","3.142896","824","3.13822","825","3.139764","821","3.141136","810","3.14256","812","3.140632","814","3.142992","814","3.141772","797","3.141964","797","3.142136","797","3.140232","797","3.141817360000001","812","894"
"93","3.140104","546","3.139544","825","3.14308","797","3.138656","832","3.141948","805","3.141724","832","3.143928","862","3.144128","832","3.14094","827","3.1389","832","3.143596","862","3.140176","805","3.138848","824","3.141728","792","3.142656","790","3.144236","834","3.141588","834","3.142684","827","3.142968","830","3.142648","843","3.13986","820","3.1415","810","3.140924","840","3.138184","840","3.142464","811","3.143524","836","3.145316","836","3.142656","836","3.1423","836","3.141232","813","3.14426","832","3.142008","832","3.142544","809","3.142036","808","3.138924","807","3.143804","830","3.14346","829","3.142004","830","3.141268","806","3.14142","829","3.140892","806","3.139572","830","3.141896","792","3.144228","804","3.138196","830","3.13966","829","3.140168","807","3.140344","806","3.143016","829","3.142292","829","3.139984","829","3.141548","829","3.142068","800","3.142348","822","3.144532","799","3.139264","822","3.14022","822","3.143312","822","3.142076","795","3.139504","822","3.14346","788","3.142204","798","3.140888","818","3.139076","813","3.141544","814","3.137944","814","3.138076","814","3.140612","815","3.142912","793","3.141496","789","3.143664","814","3.140612","814","3.142564","806","3.141264","806","3.138632","791","3.138716","788","3.142","790","3.140972","791","3.141252","791","3.140232","789","3.144672","791","3.141732","790","3.142764","791","3.139348","788","3.141404","787","3.142772","787","3.142348","790","3.14144","789","3.141128","789","3.142484","784","3.144216","788","3.138704","774","3.141576","773","3.139636","773","3.140512","772","3.142748","764","3.141684","764","3.14264","762","3.141372","760","3.143532","763","3.1415371999999993","806","869"
"94","3.142812","676","3.140864","676","3.143728","770","3.142516","676","3.143056","652","3.139864","652","3.1407","630","3.141884","652","3.142188","652","3.14358","652","3.14118","699","3.141008","652","3.140624","651","3.142976","676","3.14262","676","3.139436","675","3.141856","699","3.139408","675","3.14274","652","3.143476","676","3.14094","675","3.141588","675","3.141868","675","3.13918","651","3.138636","652","3.14256","841","3.140548","842","3.14268","843","3.14262","843","3.1417","842","3.142876","842","3.143752","806","3.142964","843","3.140296","786","3.141484","841","3.14208","843","3.139744","842","3.143564","842","3.140532","844","3.140144","842","3.140328","841","3.140036","842","3.140788","842","3.139896","779","3.139664","841","3.143472","843","3.141992","806","3.13954","840","3.1444","814","3.143496","811","3.14188","809","3.14232","803","3.142872","803","3.140832","803","3.141488","801","3.140984","804","3.142828","803","3.14226","798","3.142416","799","3.142612","798","3.140856","803","3.140608","799","3.14244","797","3.144244","797","3.142332","798","3.14086","801","3.138532","803","3.141984","803","3.14336","803","3.141884","803","3.137968","798","3.141008","784","3.142664","783","3.14188","784","3.142048","781","3.14036","778","3.138332","775","3.140544","770","3.139636","774","3.140944","772","3.141552","771","3.1442","791","3.142248","791","3.139868","769","3.142196","787","3.141736","769","3.139728","768","3.142808","787","3.141384","766","3.141684","787","3.142892","769","3.140912","787","3.141124","787","3.142868","756","3.142984","773","3.139352","756","3.137592","773","3.142256","773","3.139164","773","3.146468","773","3.1415587599999992","768","893"
"95","3.143836","403","3.145356","720","3.145408","805","3.143116","698","3.143384","717","3.141152","802","3.144232","717","3.14082","802","3.141204","802","3.141032","802","3.139572","693","3.140544","717","3.13996","802","3.14152","802","3.14212","794","3.141284","794","3.142444","794","3.145028","794","3.140948","831","3.141724","792","3.144296","791","3.139248","831","3.138584","769","3.141208","832","3.141936","832","3.141964","831","3.141132","830","3.142144","791","3.142716","791","3.141036","812","3.140032","831","3.14562","812","3.14088","831","3.140388","791","3.140864","791","3.139948","830","3.140508","830","3.140552","846","3.143636","865","3.14242","866","3.142344","865","3.139916","859","3.141976","859","3.143912","839","3.139292","818","3.143388","838","3.140976","858","3.141576","859","3.140536","859","3.139104","859","3.142648","859","3.141908","859","3.141736","859","3.141464","859","3.139576","859","3.142332","849","3.141584","851","3.141956","849","3.139448","849","3.143276","848","3.14056","849","3.140172","848","3.143708","849","3.145076","849","3.139656","849","3.141952","847","3.142852","848","3.141812","848","3.142104","848","3.142116","848","3.140056","845","3.140456","844","3.141448","844","3.1416","838","3.142004","839","3.14112","837","3.14214","838","3.140628","837","3.143184","839","3.142604","801","3.141732","774","3.14134","772","3.139964","772","3.143308","772","3.14442","789","3.143108","772","3.144512","772","3.14272","789","3.14064","769","3.145292","786","3.141464","786","3.142252","769","3.140132","782","3.139336","782","3.1432","778","3.143892","762","3.142256","778","3.140972","778","3.1422","778","3.142792","778","3.1418352399999994","809","906"
"96","3.140424","411","3.140592","484","3.14022","794","3.142732","795","3.138924","795","3.141676","774","3.143252","794","3.140256","795","3.143404","792","3.143132","791","3.141156","792","3.139384","792","3.141116","792","3.140816","792","3.139708","792","3.14068","792","3.144256","789","3.142764","836","3.140176","789","3.14096","789","3.14232","789","3.140008","789","3.1416","807","3.1393","830","3.139464","830","3.140708","850","3.14088","830","3.144684","830","3.141836","831","3.14356","844","3.14148","873","3.141784","873","3.142432","872","3.140976","873","3.141088","873","3.14214","871","3.140536","872","3.140852","844","3.141712","844","3.140928","872","3.140712","873","3.141048","872","3.140784","873","3.142732","872","3.142224","872","3.141596","872","3.143656","842","3.142004","871","3.140688","871","3.139408","823","3.142488","872","3.141548","866","3.139732","866","3.139844","866","3.140764","866","3.139536","837","3.139004","866","3.142136","865","3.141384","866","3.140024","866","3.142912","838","3.142576","866","3.142764","866","3.139208","866","3.142348","866","3.1404","866","3.14084","866","3.140796","866","3.13956","866","3.13934","866","3.140564","866","3.141728","866","3.144764","865","3.140436","866","3.143848","866","3.143496","866","3.141808","866","3.143416","866","3.143224","865","3.141488","865","3.141724","865","3.14018","866","3.142624","866","3.142848","866","3.142964","866","3.138988","865","3.141416","866","3.141656","866","3.14094","865","3.141128","865","3.141744","866","3.143672","865","3.140292","865","3.144724","865","3.142364","865","3.143136","866","3.141776","861","3.143368","862","3.141944","862","3.141996","861","3.14150228","839","893"
"97","3.141376","33","3.141388","851","3.1421","852","3.141972","852","3.144168","829","3.140116","852","3.14048","830","3.140248","851","3.14484","852","3.14146","830","3.142896","852","3.140876","852","3.1438","851","3.139332","815","3.140788","824","3.140976","851","3.142372","818","3.142172","851","3.140016","824","3.143236","824","3.142252","851","3.141772","829","3.139128","821","3.141204","849","3.13896","843","3.142144","843","3.14336","810","3.142456","842","3.144664","819","3.13992","844","3.142896","844","3.139444","843","3.142468","818","3.142244","820","3.14226","842","3.140184","843","3.144372","844","3.13916","820","3.141912","844","3.138788","845","3.143048","842","3.139896","820","3.142524","842","3.14254","843","3.139624","844","3.14126","842","3.141116","843","3.140948","844","3.139356","842","3.141292","842","3.142304","843","3.141844","843","3.140608","842","3.140848","823","3.141832","843","3.143916","809","3.141788","843","3.140708","845","3.141616","844","3.142288","843","3.141936","845","3.137772","843","3.140048","843","3.141456","843","3.140976","823","3.144216","843","3.14126","842","3.142552","845","3.139976","843","3.139272","818","3.144208","793","3.141096","793","3.141996","793","3.141632","792","3.143836","790","3.141692","792","3.143","792","3.141924","793","3.142748","790","3.142164","792","3.139468","792","3.142168","793","3.141688","792","3.142624","792","3.141764","790","3.141352","792","3.14508","793","3.140608","786","3.142464","782","3.139072","785","3.141788","783","3.143116","785","3.139788","785","3.139652","785","3.141736","785","3.139408","785","3.139412","785","3.14016","783","3.143844","785","3.141924","785","3.14154432","815","855"
"98","3.13962","285","3.142304","483","3.141676","483","3.140632","509","3.140432","455","3.1413","529","3.138228","479","3.145176","624","3.141888","624","3.14446","577","3.14008","622","3.142816","622","3.142148","618","3.142272","855","3.142404","830","3.141272","855","3.142232","855","3.142196","850","3.141324","851","3.14128","827","3.141416","850","3.142052","822","3.143384","828","3.141312","851","3.140844","825","3.144028","850","3.13892","828","3.142328","850","3.140684","850","3.141472","850","3.137504","850","3.14068","828","3.141852","787","3.139888","848","3.142404","825","3.143736","824","3.139292","848","3.14098","782","3.142564","823","3.146036","811","3.14192","847","3.14548","847","3.140224","847","3.142444","847","3.143044","847","3.143328","823","3.14184","848","3.141344","848","3.140036","776","3.141892","826","3.143816","847","3.141156","812","3.14122","847","3.142428","848","3.138988","848","3.139508","847","3.139636","793","3.140624","847","3.140484","848","3.140592","848","3.142116","824","3.142112","824","3.141084","826","3.141116","824","3.142616","825","3.143752","824","3.143492","824","3.14276","804","3.141456","826","3.139912","825","3.139752","826","3.140716","826","3.141052","826","3.142028","824","3.143024","826","3.142332","826","3.142496","825","3.141596","795","3.1381","826","3.143044","824","3.143532","824","3.140872","826","3.13754","825","3.13912","825","3.139704","825","3.141528","826","3.142496","825","3.142884","825","3.140624","824","3.1396","826","3.139892","824","3.139216","824","3.140968","825","3.140672","826","3.140284","824","3.143136","824","3.142348","825","3.140788","824","3.140252","825","3.141732","826","3.1414686399999994","791","869"
"99","3.13992","356","3.142064","595","3.138588","595","3.139264","893","3.138884","742","3.141264","769","3.141448","800","3.142044","769","3.140316","769","3.143184","893","3.142252","769","3.140784","893","3.142684","893","3.14128","775","3.141852","800","3.139672","893","3.142276","893","3.142332","893","3.140148","775","3.144556","799","3.141416","893","3.14518","801","3.142012","893","3.142564","893","3.14412","801","3.140988","893","3.142444","801","3.141808","799","3.137704","893","3.138912","799","3.141744","893","3.142068","799","3.139568","892","3.14504","768","3.142436","801","3.141212","864","3.14142","858","3.143168","793","3.142","847","3.142216","847","3.141564","847","3.14108","792","3.141908","847","3.143508","815","3.139544","792","3.143148","815","3.141888","815","3.140616","847","3.140592","848","3.14112","843","3.144444","843","3.142176","850","3.140504","850","3.140176","842","3.1407","848","3.140432","843","3.139828","848","3.141428","847","3.140392","847","3.140884","846","3.144156","846","3.141844","846","3.144636","846","3.14062","845","3.143304","845","3.14132","850","3.13888","845","3.139784","850","3.140888","850","3.143404","848","3.138832","847","3.141188","846","3.141984","845","3.143256","844","3.139376","845","3.141976","850","3.141024","847","3.141144","849","3.141012","850","3.139816","845","3.13926","849","3.142952","850","3.142456","845","3.142072","841","3.141208","844","3.141836","845","3.144788","837","3.143392","839","3.143264","840","3.14022","839","3.142716","840","3.140968","841","3.141088","837","3.14324","837","3.14118","833","3.139168","829","3.139852","834","3.14378","830","3.140796","829","3.14106","829","3.1415250399999994","828","907"
"100","3.141476","153","3.139416","872","3.1418","522","3.138648","546","3.142924","546","3.141824","494","3.141556","866","3.141924","866","3.145088","866","3.142616","846","3.141332","866","3.141784","846","3.141808","683","3.145716","866","3.140676","859","3.141924","859","3.13998","859","3.143728","859","3.142556","839","3.142496","859","3.1432","838","3.140948","859","3.142788","859","3.140468","859","3.14122","809","3.140376","859","3.141864","860","3.1437","859","3.142004","838","3.139824","859","3.14244","839","3.143772","839","3.140832","859","3.144196","859","3.142764","859","3.1444","859","3.141276","859","3.144832","859","3.13922","859","3.142152","858","3.145132","858","3.143708","858","3.143004","858","3.141904","858","3.140556","858","3.14048","858","3.141532","819","3.141744","820","3.1395","820","3.144068","820","3.140388","820","3.1423","819","3.143856","819","3.140572","819","3.13958","819","3.141656","820","3.143224","799","3.140548","820","3.146424","819","3.143816","799","3.14316","799","3.14462","819","3.14242","812","3.140876","802","3.140216","803","3.140896","804","3.143392","804","3.143592","803","3.1395","802","3.139648","802","3.137076","801","3.14018","801","3.140932","804","3.141812","802","3.143016","802","3.145564","800","3.14002","802","3.143368","801","3.142336","801","3.1426","800","3.138704","801","3.1397","798","3.141924","797","3.140692","800","3.143392","798","3.141536","800","3.143072","799","3.14102","800","3.143704","800","3.143044","799","3.140384","798","3.140108","796","3.14088","797","3.141408","796","3.137584","798","3.140032","797","3.140632","798","3.140432","798","3.141888","797","3.138104","797","3.141790039999999","806","875"
"Averages","3.14169048","424","3.1414812800000016","618","3.141619160000001","645","3.1415088000000027","674","3.14167168","693","3.1416463199999987","732","3.1415293600000003","746","3.1418512400000007","765","3.14169512","773","3.1414726399999977","789","3.1414620399999995","798","3.141634799999998","806","3.14159812","804","3.1415485999999992","813","3.141584439999999","804","3.1416412799999995","827","3.1417475199999996","827","3.1414827199999995","829","3.14186","831","3.1418498400000017","840","3.141515520000001","839","3.14169664","839","3.14147316","835","3.141489120000001","844","3.141468960000001","842","3.141831199999999","847","3.141294559999999","846","3.141756640000001","852","3.1415648399999982","855","3.1415167599999996","854","3.14168136","856","3.1416786799999987","852","3.141428719999999","853","3.14166","855","3.1415940799999986","854","3.1416399999999998","853","3.14182184","854","3.1415858800000005","852","3.1415217200000005","855","3.1416405599999986","851","3.141677","856","3.1416957199999995","854","3.1413990399999996","855","3.1413626000000003","850","3.141295360000002","853","3.141585319999999","853","3.1415798000000024","848","3.14157156","852","3.141709680000001","851","3.1418209600000004","849","3.1415165600000012","849","3.1414273999999995","851","3.1416193999999997","850","3.1416441600000002","850","3.1413733199999996","848","3.141677360000001","848","3.1414110800000015","846","3.1414190400000006","850","3.141816560000001","847","3.1417611999999995","846","3.1417140800000003","846","3.1415443599999993","845","3.1414731599999994","847","3.1415748400000005","845","3.1419421200000004","844","3.141465639999999","844","3.141237","844","3.141475400000001","844","3.14166484","841","3.1412254000000006","840","3.1414396799999986","840","3.1415474399999987","839","3.141633920000001","840","3.1414942000000012","838","3.14184504","838","3.1415760400000003","837","3.141554680000001","836","3.1415924800000004","835","3.14166172","834","3.14170032","834","3.1416741600000018","833","3.141588319999999","833","3.1414890400000015","831","3.141428239999999","830","3.141783880000001","830","3.1412909200000003","829","3.141659","829","3.141627","828","3.1417701599999996","826","3.141796239999999","825","3.1414089999999995","824","3.141643960000002","822","3.1416652000000003","822","3.1417710800000003","820","3.141708680000001","820","3.1415401200000006","819","3.141544679999998","818","3.141625039999998","815","3.1413703199999996","815","3.141480240000001","815","3.1415902643999996","823","944"
