"Iteration Count","Job[1] Result","Job[1] Runtime (ms)","Job[2] Result","Job[2] Runtime (ms)","Job[3] Result","Job[3] Runtime (ms)","Job[4] Result","Job[4] Runtime (ms)","Job[5] Result","Job[5] Runtime (ms)","Job[6] Result","Job[6] Runtime (ms)","Job[7] Result","Job[7] Runtime (ms)","Job[8] Result","Job[8] Runtime (ms)","Job[9] Result","Job[9] Runtime (ms)","Job[10] Result","Job[10] Runtime (ms)","Job[11] Result","Job[11] Runtime (ms)","Job[12] Result","Job[12] Runtime (ms)","Job[13] Result","Job[13] Runtime (ms)","Job[14] Result","Job[14] Runtime (ms)","Job[15] Result","Job[15] Runtime (ms)","Job[16] Result","Job[16] Runtime (ms)","Job[17] Result","Job[17] Runtime (ms)","Job[18] Result","Job[18] Runtime (ms)","Job[19] Result","Job[19] Runtime (ms)","Job[20] Result","Job[20] Runtime (ms)","Job[21] Result","Job[21] Runtime (ms)","Job[22] Result","Job[22] Runtime (ms)","Job[23] Result","Job[23] Runtime (ms)","Job[24] Result","Job[24] Runtime (ms)","Job[25] Result","Job[25] Runtime (ms)","Job[26] Result","Job[26] Runtime (ms)","Job[27] Result","Job[27] Runtime (ms)","Job[28] Result","Job[28] Runtime (ms)","Job[29] Result","Job[29] Runtime (ms)","Job[30] Result","Job[30] Runtime (ms)","Job[31] Result","Job[31] Runtime (ms)","Job[32] Result","Job[32] Runtime (ms)","Job[33] Result","Job[33] Runtime (ms)","Job[34] Result","Job[34] Runtime (ms)","Job[35] Result","Job[35] Runtime (ms)","Job[36] Result","Job[36] Runtime (ms)","Job[37] Result","Job[37] Runtime (ms)","Job[38] Result","Job[38] Runtime (ms)","Job[39] Result","Job[39] Runtime (ms)","Job[40] Result","Job[40] Runtime (ms)","Job[41] Result","Job[41] Runtime (ms)","Job[42] Result","Job[42] Runtime (ms)","Job[43] Result","Job[43] Runtime (ms)","Job[44] Result","Job[44] Runtime (ms)","Job[45] Result","Job[45] Runtime (ms)","Job[46] Result","Job[46] Runtime (ms)","Job[47] Result","Job[47] Runtime (ms)","Job[48] Result","Job[48] Runtime (ms)","Job[49] Result","Job[49] Runtime (ms)","Job[50] Result","Job[50] Runtime (ms)","Job[51] Result","Job[51] Runtime (ms)","Job[52] Result","Job[52] Runtime (ms)","Job[53] Result","Job[53] Runtime (ms)","Job[54] Result","Job[54] Runtime (ms)","Job[55] Result","Job[55] Runtime (ms)","Job[56] Result","Job[56] Runtime (ms)","Job[57] Result","Job[57] Runtime (ms)","Job[58] Result","Job[58] Runtime (ms)","Job[59] Result","Job[59] Runtime (ms)","Job[60] Result","Job[60] Runtime (ms)","Job[61] Result","Job[61] Runtime (ms)","Job[62] Result","Job[62] Runtime (ms)","Job[63] Result","Job[63] Runtime (ms)","Job[64] Result","Job[64] Runtime (ms)","Job[65] Result","Job[65] Runtime (ms)","Job[66] Result","Job[66] Runtime (ms)","Job[67] Result","Job[67] Runtime (ms)","Job[68] Result","Job[68] Runtime (ms)","Job[69] Result","Job[69] Runtime (ms)","Job[70] Result","Job[70] Runtime (ms)","Job[71] Result","Job[71] Runtime (ms)","Job[72] Result","Job[72] Runtime (ms)","Job[73] Result","Job[73] Runtime (ms)","Job[74] Result","Job[74] Runtime (ms)","Job[75] Result","Job[75] Runtime (ms)","Job[76] Result","Job[76] Runtime (ms)","Job[77] Result","Job[77] Runtime (ms)","Job[78] Result","Job[78] Runtime (ms)","Job[79] Result","Job[79] Runtime (ms)","Job[80] Result","Job[80] Runtime (ms)","Job[81] Result","Job[81] Runtime (ms)","Job[82] Result","Job[82] Runtime (ms)","Job[83] Result","Job[83] Runtime (ms)","Job[84] Result","Job[84] Runtime (ms)","Job[85] Result","Job[85] Runtime (ms)","Job[86] Result","Job[86] Runtime (ms)","Job[87] Result","Job[87] Runtime (ms)","Job[88] Result","Job[88] Runtime (ms)","Job[89] Result","Job[89] Runtime (ms)","Job[90] Result","Job[90] Runtime (ms)","Job[91] Result","Job[91] Runtime (ms)","Job[92] Result","Job[92] Runtime (ms)","Job[93] Result","Job[93] Runtime (ms)","Job[94] Result","Job[94] Runtime (ms)","Job[95] Result","Job[95] Runtime (ms)","Job[96] Result","Job[96] Runtime (ms)","Job[97] Result","Job[97] Runtime (ms)","Job[98] Result","Job[98] Runtime (ms)","Job[99] Result","Job[99] Runtime (ms)","Job[100] Result","Job[100] Runtime (ms)","Average Result","Average Runtime (ms)","Total Runtime (ms)"
"1","3.142844","2253","3.144128","2252","3.142156","2196","3.141908","2183","3.144644","2157","3.140564","2233","3.143576","2233","3.14076","2156","3.142156","2156","3.143736","2232","3.143996","2232","3.142492","2155","3.140972","2181","3.1414","2181","3.143768","2230","3.141368","2231","3.140592","2230","3.140284","2180","3.137808","2117","3.14218","2167","3.140592","2011","3.142268","2135","3.146168","2135","3.14286","2085","3.143624","2135","3.142848","2135","3.142408","2135","3.141872","2135","3.142708","2135","3.143168","2057","3.140092","2057","3.138744","2134","3.14424","2134","3.141612","2128","3.139888","2127","3.1394","2127","3.143868","2127","3.14382","2127","3.141904","2127","3.140176","2076","3.142016","2126","3.141464","2076","3.1425","2076","3.143316","2126","3.139464","2126","3.14426","2126","3.1433","2126","3.140516","2126","3.14278","2125","3.141484","2118","3.142596","2094","3.142184","2094","3.141244","2094","3.142252","2095","3.139232","2094","3.141848","2094","3.139068","2095","3.139936","2095","3.1432","2094","3.13878","2094","3.137852","2093","3.141072","2093","3.14078","2094","3.139856","2094","3.139484","2094","3.140916","2093","3.1404","2093","3.141","2092","3.14072","2093","3.137412","2092","3.140456","2092","3.142108","2092","3.14242","2093","3.140304","2092","3.138852","2042","3.142516","2091","3.140348","2029","3.141532","2020","3.140844","2007","3.140796","2005","3.141156","2006","3.140096","2006","3.141772","2005","3.141356","2005","3.14106","2005","3.142524","2004","3.140964","2005","3.141984","1999","3.139236","1996","3.138936","1995","3.143148","1994","3.142764","1994","3.13998","1995","3.142716","1992","3.14148","1954","3.140328","1954","3.1388","1954","3.14232","1954","3.14262","1953","3.14212","1954","3.1415005999999988","2095","3780"
"2","3.143544","73","3.141992","56","3.141136","147","3.13834","1269","3.140632","1270","3.141008","1269","3.142572","1270","3.141468","1269","3.140416","1269","3.141776","1269","3.141124","1269","3.142068","1269","3.140412","1269","3.139244","1269","3.141404","1269","3.1445","1248","3.140216","1269","3.139784","1268","3.140392","1268","3.13978","1269","3.140052","1269","3.142156","1269","3.143996","1269","3.139628","1269","3.140552","1269","3.139372","1269","3.142176","1268","3.141636","1267","3.142088","1268","3.141504","1269","3.139364","1268","3.137452","1268","3.141388","1268","3.140588","1267","3.139864","1248","3.142768","1268","3.145492","1247","3.138396","1268","3.140752","1268","3.141116","1268","3.141348","1267","3.139312","1268","3.145028","1268","3.144256","1224","3.143228","1223","3.141912","1223","3.140784","1222","3.139516","1223","3.14382","1223","3.140528","1223","3.141348","1223","3.142908","1222","3.141152","1223","3.142608","1222","3.144964","1222","3.139476","1221","3.139372","1223","3.140852","1221","3.14172","1222","3.144332","1223","3.143344","1221","3.140372","1223","3.1402","1202","3.141604","1222","3.144392","1222","3.144268","1223","3.14294","1222","3.138144","1222","3.140388","1222","3.140544","1222","3.138388","1222","3.14212","1222","3.140816","1222","3.142768","1222","3.143648","1221","3.146452","1222","3.1412","1222","3.14092","1221","3.144088","1221","3.141044","1222","3.142556","1222","3.142116","1222","3.140272","1222","3.143884","1222","3.140784","1221","3.139568","1221","3.13836","1220","3.142852","1221","3.139756","1221","3.141184","1221","3.143084","1222","3.141748","1221","3.139072","1222","3.141608","1222","3.142236","1221","3.142824","1222","3.140648","1221","3.141012","1222","3.141144","1221","3.145028","1221","3.1414798800000003","1205","1279"
"3","3.140056","125","3.141436","266","3.14056","867","3.13922","1426","3.1399","1469","3.142412","1425","3.14132","1316","3.141664","1006","3.139088","1424","3.13866","1468","3.142008","1424","3.140748","1277","3.140388","1468","3.142172","1423","3.141248","1188","3.142324","1424","3.143928","1422","3.13714","1423","3.14114","1335","3.140108","1267","3.140616","1329","3.14028","1396","3.141576","1396","3.144604","1349","3.14482","1326","3.1417","1344","3.137064","1392","3.142872","1390","3.14154","1390","3.138912","1388","3.140444","1388","3.144808","1387","3.142272","1418","3.142032","1416","3.143296","1371","3.1414","1368","3.138492","1367","3.142472","1412","3.143492","1321","3.14044","1366","3.1424","1411","3.141756","1366","3.13942","1367","3.13986","1366","3.144084","1366","3.144764","1339","3.138556","1339","3.141048","1314","3.142356","1358","3.138568","1358","3.141504","1314","3.141704","1341","3.139576","1358","3.141416","1358","3.14228","1357","3.146144","1357","3.142776","1357","3.143488","1357","3.138988","1358","3.142872","1358","3.141956","1314","3.137104","1357","3.139644","1357","3.140356","1356","3.140924","1358","3.140672","1356","3.141736","1356","3.142448","1313","3.141936","1356","3.141924","1355","3.14044","1284","3.137816","1283","3.140696","1284","3.143624","1284","3.144816","1284","3.140932","1263","3.141008","1263","3.14226","1261","3.144168","1262","3.141008","1189","3.143632","1188","3.141752","1189","3.140556","1189","3.140828","1189","3.14312","1188","3.14258","1189","3.140616","1189","3.142212","1188","3.142144","1188","3.139876","1189","3.141628","1142","3.142244","1119","3.140392","1118","3.142732","1119","3.139948","1034","3.141308","1034","3.142808","1033","3.14142","1034","3.141712","1034","3.141608","1033","3.1414079600000004","1277","1491"
"4","3.141344","984","3.138324","1117","3.142108","1056","3.141448","1115","3.139768","1115","3.142616","1087","3.141788","1025","3.139892","1084","3.141448","1055","3.140772","1023","3.144428","1056","3.14084","1084","3.141208","1117","3.142576","1055","3.143768","1084","3.142884","1084","3.140596","1116","3.139352","1025","3.14026","1024","3.140464","1025","3.139696","1084","3.143304","1024","3.141332","983","3.142296","1056","3.139996","1025","3.144444","1084","3.140288","1024","3.141096","1084","3.142772","1024","3.138956","1084","3.140404","1024","3.140372","1025","3.142652","1084","3.141872","1025","3.141356","1024","3.13938","1084","3.137636","994","3.142412","1054","3.1433","1116","3.13954","1084","3.142772","1116","3.144132","1116","3.141696","1084","3.140636","1084","3.142148","1117","3.14036","1055","3.143324","1083","3.143272","1084","3.141412","1024","3.140388","1083","3.140828","1084","3.140488","1085","3.143128","1116","3.14282","1025","3.139488","1084","3.14026","1024","3.139764","1083","3.139428","1116","3.143824","1025","3.142812","1083","3.13964","1054","3.1416","1116","3.139072","1054","3.14044","1107","3.140448","1074","3.139048","1014","3.142128","1093","3.143052","1090","3.14004","1055","3.143724","1087","3.13918","1087","3.139992","1080","3.143168","1080","3.143128","1047","3.13964","1046","3.14298","1017","3.140052","1018","3.140028","1019","3.14086","1017","3.142064","951","3.143788","952","3.144528","949","3.141768","948","3.140548","948","3.142096","944","3.142392","944","3.138908","942","3.140684","943","3.141208","943","3.1418","936","3.140988","936","3.13924","934","3.142356","933","3.140216","932","3.140208","932","3.140232","931","3.14166","930","3.139668","929","3.141304","929","3.140096","929","3.141259400000001","1037","1118"
"5","3.141712","171","3.144196","971","3.144284","1016","3.142112","1016","3.141668","1042","3.145512","1042","3.14218","971","3.143368","1042","3.14166","971","3.140972","1016","3.141624","1042","3.142592","1042","3.14228","798","3.142132","1016","3.144236","1042","3.143612","1042","3.142456","1042","3.144432","1016","3.143488","1016","3.142136","1016","3.142004","1034","3.13896","1003","3.14124","985","3.13946","1010","3.141456","1010","3.143568","1010","3.140876","976","3.140816","1012","3.13902","983","3.138924","1011","3.142124","1011","3.140888","1010","3.14036","1010","3.143784","1011","3.14272","1010","3.142836","1008","3.138848","1008","3.141508","1007","3.143248","1008","3.14262","1008","3.139328","1008","3.139976","1008","3.140464","1008","3.143152","1007","3.142556","1007","3.142692","1008","3.138312","980","3.142104","1008","3.140352","1007","3.141332","1007","3.142972","1007","3.141108","1008","3.142656","1008","3.141192","1007","3.142564","1007","3.139588","984","3.139788","1008","3.141612","1007","3.142496","1008","3.138992","1007","3.141856","1007","3.1396","1008","3.142588","1008","3.142532","1006","3.140232","1008","3.142484","1008","3.140296","1007","3.141092","1007","3.141284","981","3.14326","1007","3.140588","1007","3.142564","982","3.138792","1006","3.139364","1007","3.14084","981","3.143564","1007","3.140592","1007","3.141404","1007","3.1412","1005","3.140372","1002","3.141752","1002","3.139976","1000","3.141744","1002","3.138504","998","3.142296","953","3.1397","988","3.143664","987","3.140308","987","3.141748","986","3.144784","987","3.140748","982","3.14356","982","3.144928","982","3.143808","981","3.141464","980","3.143728","977","3.144344","951","3.141992","974","3.140576","975","3.142876","974","3.141721519999999","992","1044"
"6","3.138492","469","3.14312","874","3.139224","953","3.141548","953","3.142272","835","3.145708","910","3.139156","882","3.14102","910","3.141916","910","3.139116","882","3.140912","910","3.144416","910","3.139096","882","3.143096","910","3.139528","910","3.139096","871","3.143908","878","3.140484","866","3.14286","866","3.14354","905","3.141652","878","3.138356","877","3.142996","866","3.141292","866","3.14284","904","3.14306","904","3.143016","904","3.141668","904","3.14376","904","3.141868","904","3.141756","865","3.14234","901","3.13962","822","3.143676","901","3.139956","874","3.140232","874","3.14298","874","3.143376","873","3.144244","873","3.142988","912","3.141668","912","3.143124","912","3.139176","874","3.144096","874","3.142148","871","3.1395","871","3.142688","964","3.141556","964","3.14126","859","3.142964","964","3.1454","961","3.143476","1009","3.142076","995","3.142944","1029","3.142372","1030","3.141008","1028","3.144156","1029","3.140416","1006","3.143196","1029","3.143548","1029","3.1411","1028","3.14498","1028","3.142712","1029","3.14306","1029","3.141916","1029","3.141788","1030","3.14122","1028","3.140932","1029","3.139236","1028","3.1397","1028","3.14228","1029","3.141972","1029","3.143928","1029","3.140396","1028","3.140908","1029","3.139836","959","3.1435","960","3.14204","961","3.140736","958","3.141348","955","3.139876","955","3.139884","954","3.141148","953","3.143952","953","3.140008","950","3.141124","950","3.14266","951","3.141128","951","3.142752","949","3.141896","945","3.1389","945","3.140456","944","3.142528","944","3.139656","944","3.14376","943","3.143688","940","3.14042","939","3.14218","939","3.143888","939","3.138248","937","3.1417869599999984","935","1093"
"7","3.141876","272","3.142748","542","3.142284","517","3.14416","1046","3.141392","1034","3.144584","1046","3.140872","1034","3.140284","1078","3.138488","1105","3.140016","1046","3.142428","1105","3.142396","1105","3.14086","1077","3.141728","1105","3.141892","1105","3.141388","1070","3.14058","1038","3.141412","1077","3.13968","1104","3.143392","1107","3.140476","1074","3.142532","1042","3.140956","1037","3.139596","1105","3.141884","1105","3.143768","1077","3.142176","1105","3.138396","1105","3.141012","1069","3.142912","1071","3.13996","1107","3.14014","1105","3.140988","1105","3.14356","1105","3.1423","1105","3.140896","996","3.141324","1105","3.145508","1104","3.141536","1103","3.13984","1077","3.141104","1104","3.142312","1104","3.13958","1070","3.141624","1105","3.142084","1102","3.14186","1104","3.141852","1073","3.14346","1096","3.1428","1096","3.140616","1095","3.142968","1100","3.142628","1098","3.142208","1098","3.142372","1098","3.141364","1087","3.13864","1084","3.140544","1084","3.144244","1088","3.141636","1083","3.140452","1089","3.145476","1086","3.142444","1089","3.143056","1086","3.142564","1087","3.142456","1089","3.14082","1086","3.14226","1084","3.142852","1084","3.139224","1086","3.140536","1089","3.142772","1083","3.143092","1084","3.141816","1089","3.138788","1083","3.139344","1075","3.14108","1073","3.14208","1070","3.142484","1059","3.141792","1059","3.140648","1059","3.14056","1060","3.141564","1060","3.140872","1060","3.143004","1061","3.14134","1061","3.138524","1061","3.143012","1060","3.140068","1061","3.142504","1061","3.1421","1060","3.138524","1060","3.142864","1060","3.142336","1058","3.141872","1060","3.14576","1059","3.141572","1059","3.139568","1061","3.14038","1060","3.143884","1060","3.141392","1060","3.1416385200000008","1059","1117"
"8","3.141764","276","3.141168","798","3.140924","652","3.143864","908","3.143296","1122","3.144588","884","3.140208","1119","3.141116","935","3.140896","911","3.139412","942","3.138204","874","3.143176","942","3.143316","876","3.145568","794","3.141712","1119","3.142576","820","3.144252","972","3.14178","875","3.140592","937","3.144952","980","3.143376","1005","3.142916","1114","3.140556","1023","3.139688","1115","3.140712","1119","3.142016","1080","3.1408","1080","3.143248","1113","3.13888","1109","3.140464","1107","3.138172","1073","3.139316","1109","3.142252","1119","3.141896","1084","3.139484","1068","3.141964","1108","3.139528","1119","3.141692","1114","3.141572","1118","3.144772","1119","3.139268","1106","3.137532","1107","3.14126","1106","3.141472","1077","3.138628","1107","3.144092","1118","3.141436","1091","3.140888","1091","3.14162","1123","3.142352","1090","3.138624","1103","3.143244","1093","3.14238","1123","3.1391","1123","3.140648","1099","3.138728","1094","3.140828","1100","3.137716","1123","3.139144","1123","3.142148","1123","3.142016","1103","3.142472","1102","3.14238","1103","3.140272","1120","3.13788","1099","3.14116","1098","3.14026","1120","3.142676","1100","3.141284","1120","3.141068","1096","3.141868","1113","3.14378","1113","3.143248","1113","3.138444","1113","3.140376","1081","3.14342","1113","3.143636","1092","3.140944","1091","3.141188","1089","3.13874","1113","3.142072","1084","3.141416","1113","3.141408","1113","3.142084","1113","3.141764","1113","3.141288","1113","3.145124","1113","3.1417","1113","3.140228","1112","3.142004","1093","3.142224","1113","3.140948","1113","3.1419","1113","3.141216","1080","3.140844","1113","3.141112","1078","3.140204","1098","3.142884","1098","3.141696","1098","3.141244","1098","3.141382479999999","1059","1156"
"9","3.143108","695","3.143956","791","3.14208","695","3.141056","694","3.142168","692","3.143284","692","3.142116","692","3.140936","740","3.140536","692","3.14182","692","3.140996","759","3.141772","689","3.14312","689","3.141572","759","3.142004","688","3.142708","759","3.140572","759","3.145252","759","3.141564","688","3.142084","688","3.141316","759","3.13896","747","3.142104","747","3.140852","675","3.14104","1004","3.14098","1005","3.141412","938","3.140804","984","3.142372","1004","3.142288","1005","3.142172","1005","3.14118","1004","3.140964","1004","3.140944","1005","3.143164","987","3.141672","927","3.14138","987","3.140064","966","3.140572","987","3.140056","987","3.14262","987","3.141964","916","3.141988","987","3.142956","987","3.14194","921","3.146036","966","3.141236","987","3.142688","987","3.137296","987","3.143252","987","3.139392","987","3.14198","987","3.13896","987","3.141488","988","3.139832","988","3.142212","987","3.141888","987","3.142052","987","3.142544","987","3.144036","987","3.143844","987","3.142432","987","3.14404","987","3.143804","965","3.141352","987","3.144656","987","3.14174","987","3.140996","974","3.143368","972","3.144892","973","3.1448","973","3.140672","973","3.141216","948","3.141604","935","3.145364","935","3.141508","935","3.141708","935","3.141708","935","3.143668","935","3.141012","935","3.143048","935","3.137868","934","3.141764","934","3.139028","933","3.14062","934","3.138644","933","3.14048","934","3.142656","934","3.140028","934","3.142716","934","3.142252","934","3.14222","934","3.141508","934","3.1393","934","3.142404","934","3.14228","933","3.143584","934","3.143012","931","3.14372","931","3.13964","931","3.1418451599999986","905","1029"
"10","3.142692","643","3.144624","589","3.141496","687","3.143528","686","3.14158","686","3.140552","686","3.142272","589","3.141872","682","3.138808","682","3.142368","987","3.140908","1009","3.141796","1008","3.143496","986","3.142268","1008","3.14204","1008","3.14032","989","3.1416","985","3.137484","1008","3.142228","1008","3.141304","1008","3.142964","1008","3.142108","1008","3.14166","1008","3.140432","1008","3.142744","1008","3.141436","1008","3.141316","989","3.141724","988","3.14554","976","3.137428","1008","3.141504","1008","3.140592","1008","3.143628","1008","3.142536","1008","3.14068","1008","3.140172","1008","3.139944","978","3.140688","1008","3.140268","970","3.144852","1008","3.143344","1008","3.141932","1008","3.141076","1008","3.142832","1008","3.140908","1007","3.141472","984","3.142376","984","3.143992","980","3.142968","1005","3.141856","1004","3.138856","1005","3.140628","1005","3.13796","1004","3.141668","1005","3.139028","980","3.13864","1004","3.14282","1004","3.141268","1005","3.140192","1005","3.142548","1005","3.140192","1004","3.141892","1004","3.141752","1004","3.141176","1004","3.142088","1004","3.14236","1004","3.138784","1005","3.142744","1004","3.140292","1004","3.14072","982","3.142372","979","3.140376","1004","3.140984","965","3.143324","1004","3.141692","1004","3.138728","1004","3.140816","1004","3.141288","1004","3.143936","1004","3.140756","973","3.142756","1004","3.140236","1004","3.139176","1004","3.14196","1004","3.138536","1004","3.141724","1004","3.14358","1004","3.140356","1004","3.14334","984","3.145264","984","3.14164","1004","3.13928","978","3.140456","1004","3.142272","1004","3.139752","997","3.139828","997","3.142004","977","3.140388","997","3.140824","997","3.139808","948","3.1414126799999997","968","1017"
"11","3.142768","349","3.142608","577","3.142556","604","3.141284","577","3.141784","632","3.141176","632","3.143048","576","3.14238","632","3.1433","634","3.146636","632","3.140004","632","3.145072","632","3.14176","634","3.140384","632","3.13818","632","3.138564","604","3.14128","1009","3.142","1011","3.140896","1003","3.141028","936","3.140212","1005","3.141212","1003","3.139908","1032","3.142952","1032","3.1403","1032","3.14254","1011","3.13948","1003","3.140508","1011","3.139912","1032","3.140152","1032","3.14158","1009","3.140344","1032","3.140404","1032","3.144124","1032","3.142656","1030","3.142472","1006","3.140436","1029","3.140152","955","3.13982","1029","3.143244","1005","3.139572","1006","3.140616","1005","3.141868","1005","3.140648","977","3.141304","982","3.144036","1006","3.140196","1005","3.142716","980","3.14072","1005","3.142048","1005","3.14392","1006","3.139836","1006","3.13966","1005","3.14108","1006","3.1395","1006","3.13926","1005","3.141948","1005","3.141068","979","3.137932","984","3.142788","1005","3.140396","1005","3.138472","1006","3.142672","1005","3.141972","1004","3.141384","1005","3.141772","1005","3.140144","1005","3.138852","1005","3.14068","1005","3.14004","1005","3.140744","984","3.141608","1005","3.141672","1005","3.142572","984","3.136968","1006","3.140668","1005","3.14368","1004","3.13958","1004","3.144196","1005","3.144452","1005","3.13976","999","3.140384","999","3.141976","999","3.141364","999","3.139884","998","3.143144","998","3.141304","971","3.143852","998","3.144784","998","3.14298","998","3.139424","998","3.140144","998","3.138772","999","3.141044","998","3.139884","995","3.141136","995","3.139648","995","3.139632","994","3.142296","995","3.1423","981","3.1412606800000002","938","1051"
"12","3.13936","404","3.141056","716","3.141952","940","3.141052","939","3.140552","737","3.142944","934","3.141688","934","3.141084","780","3.139976","888","3.138796","934","3.143244","888","3.13936","934","3.142968","930","3.14182","884","3.143416","930","3.144048","884","3.141524","883","3.1409","884","3.142872","924","3.143628","924","3.143324","923","3.143188","923","3.140388","877","3.140052","874","3.137864","874","3.142236","950","3.140092","1018","3.141968","1016","3.14142","1014","3.141744","1015","3.1411","1045","3.141912","1045","3.143536","1024","3.139124","1045","3.1417","1045","3.141216","1045","3.140996","1045","3.140596","1045","3.1421","1015","3.138876","1021","3.140868","1045","3.143064","1024","3.139736","1045","3.141264","1025","3.140332","1017","3.142748","1018","3.1431","1045","3.139856","1045","3.143048","1045","3.142436","1014","3.141728","986","3.144952","1021","3.14042","1024","3.142392","1045","3.14362","1011","3.1378","1011","3.140664","1004","3.140316","1021","3.14106","1019","3.139888","1019","3.139208","1019","3.140572","1020","3.143196","1019","3.142532","1020","3.144932","1019","3.14442","1019","3.141816","1019","3.139004","1020","3.142952","1020","3.141872","1019","3.146044","1019","3.142528","1019","3.138312","1020","3.142196","1020","3.144","1020","3.141044","1020","3.140092","1019","3.14358","1020","3.143116","1019","3.143748","1020","3.140856","1018","3.142052","1018","3.142696","1019","3.141988","1020","3.137136","1019","3.14072","1020","3.138504","1018","3.142464","1019","3.140364","1019","3.142668","1019","3.141328","1019","3.141796","1020","3.140956","1019","3.141884","1018","3.142068","1019","3.140972","1020","3.13906","1020","3.139796","1019","3.141552","1019","3.140764","1019","3.1414975199999997","983","1068"
"13","3.141184","978","3.143672","978","3.141448","959","3.141276","978","3.140292","982","3.14048","978","3.141684","978","3.141152","959","3.1426","981","3.141272","978","3.139944","978","3.141056","978","3.143968","977","3.140496","982","3.143296","978","3.1414","978","3.142912","956","3.140296","978","3.142012","949","3.145408","978","3.141692","980","3.142648","978","3.141912","953","3.142328","977","3.143076","957","3.142304","978","3.141468","978","3.143144","978","3.14112","957","3.140772","982","3.139292","978","3.140612","978","3.141184","946","3.142532","953","3.141312","957","3.138256","954","3.142672","977","3.141924","954","3.140932","977","3.143132","977","3.142716","980","3.143164","982","3.140572","977","3.143664","980","3.143928","950","3.141768","981","3.143144","978","3.138672","957","3.143404","958","3.141796","977","3.140804","977","3.141252","981","3.142112","959","3.139592","959","3.141912","978","3.13894","980","3.138244","981","3.142176","981","3.142556","978","3.141032","978","3.141004","956","3.14136","952","3.138844","977","3.1414","977","3.142912","978","3.140584","958","3.14098","977","3.139908","977","3.14054","977","3.146596","960","3.142404","980","3.142452","978","3.143892","969","3.140848","974","3.141512","958","3.142484","958","3.139776","956","3.139208","933","3.14202","934","3.142836","955","3.143144","957","3.140308","957","3.142304","954","3.141272","936","3.143196","958","3.139984","958","3.142396","958","3.139456","936","3.140596","950","3.14308","950","3.140808","949","3.137824","951","3.14286","951","3.139952","947","3.144216","948","3.1404","951","3.140028","946","3.142904","950","3.141196","949","3.143816","949","3.1416090800000003","966","983"
"14","3.138256","65","3.144492","967","3.140476","966","3.141352","966","3.141824","998","3.140264","997","3.142232","933","3.14268","997","3.140696","933","3.139896","997","3.143968","941","3.144352","998","3.142124","997","3.14198","938","3.142532","997","3.14164","998","3.141352","998","3.14076","997","3.140476","998","3.141976","996","3.1436","997","3.142424","997","3.139308","998","3.142176","998","3.143536","997","3.141284","997","3.14076","900","3.14002","997","3.139884","998","3.14218","998","3.142448","997","3.13958","997","3.141316","900","3.138936","897","3.140112","997","3.141688","997","3.139456","967","3.141344","997","3.142664","900","3.14266","924","3.140392","925","3.1418","925","3.140676","924","3.139024","924","3.14226","924","3.14126","923","3.140412","922","3.141984","922","3.139984","924","3.1418","925","3.139976","923","3.14146","925","3.143316","923","3.142376","924","3.142744","925","3.142932","924","3.141136","923","3.142584","925","3.142596","923","3.140716","924","3.139324","925","3.142304","923","3.1419","924","3.140116","925","3.142104","924","3.143076","924","3.143168","923","3.146076","924","3.140212","923","3.140836","924","3.140712","924","3.140464","923","3.141568","923","3.141252","924","3.144728","923","3.139092","924","3.141552","924","3.138644","924","3.144828","924","3.142712","923","3.139384","923","3.140132","924","3.141588","923","3.141496","923","3.140648","924","3.140336","924","3.141856","923","3.143412","924","3.142256","924","3.142436","924","3.143588","924","3.140892","924","3.13884","900","3.140548","923","3.142172","923","3.144744","923","3.14288","923","3.142868","923","3.142324","923","3.144044","924","3.1415924400000006","935","1000"
"15","3.142468","204","3.142288","618","3.142164","618","3.138116","981","3.139988","985","3.142232","1012","3.14288","1012","3.139856","985","3.143388","991","3.143884","986","3.142","1012","3.140744","982","3.143284","1012","3.142416","1012","3.141184","986","3.141096","989","3.143456","987","3.142064","1012","3.14116","984","3.140756","982","3.140576","992","3.144276","992","3.13922","989","3.13996","988","3.13744","977","3.139188","987","3.143368","1012","3.142108","982","3.14204","989","3.14336","1012","3.139472","1012","3.144332","988","3.14354","1012","3.143076","1012","3.141588","984","3.142928","982","3.142292","1012","3.141684","988","3.142448","1012","3.14298","984","3.1433","1012","3.140524","978","3.141692","985","3.141612","1012","3.141196","982","3.141104","1012","3.142252","1012","3.142344","978","3.141648","987","3.140716","983","3.142476","1011","3.142472","978","3.13874","1012","3.142208","991","3.1423","952","3.140868","1012","3.139532","982","3.144812","986","3.14118","986","3.14176","986","3.142036","982","3.14334","991","3.138036","991","3.142056","1000","3.14104","997","3.142112","997","3.143704","997","3.1433","997","3.143268","997","3.141112","997","3.145152","974","3.142224","997","3.141844","997","3.144068","997","3.142492","974","3.143464","997","3.141776","997","3.141308","993","3.14212","992","3.144492","974","3.139732","974","3.144904","974","3.140824","974","3.1439","974","3.142548","974","3.143556","974","3.140612","974","3.138788","974","3.140344","974","3.142452","968","3.139904","967","3.140952","968","3.138588","967","3.139272","967","3.138992","952","3.141744","951","3.1399","951","3.141104","951","3.143508","951","3.1445","951","3.1417910400000006","972","1017"
"16","3.142492","474","3.141264","1033","3.139608","1034","3.138368","1034","3.143836","1034","3.14056","1033","3.142432","1034","3.143264","1033","3.140204","1034","3.140536","1033","3.144768","1034","3.141364","1034","3.141688","1033","3.141148","1031","3.140668","1031","3.143352","1031","3.140412","998","3.141356","1031","3.14212","1031","3.142024","1032","3.140032","1032","3.1427","1030","3.139456","1031","3.138756","1030","3.143524","1030","3.14086","1029","3.141708","1030","3.140472","1002","3.140544","1029","3.14192","1005","3.140716","1030","3.141292","1032","3.142956","1029","3.137488","1005","3.13918","1030","3.142704","1031","3.141548","1030","3.142364","1031","3.142464","1030","3.140388","1002","3.142696","1030","3.143624","1029","3.142456","1029","3.140272","1029","3.142352","1030","3.143052","1030","3.141","1030","3.143708","1032","3.139776","1032","3.140956","1030","3.142272","1032","3.14348","1030","3.136396","1005","3.141404","1003","3.140384","1019","3.140116","1020","3.140544","1016","3.140796","1012","3.142596","1012","3.141316","1013","3.137912","1012","3.141864","1011","3.139652","1013","3.141488","1014","3.141692","1012","3.14426","1014","3.1409","1013","3.14302","1012","3.14124","1013","3.142724","1013","3.139036","1013","3.141284","1009","3.13942","1011","3.142032","1012","3.139004","1013","3.140008","1012","3.14218","1013","3.138488","1013","3.140732","1010","3.138988","1010","3.14168","1011","3.139416","1009","3.135844","1008","3.142232","1010","3.143276","1011","3.143676","1011","3.141404","1011","3.13788","1009","3.140132","1008","3.142012","1010","3.1397","1011","3.139264","1009","3.141004","1004","3.14212","1005","3.141312","996","3.141652","996","3.14326","996","3.139448","996","3.140112","996","3.140332","994","3.141134120000002","1013","1037"
"17","3.139628","140","3.14216","1017","3.142804","941","3.140604","1018","3.143152","1017","3.143276","995","3.139232","1017","3.143196","1017","3.145556","1018","3.143384","1017","3.14242","1017","3.140192","995","3.145144","995","3.138124","1018","3.144","1017","3.141132","1003","3.141568","1002","3.14132","1000","3.143204","999","3.144232","1000","3.138916","1000","3.143944","1000","3.14064","999","3.144248","1000","3.1411","1000","3.142108","999","3.1428","999","3.14498","999","3.143544","970","3.14012","992","3.140896","992","3.1416","971","3.143976","992","3.14166","992","3.141764","992","3.144064","970","3.142576","1027","3.141904","970","3.139148","992","3.144428","992","3.1438","992","3.143504","992","3.142708","992","3.140872","992","3.14396","992","3.140988","992","3.140744","942","3.141748","916","3.138896","970","3.13972","977","3.140872","975","3.141468","975","3.13852","974","3.141","994","3.141916","975","3.139532","1009","3.14362","974","3.143644","975","3.144584","975","3.142264","994","3.1423","975","3.141544","990","3.140808","990","3.141708","1005","3.142156","971","3.14436","1005","3.143732","1005","3.139884","1000","3.140232","966","3.142784","990","3.14166","989","3.141208","989","3.14064","989","3.141844","986","3.141984","986","3.140596","986","3.140532","986","3.141588","986","3.141748","986","3.140684","986","3.141344","986","3.140612","986","3.13938","986","3.142584","986","3.143592","986","3.141616","986","3.140412","986","3.144164","986","3.14102","986","3.139944","986","3.140324","986","3.139188","986","3.14434","985","3.138412","986","3.141744","986","3.141828","985","3.141352","986","3.143684","986","3.142596","986","3.141636","986","3.1418486800000016","981","1054"
"18","3.1421","326","3.143732","325","3.14196","1039","3.144264","878","3.141208","825","3.142524","785","3.141636","786","3.142896","855","3.139128","819","3.1426","1006","3.14094","1012","3.144984","817","3.143792","851","3.142152","824","3.143796","824","3.143324","1016","3.142324","819","3.143408","1012","3.14218","819","3.14248","1016","3.139732","824","3.139492","819","3.142528","1039","3.141672","878","3.1412","819","3.144404","817","3.139492","1016","3.142396","852","3.143304","1010","3.143388","884","3.144392","843","3.141592","821","3.143224","852","3.141188","816","3.140788","911","3.141124","1032","3.142664","1030","3.140932","1031","3.14244","1016","3.143516","1014","3.1405","991","3.141428","1015","3.1395","1015","3.140608","951","3.13952","981","3.141112","983","3.142356","981","3.1394","983","3.142924","983","3.1407","983","3.140608","981","3.139748","983","3.140592","982","3.142676","960","3.139884","955","3.140304","959","3.140672","958","3.141812","981","3.1408","982","3.139604","983","3.144764","982","3.13954","983","3.139292","983","3.14168","982","3.143084","982","3.142484","954","3.143712","981","3.145344","982","3.140088","983","3.141248","957","3.139976","954","3.140496","955","3.140156","953","3.142272","955","3.143792","955","3.143088","953","3.142528","951","3.143936","951","3.14016","949","3.140936","924","3.142704","950","3.142056","949","3.138904","950","3.140184","949","3.14016","949","3.142192","950","3.139004","950","3.142496","950","3.14278","950","3.140392","950","3.141652","950","3.142772","950","3.145052","923","3.139848","948","3.143772","950","3.13958","949","3.139132","949","3.141316","949","3.143292","950","3.139892","950","3.141714","928","1043"
"19","3.14046","46","3.140224","1032","3.140072","1032","3.141496","1007","3.142388","1032","3.140208","1006","3.145264","1032","3.140904","1032","3.140304","1031","3.138424","999","3.143324","1032","3.13902","1032","3.138108","1032","3.14268","1032","3.142844","994","3.139644","1032","3.14054","994","3.142152","994","3.144024","1008","3.143","969","3.140932","1031","3.140408","1032","3.142784","1032","3.13972","994","3.143188","1032","3.140628","994","3.140724","1032","3.140792","1032","3.139248","1032","3.138728","999","3.142116","1031","3.140404","1008","3.14172","1031","3.141636","994","3.143524","1032","3.141276","1031","3.141996","1032","3.140512","1032","3.143268","999","3.142444","1032","3.139364","1007","3.14166","994","3.141368","993","3.140576","1000","3.139096","1001","3.141752","1000","3.142188","1000","3.141996","1000","3.14366","968","3.142056","975","3.142624","974","3.1417","999","3.13822","999","3.141444","1001","3.141112","1000","3.141864","976","3.141692","1001","3.144644","1000","3.143176","999","3.141028","1001","3.141648","999","3.1409","1001","3.140736","1000","3.144532","1000","3.141872","1001","3.141036","1001","3.140364","1000","3.143696","1000","3.142984","962","3.138908","987","3.142132","970","3.142912","970","3.142152","970","3.140336","970","3.141116","969","3.142404","970","3.143524","970","3.141788","967","3.139756","970","3.144984","969","3.138776","967","3.143544","970","3.142544","970","3.140788","970","3.141572","970","3.139452","969","3.140832","969","3.140152","967","3.139032","966","3.144212","966","3.14016","953","3.142416","955","3.138812","955","3.13862","955","3.141572","955","3.14248","954","3.14306","933","3.137816","932","3.143232","933","3.139404","933","3.1413860400000004","984","1035"
"20","3.14004","303","3.142684","303","3.14234","702","3.140276","1046","3.141716","891","3.14056","1052","3.1417","1047","3.144152","1048","3.13996","1039","3.138708","1041","3.14","1037","3.140404","1052","3.145608","1012","3.14142","1077","3.140792","1077","3.14348","1078","3.1439","1076","3.139892","1077","3.142196","1078","3.141636","1077","3.137336","1077","3.142516","1078","3.143596","1076","3.14218","1076","3.138888","1077","3.139024","1077","3.143804","1078","3.143144","1076","3.143412","1078","3.140576","1047","3.142552","1046","3.142052","1077","3.13972","1076","3.13998","1076","3.140736","1076","3.141044","1077","3.13906","1033","3.142968","1075","3.140524","1076","3.144584","1045","3.141192","1076","3.140408","1076","3.144448","1048","3.140388","1077","3.141328","1077","3.142332","1073","3.142028","1074","3.143516","1073","3.141088","1072","3.139588","1073","3.14248","1074","3.142848","1074","3.144516","1073","3.140704","1073","3.139256","1074","3.138748","1074","3.143148","1074","3.140464","1074","3.140632","1073","3.14138","1072","3.141564","1074","3.14064","1073","3.141076","1073","3.144204","1074","3.142652","1074","3.142344","1073","3.1399","1074","3.140008","1072","3.142028","1072","3.14114","1073","3.141588","1028","3.139952","1072","3.143432","1072","3.140544","1073","3.143608","1073","3.141748","1072","3.143572","1073","3.138692","1072","3.141596","1073","3.141008","1072","3.140856","1073","3.138512","1073","3.138852","1072","3.142484","1073","3.139996","1039","3.141","1070","3.141544","1070","3.138424","1070","3.141952","1070","3.141944","1070","3.14146","1071","3.143616","1070","3.142528","1070","3.142476","1042","3.140204","1064","3.143208","1064","3.1433","1064","3.139664","1064","3.140896","1064","3.14276","1065","3.141466240000001","1046","1086"
"21","3.143748","525","3.143008","525","3.143652","524","3.14308","521","3.142544","521","3.141308","496","3.145756","521","3.14282","994","3.1405","1020","3.144152","1021","3.142664","1022","3.142432","1020","3.13934","1020","3.140856","1021","3.140008","1020","3.143108","998","3.1415","1021","3.140668","998","3.140564","1021","3.141596","1021","3.140228","1021","3.143428","1021","3.141352","1021","3.140784","1019","3.139876","990","3.141408","1019","3.141092","988","3.14276","989","3.14408","989","3.144292","988","3.139632","987","3.144148","989","3.140836","990","3.139804","990","3.140496","990","3.143172","990","3.140088","990","3.141856","985","3.142212","989","3.136672","984","3.14398","989","3.141456","989","3.141212","989","3.145692","989","3.141028","990","3.141316","989","3.142048","985","3.1409","989","3.144664","989","3.139328","990","3.143348","989","3.14358","989","3.14396","990","3.13932","985","3.13714","959","3.142924","989","3.138864","990","3.14234","990","3.140044","989","3.141976","990","3.140196","985","3.14128","984","3.139552","989","3.142728","989","3.142056","989","3.140992","989","3.138924","990","3.139812","989","3.143188","984","3.143376","989","3.1425","989","3.14282","984","3.141528","989","3.140732","989","3.142408","990","3.143608","985","3.141632","983","3.144376","984","3.141292","989","3.139492","989","3.14284","989","3.142336","989","3.14156","988","3.142028","990","3.141356","990","3.138492","989","3.140576","984","3.14154","984","3.14174","983","3.142848","987","3.139504","982","3.141308","987","3.140456","982","3.14112","987","3.139848","987","3.14278","988","3.14264","981","3.144236","983","3.140524","987","3.142956","987","3.1416981999999996","959","1032"
"22","3.141628","134","3.140612","910","3.140496","862","3.141976","1033","3.141164","862","3.1392","862","3.141848","989","3.140696","989","3.1414","928","3.14196","989","3.141844","927","3.144828","989","3.143404","924","3.14174","985","3.143032","984","3.142912","942","3.139712","983","3.137484","982","3.14194","984","3.14112","985","3.144196","921","3.143776","984","3.143424","983","3.141084","985","3.138112","983","3.140632","983","3.1431","946","3.141232","982","3.141684","983","3.141016","983","3.14016","983","3.144224","921","3.144408","983","3.14186","982","3.14198","940","3.141196","981","3.140732","983","3.14058","916","3.140736","985","3.142736","921","3.142316","983","3.141156","985","3.141368","983","3.142112","983","3.140208","946","3.141292","981","3.140736","983","3.142236","983","3.138408","981","3.138756","982","3.143192","1021","3.141268","1000","3.1401","1020","3.141236","1020","3.138364","1020","3.142848","1020","3.14292","1021","3.1407","1021","3.144036","1018","3.141312","1018","3.14158","1018","3.138976","1018","3.143592","1018","3.14364","1018","3.143024","960","3.139364","1011","3.140432","1010","3.141844","1011","3.142192","1011","3.142608","1011","3.141492","1010","3.14","1010","3.142776","1009","3.138924","1010","3.142088","1009","3.14166","1010","3.14054","1009","3.144728","986","3.141472","986","3.143356","986","3.143492","986","3.139444","967","3.140024","986","3.142868","968","3.140476","986","3.140296","986","3.141832","986","3.14224","986","3.140512","986","3.142476","986","3.141788","986","3.143272","986","3.143296","986","3.142996","986","3.141896","986","3.140804","986","3.142632","986","3.14276","986","3.14062","986","3.142696","986","3.14161136","973","1058"
"23","3.140264","353","3.13982","944","3.142404","970","3.142656","969","3.1423","950","3.144096","969","3.140964","969","3.14192","970","3.13908","969","3.141828","969","3.141816","969","3.139892","903","3.141644","969","3.140548","950","3.144624","969","3.139704","969","3.142732","944","3.143092","964","3.138648","964","3.140936","964","3.14328","939","3.144132","949","3.140896","949","3.143044","918","3.1423","949","3.141516","949","3.141576","925","3.142924","949","3.141728","917","3.141776","949","3.14108","1135","3.1408","1101","3.139716","1134","3.140072","1079","3.14414","1078","3.144408","1134","3.140884","1075","3.139468","1101","3.142084","1076","3.14342","1078","3.139184","1101","3.140496","1132","3.14044","1142","3.140792","1099","3.137728","1131","3.141484","1101","3.14224","1132","3.143228","1076","3.144932","1142","3.14128","1099","3.142004","1132","3.139848","1077","3.140428","1099","3.14328","1142","3.141712","1132","3.139212","1132","3.141488","1142","3.142184","1101","3.142984","1131","3.143488","1131","3.139236","1126","3.141348","1126","3.143788","1123","3.14136","1117","3.139868","1126","3.139044","1123","3.143292","1117","3.140456","1119","3.141652","1127","3.140832","1126","3.140072","1118","3.139484","1116","3.14044","1124","3.141068","1124","3.143484","1121","3.13896","1126","3.139776","1126","3.142428","1118","3.14194","1124","3.141228","1124","3.14232","1126","3.139856","1126","3.141172","1115","3.140444","1052","3.143056","1050","3.143092","1046","3.141252","1050","3.14376","1046","3.140232","1042","3.140256","1041","3.14222","1043","3.142612","1037","3.13966","1042","3.138744","1043","3.140656","1042","3.1432","1040","3.140688","1043","3.140904","1042","3.14336","1034","3.142516","1033","3.1414640000000005","1048","1174"
"24","3.140992","113","3.140992","498","3.140256","583","3.141964","849","3.141944","852","3.141384","875","3.138176","876","3.138568","875","3.141792","827","3.140412","875","3.143156","875","3.143412","849","3.139904","875","3.141048","848","3.141256","875","3.139548","875","3.142236","849","3.144112","875","3.141264","1006","3.141532","875","3.14194","875","3.141848","849","3.140424","1010","3.142","848","3.139964","875","3.144972","849","3.14114","851","3.143232","997","3.141288","998","3.143468","954","3.140604","996","3.142704","998","3.14162","997","3.141672","997","3.141024","1000","3.143696","999","3.1399","996","3.142516","996","3.143984","999","3.142508","997","3.142016","992","3.139172","957","3.140324","996","3.143824","998","3.140676","992","3.1426","966","3.140472","998","3.141324","954","3.140364","961","3.140416","963","3.1414","991","3.142652","997","3.144056","999","3.141024","999","3.141876","996","3.142244","991","3.141404","995","3.142608","987","3.144312","992","3.139568","962","3.14316","992","3.143556","992","3.143256","992","3.14122","992","3.14296","989","3.143188","995","3.143672","994","3.140272","989","3.141036","992","3.1427","966","3.142512","992","3.140444","973","3.140684","927","3.140696","925","3.141012","930","3.142852","926","3.14248","930","3.142528","929","3.139628","929","3.14242","930","3.141744","929","3.142348","872","3.14172","875","3.140632","875","3.14196","873","3.140064","873","3.143704","869","3.140884","872","3.140472","868","3.141036","868","3.14334","869","3.141384","887","3.142048","887","3.142868","866","3.142028","866","3.141684","869","3.141608","887","3.140544","887","3.14016","865","3.141552","861","3.141688399999999","915","1037"
"25","3.14238","383","3.139256","648","3.14176","456","3.143216","737","3.139276","647","3.142764","709","3.14012","737","3.142844","738","3.141344","647","3.142536","737","3.13926","738","3.141892","647","3.142148","737","3.14338","709","3.141216","732","3.140904","642","3.140336","732","3.139268","732","3.141112","703","3.14342","732","3.140896","732","3.140988","654","3.143608","720","3.143324","720","3.141336","691","3.14346","630","3.144496","691","3.140248","630","3.139892","719","3.143928","683","3.140388","861","3.140904","967","3.141692","967","3.141908","967","3.141492","860","3.144448","967","3.143492","967","3.140912","769","3.139436","712","3.143744","711","3.13932","966","3.139968","952","3.1427","955","3.140848","952","3.140448","952","3.140712","859","3.140104","952","3.147184","955","3.142268","952","3.143568","939","3.142468","939","3.139344","894","3.142332","894","3.141084","853","3.14046","894","3.14194","894","3.139312","895","3.142264","893","3.139996","893","3.142288","891","3.142496","864","3.141752","863","3.1413","863","3.140936","863","3.140724","863","3.141976","863","3.140852","863","3.141812","863","3.142808","840","3.143568","863","3.140692","863","3.141204","863","3.145128","863","3.142072","863","3.142896","864","3.140332","863","3.141912","838","3.141044","850","3.141904","851","3.144476","880","3.142584","848","3.142548","847","3.14236","859","3.137664","860","3.142724","855","3.140432","871","3.142188","852","3.14328","847","3.14098","851","3.140444","851","3.140588","847","3.1421","848","3.139856","867","3.141188","848","3.141492","848","3.143028","867","3.140316","848","3.140372","867","3.143128","848","3.139992","843","3.1416478","818","1027"
"26","3.142688","1036","3.140236","991","3.140092","991","3.141012","1036","3.14012","991","3.142396","968","3.144996","991","3.141544","1036","3.143756","1036","3.141568","1036","3.141696","991","3.1414","1036","3.14056","1036","3.14196","1036","3.139736","1036","3.142896","968","3.141168","1036","3.1398","991","3.143124","1032","3.1435","1028","3.140048","1023","3.14418","978","3.141784","1023","3.13824","1021","3.145252","1016","3.139588","1013","3.138248","1013","3.139864","1013","3.141776","1013","3.14354","944","3.140476","1013","3.138176","1013","3.143596","944","3.142244","1012","3.140776","1013","3.142336","1012","3.1411","1004","3.138912","954","3.145412","1000","3.140508","1000","3.140288","998","3.141896","1000","3.144308","977","3.13934","1000","3.142068","999","3.14304","1000","3.142352","1000","3.144052","978","3.144424","1014","3.143344","1013","3.14052","1014","3.140704","996","3.14294","996","3.146804","1014","3.1468","1013","3.141528","1013","3.141992","996","3.140788","1014","3.141152","1013","3.139356","1013","3.141456","1013","3.143724","1013","3.143484","1014","3.142656","1013","3.138748","1013","3.138724","1013","3.141336","1013","3.141116","1013","3.142704","1013","3.14406","996","3.1431","1013","3.141424","996","3.138808","1013","3.14348","1013","3.13948","996","3.140572","996","3.142292","996","3.142596","1013","3.142384","1013","3.143416","996","3.141876","1013","3.141116","1013","3.140776","996","3.143056","1013","3.14072","1013","3.14268","1013","3.143228","1013","3.141124","996","3.138784","995","3.141156","1013","3.144056","1013","3.142452","1013","3.138868","1013","3.140804","995","3.141596","1013","3.140224","1013","3.142912","994","3.137344","996","3.13932","1013","3.144292","1013","3.14169944","1006","1056"
"27","3.141568","509","3.142988","509","3.141152","546","3.141608","509","3.141884","509","3.141428","509","3.13918","509","3.139168","630","3.141208","630","3.143472","993","3.143368","989","3.143648","894","3.144112","994","3.140924","988","3.139892","860","3.14236","993","3.14128","994","3.140828","987","3.1416","994","3.140044","988","3.142008","994","3.138996","861","3.14122","988","3.139868","989","3.14198","987","3.142332","948","3.142844","990","3.142424","989","3.141028","994","3.141464","991","3.142736","986","3.14272","991","3.142432","948","3.140692","987","3.14158","991","3.142524","991","3.13814","994","3.138316","994","3.139724","989","3.142192","993","3.140884","985","3.144368","990","3.138936","997","3.141556","993","3.140072","982","3.142224","966","3.141832","962","3.138888","971","3.138704","967","3.141092","973","3.141864","972","3.140808","961","3.14204","972","3.142236","966","3.138252","973","3.141232","970","3.139008","960","3.140944","965","3.140812","971","3.142292","973","3.143296","971","3.140984","962","3.142176","961","3.139844","960","3.144092","963","3.138812","961","3.140108","948","3.142808","963","3.141668","961","3.140984","963","3.140508","962","3.140292","962","3.139884","958","3.141436","948","3.142184","962","3.142436","962","3.142896","961","3.141752","963","3.143652","953","3.140648","962","3.142408","962","3.142204","958","3.140684","948","3.140736","962","3.138604","960","3.140328","962","3.140848","961","3.141008","961","3.143816","961","3.144484","947","3.141164","953","3.142732","953","3.1409","952","3.139068","961","3.141764","958","3.139696","960","3.144148","953","3.14","962","3.14118","961","3.139324","951","3.1413053200000003","929","1011"
"28","3.142012","49","3.144808","66","3.143072","66","3.14016","594","3.145008","481","3.143584","689","3.139556","460","3.143068","775","3.141476","503","3.139428","697","3.14416","729","3.140544","688","3.143084","772","3.141248","729","3.144352","442","3.142784","689","3.14294","690","3.143992","697","3.141532","729","3.140008","729","3.14134","503","3.144188","442","3.141128","481","3.139832","663","3.141844","690","3.141696","693","3.140252","692","3.138184","689","3.14364","690","3.139968","687","3.1423","685","3.139656","685","3.142844","685","3.140512","683","3.14042","680","3.142456","680","3.141496","680","3.138548","795","3.142288","856","3.140384","675","3.141852","770","3.144972","851","3.142612","882","3.139864","880","3.140788","880","3.142528","882","3.14478","881","3.141132","880","3.139888","880","3.142548","855","3.142988","880","3.140648","881","3.142916","878","3.142648","875","3.140892","877","3.139664","875","3.144972","856","3.141572","877","3.13812","875","3.140524","875","3.140944","867","3.142632","845","3.13968","845","3.139344","846","3.142532","845","3.145272","843","3.14264","844","3.138204","843","3.14076","844","3.144576","839","3.141204","840","3.143416","838","3.14332","834","3.14248","833","3.14144","835","3.142252","835","3.143544","828","3.143776","828","3.1387","828","3.142572","829","3.137924","828","3.140116","828","3.140304","828","3.143332","828","3.13922","827","3.142296","829","3.142964","829","3.142528","829","3.140428","829","3.14066","828","3.142528","829","3.143372","828","3.1434","829","3.141856","827","3.14152","827","3.139568","827","3.1394","827","3.141216","829","3.139648","829","3.14088","827","3.141681480000001","753","989"
"29","3.139288","444","3.141","388","3.141968","388","3.14166","660","3.142092","659","3.141124","660","3.139048","660","3.141272","660","3.142156","660","3.144044","660","3.140292","659","3.141288","659","3.14752","660","3.1409","690","3.143204","660","3.147108","660","3.142212","660","3.141828","613","3.1416","660","3.14012","637","3.14108","660","3.14188","638","3.140836","691","3.140928","637","3.141896","659","3.1433","613","3.142088","614","3.142708","943","3.14024","944","3.142136","943","3.140368","943","3.14218","945","3.142872","943","3.139592","945","3.143528","943","3.143764","923","3.138664","943","3.141184","943","3.142176","944","3.143224","943","3.141224","943","3.144012","943","3.141084","943","3.14118","943","3.141156","943","3.139972","943","3.141764","942","3.144468","943","3.140904","940","3.140044","939","3.145144","940","3.142188","940","3.141512","939","3.141808","940","3.141368","940","3.137716","939","3.141984","940","3.143516","940","3.139184","939","3.142012","939","3.13982","940","3.143884","939","3.14374","941","3.140944","939","3.141196","939","3.140896","921","3.13878","940","3.14112","939","3.14294","939","3.143148","888","3.140168","881","3.141348","881","3.139596","881","3.144508","876","3.141404","876","3.139264","876","3.145724","876","3.1413","873","3.14334","874","3.13996","876","3.142084","874","3.143772","874","3.141048","874","3.142748","876","3.140276","876","3.14218","876","3.139784","874","3.14346","876","3.139636","874","3.14246","876","3.139324","874","3.144296","871","3.143508","862","3.14058","859","3.13982","859","3.14336","859","3.141132","862","3.140352","860","3.14054","860","3.143552","860","3.1417360000000003","834","1002"
"30","3.14056","48","3.141204","313","3.139764","313","3.140744","262","3.140472","312","3.141664","287","3.143484","263","3.141476","908","3.14178","629","3.1416","309","3.143276","309","3.14152","907","3.139988","310","3.1398","992","3.142888","992","3.140628","992","3.1441","992","3.141632","964","3.141188","948","3.140824","948","3.140508","971","3.14144","970","3.141088","970","3.143668","948","3.141136","970","3.141704","970","3.144244","971","3.142368","970","3.13894","970","3.139604","970","3.142728","970","3.143164","948","3.142952","971","3.142576","970","3.14438","970","3.143072","969","3.139252","971","3.139648","968","3.143356","967","3.140824","964","3.143344","928","3.14052","931","3.143732","964","3.13772","964","3.141524","963","3.14092","962","3.14138","942","3.142548","963","3.14158","963","3.142612","964","3.142788","963","3.142896","964","3.1418","935","3.139348","964","3.141888","963","3.139484","964","3.140084","964","3.142268","942","3.141056","962","3.141052","963","3.14158","939","3.142132","964","3.141104","932","3.141872","963","3.14228","941","3.138788","964","3.141676","962","3.14282","939","3.140904","963","3.142288","962","3.14304","963","3.142068","964","3.140404","963","3.14546","963","3.142016","939","3.141888","963","3.14234","962","3.142068","963","3.141212","940","3.140208","963","3.14288","963","3.142496","962","3.142768","963","3.139344","963","3.144312","963","3.140608","962","3.142164","963","3.138276","963","3.143208","962","3.140856","923","3.14062","913","3.140244","945","3.141392","944","3.137952","944","3.14318","943","3.142476","945","3.143992","944","3.139916","944","3.141292","943","3.144804","944","3.1416271600000014","885","1053"
"31","3.141864","159","3.138912","513","3.140108","1043","3.141212","1043","3.139624","947","3.140648","1013","3.141992","991","3.14124","1013","3.141684","991","3.13916","1012","3.139396","1043","3.141792","949","3.14232","1043","3.141584","983","3.13952","1043","3.141908","956","3.139484","1017","3.14062","979","3.144084","983","3.14314","885","3.13998","1012","3.14084","1043","3.14036","1043","3.141892","1043","3.142328","1014","3.140004","1040","3.141968","1039","3.142052","1013","3.139628","1014","3.139504","1040","3.144216","1040","3.139932","1036","3.14186","1007","3.142664","1042","3.143764","1036","3.140084","1008","3.142656","1007","3.142224","1037","3.140736","1037","3.141084","1036","3.144132","1037","3.140084","1036","3.143404","1036","3.142788","1036","3.140176","1036","3.142684","1008","3.140152","1036","3.141588","1036","3.143","1036","3.139868","1010","3.140728","1014","3.142856","1036","3.142948","1036","3.141728","1036","3.142648","1036","3.143024","1036","3.142372","1036","3.13994","1007","3.143356","1036","3.142808","1007","3.1436","1037","3.144344","1012","3.138556","1036","3.14146","994","3.139852","990","3.142116","990","3.143228","991","3.141852","990","3.14214","992","3.141288","992","3.141628","992","3.143724","990","3.145096","983","3.142524","983","3.14124","984","3.141756","985","3.142536","983","3.139188","984","3.141684","984","3.143484","981","3.142712","979","3.141504","981","3.139108","982","3.14108","982","3.138636","983","3.140012","982","3.13986","980","3.139672","983","3.139864","978","3.139736","978","3.14186","972","3.144384","971","3.140376","975","3.144144","975","3.137536","973","3.140132","974","3.140876","970","3.1434","974","3.138832","971","3.14446","972","3.14147832","991","1051"
"32","3.14182","758","3.1426","806","3.14546","1062","3.138424","1057","3.142352","1061","3.141248","1060","3.140608","1024","3.142188","1062","3.14038","1057","3.141092","1059","3.138532","1062","3.144736","1058","3.14044","1058","3.140468","1057","3.143936","1058","3.140924","1029","3.141612","1038","3.139608","1037","3.141816","1057","3.13942","1025","3.141692","1057","3.14128","1062","3.142292","1055","3.143164","1059","3.141764","1057","3.143576","1057","3.141296","1061","3.142788","1055","3.140104","1057","3.140024","1057","3.142356","1055","3.139704","1057","3.140272","1057","3.14112","1063","3.140312","1057","3.140816","1062","3.139504","1025","3.142308","1060","3.14338","1058","3.141544","1058","3.140796","1057","3.138552","1058","3.141084","1057","3.143628","1028","3.141648","1058","3.142276","1023","3.141236","1036","3.142064","1060","3.141096","1060","3.142176","1025","3.140064","1024","3.142456","1060","3.138328","1058","3.141948","1029","3.143432","1028","3.1412","1055","3.141524","1058","3.140708","1037","3.14092","1060","3.14062","1060","3.141504","1060","3.14054","1058","3.139972","1058","3.137724","1036","3.142604","1057","3.142628","1038","3.138388","1033","3.14232","1032","3.143896","1033","3.141216","1032","3.140652","1028","3.14216","1004","3.138244","1028","3.141016","1032","3.141196","1032","3.141392","1030","3.139652","1026","3.14196","1027","3.144848","1022","3.142576","1030","3.140352","1030","3.14128","1029","3.141972","1026","3.140084","1024","3.142908","1028","3.140192","1029","3.140276","1029","3.142556","1026","3.140696","1029","3.140944","1029","3.139832","1027","3.142496","1026","3.14386","1023","3.143396","990","3.141668","990","3.143564","994","3.142748","994","3.141172","994","3.142184","994","3.144284","993","3.14143668","1035","1068"
"33","3.140036","316","3.140416","812","3.137524","812","3.14386","785","3.142992","812","3.141592","781","3.140364","812","3.141664","812","3.14374","811","3.14332","784","3.141728","812","3.142568","812","3.14146","811","3.139612","812","3.141292","811","3.14098","812","3.142992","812","3.14238","991","3.139608","1020","3.142172","995","3.140632","927","3.141956","999","3.144216","1019","3.138956","1020","3.141844","1019","3.142336","1019","3.142588","1019","3.143856","1019","3.141536","993","3.139024","993","3.140536","994","3.14184","1019","3.13942","1019","3.142452","1019","3.142112","1019","3.142424","999","3.14096","995","3.143892","1019","3.139168","915","3.141052","995","3.141312","923","3.139992","914","3.139504","1019","3.143536","877","3.142884","1019","3.142212","1019","3.14012","1019","3.140848","1007","3.139656","1007","3.14128","1007","3.14508","1007","3.141264","1007","3.141092","974","3.141288","992","3.144132","992","3.140596","992","3.141048","991","3.14256","992","3.142864","991","3.147596","991","3.141388","991","3.139468","940","3.140792","940","3.142464","939","3.139076","939","3.141992","934","3.14086","934","3.141464","935","3.143732","934","3.137384","935","3.14234","933","3.140948","931","3.143728","931","3.140332","932","3.140104","928","3.141848","929","3.140056","929","3.138784","927","3.14234","927","3.14208","928","3.140536","922","3.143328","922","3.142868","923","3.139736","923","3.142532","922","3.142352","920","3.141384","919","3.141248","920","3.14334","920","3.141988","918","3.141796","918","3.140004","917","3.142052","917","3.141452","917","3.141256","915","3.13986","911","3.144104","913","3.140576","913","3.141308","913","3.140604","913","3.141534680000002","930","1043"
"34","3.140492","1015","3.141544","1010","3.140492","1011","3.145652","1020","3.139736","1015","3.144784","1020","3.140364","1020","3.142712","1015","3.140484","1021","3.142808","981","3.142532","1021","3.140844","1020","3.141548","1015","3.14046","1009","3.140284","987","3.142168","1020","3.140616","1016","3.142608","1020","3.14484","1009","3.141328","1021","3.14074","1021","3.141664","1020","3.139816","1011","3.141088","1021","3.1403","1020","3.139944","1009","3.14084","1012","3.14222","1020","3.146052","1020","3.143568","1009","3.1426","1021","3.141876","1009","3.140664","1010","3.140396","1020","3.141724","1020","3.1418","1012","3.14192","1011","3.14018","1020","3.141848","1016","3.139368","1015","3.140952","1020","3.143444","987","3.143112","1008","3.139244","1011","3.142964","1020","3.142244","1020","3.142164","1020","3.141144","1020","3.140328","1020","3.140268","1008","3.138564","1008","3.141604","1020","3.140284","1020","3.141224","1015","3.14382","1021","3.141024","1010","3.142796","1011","3.137952","1008","3.14148","1015","3.140944","1020","3.140524","1020","3.140688","1014","3.14196","1014","3.142896","1020","3.1408","1015","3.141092","1009","3.142992","1009","3.142688","1015","3.139444","1016","3.141572","1015","3.140932","1010","3.139924","1011","3.141368","1008","3.14014","1009","3.146044","1009","3.141248","1016","3.13848","1008","3.140176","1020","3.14178","1019","3.14318","1019","3.140416","1008","3.144708","1015","3.138596","1011","3.142464","1011","3.1419","1008","3.142076","1007","3.14326","1013","3.13938","1008","3.142712","1019","3.14356","983","3.14096","1020","3.140764","1010","3.1399","1019","3.140688","1019","3.138932","1019","3.14194","1019","3.140196","1020","3.142192","1014","3.141828","1010","3.145076","1019","3.14149936","1013","1021"
"35","3.144244","442","3.144036","645","3.141724","684","3.143808","646","3.139012","679","3.140464","684","3.141216","679","3.139276","684","3.141632","645","3.141812","684","3.143808","1012","3.144468","1012","3.140068","684","3.143088","640","3.142356","677","3.143992","892","3.143468","995","3.143396","999","3.142768","824","3.141836","995","3.143004","1028","3.141832","788","3.14164","1002","3.140556","1003","3.14256","1015","3.14102","982","3.142996","982","3.140328","988","3.14246","1015","3.14136","991","3.142492","984","3.14316","1015","3.140404","1015","3.141276","993","3.142204","1015","3.143864","1016","3.139996","990","3.140272","988","3.143032","1008","3.140312","1008","3.140872","1008","3.14148","980","3.142088","1008","3.140436","1009","3.142096","1008","3.143536","1008","3.143996","1009","3.1437","1008","3.140584","1009","3.141316","981","3.141328","1009","3.140444","1008","3.143884","1009","3.141696","1008","3.141244","1008","3.142308","1008","3.1426","1009","3.140312","987","3.143084","1008","3.142808","989","3.140188","1008","3.1446","1008","3.138168","1008","3.1391","1008","3.13708","1008","3.141416","1008","3.14194","1008","3.140996","1008","3.1417","1008","3.142248","1008","3.143772","1009","3.140024","975","3.142956","987","3.142852","1009","3.145492","1008","3.142596","987","3.1425","1008","3.138012","1008","3.143036","1008","3.139464","1008","3.14232","1008","3.142196","1008","3.140164","1007","3.1393","1008","3.141112","1008","3.1438","1008","3.142752","997","3.14246","996","3.141668","967","3.141116","967","3.141432","967","3.143936","967","3.142","966","3.1408","945","3.1382","967","3.142084","966","3.140252","967","3.138948","967","3.13774","967","3.14176","966","3.14173232","948","1047"
"36","3.140956","1027","3.142188","1002","3.1414","1028","3.14128","1028","3.139936","1029","3.13878","1028","3.140296","1028","3.1443","1029","3.142244","1002","3.141068","964","3.142944","1029","3.139836","1028","3.140624","1027","3.143044","1028","3.1414","1028","3.140932","1028","3.141192","1028","3.139108","1028","3.141192","1029","3.141148","964","3.14138","1028","3.141012","1027","3.139748","1029","3.142996","1006","3.139752","1002","3.141092","1006","3.141416","1027","3.139548","1028","3.139796","1000","3.140516","1003","3.1448","1029","3.143568","1027","3.14452","1027","3.140572","1003","3.138736","1028","3.140892","1027","3.141428","976","3.142112","1002","3.141236","1002","3.140796","963","3.1437","1027","3.139996","1006","3.140672","1027","3.14114","1028","3.141144","1027","3.14464","1028","3.140424","1028","3.142908","1027","3.14134","1028","3.14114","1028","3.141692","1001","3.139604","1029","3.139332","1027","3.142012","1028","3.142204","1028","3.139504","1003","3.140612","1027","3.142468","1028","3.140032","1006","3.1402","1001","3.140448","1000","3.140656","999","3.140764","1027","3.141596","1000","3.141252","1027","3.140892","1027","3.14146","1027","3.14226","1027","3.142132","1006","3.142708","1027","3.141384","1027","3.140604","1027","3.142568","1028","3.140216","1028","3.140584","1029","3.14468","995","3.13966","995","3.1398","997","3.143508","995","3.139584","995","3.1419","997","3.141244","995","3.13944","997","3.143852","996","3.142016","996","3.14416","995","3.141128","997","3.14322","997","3.14198","995","3.143524","996","3.140764","996","3.142436","995","3.144172","995","3.142296","995","3.144188","995","3.142328","995","3.141524","997","3.141164","995","3.141312","996","3.144076","994","3.1414802799999997","1012","1030"
"37","3.139328","617","3.140144","676","3.14338","729","3.14046","729","3.145116","648","3.141868","704","3.140044","675","3.142024","729","3.141548","729","3.139552","729","3.142448","729","3.142012","1021","3.140236","1046","3.143204","1046","3.141276","1022","3.14184","1046","3.141464","1046","3.14418","1020","3.140088","1010","3.141072","1046","3.140372","1021","3.142184","1046","3.143784","1020","3.142976","1046","3.144148","1046","3.140032","1046","3.14124","1010","3.14096","1001","3.139228","1001","3.142468","999","3.13904","974","3.14068","999","3.142472","998","3.142656","999","3.14044","999","3.141692","974","3.142036","998","3.14148","998","3.141152","999","3.143472","998","3.14164","998","3.139936","985","3.141788","955","3.141012","984","3.144072","984","3.140572","984","3.142248","961","3.139632","978","3.143004","984","3.142696","977","3.140832","984","3.14008","982","3.141404","982","3.1418","978","3.14174","977","3.141796","982","3.14304","983","3.14288","980","3.14296","983","3.141952","982","3.140316","979","3.139424","980","3.141672","982","3.140456","983","3.142324","977","3.14292","984","3.143024","983","3.141412","979","3.1418","980","3.143552","982","3.138944","981","3.142064","977","3.146096","984","3.142444","982","3.141968","978","3.138852","981","3.141804","983","3.146784","984","3.1437","981","3.141244","981","3.14214","977","3.141024","977","3.140888","979","3.141348","982","3.140112","976","3.14264","979","3.143168","983","3.14164","983","3.146072","983","3.140672","983","3.139332","979","3.142852","977","3.142472","982","3.13902","983","3.138972","980","3.13952","982","3.14164","983","3.143168","981","3.142524","982","3.14156","981","3.1417044400000003","960","1062"
"38","3.144104","700","3.139584","700","3.144304","700","3.141932","696","3.139332","672","3.14058","696","3.141476","696","3.14024","696","3.141412","696","3.14136","695","3.142","695","3.142908","688","3.1425","688","3.141716","965","3.14046","970","3.143064","961","3.140728","966","3.142228","961","3.141336","961","3.140888","970","3.13944","969","3.14414","963","3.138996","970","3.142612","873","3.14252","965","3.144948","963","3.144096","966","3.141788","966","3.141856","970","3.139924","966","3.14152","970","3.142332","970","3.140248","970","3.139724","964","3.142772","960","3.140592","965","3.140896","963","3.143736","930","3.14094","927","3.14378","933","3.140652","932","3.141332","923","3.145388","927","3.142876","933","3.139532","933","3.141764","933","3.143552","933","3.141012","928","3.139612","933","3.142064","918","3.14252","919","3.139116","913","3.13974","909","3.141624","930","3.143672","930","3.141808","902","3.14308","913","3.138768","930","3.14366","905","3.142252","930","3.143976","930","3.140092","930","3.143284","905","3.140284","930","3.139068","930","3.143556","910","3.139316","930","3.140196","930","3.141392","930","3.14166","930","3.1407","908","3.144348","930","3.142628","909","3.139884","927","3.140376","904","3.14094","909","3.141356","927","3.140008","926","3.142204","927","3.142688","903","3.139772","899","3.141144","920","3.139536","920","3.141464","920","3.1404","899","3.140084","899","3.140448","899","3.143048","899","3.140768","899","3.141888","880","3.139576","899","3.14064","899","3.140844","899","3.141644","899","3.141692","899","3.14176","899","3.141636","899","3.139908","899","3.139224","899","3.141276","899","3.1414774400000005","898","1003"
"39","3.141172","338","3.142336","811","3.141508","841","3.1418","811","3.145756","840","3.142124","840","3.140508","841","3.140332","835","3.140008","801","3.142272","835","3.14326","804","3.142392","833","3.140664","833","3.141984","832","3.1423","832","3.1402","827","3.142288","827","3.142128","827","3.140724","827","3.13966","794","3.142268","823","3.140504","823","3.140036","820","3.141932","820","3.1415","820","3.143044","787","3.142288","779","3.1421","820","3.141268","791","3.140368","787","3.14058","982","3.141132","982","3.141012","982","3.140184","975","3.140916","1040","3.143392","1042","3.139676","972","3.140636","973","3.143744","1043","3.14226","1002","3.139632","982","3.13948","982","3.139712","983","3.139288","1042","3.140624","1040","3.139788","972","3.14258","1042","3.142216","945","3.142772","1040","3.14032","999","3.143736","1039","3.142836","1000","3.141712","999","3.139036","1034","3.141772","1037","3.141992","1037","3.140608","944","3.1408","938","3.142588","945","3.142892","942","3.140832","979","3.143244","945","3.141128","983","3.140368","935","3.140116","973","3.142276","971","3.141968","974","3.139316","979","3.14324","980","3.144816","977","3.14124","978","3.143284","979","3.1432","979","3.142556","979","3.142432","978","3.140468","974","3.142432","976","3.1432","975","3.142352","996","3.139244","996","3.141824","975","3.142716","975","3.13654","977","3.140928","976","3.142776","977","3.13876","996","3.140152","973","3.142772","976","3.139692","976","3.140828","972","3.143008","974","3.139884","976","3.14178","996","3.144824","967","3.14246","974","3.139356","977","3.141216","996","3.14488","975","3.14342","976","3.14074","996","3.14152908","931","1103"
"40","3.14444","226","3.140968","688","3.141296","572","3.139928","1027","3.14278","1020","3.138864","1051","3.14018","640","3.143272","1051","3.139876","982","3.141924","688","3.143536","1013","3.144676","982","3.140204","544","3.139312","1020","3.14048","1021","3.139744","1027","3.140064","1017","3.139468","1013","3.143724","1017","3.140276","983","3.142628","983","3.142864","1007","3.143572","1001","3.143016","1001","3.141164","1001","3.14142","977","3.139772","1001","3.143072","1000","3.142144","1001","3.141636","1001","3.137496","1001","3.141608","1001","3.142232","1001","3.139912","1001","3.138548","1001","3.139416","1001","3.140188","1000","3.139976","1000","3.140216","996","3.140076","997","3.143508","996","3.139332","996","3.140444","997","3.14038","963","3.144236","996","3.138256","997","3.141444","997","3.141316","971","3.142376","997","3.141008","995","3.141184","997","3.140144","997","3.14172","996","3.141784","996","3.140596","996","3.142988","996","3.141592","996","3.143516","993","3.141912","993","3.139956","993","3.142856","965","3.140016","993","3.141028","993","3.14058","992","3.141452","993","3.14228","993","3.139724","967","3.144632","994","3.141556","993","3.14282","992","3.142136","993","3.140648","956","3.140204","993","3.143676","994","3.14418","993","3.140804","994","3.141064","961","3.142644","993","3.14212","993","3.141476","993","3.140224","978","3.141412","978","3.141992","978","3.140616","978","3.1423","978","3.139428","978","3.143272","978","3.143552","978","3.14264","940","3.138892","972","3.141888","946","3.142308","941","3.141924","939","3.139564","938","3.142808","938","3.142412","938","3.138748","938","3.140324","925","3.142376","925","3.142172","922","3.1413840800000012","962","1053"
"41","3.140212","278","3.141944","433","3.143112","1045","3.1387","1047","3.14286","1045","3.13904","1047","3.14074","1047","3.141432","1045","3.140124","1045","3.140448","1046","3.139624","1045","3.138652","1047","3.142484","1045","3.140628","1045","3.140756","878","3.140544","1020","3.140676","1044","3.143252","1047","3.142752","1047","3.143656","1046","3.141984","1047","3.141072","1047","3.141172","1046","3.144076","1045","3.142012","1046","3.139644","1044","3.143192","1047","3.145896","1047","3.1436","915","3.139752","1046","3.14082","1044","3.141776","1044","3.14284","1047","3.13768","1025","3.140532","1025","3.141436","1025","3.1422","1022","3.140964","1025","3.142788","1022","3.143368","1022","3.142652","1025","3.138664","1024","3.14112","1025","3.13998","1005","3.144876","1002","3.141712","1005","3.142212","1006","3.13694","1001","3.139976","1005","3.139448","1002","3.143936","1005","3.141744","1005","3.144316","966","3.142492","992","3.141224","989","3.142036","989","3.141896","989","3.142044","986","3.14242","981","3.143076","982","3.141552","985","3.138456","982","3.14076","986","3.144308","985","3.140896","1008","3.141212","1008","3.142324","991","3.140032","1007","3.142656","992","3.141304","1008","3.139512","1008","3.140812","1008","3.139452","990","3.1421","989","3.14186","1006","3.143408","990","3.141532","1006","3.142276","987","3.142244","1006","3.14202","1006","3.140764","990","3.141996","977","3.145648","1006","3.140048","1006","3.143596","1006","3.140992","989","3.142032","990","3.14082","1006","3.142012","1005","3.142244","989","3.142684","987","3.14324","1006","3.14124","1005","3.142784","986","3.142168","1005","3.13992","1005","3.14348","989","3.142476","974","3.143168","1004","3.142952","1002","3.1416418399999992","998","1077"
"42","3.14146","698","3.139724","698","3.140048","701","3.140788","698","3.139752","698","3.142384","698","3.141992","698","3.14166","1032","3.1441","1031","3.140696","1031","3.137452","1030","3.141576","1027","3.142908","1030","3.13904","1014","3.142436","1032","3.140716","1026","3.141796","1030","3.143196","1031","3.13986","1033","3.142292","1030","3.143276","1028","3.14028","1032","3.139656","1027","3.140816","1031","3.145236","1026","3.140912","1019","3.139132","1028","3.140976","1027","3.142164","1031","3.14262","1022","3.138788","1029","3.141532","1019","3.140936","1029","3.14094","1032","3.140796","1032","3.140484","1022","3.141904","1019","3.139476","1030","3.14072","1024","3.142388","1031","3.140804","1031","3.1414","1028","3.139612","1026","3.142112","1032","3.138148","1026","3.142696","1020","3.141496","1029","3.142132","1022","3.144032","1029","3.141948","1014","3.14238","1019","3.14018","1033","3.142204","1029","3.142952","1028","3.143568","1030","3.141104","1025","3.141728","1031","3.141388","1026","3.140752","1032","3.145028","1020","3.1427","1017","3.141988","1030","3.140968","1027","3.141176","1026","3.143208","1027","3.139396","1031","3.14056","1030","3.139224","1028","3.137588","1029","3.140732","1028","3.142164","1028","3.141452","1027","3.142036","1027","3.139752","1024","3.141476","1023","3.141348","1030","3.139716","1026","3.145316","1017","3.142108","1025","3.13988","1028","3.142328","1010","3.141136","1020","3.145436","1015","3.1418","1028","3.142492","1024","3.142676","1013","3.1405","1045","3.141872","1027","3.142708","1025","3.138264","1022","3.142576","1025","3.142012","1010","3.14008","1045","3.143736","1028","3.141232","1026","3.142128","1023","3.14004","1028","3.140576","1018","3.14234","1026","3.141368","1023","3.1414066","1003","1056"
"43","3.143596","554","3.143716","553","3.14354","907","3.141724","919","3.142812","919","3.14084","918","3.140224","919","3.141024","918","3.14068","919","3.141988","883","3.141304","975","3.1414","1001","3.139724","1009","3.142808","945","3.14252","930","3.138836","1002","3.141972","1008","3.141784","1000","3.142392","1001","3.144428","897","3.141204","1001","3.1395","1001","3.14028","930","3.140788","1044","3.1438","1001","3.139708","1001","3.143156","1043","3.140896","939","3.142848","944","3.140764","975","3.14222","1001","3.140444","1005","3.140692","971","3.142988","1000","3.138808","1035","3.14296","1061","3.143008","1061","3.142312","1061","3.139908","1035","3.14224","1039","3.141304","1061","3.142288","1061","3.143472","1060","3.143816","1060","3.140012","1061","3.141132","1060","3.140416","1036","3.141664","1060","3.142116","1060","3.140428","1060","3.142316","1060","3.141176","1062","3.140472","1061","3.141704","1038","3.141532","1036","3.140104","1062","3.144324","1058","3.139004","1032","3.14446","1057","3.141344","1057","3.144028","1057","3.14106","1057","3.141924","1049","3.140436","1050","3.140656","1049","3.14232","1050","3.139868","1051","3.13896","1050","3.141496","1051","3.140836","1051","3.143184","1050","3.141368","1051","3.142184","1049","3.141816","1051","3.139476","1049","3.143656","1049","3.14306","1051","3.140792","1044","3.140128","1044","3.1417","1044","3.140528","1044","3.140916","1044","3.143088","1044","3.141364","1043","3.144328","1045","3.141112","1043","3.140128","1044","3.141392","1044","3.142368","1022","3.143088","1044","3.144204","1044","3.141224","1045","3.139464","1045","3.13826","1045","3.140252","1043","3.14082","1043","3.140812","1043","3.141216","1045","3.142292","1013","3.142468","1013","3.1415719199999983","1012","1083"
"44","3.140724","519","3.140908","962","3.14292","1003","3.142508","1003","3.141816","1036","3.14078","1036","3.140752","954","3.139632","1003","3.140528","1003","3.139836","933","3.141748","1003","3.141372","971","3.13922","971","3.142868","1003","3.139428","1020","3.141476","1020","3.14064","1020","3.13996","986","3.14232","979","3.139456","1018","3.1441","986","3.14558","990","3.140756","1018","3.142012","989","3.14196","1018","3.143924","1018","3.143408","1019","3.13942","990","3.14018","1018","3.143116","1018","3.141144","1006","3.143452","1006","3.143","1006","3.141352","1006","3.139604","1006","3.140132","1006","3.141572","1005","3.140348","1006","3.139884","1005","3.141328","1006","3.141852","1006","3.143272","1006","3.141156","1006","3.143816","1006","3.141004","1006","3.141644","1005","3.14266","975","3.14408","968","3.14336","1005","3.13968","1006","3.14272","1005","3.144172","1005","3.140908","1005","3.144036","1005","3.143336","966","3.142772","1005","3.14252","1005","3.142384","1005","3.140444","1004","3.141188","1006","3.13814","975","3.140444","1005","3.140032","1005","3.142552","1006","3.137648","1006","3.140852","1006","3.14154","1005","3.139972","1005","3.143392","1006","3.14462","1005","3.141116","1006","3.14088","1006","3.141896","1006","3.14188","1004","3.140908","1005","3.140764","1005","3.142136","1004","3.145204","1005","3.143924","1004","3.139932","980","3.14194","979","3.140868","980","3.13904","979","3.139344","979","3.14094","980","3.143536","979","3.141556","979","3.143176","980","3.139972","978","3.140492","980","3.142744","964","3.139892","958","3.140456","941","3.13952","940","3.142408","936","3.14094","935","3.144644","935","3.143088","935","3.144876","936","3.140564","934","3.141599959999999","988","1039"
"45","3.14118","468","3.141872","492","3.141608","520","3.14098","467","3.142088","1056","3.136736","1044","3.141256","1044","3.141512","696","3.139144","1057","3.142928","993","3.141912","1016","3.143308","1048","3.13926","1057","3.143788","1015","3.144868","1015","3.141264","643","3.140888","1015","3.142376","1031","3.142104","997","3.1415","1031","3.140868","1018","3.141116","1031","3.143228","1031","3.139656","1022","3.14248","1031","3.140556","1031","3.1437","1056","3.139472","1016","3.139188","1048","3.142212","1047","3.137408","1048","3.138416","1047","3.143708","1011","3.140696","1048","3.136292","1048","3.142148","1047","3.143928","1047","3.141084","1048","3.141524","1013","3.141888","1048","3.138368","1024","3.138548","1018","3.143028","1012","3.143452","1048","3.144744","1047","3.140376","1024","3.137284","1047","3.142744","1048","3.137144","1047","3.140756","1047","3.139148","1020","3.143056","1023","3.138136","1011","3.145464","1048","3.13962","1048","3.143176","1047","3.138636","1017","3.141084","1023","3.139648","1024","3.144948","1021","3.144152","1025","3.140948","1047","3.141896","1023","3.143016","1047","3.14172","1047","3.141344","1010","3.14164","1018","3.140128","1017","3.1412","1018","3.144692","1047","3.141468","1047","3.142196","1023","3.142568","1015","3.139524","1011","3.143128","1047","3.140832","1046","3.143144","1014","3.140208","1047","3.142092","1047","3.14306","1047","3.140876","1046","3.141348","1024","3.1427","1047","3.14218","1016","3.140692","1047","3.142156","1028","3.142228","1029","3.142356","1029","3.139748","1028","3.138524","1028","3.141588","1028","3.14276","1028","3.142804","1022","3.140816","1011","3.142976","1012","3.141052","1011","3.14346","1012","3.144784","1012","3.140196","1011","3.140908","1012","3.1414260800000005","1002","1088"
"46","3.141556","585","3.142688","585","3.143056","585","3.139992","505","3.141496","529","3.14126","585","3.139824","585","3.136728","585","3.142132","505","3.143068","580","3.143764","1046","3.140312","1026","3.142536","1026","3.142048","1046","3.140744","1015","3.143288","1026","3.140528","1046","3.14132","1026","3.140452","1048","3.139424","948","3.148228","1046","3.142268","1046","3.143652","1014","3.140004","1047","3.141528","1046","3.1423","1016","3.141808","1048","3.142196","1047","3.141728","1046","3.140208","1049","3.140732","1026","3.138728","951","3.140484","1046","3.141088","1047","3.142916","1046","3.14208","1047","3.143272","1048","3.141216","1046","3.142608","1047","3.141608","1014","3.14368","1047","3.14244","1040","3.145392","1042","3.144168","1044","3.144188","1040","3.14478","1044","3.141376","1047","3.141608","1016","3.141284","1041","3.140284","1041","3.142392","1040","3.144104","1009","3.14126","1046","3.139948","1043","3.14298","1020","3.144652","1047","3.1421","1046","3.142464","1040","3.141808","1040","3.141396","1040","3.145312","1040","3.142396","1040","3.142824","1043","3.143744","1036","3.143484","1042","3.14136","1036","3.140624","1000","3.140276","988","3.140384","985","3.140144","984","3.140296","985","3.139968","989","3.140788","987","3.140004","986","3.1417","980","3.142576","985","3.141436","988","3.141964","978","3.14302","984","3.140116","985","3.141884","985","3.142088","978","3.140496","977","3.143228","984","3.140776","975","3.14222","976","3.139084","979","3.140928","980","3.14338","970","3.138628","969","3.14266","971","3.140832","951","3.140188","961","3.141088","957","3.141336","959","3.141828","958","3.13764","960","3.139632","960","3.140692","959","3.142284","959","3.1417048","967","1068"
"47","3.14172","259","3.141532","206","3.141872","1018","3.13936","1018","3.140088","989","3.140236","1017","3.141108","1021","3.14416","827","3.138932","1017","3.140908","1018","3.140984","1023","3.141","861","3.143176","827","3.13802","1017","3.140544","1017","3.142344","1021","3.1409","1017","3.13904","1021","3.141872","1018","3.14178","1022","3.143916","1023","3.141992","1017","3.142332","1021","3.143116","1023","3.140664","1022","3.142768","1019","3.142008","1022","3.140932","1021","3.142016","1016","3.14334","913","3.140264","1016","3.14312","1023","3.143376","1021","3.141568","1019","3.141804","1003","3.14192","971","3.141224","1007","3.138924","1001","3.14228","1004","3.142348","1005","3.141136","1004","3.14118","1007","3.137536","1000","3.141228","1004","3.14214","999","3.141724","1004","3.142136","1000","3.140432","999","3.14096","1000","3.140252","999","3.145584","1004","3.141516","1007","3.141116","1004","3.138728","1000","3.137496","1000","3.141312","1000","3.143092","1005","3.143976","1004","3.140056","1004","3.141964","1004","3.1421","999","3.138652","1004","3.1389","1004","3.141668","1004","3.141156","1005","3.140764","999","3.14346","999","3.141188","999","3.142004","1004","3.143892","1005","3.141188","999","3.13984","1000","3.139224","1005","3.14056","1004","3.141864","999","3.141064","1000","3.143868","999","3.140368","1000","3.144624","1007","3.139672","1004","3.13982","1004","3.140668","1003","3.1383","999","3.141628","970","3.141812","1004","3.14172","994","3.139688","991","3.143096","994","3.141608","994","3.142052","994","3.140548","993","3.141936","993","3.140356","994","3.144812","994","3.13882","994","3.14036","993","3.142192","993","3.141284","991","3.143152","993","3.141492","994","3.1413445200000014","983","1058"
"48","3.142032","301","3.138748","834","3.138748","788","3.143012","813","3.14442","768","3.139752","768","3.143496","768","3.140916","767","3.141344","768","3.136064","855","3.14026","768","3.139064","788","3.14338","768","3.138412","768","3.142068","768","3.140576","788","3.142208","768","3.141884","768","3.141384","788","3.139804","767","3.140844","813","3.142432","833","3.142388","765","3.142088","1032","3.141292","1030","3.14338","1007","3.141016","1032","3.141456","1034","3.14378","1029","3.142112","1032","3.138096","1030","3.142988","1030","3.141508","1029","3.14338","1032","3.143388","1029","3.142864","1032","3.143316","1003","3.140908","1020","3.141572","1023","3.14086","1022","3.141248","1023","3.144256","1024","3.140644","1023","3.142208","1020","3.14352","1023","3.141972","1023","3.142096","1020","3.142964","1020","3.139472","1020","3.138864","1022","3.143316","1000","3.141556","1022","3.142004","1022","3.142828","1022","3.142732","1020","3.1402","1019","3.139864","1020","3.141728","1022","3.141184","1008","3.138996","1014","3.139708","991","3.141472","980","3.143948","984","3.140552","984","3.142868","976","3.140064","984","3.141392","957","3.141076","976","3.140372","979","3.141772","938","3.141668","979","3.139176","979","3.140976","971","3.145592","978","3.14246","979","3.142476","971","3.136856","979","3.142216","979","3.141404","970","3.143148","966","3.139408","966","3.140732","966","3.141552","966","3.140384","966","3.141564","966","3.13792","957","3.142824","966","3.138956","957","3.140788","960","3.143896","960","3.140148","957","3.141488","956","3.141544","956","3.142556","956","3.138204","956","3.140132","956","3.137756","951","3.138692","951","3.1398","951","3.140876","944","3.1412730800000004","940","1057"
"49","3.138724","24","3.140492","904","3.143288","903","3.140916","903","3.140372","903","3.141816","903","3.142884","875","3.139544","904","3.13968","904","3.140788","838","3.140496","903","3.143612","904","3.142028","903","3.144164","903","3.14392","904","3.144124","903","3.142496","903","3.140528","903","3.140892","903","3.141148","903","3.142448","904","3.14346","904","3.141648","904","3.140856","903","3.141372","904","3.14366","861","3.144052","861","3.141884","840","3.142544","839","3.142884","839","3.141532","839","3.140544","839","3.140596","933","3.142148","938","3.14242","938","3.140772","965","3.143904","937","3.14296","898","3.143492","941","3.139668","937","3.143224","940","3.14166","937","3.141592","938","3.143048","935","3.142132","932","3.14178","937","3.141036","931","3.141832","935","3.140712","936","3.142548","935","3.141524","932","3.141236","940","3.142912","939","3.143356","936","3.14174","932","3.140496","939","3.139312","961","3.141328","931","3.141112","903","3.14016","906","3.140172","906","3.139992","909","3.14384","928","3.139792","897","3.143084","903","3.139284","903","3.142288","864","3.142296","896","3.13904","920","3.142088","920","3.142592","920","3.142896","920","3.141504","920","3.143704","919","3.14016","920","3.141752","919","3.141812","920","3.140844","919","3.140752","920","3.145028","920","3.140876","917","3.14606","917","3.140672","917","3.143308","917","3.141264","917","3.141132","916","3.140228","916","3.143256","916","3.142092","916","3.142684","916","3.14196","916","3.138452","916","3.140588","916","3.141048","916","3.144","916","3.142676","916","3.139712","916","3.142268","916","3.141156","916","3.141676","916","3.1417552399999993","902","1036"
"50","3.14178","91","3.14444","955","3.142592","1000","3.141292","985","3.143876","986","3.1415","999","3.13914","996","3.140948","1018","3.142444","996","3.141248","999","3.14152","1014","3.143008","1014","3.140456","1014","3.140592","1014","3.144088","1014","3.145572","1014","3.140184","1014","3.14032","1014","3.140136","994","3.13954","1014","3.142236","981","3.139928","1013","3.140912","992","3.141624","1014","3.143448","1013","3.143956","992","3.141508","1013","3.142224","993","3.14302","1014","3.140908","1014","3.142448","1014","3.139904","989","3.141652","990","3.1425","1013","3.143064","1013","3.144272","1014","3.140184","1014","3.13926","990","3.141548","991","3.14188","1013","3.1454","1014","3.139456","1013","3.13986","1013","3.141008","1014","3.14078","1013","3.140256","1013","3.141592","1013","3.139124","1013","3.141676","993","3.139876","991","3.140448","1012","3.141656","993","3.143024","1013","3.14242","990","3.141716","1013","3.138968","1013","3.142204","1013","3.140212","1013","3.142084","989","3.14218","1012","3.138196","1013","3.140896","1013","3.144728","1013","3.1426","1012","3.139108","1013","3.141056","1013","3.141832","1012","3.139912","1013","3.138728","1009","3.14052","987","3.138948","977","3.141332","987","3.141204","1008","3.139784","1008","3.140852","1008","3.141336","1009","3.138148","1009","3.139768","1008","3.143352","1008","3.142368","985","3.142612","983","3.139468","1008","3.144372","1007","3.140272","1008","3.139912","1008","3.139112","1008","3.143508","1008","3.144424","1008","3.144416","875","3.1428","875","3.139088","854","3.142748","853","3.13982","854","3.139252","830","3.141388","854","3.144276","854","3.142324","831","3.142824","854","3.143148","854","3.140328","830","3.1414585199999987","977","1020"
"51","3.1419","32","3.138824","999","3.141932","1000","3.140764","1001","3.144476","973","3.142464","1000","3.141796","1001","3.142724","999","3.143124","999","3.141696","999","3.141004","1000","3.1388","1000","3.140828","1001","3.140696","999","3.140656","1001","3.144004","999","3.139968","1000","3.140816","1000","3.143188","1000","3.14566","999","3.139184","1000","3.141716","999","3.140844","1000","3.144708","1000","3.140136","1001","3.144308","1000","3.142576","1000","3.141244","1000","3.139404","1000","3.139768","1000","3.139404","999","3.142272","971","3.142328","1000","3.143412","1001","3.141272","1000","3.139184","998","3.141488","1000","3.141632","1000","3.142456","974","3.139568","1000","3.140764","1001","3.141288","999","3.14388","999","3.140148","1000","3.140344","1001","3.14094","998","3.140576","1000","3.140964","1000","3.142596","975","3.141464","1000","3.141252","999","3.144536","1001","3.139152","999","3.142784","998","3.14042","1000","3.1405","1001","3.136856","999","3.140416","1000","3.140936","1000","3.144292","1000","3.142556","999","3.1409","969","3.14344","999","3.140576","1000","3.142788","1000","3.141588","998","3.142516","1000","3.14044","1000","3.140644","1000","3.140576","999","3.142144","999","3.143916","999","3.141808","999","3.142396","999","3.13976","999","3.141856","998","3.141076","1000","3.139452","998","3.141288","1000","3.1438","1000","3.140764","999","3.142692","999","3.142848","1001","3.14116","999","3.143388","1000","3.143","1000","3.140188","999","3.138048","998","3.141628","1000","3.1374","999","3.142256","999","3.142212","966","3.137744","1000","3.141768","1000","3.140784","998","3.14274","999","3.14238","1000","3.142404","999","3.14224","999","3.144736","999","3.141502320000001","988","1002"
"52","3.142072","59","3.14086","541","3.140068","488","3.14286","511","3.140348","649","3.140556","570","3.140096","570","3.1414","631","3.140856","1013","3.14192","1013","3.141716","1012","3.143736","1012","3.140384","971","3.141244","1009","3.142832","1009","3.140556","1011","3.143676","987","3.141728","1009","3.141956","1009","3.140972","986","3.141992","1009","3.140232","1009","3.141488","1009","3.140044","1009","3.142564","987","3.140064","1011","3.143072","1005","3.142236","967","3.139496","1005","3.142272","995","3.143956","967","3.141228","995","3.139936","995","3.143572","995","3.137284","995","3.143528","995","3.14324","995","3.138924","995","3.141144","995","3.141096","992","3.142172","991","3.141468","992","3.144256","992","3.140612","992","3.139712","992","3.142864","984","3.14104","984","3.14006","984","3.14344","983","3.141428","984","3.140652","983","3.1427","984","3.141512","984","3.140404","983","3.139204","985","3.140452","984","3.14222","976","3.144656","977","3.141792","977","3.141936","954","3.142344","977","3.14172","977","3.143416","975","3.14016","976","3.144148","976","3.142396","977","3.141032","976","3.142168","976","3.138264","976","3.141952","976","3.140684","977","3.142724","975","3.14396","973","3.144052","973","3.140132","972","3.140404","972","3.14206","974","3.139944","973","3.141612","974","3.13918","972","3.142832","973","3.139884","972","3.140684","972","3.141312","973","3.143512","971","3.142044","972","3.144324","972","3.141988","972","3.143488","973","3.142756","973","3.141316","971","3.142576","972","3.143168","973","3.139584","973","3.140672","973","3.144644","973","3.140344","973","3.143592","973","3.14216","973","3.141404","972","3.1416442000000013","945","1034"
"53","3.141968","326","3.141416","416","3.142136","415","3.143444","742","3.14098","978","3.142284","813","3.143404","981","3.143796","868","3.139752","813","3.142816","1037","3.14194","780","3.139364","872","3.1394","868","3.142604","1037","3.142116","813","3.141292","977","3.140472","1037","3.1423","813","3.142228","869","3.139288","1033","3.140888","810","3.140648","656","3.142076","1033","3.145864","811","3.144516","697","3.143024","1032","3.145444","981","3.13986","1032","3.141324","1033","3.140508","719","3.142972","1037","3.142568","1033","3.142024","1033","3.140208","868","3.141932","837","3.145048","1031","3.140316","1030","3.143408","1037","3.143084","1031","3.14054","1037","3.141512","1030","3.134972","1036","3.145036","1037","3.140396","1000","3.13932","1030","3.14162","1037","3.137636","1031","3.140828","1033","3.144248","1021","3.14192","1028","3.141604","1027","3.137984","1028","3.142816","1025","3.140804","1024","3.144464","1022","3.141924","1024","3.143576","1026","3.141212","1025","3.140916","1024","3.139084","1026","3.141792","1025","3.138368","1024","3.144048","1022","3.139076","1027","3.143076","1024","3.138608","1006","3.141316","1002","3.140272","1004","3.143564","1006","3.138728","1005","3.143328","1001","3.145748","1002","3.140052","1005","3.141188","1005","3.141676","968","3.14184","1005","3.14108","1004","3.14544","1004","3.140656","1001","3.141704","997","3.142356","971","3.13976","1002","3.141316","999","3.142712","1000","3.141796","1002","3.140472","1000","3.140792","999","3.140156","1000","3.140232","1003","3.14332","1005","3.144008","1005","3.142636","1002","3.139332","908","3.140308","904","3.142244","902","3.139936","902","3.139788","901","3.143264","899","3.140292","898","3.140932","900","3.14158336","951","1080"
"54","3.140652","197","3.141816","236","3.1404","524","3.144468","524","3.140744","603","3.14046","602","3.142224","524","3.142356","631","3.141224","603","3.141092","603","3.141436","524","3.141208","524","3.141152","524","3.142216","523","3.14018","593","3.142844","1036","3.141228","1020","3.140084","1019","3.141216","1015","3.140184","1016","3.144004","1019","3.144032","1021","3.141636","1010","3.142028","1019","3.144692","1019","3.142488","1019","3.14302","1019","3.141484","1019","3.140528","1019","3.14144","1015","3.142408","1008","3.140496","1008","3.144308","1008","3.142068","1008","3.143912","998","3.139664","998","3.142484","988","3.140836","998","3.142316","998","3.140152","998","3.14294","998","3.14066","998","3.142836","998","3.14518","921","3.143012","998","3.141408","998","3.142324","991","3.139744","989","3.141752","992","3.140548","984","3.14226","991","3.138984","993","3.140476","985","3.143228","984","3.140008","991","3.14322","992","3.14194","985","3.145864","990","3.142664","991","3.140356","988","3.145328","992","3.141024","992","3.139","992","3.140676","991","3.140024","992","3.141632","991","3.144092","988","3.141352","988","3.139968","990","3.143448","991","3.14088","985","3.140892","992","3.1404","985","3.143152","986","3.1403","988","3.144948","988","3.14254","983","3.142268","986","3.140808","987","3.14044","988","3.138276","987","3.140904","988","3.144748","988","3.144376","987","3.137836","984","3.138864","987","3.140436","983","3.141744","987","3.139188","987","3.13816","987","3.144828","985","3.137156","987","3.140484","986","3.141548","983","3.141472","975","3.140164","987","3.14394","986","3.13864","986","3.14296","987","3.143156","982","3.141626360000002","922","1057"
"55","3.141604","468","3.14456","996","3.14196","996","3.13892","986","3.14156","1021","3.144484","1019","3.141328","988","3.14068","1020","3.142088","1019","3.140548","986","3.142664","952","3.14314","1021","3.142832","986","3.140388","960","3.14228","1019","3.143172","953","3.141348","987","3.14024","992","3.141912","1021","3.140856","1016","3.143988","984","3.143668","919","3.143328","949","3.142848","995","3.140852","984","3.138368","992","3.144184","984","3.142412","953","3.142104","1017","3.141452","1018","3.14192","984","3.138884","989","3.142848","991","3.140644","985","3.139476","990","3.142428","985","3.143872","983","3.141988","986","3.138364","985","3.140036","1018","3.140664","949","3.142064","994","3.14334","959","3.14208","985","3.142308","991","3.140024","991","3.142804","989","3.143076","992","3.141132","990","3.141964","989","3.140652","992","3.139984","992","3.144688","989","3.1417","989","3.139632","989","3.142932","990","3.141696","990","3.140496","992","3.139804","990","3.142744","988","3.143036","991","3.140744","990","3.140776","968","3.142504","992","3.143888","991","3.142764","991","3.141532","990","3.140212","991","3.140124","966","3.140024","980","3.144092","981","3.140836","980","3.143412","982","3.138844","979","3.142604","979","3.143476","979","3.143756","982","3.141852","981","3.141664","971","3.141624","972","3.141932","973","3.143772","969","3.142444","972","3.140636","973","3.143476","972","3.1407","973","3.142148","970","3.142788","970","3.14052","973","3.13958","972","3.143424","972","3.142164","972","3.143272","973","3.143992","973","3.139588","972","3.142664","971","3.141888","972","3.14446","970","3.138908","973","3.143436","973","3.1418356800000002","979","1023"
"56","3.140864","375","3.139144","375","3.138288","375","3.141556","980","3.1422","944","3.143596","956","3.144484","944","3.140988","942","3.139868","920","3.141692","980","3.142136","987","3.146656","956","3.14066","879","3.14228","941","3.14276","947","3.141028","912","3.140424","987","3.138628","919","3.138588","980","3.14072","941","3.139716","941","3.143636","980","3.143208","980","3.140328","911","3.14218","986","3.142368","956","3.14356","944","3.142988","950","3.140984","980","3.137688","881","3.13976","986","3.143324","911","3.144084","940","3.140748","970","3.142076","924","3.142532","964","3.142424","926","3.143064","925","3.144388","969","3.141684","966","3.14238","967","3.143552","921","3.13924","922","3.142792","921","3.142268","966","3.142344","966","3.140636","966","3.140596","966","3.142552","956","3.13928","957","3.140956","934","3.14154","963","3.14176","963","3.141816","963","3.14306","918","3.141368","963","3.14316","963","3.14242","918","3.141248","933","3.140648","956","3.141084","932","3.139044","951","3.14224","948","3.1427","948","3.142956","942","3.140284","949","3.142456","943","3.140832","948","3.143444","949","3.14004","948","3.14304","917","3.141792","914","3.14164","908","3.1404","911","3.140452","931","3.140484","912","3.140724","911","3.143372","927","3.141596","926","3.14182","926","3.140132","926","3.144248","922","3.140148","922","3.142736","922","3.143292","904","3.143388","922","3.140612","922","3.139684","922","3.144088","899","3.14166","918","3.139636","897","3.141484","918","3.139308","918","3.141304","901","3.13952","918","3.13866","894","3.142388","912","3.143592","911","3.140344","911","3.141736","912","3.14159276","921","1012"
"57","3.144704","956","3.142516","960","3.141628","988","3.141508","988","3.140664","988","3.142472","956","3.143128","988","3.141608","989","3.142","965","3.143676","988","3.142328","988","3.143128","929","3.139168","928","3.14084","988","3.142724","926","3.142584","925","3.139648","988","3.143836","989","3.13896","922","3.139688","954","3.139116","956","3.1433","989","3.142032","929","3.139484","988","3.14132","988","3.145676","988","3.141132","988","3.139684","989","3.14114","989","3.141136","988","3.140244","988","3.14036","956","3.139432","922","3.141728","988","3.143376","988","3.140248","963","3.145812","965","3.143904","988","3.141208","956","3.140464","988","3.142884","988","3.143996","988","3.142204","988","3.14092","988","3.139496","955","3.140552","988","3.144272","954","3.137272","988","3.141288","927","3.142956","988","3.14136","988","3.141952","959","3.143072","924","3.138988","988","3.140524","962","3.140628","959","3.139344","988","3.140144","988","3.14106","988","3.142588","988","3.141116","988","3.140884","988","3.142316","988","3.141624","963","3.139884","956","3.142424","954","3.140732","955","3.139384","955","3.141312","989","3.143432","987","3.139944","987","3.136956","935","3.14218","919","3.142044","919","3.141348","918","3.139092","919","3.139796","918","3.14182","918","3.14056","919","3.13976","916","3.143536","917","3.141816","909","3.140288","910","3.140076","910","3.138944","910","3.145412","910","3.143392","910","3.142948","910","3.143592","910","3.141672","910","3.140104","909","3.142436","856","3.140436","848","3.140332","848","3.140268","848","3.13966","848","3.142108","848","3.13936","848","3.142468","848","3.14374","849","3.1414230000000005","949","990"
"58","3.141932","45","3.141632","926","3.14138","1000","3.142896","1001","3.143816","894","3.1411","1000","3.14306","894","3.144036","1000","3.141696","935","3.141528","899","3.142524","867","3.141364","899","3.142584","894","3.140424","958","3.141692","901","3.139324","937","3.144864","894","3.142588","958","3.143732","838","3.142916","1000","3.142296","927","3.145144","932","3.138932","959","3.140584","1015","3.14232","963","3.142452","995","3.140128","983","3.140388","993","3.142052","995","3.139992","994","3.140528","968","3.140952","978","3.141016","979","3.142228","945","3.141984","978","3.14","968","3.141232","1000","3.140056","942","3.1424","979","3.142972","968","3.143288","981","3.140652","968","3.143384","971","3.140844","1000","3.141392","942","3.142236","968","3.141416","978","3.145132","968","3.142076","1000","3.141148","978","3.142088","1001","3.139332","978","3.141428","981","3.142356","1001","3.143032","939","3.140124","1000","3.140688","980","3.141688","993","3.139376","975","3.140708","993","3.141996","974","3.13956","993","3.14098","962","3.138276","994","3.141304","994","3.144176","993","3.1411","994","3.139248","994","3.139584","990","3.142632","984","3.142056","966","3.142868","966","3.14242","965","3.140008","946","3.140952","965","3.14066","942","3.142236","946","3.143028","965","3.13852","965","3.142176","965","3.142132","964","3.13922","965","3.140188","946","3.138868","965","3.139968","964","3.140276","965","3.14396","965","3.142044","965","3.143944","964","3.141804","965","3.138656","965","3.14112","965","3.143796","965","3.141352","965","3.14316","964","3.140524","943","3.14612","965","3.142332","946","3.140072","962","3.141516","962","3.1415996399999995","954","1024"
"59","3.141132","340","3.13874","433","3.141676","433","3.144476","433","3.142936","432","3.14","433","3.14204","432","3.14198","432","3.140144","364","3.142552","432","3.139404","984","3.141788","992","3.141504","993","3.141884","985","3.142456","957","3.142004","992","3.143368","993","3.139888","993","3.143228","985","3.142256","993","3.140812","986","3.141212","993","3.140652","984","3.143324","984","3.14192","993","3.142732","991","3.140836","991","3.14098","992","3.141768","991","3.13764","984","3.142464","991","3.142608","992","3.138688","992","3.139972","991","3.141724","984","3.140128","990","3.140476","983","3.14098","992","3.1393","991","3.140904","959","3.140444","985","3.14122","993","3.144252","992","3.141872","991","3.140788","990","3.141904","954","3.139884","991","3.143456","990","3.137552","984","3.142488","987","3.14166","988","3.142464","981","3.143428","982","3.142648","981","3.140184","989","3.139892","988","3.139776","988","3.13874","987","3.144332","989","3.139584","980","3.140648","989","3.139992","981","3.142536","989","3.140112","988","3.141224","986","3.1419","988","3.142244","987","3.141388","989","3.142776","989","3.142784","989","3.141164","980","3.143284","987","3.1427","982","3.13586","982","3.139556","989","3.140972","989","3.144276","959","3.14182","981","3.144456","981","3.14124","986","3.141416","989","3.141612","981","3.141044","980","3.143992","981","3.14118","986","3.141024","980","3.140064","988","3.141772","988","3.139724","988","3.138556","989","3.14136","989","3.143428","988","3.142656","988","3.144148","981","3.142152","988","3.141888","982","3.137804","988","3.1423","987","3.143308","989","3.142924","989","3.141424280000001","929","1003"
"60","3.142256","971","3.14014","970","3.138768","971","3.14314","971","3.14122","971","3.141084","942","3.1411","971","3.142436","971","3.143968","970","3.145364","971","3.142676","970","3.143316","970","3.144208","971","3.142244","971","3.140128","971","3.140468","971","3.141684","970","3.1432","971","3.139076","971","3.143056","971","3.140784","970","3.141372","971","3.141672","970","3.143848","970","3.140248","940","3.140352","971","3.142096","971","3.14208","970","3.144152","971","3.141636","971","3.13878","971","3.140964","970","3.141116","970","3.141884","971","3.1388","970","3.143068","938","3.144932","971","3.139684","971","3.14116","933","3.138512","970","3.140276","970","3.142892","970","3.143232","971","3.14032","971","3.137332","971","3.13936","971","3.138436","971","3.140616","970","3.143644","970","3.139484","970","3.14258","970","3.140532","971","3.140348","970","3.140792","970","3.14078","970","3.14056","971","3.141828","941","3.138984","970","3.141264","970","3.140012","971","3.142732","970","3.143008","970","3.139792","949","3.14048","970","3.142392","939","3.145316","971","3.138204","970","3.1395","970","3.142984","970","3.141848","941","3.14034","970","3.140316","970","3.14108","970","3.1402","970","3.143632","970","3.143456","971","3.141212","970","3.142128","970","3.140416","970","3.142976","949","3.14022","970","3.140908","970","3.139164","970","3.14156","970","3.143756","970","3.139476","971","3.14062","970","3.140032","970","3.141884","970","3.141408","970","3.142232","970","3.139476","970","3.138252","969","3.141016","969","3.140372","971","3.140968","949","3.140596","970","3.142836","946","3.141356","971","3.138808","939","3.141268960000001","967","972"
"61","3.141192","149","3.141724","192","3.139572","1003","3.142196","670","3.142904","1042","3.139632","1003","3.141244","1042","3.138996","1042","3.143232","1041","3.13946","1003","3.13874","1029","3.141136","1021","3.142532","1021","3.141068","1020","3.14102","1020","3.14214","1018","3.139084","1016","3.14266","952","3.141936","1013","3.143784","1013","3.143684","1012","3.14268","972","3.140988","1012","3.139412","1011","3.140672","971","3.142048","1011","3.140844","1011","3.143044","1011","3.14154","1011","3.142904","1011","3.14038","1011","3.142912","1011","3.143504","1011","3.139564","970","3.142276","899","3.139576","1009","3.140484","999","3.144056","1001","3.14356","1005","3.141488","995","3.14284","999","3.141432","995","3.144008","1005","3.140952","999","3.14282","1005","3.142296","1005","3.140744","999","3.140316","1005","3.141164","1002","3.141704","1006","3.141336","1005","3.13924","998","3.14344","999","3.143052","1005","3.14414","974","3.14394","996","3.141492","1002","3.142284","998","3.143308","998","3.139684","1001","3.141448","1000","3.142644","999","3.141508","1000","3.143972","1005","3.139296","1001","3.138532","1000","3.142836","1004","3.141864","1000","3.141676","1005","3.139432","1000","3.141456","1001","3.142004","1005","3.143708","1002","3.14276","1002","3.141876","1001","3.139716","1001","3.140636","998","3.14246","999","3.142256","1000","3.1437","1000","3.138536","1004","3.143564","998","3.14368","1005","3.140904","1004","3.14192","998","3.140448","997","3.141872","1004","3.136752","999","3.14014","999","3.143608","1001","3.141592","994","3.143468","1004","3.144236","1000","3.141428","1000","3.14118","991","3.142796","989","3.137184","986","3.140492","980","3.143344","976","3.1426","979","3.141635839999999","981","1053"
"62","3.143048","142","3.142476","636","3.143444","890","3.143144","636","3.143172","636","3.144208","657","3.140332","949","3.140656","657","3.139408","890","3.142756","806","3.140792","657","3.142648","890","3.142288","890","3.13894","976","3.14124","976","3.141348","976","3.141428","976","3.140828","985","3.144636","984","3.141572","976","3.14448","975","3.140136","976","3.138668","938","3.144404","936","3.141936","982","3.142108","975","3.142888","975","3.141972","983","3.139712","980","3.142668","983","3.143372","976","3.139108","974","3.142296","981","3.142232","976","3.142472","978","3.141628","979","3.145876","982","3.141404","947","3.14012","978","3.139152","983","3.142736","972","3.140484","982","3.13946","982","3.141608","981","3.14078","975","3.141604","978","3.145244","973","3.141884","972","3.140972","983","3.14158","981","3.141872","982","3.141584","977","3.141992","972","3.141132","972","3.141656","980","3.141244","944","3.141128","972","3.142624","978","3.144516","978","3.140668","974","3.140188","939","3.14332","973","3.144864","981","3.142008","983","3.14266","975","3.144732","972","3.140364","974","3.14142","982","3.140248","975","3.141588","981","3.13998","980","3.141292","978","3.137968","980","3.141524","981","3.14356","978","3.139652","978","3.14104","973","3.143692","981","3.141816","972","3.140896","981","3.143704","975","3.139668","961","3.142932","964","3.14026","963","3.141876","957","3.140492","963","3.144484","964","3.142748","953","3.141508","960","3.145908","953","3.13948","960","3.141296","963","3.144184","949","3.140284","929","3.143648","949","3.1399","930","3.143096","924","3.139356","949","3.13912","929","3.144752","949","3.1418127200000003","937","1017"
"63","3.141824","990","3.138188","994","3.142612","990","3.146324","990","3.144032","990","3.140744","990","3.141108","992","3.141088","993","3.142668","992","3.141304","990","3.143456","991","3.140416","993","3.142284","993","3.14216","992","3.142916","994","3.145836","991","3.139264","959","3.143108","992","3.140616","992","3.142172","994","3.137768","991","3.146468","990","3.1412","994","3.142748","990","3.142408","991","3.142728","990","3.142468","993","3.140436","993","3.140776","991","3.142484","990","3.140308","990","3.141104","990","3.140452","991","3.141392","990","3.140252","992","3.14026","992","3.139772","991","3.143156","990","3.142392","994","3.140676","991","3.142264","993","3.138948","991","3.144944","991","3.14354","990","3.140196","994","3.140464","994","3.139448","992","3.14152","991","3.14312","993","3.140556","958","3.144536","990","3.141476","991","3.143416","994","3.139736","994","3.142368","990","3.142864","992","3.140832","990","3.142336","991","3.140748","990","3.142064","993","3.139532","991","3.142872","990","3.142208","991","3.14096","992","3.139716","993","3.13936","991","3.144024","994","3.141052","990","3.139128","994","3.140784","993","3.139588","993","3.139256","990","3.141004","992","3.14018","991","3.14142","994","3.142228","991","3.140836","991","3.1422","991","3.139616","990","3.139572","993","3.14234","991","3.14264","994","3.143384","991","3.141208","994","3.140948","991","3.140148","993","3.137788","994","3.142324","989","3.14036","991","3.140292","991","3.142064","992","3.142268","976","3.139924","955","3.138376","955","3.142168","953","3.143852","957","3.143356","955","3.141896","954","3.141084","955","3.141692","955","3.141503919999999","987","995"
"64","3.140164","70","3.1417","1046","3.141944","1051","3.14184","1046","3.141252","1050","3.14012","1053","3.142552","1049","3.138316","944","3.13822","1047","3.140404","1049","3.143936","1049","3.140816","1050","3.140404","1050","3.139344","1016","3.140472","1046","3.143264","1015","3.140272","1012","3.139648","1012","3.142708","1052","3.142592","1012","3.141668","1019","3.140636","1048","3.14016","1043","3.139024","1045","3.141176","1043","3.143464","1051","3.141372","1010","3.142936","1018","3.14262","1032","3.142028","1032","3.1422","1000","3.142264","1028","3.143456","1026","3.139392","1034","3.144192","1031","3.13986","1028","3.14276","1032","3.1384","1031","3.145596","1028","3.139268","1029","3.139952","1026","3.140236","998","3.142904","1033","3.1423","1029","3.1403","1033","3.140268","1034","3.140708","1029","3.139556","1028","3.142304","1033","3.141812","1033","3.142128","1032","3.139852","1028","3.138128","1031","3.143636","1030","3.144864","1029","3.139808","1033","3.142928","1026","3.141224","1025","3.142596","1031","3.14156","1033","3.142052","1027","3.145004","1028","3.142128","1031","3.143104","1025","3.141236","1034","3.144844","1033","3.141284","1025","3.139224","1025","3.143868","1025","3.141724","1025","3.141684","1028","3.140432","1028","3.142096","1030","3.142296","1031","3.140484","1029","3.141332","1025","3.14152","1025","3.138768","1011","3.139364","1013","3.14328","1015","3.144024","1014","3.142072","1009","3.14196","1016","3.142068","1015","3.141536","1013","3.140236","1014","3.142212","1008","3.138248","958","3.1383","953","3.140464","952","3.141064","956","3.140604","957","3.140804","958","3.144608","958","3.14312","958","3.13864","952","3.143156","956","3.141736","957","3.144268","954","3.139452","949","3.1414379999999995","1009","1053"
"65","3.141092","63","3.13614","236","3.14214","928","3.140844","957","3.141764","885","3.140728","885","3.144076","840","3.14148","885","3.140396","929","3.142944","840","3.143584","928","3.138936","957","3.141344","885","3.14058","957","3.140024","840","3.143136","812","3.140228","566","3.14444","929","3.139452","840","3.140332","566","3.14328","951","3.140896","923","3.139732","951","3.140328","922","3.144672","909","3.140088","937","3.14092","865","3.139996","937","3.141012","932","3.139588","932","3.144516","932","3.141048","932","3.14056","932","3.14","903","3.143856","903","3.142772","932","3.140568","948","3.143192","927","3.141608","931","3.14128","934","3.141692","932","3.142008","948","3.143916","921","3.142264","929","3.141284","934","3.141624","932","3.139696","933","3.138492","928","3.141684","934","3.1412","928","3.140576","930","3.139956","929","3.138992","930","3.139644","933","3.142016","929","3.142396","933","3.142632","933","3.14184","927","3.140812","932","3.145324","932","3.142008","930","3.144276","932","3.144968","928","3.14456","930","3.14288","923","3.142232","930","3.139868","948","3.139044","929","3.141716","927","3.143268","920","3.143064","928","3.140536","933","3.13868","926","3.141868","929","3.143636","948","3.141472","932","3.139084","930","3.141632","931","3.143844","929","3.140528","933","3.143132","933","3.142712","933","3.138756","930","3.142516","933","3.140752","931","3.142068","948","3.142688","931","3.140832","925","3.142764","930","3.143848","920","3.142128","932","3.142524","926","3.140448","914","3.140288","917","3.14228","916","3.14068","917","3.142696","917","3.142468","916","3.144676","931","3.142768","915","3.14161808","900","1047"
"66","3.143676","640","3.13986","665","3.13934","616","3.14032","664","3.140024","664","3.139976","664","3.140652","664","3.142344","640","3.141608","616","3.1405","664","3.142008","639","3.138116","639","3.140476","640","3.139792","616","3.140516","664","3.143412","984","3.139376","1004","3.140556","1004","3.144416","979","3.141696","982","3.140548","983","3.139416","985","3.14392","983","3.141396","979","3.141336","980","3.144452","972","3.144356","985","3.141828","1003","3.141108","982","3.14122","986","3.141108","1003","3.140768","1004","3.142336","982","3.142332","983","3.138812","1003","3.140928","1004","3.140064","981","3.142336","972","3.138488","980","3.14266","981","3.139964","1003","3.143956","971","3.14096","983","3.139324","983","3.140168","975","3.140604","1003","3.140236","1003","3.137724","986","3.142036","984","3.14318","985","3.143024","1003","3.143092","1003","3.14244","1003","3.142308","1003","3.142312","976","3.145568","981","3.144648","984","3.142612","1003","3.139152","969","3.140012","965","3.138868","981","3.13986","1003","3.141476","1003","3.142164","976","3.140532","1003","3.143776","981","3.14052","965","3.140612","976","3.14078","982","3.14188","984","3.145308","1003","3.14252","985","3.1393","981","3.141788","985","3.14138","982","3.142132","985","3.141272","1003","3.140844","983","3.14122","1003","3.140612","979","3.140236","982","3.145124","1003","3.140548","985","3.141188","1003","3.145488","982","3.144096","983","3.142032","975","3.14214","1003","3.1412","984","3.13924","985","3.143112","982","3.141396","1003","3.142424","1003","3.141612","982","3.139464","984","3.141056","965","3.1421","962","3.141888","949","3.141276","949","3.13986","980","3.1414371999999986","935","1018"
"67","3.14332","129","3.144348","857","3.143012","761","3.141096","821","3.140124","857","3.140716","857","3.141372","833","3.141708","833","3.14202","823","3.142996","857","3.144448","821","3.14148","857","3.141988","857","3.138276","858","3.142152","857","3.142276","829","3.139848","857","3.143124","857","3.14152","758","3.143772","821","3.142688","857","3.141132","829","3.140388","857","3.14192","857","3.1375","857","3.142208","857","3.141948","857","3.140396","822","3.140884","857","3.14398","857","3.141668","828","3.141348","808","3.140144","935","3.142156","938","3.143692","935","3.14202","938","3.140156","807","3.140212","897","3.140656","807","3.142352","878","3.141864","830","3.141332","763","3.143056","938","3.141096","831","3.138732","983","3.14344","983","3.141116","983","3.140124","982","3.141552","922","3.141864","982","3.14074","982","3.13896","915","3.142092","978","3.142328","948","3.140192","925","3.140308","925","3.144108","925","3.142936","925","3.142728","925","3.139048","925","3.142804","925","3.140868","925","3.141744","925","3.14202","900","3.139716","925","3.143088","924","3.140616","924","3.14038","907","3.13988","903","3.140256","925","3.140404","924","3.142056","897","3.140984","925","3.136304","925","3.14076","924","3.13826","925","3.139096","924","3.140012","925","3.141352","925","3.14146","890","3.14262","891","3.142096","890","3.141876","891","3.141124","890","3.140988","891","3.13994","891","3.142096","891","3.141148","891","3.143056","891","3.14144","891","3.14206","891","3.14154","891","3.14098","890","3.142588","891","3.14048","890","3.141228","871","3.14192","891","3.142152","890","3.141756","891","3.142612","891","3.1414042000000006","880","1027"
"68","3.140944","809","3.142864","757","3.13984","756","3.14408","754","3.13864","753","3.14196","756","3.143228","779","3.140544","756","3.143144","756","3.140408","778","3.138916","756","3.139808","728","3.139584","775","3.143936","970","3.141768","970","3.14174","972","3.14148","975","3.141976","776","3.142056","775","3.13976","976","3.1424","975","3.143444","981","3.141916","981","3.143588","774","3.141768","781","3.143568","975","3.14048","962","3.137392","962","3.140572","963","3.140728","950","3.142084","959","3.14128","979","3.140896","979","3.140488","979","3.140816","958","3.141612","979","3.141668","979","3.145008","979","3.142524","979","3.142416","979","3.14238","979","3.139096","979","3.144736","979","3.142572","979","3.140516","944","3.140748","979","3.143468","956","3.14306","979","3.144084","978","3.1424","979","3.142228","979","3.146236","978","3.141424","978","3.138688","978","3.140284","978","3.142956","960","3.14472","978","3.14222","978","3.14114","979","3.14296","978","3.13986","978","3.14202","978","3.139688","978","3.140768","978","3.140832","978","3.139304","978","3.140828","970","3.138288","969","3.14236","943","3.142056","970","3.141332","969","3.144728","969","3.142708","970","3.140308","970","3.141696","969","3.140004","970","3.1399","969","3.141384","970","3.14496","951","3.140444","969","3.142308","969","3.1428","969","3.141316","944","3.141096","969","3.141528","969","3.1419","969","3.141992","969","3.138856","970","3.141248","969","3.140508","969","3.142204","969","3.14238","969","3.140384","969","3.143044","969","3.14556","969","3.140616","969","3.142156","969","3.140168","969","3.144252","969","3.14458","963","3.1416960400000007","936","1010"
"69","3.14042","314","3.14394","561","3.138648","607","3.14062","583","3.142216","607","3.1432","607","3.14024","607","3.139104","584","3.14162","969","3.141096","969","3.139948","629","3.139216","971","3.141","969","3.141308","969","3.143344","969","3.141788","966","3.14194","977","3.14276","975","3.140704","975","3.139432","964","3.139436","975","3.142088","995","3.142768","976","3.142608","976","3.141516","976","3.143364","976","3.144008","976","3.141964","950","3.138016","951","3.141024","976","3.141616","976","3.14058","976","3.143132","976","3.140908","976","3.141352","951","3.1393","951","3.143932","950","3.143548","976","3.139192","963","3.14168","961","3.139544","959","3.143424","936","3.142388","927","3.141784","936","3.141704","959","3.142392","934","3.141192","956","3.141068","927","3.142524","955","3.142228","933","3.139588","956","3.14108","956","3.139296","956","3.141952","956","3.142972","956","3.143196","955","3.143976","955","3.142332","956","3.145196","955","3.141556","956","3.142052","956","3.141824","926","3.140564","927","3.13936","956","3.142364","956","3.142724","955","3.14106","927","3.14332","942","3.142676","943","3.14058","942","3.143124","941","3.142964","942","3.140484","942","3.141416","942","3.139344","941","3.139892","942","3.138144","942","3.142028","942","3.141348","942","3.142172","942","3.13956","941","3.142808","942","3.1399","929","3.140768","930","3.142536","930","3.140992","930","3.140332","896","3.13962","918","3.141316","918","3.139988","918","3.142324","918","3.141256","916","3.138776","916","3.143164","915","3.1454","915","3.141412","915","3.145484","914","3.14124","915","3.143916","914","3.140004","915","3.1415220399999986","913","1012"
"70","3.142896","1010","3.142184","984","3.141116","1010","3.140796","987","3.140004","1010","3.140508","981","3.14334","1010","3.145696","1010","3.14272","1010","3.142692","1010","3.141584","1010","3.141428","986","3.137584","978","3.140596","978","3.142364","986","3.136976","1010","3.142712","1010","3.143572","1010","3.14184","1010","3.140604","1010","3.141656","982","3.140476","986","3.144536","987","3.1405","1009","3.140264","1010","3.142608","988","3.139528","1010","3.141972","1010","3.139992","1010","3.141672","946","3.14166","1010","3.143916","1010","3.140376","1010","3.138944","1010","3.144688","1009","3.143412","988","3.139544","1009","3.140228","986","3.140012","1010","3.141108","1010","3.139788","1009","3.141012","1010","3.143348","1010","3.140704","988","3.140204","1009","3.145596","1010","3.1407","1010","3.14114","988","3.139984","1010","3.139152","1009","3.143468","1010","3.14114","1010","3.141056","1010","3.141552","1010","3.141816","986","3.138296","985","3.142788","981","3.138208","1009","3.140484","1010","3.1401","1010","3.140068","1010","3.144156","983","3.146012","1010","3.142496","1010","3.14422","1010","3.14312","1010","3.14472","976","3.140776","1009","3.142528","1010","3.141032","1009","3.143804","1009","3.138196","978","3.141148","1010","3.1445","1009","3.139952","981","3.141688","1009","3.141176","1010","3.1418","1009","3.140252","987","3.142224","976","3.141304","1010","3.143952","1009","3.140252","1009","3.145244","956","3.14048","985","3.1433","976","3.14208","1010","3.143392","1009","3.14168","984","3.14144","1010","3.138828","1010","3.1431","1009","3.140824","978","3.142284","1009","3.1421","976","3.142664","981","3.142432","1009","3.141412","1009","3.141648","1009","3.143236","1009","3.1416436000000005","1000","1011"
"71","3.139504","277","3.144552","546","3.139224","729","3.145516","729","3.1432","735","3.14404","735","3.14106","618","3.140732","729","3.144036","735","3.140512","735","3.14066","735","3.143024","703","3.140444","735","3.144856","735","3.143376","729","3.139484","735","3.142448","735","3.141632","618","3.140536","735","3.139272","703","3.141296","736","3.141044","908","3.1417","969","3.139092","969","3.13806","886","3.14282","908","3.140996","970","3.140712","908","3.140228","968","3.140416","916","3.138032","869","3.142288","968","3.141008","884","3.140556","875","3.138816","910","3.141012","969","3.141828","967","3.143312","967","3.143704","968","3.140712","968","3.141204","910","3.140784","907","3.141896","839","3.143256","956","3.141604","957","3.14218","956","3.140864","956","3.142804","958","3.142076","957","3.140884","955","3.140904","953","3.141764","957","3.141016","955","3.142644","956","3.140584","956","3.138388","955","3.142208","956","3.14106","957","3.139768","958","3.1426","957","3.141276","958","3.142396","953","3.137152","954","3.141852","956","3.140484","956","3.139124","956","3.142932","957","3.141684","957","3.139052","957","3.141388","955","3.142244","957","3.14072","956","3.140728","957","3.142132","949","3.139916","952","3.142788","951","3.145436","953","3.141144","949","3.14122","953","3.142168","953","3.140672","952","3.143672","953","3.14148","951","3.142488","953","3.140476","953","3.141972","954","3.137272","951","3.140932","949","3.142552","950","3.143016","952","3.14182","953","3.1424","953","3.141812","951","3.140272","952","3.137112","951","3.140788","953","3.140956","952","3.14354","951","3.141228","952","3.140672","953","3.1413519599999997","892","1003"
"72","3.143204","302","3.143536","642","3.142084","642","3.143968","665","3.140592","665","3.14074","642","3.142556","642","3.144176","665","3.140884","632","3.141636","629","3.143736","631","3.141244","658","3.14292","658","3.140464","658","3.138552","654","3.139628","651","3.141544","959","3.139004","980","3.139836","959","3.140264","957","3.14184","957","3.142264","950","3.145204","973","3.140108","952","3.141964","971","3.144196","971","3.1421","971","3.138372","972","3.143092","952","3.140916","972","3.141568","971","3.142992","971","3.14284","971","3.142024","951","3.142968","971","3.141428","969","3.140532","969","3.14102","970","3.140488","969","3.141916","969","3.139884","969","3.141044","969","3.142244","969","3.141944","969","3.141308","900","3.143524","969","3.143732","968","3.141712","969","3.138804","969","3.141744","969","3.140216","968","3.145088","956","3.142448","956","3.139624","956","3.141776","956","3.142544","956","3.142048","946","3.139708","924","3.140996","943","3.14356","942","3.141668","942","3.144636","942","3.140876","943","3.142708","943","3.139456","943","3.138992","940","3.140508","936","3.142284","936","3.14154","936","3.143916","937","3.142836","936","3.144588","936","3.144304","933","3.140496","932","3.142152","931","3.140956","927","3.141696","928","3.141836","927","3.14148","927","3.144468","928","3.140496","924","3.141676","923","3.142392","925","3.142072","924","3.139572","921","3.142724","920","3.140792","918","3.143348","918","3.139848","919","3.140752","919","3.139396","919","3.141356","917","3.139656","919","3.138208","919","3.141044","917","3.142732","919","3.140312","919","3.141368","918","3.140624","912","3.139596","910","3.141617079999999","894","998"
"73","3.14112","995","3.141248","1004","3.141768","961","3.142632","997","3.144348","997","3.142436","1003","3.141064","1027","3.140624","1027","3.142296","1004","3.142496","997","3.1437","1027","3.142888","1027","3.141716","1027","3.139604","1004","3.145812","1004","3.141344","1014","3.14272","1014","3.139964","1014","3.140076","1014","3.142768","1014","3.140288","990","3.140628","1013","3.141944","984","3.141904","1014","3.140652","1007","3.144","1007","3.1417","1007","3.143724","1007","3.142288","1007","3.14006","984","3.142136","1005","3.141428","979","3.13914","979","3.142676","1002","3.142276","1002","3.143768","1002","3.142088","1001","3.144932","1001","3.14118","1002","3.141544","1002","3.144816","1002","3.136692","978","3.142552","980","3.145744","936","3.143072","993","3.13982","992","3.1419","993","3.1425","992","3.137936","992","3.1452","970","3.142972","959","3.1413","992","3.1415","993","3.142804","992","3.140928","992","3.140968","992","3.146544","970","3.14168","993","3.143976","969","3.141524","992","3.1416","992","3.1414","992","3.137248","992","3.14104","947","3.1415","975","3.13824","975","3.143896","975","3.140812","975","3.141144","972","3.142476","972","3.14128","972","3.14116","965","3.141888","966","3.141796","965","3.140416","965","3.140348","965","3.14174","965","3.142768","965","3.143252","963","3.143484","963","3.145416","963","3.1408","961","3.141072","962","3.14","962","3.144748","963","3.139504","962","3.14092","965","3.144964","963","3.138404","962","3.142772","963","3.140032","962","3.14132","962","3.139416","962","3.139828","962","3.143064","962","3.141832","962","3.141052","961","3.140632","961","3.145316","962","3.139476","962","3.1418146399999993","985","1032"
"74","3.141272","436","3.14478","487","3.14202","540","3.141784","487","3.142704","586","3.14332","586","3.142472","586","3.139292","586","3.141164","586","3.140164","586","3.142316","586","3.141296","1013","3.141892","996","3.143428","1040","3.14214","987","3.137104","1040","3.141656","1037","3.142204","1037","3.14094","992","3.142376","984","3.142224","1037","3.139172","984","3.141884","984","3.14024","1037","3.142204","983","3.143636","992","3.143792","995","3.141696","1037","3.143644","993","3.141308","1006","3.142884","952","3.140976","1005","3.144128","963","3.142016","1005","3.142504","963","3.142124","1005","3.140192","1004","3.138768","963","3.141276","962","3.144644","951","3.14146","1004","3.141868","1006","3.142172","1026","3.14042","1004","3.142308","1004","3.142604","1005","3.140896","956","3.144672","1001","3.14218","1002","3.141052","1002","3.135836","1002","3.144168","1000","3.14226","1026","3.143228","1026","3.143472","1006","3.142792","1003","3.141968","1026","3.141796","1026","3.142032","1026","3.141604","1004","3.139976","1003","3.139964","1004","3.14252","1000","3.138336","997","3.140252","997","3.143536","997","3.140328","1017","3.143092","1018","3.139432","1017","3.142184","996","3.141136","1018","3.138572","1017","3.140464","995","3.142436","1018","3.142624","997","3.141944","1017","3.142264","1017","3.140356","996","3.140596","997","3.142056","997","3.139904","1018","3.140504","1017","3.140584","994","3.140184","1016","3.141216","1016","3.138864","1017","3.143452","1016","3.143104","1016","3.139508","1016","3.139784","996","3.140212","1016","3.14028","1016","3.1402","996","3.144776","1016","3.144584","1011","3.140948","1011","3.139548","1011","3.138372","991","3.143096","991","3.144264","1011","3.14157876","954","1074"
"75","3.141736","640","3.140848","905","3.14288","905","3.139316","905","3.141624","905","3.141656","905","3.142056","905","3.14132","905","3.14324","905","3.141148","906","3.142596","905","3.141828","905","3.140348","905","3.141964","905","3.137724","930","3.143188","905","3.139396","905","3.143208","905","3.140232","905","3.1432","905","3.141512","905","3.14202","902","3.145056","916","3.140268","917","3.143284","917","3.139428","892","3.141308","917","3.142084","917","3.140428","917","3.143556","892","3.138664","917","3.141424","915","3.141756","911","3.144532","911","3.143276","885","3.140344","884","3.13994","985","3.143348","986","3.143216","985","3.13958","986","3.142832","986","3.140988","985","3.142228","986","3.141592","986","3.140988","985","3.140968","985","3.14092","957","3.146","965","3.14336","985","3.144012","985","3.142528","986","3.139844","986","3.140912","985","3.143064","986","3.139368","961","3.141348","985","3.140084","963","3.142948","986","3.14052","986","3.145256","985","3.142608","986","3.140676","962","3.14466","963","3.142892","986","3.139572","985","3.141632","957","3.142384","986","3.143656","986","3.141912","985","3.144356","985","3.142676","986","3.1408","985","3.138516","961","3.14216","986","3.138776","985","3.142608","985","3.14078","985","3.138944","985","3.137608","985","3.144444","985","3.140212","985","3.14436","986","3.138552","985","3.142364","985","3.14176","985","3.142792","985","3.138804","986","3.142644","985","3.141272","985","3.142384","985","3.140872","985","3.145192","985","3.142256","985","3.143132","985","3.139876","985","3.142252","985","3.138048","985","3.142792","985","3.139608","983","3.145196","972","3.1417031999999985","952","1013"
"76","3.144304","611","3.139968","979","3.143088","946","3.140364","979","3.140788","979","3.141224","955","3.14258","956","3.13918","980","3.143896","979","3.141176","916","3.141452","955","3.139632","979","3.141384","949","3.140776","946","3.14252","979","3.14438","949","3.139848","948","3.141868","954","3.140592","979","3.1403","949","3.143596","815","3.143228","949","3.139324","979","3.141752","956","3.143036","979","3.142632","956","3.142224","979","3.142016","964","3.14436","964","3.142472","964","3.142652","964","3.141844","964","3.139364","931","3.141756","941","3.13866","964","3.141264","934","3.143076","964","3.142672","964","3.141544","944","3.138504","814","3.142456","941","3.139516","940","3.140228","941","3.1435","941","3.141084","940","3.143764","918","3.138856","934","3.141792","934","3.144352","934","3.137532","933","3.139112","934","3.140016","934","3.143452","934","3.141808","934","3.140412","934","3.14352","934","3.14482","934","3.1398","905","3.140412","934","3.139952","935","3.13764","922","3.14234","921","3.142032","921","3.144408","921","3.142012","893","3.140252","921","3.14144","920","3.141812","916","3.140412","918","3.144368","918","3.14294","918","3.139188","918","3.14624","920","3.143616","919","3.14082","915","3.141964","918","3.141196","920","3.143816","917","3.142188","917","3.1406","919","3.140944","919","3.141088","917","3.142332","918","3.143896","920","3.141988","920","3.14264","919","3.14264","919","3.14052","918","3.143636","915","3.1415","919","3.139268","918","3.138892","918","3.1405","913","3.14108","920","3.14174","918","3.144344","917","3.141148","918","3.141832","919","3.13974","918","3.141976","917","3.1416266800000003","931","987"
"77","3.142728","167","3.138488","196","3.14064","1002","3.144628","1003","3.142388","1007","3.142288","1002","3.14244","977","3.14328","1000","3.140904","1006","3.140652","1006","3.141748","1005","3.142144","1006","3.140772","999","3.141204","1004","3.142908","1000","3.140136","999","3.143388","1001","3.14132","1010","3.14288","1002","3.140464","1010","3.142204","1006","3.142556","998","3.140368","1009","3.140396","1000","3.143012","1006","3.144236","1007","3.141332","1001","3.141292","1001","3.143068","977","3.145468","999","3.14428","1007","3.13684","1000","3.14108","972","3.142968","1002","3.144536","999","3.142804","1008","3.142184","1010","3.14016","1010","3.142104","1007","3.140908","999","3.139308","1008","3.14386","1006","3.140696","1008","3.143012","998","3.140904","1004","3.145144","999","3.144044","1003","3.141656","998","3.142724","1002","3.140228","1000","3.14004","1005","3.141548","1009","3.140964","1007","3.140816","999","3.140688","1004","3.139156","1007","3.13888","970","3.140972","999","3.140644","1001","3.143224","970","3.141896","1001","3.139608","1004","3.14092","1005","3.139948","1001","3.14194","1024","3.142224","1005","3.141328","1001","3.142328","1025","3.142312","1006","3.141648","1025","3.142984","1001","3.142148","1001","3.143168","999","3.14104","1001","3.13996","1004","3.141404","1025","3.142896","1004","3.143932","1004","3.143828","1002","3.140328","994","3.140048","965","3.140352","998","3.141792","1005","3.143196","1003","3.142064","1005","3.142364","1004","3.141672","1003","3.142352","992","3.139916","975","3.141484","975","3.143608","975","3.13968","975","3.141908","970","3.143956","970","3.142356","970","3.139784","970","3.141212","970","3.139208","970","3.139128","970","3.138508","970","3.1416613200000008","981","1033"
"78","3.139656","991","3.139756","993","3.140488","1010","3.143612","993","3.1406","1010","3.139412","987","3.14454","994","3.139948","984","3.139688","1010","3.144468","1010","3.139568","982","3.140756","1010","3.14384","986","3.142976","992","3.143828","981","3.141476","983","3.14302","1010","3.140296","989","3.142812","993","3.141912","1010","3.140328","1010","3.140456","1010","3.141928","1010","3.139","989","3.140732","986","3.141728","981","3.141048","1010","3.140408","979","3.144216","993","3.141604","985","3.139544","954","3.142452","985","3.137764","1009","3.142132","1010","3.143988","1009","3.141344","985","3.146356","991","3.142188","1010","3.141148","992","3.142124","988","3.14528","981","3.139868","989","3.143568","993","3.140884","983","3.140228","1010","3.142556","990","3.140808","1009","3.14222","991","3.141852","992","3.143016","991","3.14134","1009","3.141184","1009","3.140184","992","3.138188","1009","3.14096","1009","3.139296","981","3.141768","978","3.141144","991","3.138336","986","3.14202","993","3.143208","983","3.139344","992","3.140888","989","3.14486","1009","3.141288","991","3.141328","990","3.141132","991","3.143336","1009","3.14006","992","3.138384","1009","3.14292","991","3.14002","1009","3.141056","1009","3.139748","978","3.140856","1009","3.139904","992","3.141528","1009","3.143316","984","3.1393","1009","3.142084","989","3.141388","1009","3.142856","986","3.142556","991","3.140296","1009","3.141104","1009","3.144548","989","3.138436","990","3.139624","990","3.14194","987","3.142632","1009","3.144144","1009","3.142908","990","3.14322","992","3.143728","984","3.140916","1009","3.141936","989","3.142272","990","3.144636","980","3.140688","991","3.140876","986","3.1415310399999994","995","1010"
"79","3.143672","55","3.144392","594","3.14036","716","3.140308","533","3.139556","594","3.140336","636","3.142604","533","3.138664","636","3.140624","593","3.141464","590","3.140404","716","3.142724","534","3.141196","594","3.14194","533","3.142376","533","3.141056","636","3.14344","594","3.143804","510","3.14018","1031","3.141832","1029","3.141568","1031","3.142136","1029","3.144144","957","3.141908","1031","3.139464","957","3.13884","1031","3.138948","1028","3.138908","1025","3.140088","1033","3.1414","1016","3.143252","1033","3.141332","1030","3.14192","1026","3.141252","1024","3.143864","1027","3.139612","1032","3.140308","1017","3.144188","1029","3.14146","1026","3.141168","1028","3.142208","1024","3.143288","1027","3.143128","1032","3.140232","1027","3.14034","1024","3.141164","1027","3.141684","1022","3.140924","1018","3.14298","1033","3.1421","1028","3.141864","1029","3.143304","1027","3.142192","1028","3.137508","1029","3.14278","1024","3.141492","1028","3.1447","1021","3.138664","1024","3.140948","1028","3.140004","1028","3.142528","1031","3.139796","1027","3.141176","1026","3.141428","1027","3.13916","1014","3.142604","1028","3.139992","1031","3.140724","1032","3.142352","1022","3.140992","1021","3.145892","1020","3.141532","1027","3.141704","1031","3.143828","1014","3.1398","1014","3.141676","1013","3.142804","1006","3.140736","1018","3.138716","1010","3.142628","1016","3.143788","1013","3.141592","1013","3.140684","1008","3.143616","1013","3.14424","1011","3.140376","1012","3.141548","1004","3.141864","999","3.140616","1011","3.140228","1012","3.141556","1013","3.141964","1013","3.144388","1013","3.141116","1011","3.143012","1012","3.140868","1009","3.14244","1012","3.140196","1009","3.141052","1003","3.140464","1004","3.141538720000001","937","1094"
"80","3.141356","331","3.141536","356","3.13992","826","3.14276","901","3.14314","859","3.138844","858","3.142476","858","3.143224","856","3.137612","832","3.14374","860","3.141972","892","3.143636","860","3.13736","901","3.142112","862","3.14414","860","3.14364","860","3.141848","988","3.13986","859","3.141376","833","3.140008","989","3.140772","869","3.13928","862","3.14024","858","3.140136","856","3.139508","988","3.1427","860","3.143236","856","3.140892","901","3.140688","859","3.140276","988","3.140912","924","3.13958","858","3.1426","860","3.140912","858","3.141988","825","3.14324","792","3.139112","901","3.142208","860","3.141332","825","3.143372","834","3.14438","988","3.141324","856","3.142844","857","3.142816","856","3.140736","800","3.140052","860","3.141172","952","3.141256","882","3.143872","881","3.139496","935","3.144496","935","3.141984","888","3.141436","883","3.140248","885","3.1426","886","3.140156","886","3.142012","886","3.140508","888","3.142488","888","3.140916","887","3.142652","887","3.143636","888","3.14194","883","3.139264","886","3.143232","886","3.139464","886","3.142232","883","3.142792","885","3.142396","884","3.142172","886","3.140452","887","3.140068","888","3.14172","883","3.14194","885","3.143388","883","3.13976","887","3.139672","882","3.141388","887","3.141252","887","3.142824","887","3.139656","884","3.140272","882","3.143236","887","3.144992","887","3.142988","885","3.140504","887","3.141664","885","3.139708","887","3.14178","887","3.141464","884","3.140736","882","3.140932","875","3.14116","874","3.138916","874","3.141728","875","3.140644","873","3.1418","873","3.144028","872","3.138852","873","3.141132","874","3.1414677200000005","869","998"
"81","3.139168","498","3.14242","1018","3.139408","964","3.140852","1017","3.142188","772","3.140312","987","3.1403","1017","3.14394","1017","3.143064","987","3.1434","1017","3.140868","1017","3.140608","1017","3.141624","1017","3.140192","987","3.142168","987","3.142672","1002","3.139492","1002","3.1408","1002","3.13924","1002","3.139636","1002","3.14114","1002","3.142044","1001","3.142532","943","3.143628","966","3.141124","996","3.141268","996","3.142816","943","3.144236","992","3.141952","993","3.138336","992","3.141624","992","3.138916","992","3.13906","992","3.140976","965","3.144944","985","3.14274","985","3.141712","931","3.14374","957","3.143736","988","3.141808","981","3.14214","981","3.141136","958","3.14226","979","3.142928","979","3.142284","978","3.141004","978","3.139128","978","3.142608","975","3.140552","976","3.139748","974","3.139892","973","3.140968","946","3.143912","974","3.140908","973","3.142172","974","3.13954","973","3.14008","973","3.14178","972","3.138096","973","3.142136","968","3.137908","969","3.142972","969","3.141444","968","3.140288","969","3.138148","968","3.139172","970","3.138752","965","3.142148","966","3.13946","965","3.142748","962","3.140252","964","3.142164","963","3.14052","953","3.14116","951","3.140736","952","3.143716","952","3.143612","952","3.143568","953","3.143136","951","3.139464","953","3.140896","953","3.143392","949","3.14176","953","3.142416","953","3.139208","952","3.139468","952","3.14094","952","3.142804","951","3.139656","951","3.141076","953","3.143032","953","3.140948","952","3.141976","945","3.141776","945","3.144388","945","3.140176","946","3.14014","945","3.141512","945","3.142176","945","3.142304","945","3.1413536800000004","965","1023"
"82","3.144892","57","3.141164","695","3.141404","695","3.141504","665","3.14038","695","3.139012","719","3.142952","665","3.13982","714","3.14268","714","3.143324","714","3.1417","714","3.140352","714","3.139912","714","3.140708","714","3.138876","712","3.139476","712","3.14186","709","3.140136","680","3.143124","709","3.141636","709","3.140312","706","3.140196","705","3.138268","705","3.13988","880","3.141928","880","3.142632","704","3.14116","879","3.141552","986","3.142916","880","3.1429","880","3.137248","880","3.14246","880","3.138664","880","3.140408","879","3.144744","705","3.140796","742","3.140644","880","3.142224","994","3.139144","994","3.137524","994","3.142152","994","3.139992","994","3.142088","994","3.140688","994","3.141768","973","3.139232","994","3.140332","994","3.140712","926","3.14364","973","3.142124","994","3.140708","876","3.142204","945","3.14304","920","3.1411","921","3.140616","921","3.142256","920","3.142892","921","3.14164","920","3.143108","920","3.143392","920","3.141356","920","3.143356","920","3.141316","920","3.14332","920","3.139052","920","3.141372","921","3.140348","920","3.139172","920","3.142228","921","3.137248","920","3.139984","920","3.142784","920","3.14186","921","3.138808","920","3.141776","919","3.142668","920","3.139864","921","3.141344","920","3.14028","921","3.14122","920","3.140944","920","3.142588","919","3.143048","920","3.141228","920","3.137072","920","3.141728","921","3.14302","919","3.141656","920","3.139564","920","3.140576","920","3.142688","920","3.140916","920","3.141848","920","3.14044","920","3.14292","920","3.14194","919","3.1425","920","3.140696","920","3.143116","919","3.142688","913","3.14124728","862","1026"
"83","3.140684","687","3.14308","1025","3.139496","1022","3.138576","1025","3.141456","1021","3.138596","1025","3.140984","1021","3.139204","1024","3.14112","1021","3.140972","992","3.144492","1022","3.143904","1021","3.138772","1021","3.140336","986","3.14136","1021","3.140708","1020","3.141232","1021","3.140972","1021","3.142756","1024","3.142668","1021","3.141308","1021","3.139384","1015","3.141076","1012","3.138752","977","3.142732","1016","3.139148","1001","3.1399","998","3.140108","1002","3.140616","1001","3.141424","1002","3.14254","969","3.140992","1001","3.140712","1001","3.138832","1001","3.142176","1001","3.142716","1000","3.145392","999","3.1396","999","3.141808","998","3.14338","999","3.140136","999","3.14202","1000","3.142768","998","3.14172","999","3.141016","1000","3.140544","999","3.141284","999","3.14366","999","3.14086","999","3.138828","999","3.139144","999","3.141284","999","3.140808","999","3.14308","999","3.140448","999","3.140304","1000","3.144248","999","3.142584","999","3.141268","999","3.14382","999","3.142584","999","3.140472","998","3.141436","999","3.139956","999","3.140672","995","3.14156","999","3.145828","999","3.142436","998","3.141704","999","3.14438","999","3.141212","998","3.142908","998","3.141992","998","3.138476","999","3.139612","999","3.140432","998","3.140156","999","3.14274","999","3.143012","995","3.141296","999","3.144292","994","3.142408","998","3.140572","999","3.142976","999","3.141252","995","3.140768","994","3.143088","998","3.1422","999","3.140108","995","3.141828","998","3.1421","995","3.143836","998","3.141836","999","3.138484","997","3.141976","999","3.142364","995","3.140724","995","3.14464","994","3.140676","995","3.141608","990","3.1414438799999993","999","1028"
"84","3.141476","153","3.140764","797","3.141548","945","3.141216","946","3.142776","825","3.141968","946","3.144908","890","3.141024","891","3.141","945","3.138448","890","3.143832","945","3.1406","890","3.1433","890","3.14316","890","3.14238","890","3.14028","791","3.143224","945","3.13952","946","3.141776","890","3.141024","825","3.140036","890","3.139344","766","3.141668","735","3.141632","945","3.143736","945","3.140436","908","3.140264","908","3.140268","908","3.14052","908","3.14346","820","3.142356","907","3.14172","908","3.139196","908","3.142664","852","3.14082","907","3.141632","907","3.142368","820","3.141072","907","3.141528","908","3.141524","884","3.14244","884","3.139372","884","3.142968","884","3.141532","884","3.142912","884","3.142548","852","3.14194","884","3.139864","884","3.141996","844","3.14194","876","3.142132","844","3.141364","844","3.1422","853","3.142892","855","3.140648","856","3.13952","847","3.140884","876","3.144448","868","3.142264","868","3.14436","868","3.142584","963","3.145284","964","3.140524","963","3.143064","963","3.144768","964","3.1419","964","3.140944","964","3.14112","963","3.143652","964","3.142468","963","3.140652","964","3.1445","963","3.141904","942","3.140908","964","3.13984","943","3.141788","963","3.141936","963","3.14008","963","3.138688","942","3.140484","963","3.141556","963","3.13972","963","3.14052","963","3.14374","963","3.142284","941","3.141532","963","3.139464","963","3.139644","963","3.1424","963","3.143832","963","3.141292","963","3.139296","963","3.143352","963","3.141372","963","3.142536","963","3.142756","963","3.143684","963","3.13886","963","3.138908","963","3.141064","963","3.14163592","905","1048"
"85","3.14262","250","3.143116","965","3.1387","935","3.139884","971","3.139392","935","3.141972","935","3.140028","976","3.14222","971","3.14238","976","3.14266","971","3.140704","965","3.142856","725","3.1433","970","3.143024","965","3.142212","965","3.139772","976","3.14026","971","3.137792","976","3.14178","977","3.141096","954","3.14058","967","3.143092","966","3.138952","966","3.140484","968","3.14356","961","3.144724","968","3.140548","961","3.144592","968","3.143016","968","3.143028","968","3.14138","968","3.143572","962","3.140688","962","3.143792","966","3.144584","968","3.141916","967","3.142328","965","3.139396","967","3.142948","954","3.143068","967","3.138236","968","3.1386","962","3.141216","954","3.14196","961","3.141592","967","3.14176","965","3.140844","965","3.140604","954","3.142756","967","3.141824","959","3.14378","965","3.143616","966","3.141832","967","3.142072","965","3.14274","966","3.140764","966","3.139364","898","3.143176","898","3.141092","903","3.141604","904","3.142712","897","3.142832","904","3.14384","904","3.142008","898","3.142548","904","3.140352","904","3.141236","903","3.140144","913","3.138504","914","3.140456","914","3.14248","914","3.139876","914","3.1412","914","3.141824","914","3.1407","914","3.140144","914","3.140956","914","3.141472","913","3.143596","913","3.139032","914","3.14004","914","3.141576","913","3.14308","913","3.1421","913","3.139708","914","3.143188","913","3.141768","914","3.140676","914","3.143108","913","3.141284","913","3.140664","914","3.141976","914","3.140272","896","3.137096","895","3.14122","896","3.14454","896","3.140612","895","3.140932","895","3.143812","896","3.141772","895","3.1415678399999996","929","998"
"86","3.136732","126","3.141444","127","3.140916","164","3.145892","164","3.141772","546","3.144188","571","3.143304","570","3.14132","777","3.144128","571","3.142284","925","3.1392","568","3.143668","869","3.142072","741","3.141384","851","3.140348","695","3.14186","741","3.13966","851","3.143536","848","3.13978","691","3.142048","847","3.142128","847","3.141172","984","3.142756","984","3.143756","983","3.140096","979","3.140456","979","3.142084","983","3.14002","984","3.141692","979","3.14084","979","3.140648","984","3.138572","979","3.141096","984","3.14006","984","3.142036","979","3.141136","984","3.143684","979","3.140012","979","3.14266","982","3.143784","940","3.139304","979","3.142124","984","3.141048","950","3.142832","983","3.14256","979","3.141712","983","3.141532","979","3.14176","982","3.141644","983","3.140092","983","3.139108","979","3.139356","983","3.14258","984","3.142872","984","3.139484","984","3.139664","983","3.14012","984","3.143932","983","3.139044","983","3.139812","982","3.140372","978","3.143888","983","3.142984","982","3.137624","979","3.140904","983","3.141124","978","3.140372","983","3.140492","979","3.142116","979","3.1455","983","3.137932","981","3.140476","978","3.142112","982","3.142316","983","3.144996","982","3.144084","983","3.140344","978","3.140148","983","3.138972","982","3.141676","983","3.143904","983","3.142632","978","3.142308","982","3.13988","975","3.137268","978","3.141352","980","3.141792","974","3.140372","969","3.142824","969","3.139932","969","3.142068","969","3.142484","969","3.142176","967","3.141164","970","3.141888","969","3.139104","969","3.140496","966","3.13928","966","3.144","957","3.142576","956","3.141407360000002","903","1035"
"87","3.141788","543","3.139984","567","3.141864","565","3.14216","540","3.144272","638","3.141804","1034","3.14176","662","3.140668","903","3.141392","1034","3.14476","1034","3.139724","1034","3.140828","1034","3.141648","940","3.139688","1034","3.139552","683","3.140988","1012","3.142516","1013","3.142116","919","3.144944","1012","3.141912","1009","3.1449","878","3.142528","1008","3.140748","914","3.140004","1006","3.142596","1006","3.14184","912","3.141104","1002","3.141848","1002","3.140732","1002","3.142364","999","3.140348","999","3.143776","908","3.14306","1000","3.139644","999","3.141684","999","3.144448","902","3.141956","994","3.139748","994","3.139328","864","3.143268","902","3.141608","902","3.142784","902","3.142428","900","3.13972","994","3.142812","994","3.142972","994","3.141864","994","3.142016","994","3.141028","994","3.141684","984","3.14024","984","3.139676","982","3.140056","926","3.140796","982","3.138908","981","3.14116","914","3.140692","936","3.143684","925","3.143164","982","3.140644","933","3.142704","924","3.145116","980","3.1438","980","3.143364","994","3.139332","980","3.142472","981","3.139976","981","3.140348","981","3.141644","981","3.141472","964","3.142352","964","3.142672","980","3.141208","963","3.143872","964","3.14018","964","3.13908","994","3.140892","980","3.141584","963","3.142032","934","3.144172","914","3.141252","978","3.139104","987","3.142432","956","3.142576","978","3.141788","973","3.141356","962","3.13702","952","3.139264","951","3.141052","962","3.13902","951","3.139772","950","3.140576","960","3.14142","952","3.14014","949","3.142748","940","3.140996","951","3.140616","951","3.143164","951","3.140228","951","3.14744","951","3.1415846399999996","942","1057"
"88","3.14092","45","3.14248","911","3.140876","946","3.14012","950","3.144284","916","3.140016","1053","3.136812","911","3.141584","1052","3.141836","950","3.141348","946","3.142464","977","3.141596","989","3.140796","982","3.142008","941","3.140428","941","3.14124","912","3.140376","913","3.14248","940","3.142552","912","3.142308","914","3.142496","1052","3.140064","884","3.138884","978","3.141668","949","3.142136","918","3.146484","940","3.138788","940","3.142304","1052","3.141272","974","3.141808","989","3.140264","1052","3.138252","1004","3.143456","1044","3.14006","1014","3.14224","1005","3.141224","1044","3.14254","1043","3.139812","1007","3.141688","1005","3.139476","1043","3.140904","1043","3.14374","966","3.138992","1014","3.142684","1002","3.141452","1004","3.143372","1031","3.14224","1014","3.138848","1014","3.141024","1010","3.142316","1014","3.14372","1015","3.144836","1010","3.1436","1015","3.144956","1015","3.140052","1014","3.143544","1014","3.145316","1013","3.14052","1013","3.14016","1014","3.141292","1008","3.141772","986","3.142364","985","3.145192","983","3.14352","979","3.143704","983","3.141036","985","3.144208","983","3.144776","984","3.14514","984","3.142688","985","3.139236","985","3.142276","985","3.14606","986","3.139736","985","3.14168","985","3.141568","986","3.143684","985","3.141988","978","3.14124","986","3.141792","984","3.141096","983","3.140684","985","3.143004","984","3.141892","985","3.143272","984","3.14258","979","3.141084","984","3.14318","975","3.141792","979","3.142668","980","3.140852","980","3.142848","980","3.143268","980","3.14278","980","3.142456","981","3.143932","981","3.140304","981","3.141072","980","3.139224","981","3.139804","981","3.1418646000000012","975","1056"
"89","3.139944","89","3.139832","91","3.1415","1023","3.143304","1022","3.14116","1024","3.141332","1025","3.13978","1023","3.142644","1000","3.140132","994","3.144512","1026","3.142876","991","3.13938","1023","3.140564","1026","3.139352","1022","3.143484","1025","3.140192","1024","3.142648","1023","3.142404","991","3.143376","1022","3.142368","1023","3.1407","996","3.14374","1025","3.141912","1023","3.140812","995","3.143568","1026","3.143044","1023","3.13852","996","3.14588","1022","3.141648","1025","3.141212","1023","3.142836","1023","3.139132","1022","3.141208","1023","3.143432","1027","3.14152","1025","3.139448","1023","3.1403","1023","3.143268","991","3.140028","1023","3.14238","1023","3.14108","1022","3.139336","1023","3.142476","1027","3.143456","1000","3.1459","1022","3.140696","1023","3.139972","990","3.140184","1023","3.142372","1024","3.143744","1023","3.139032","1026","3.143992","1024","3.142024","1023","3.13948","988","3.142396","1025","3.14174","1000","3.144164","1004","3.141844","1000","3.140996","1004","3.140628","1004","3.14164","1000","3.141332","1000","3.1413","1002","3.141608","1003","3.141772","1004","3.142352","1000","3.142224","1000","3.142292","1000","3.139752","1002","3.142424","1000","3.14098","1001","3.141448","1003","3.141328","1000","3.142812","1001","3.14108","1002","3.142424","1003","3.142268","1002","3.141932","999","3.142204","1003","3.138924","1001","3.140404","973","3.14382","1002","3.140648","999","3.13926","1000","3.140736","1003","3.141108","1003","3.140304","1003","3.143364","1000","3.14182","1004","3.141812","1001","3.143412","938","3.142488","939","3.139056","936","3.147036","937","3.14012","939","3.139984","936","3.143128","940","3.1426","940","3.142164","939","3.141744","935","3.14167988","985","1031"
"90","3.142356","131","3.143116","1058","3.140816","1052","3.139372","1052","3.140908","1010","3.141116","1052","3.14156","1052","3.14312","1052","3.144052","1012","3.140264","973","3.141164","975","3.139388","1052","3.142564","1052","3.141344","1052","3.141416","1007","3.140776","1051","3.140616","949","3.141172","1056","3.142764","1052","3.141792","1019","3.14206","1052","3.140644","1052","3.14118","1007","3.141452","973","3.142128","1052","3.142696","1052","3.140988","1052","3.14038","1052","3.141396","1011","3.14344","1052","3.142848","981","3.142716","1018","3.142744","1012","3.14424","1052","3.140876","1058","3.141508","1051","3.140284","1052","3.139884","1052","3.142052","1052","3.141252","1052","3.142948","1051","3.141788","1052","3.1447","1052","3.139084","1045","3.141152","1048","3.140116","1043","3.14054","1041","3.142088","1041","3.14104","1046","3.139336","1045","3.141852","1046","3.144608","1047","3.145316","1048","3.142428","1047","3.142064","1041","3.141764","1048","3.140996","1041","3.141936","1041","3.143164","1046","3.141356","1046","3.141868","1045","3.140456","1045","3.141648","1042","3.1397","1047","3.142392","1041","3.1419","1041","3.140756","1041","3.139504","1042","3.141964","1047","3.142216","1044","3.141744","1041","3.140032","1041","3.141896","1043","3.143676","1041","3.141976","1045","3.142576","1041","3.141236","1046","3.140784","1047","3.139036","1045","3.1406","1045","3.14228","1047","3.14108","1041","3.138896","1047","3.143056","1026","3.139856","1023","3.141532","1013","3.139876","1017","3.14044","1014","3.144644","1007","3.138632","1007","3.140604","1008","3.143336","1010","3.138928","1008","3.142656","1008","3.141136","1008","3.1411","1010","3.14326","1008","3.142768","1008","3.14278","1010","3.142076","1008","3.141576159999999","1025","1060"
"91","3.139956","19","3.142416","104","3.139872","995","3.142388","916","3.141832","1017","3.14148","915","3.141484","1017","3.142828","1017","3.142128","997","3.13908","946","3.140496","995","3.144624","949","3.14142","994","3.142836","915","3.141604","947","3.139228","946","3.141132","884","3.141396","946","3.142488","925","3.141184","946","3.142304","946","3.143184","1017","3.141084","946","3.14068","1017","3.141248","946","3.143344","1017","3.142472","849","3.14688","853","3.143744","857","3.140612","946","3.14124","954","3.139292","915","3.136552","1017","3.140216","923","3.144276","992","3.140672","992","3.141444","993","3.139276","992","3.140424","992","3.14112","993","3.143872","921","3.138072","992","3.140236","992","3.141708","992","3.13886","992","3.140976","992","3.144144","992","3.14036","972","3.139932","992","3.139224","992","3.141084","988","3.143444","987","3.143","988","3.143924","987","3.144216","987","3.14058","988","3.141992","988","3.1413","988","3.142308","968","3.140648","988","3.139128","988","3.143764","988","3.139184","988","3.140616","987","3.143304","966","3.141568","987","3.144072","988","3.139336","955","3.137884","988","3.14126","988","3.143576","988","3.142476","987","3.141636","988","3.143404","987","3.142664","972","3.139504","972","3.140896","972","3.140168","972","3.14464","973","3.141692","972","3.142496","972","3.139596","972","3.141392","968","3.143012","945","3.141668","947","3.139492","968","3.144632","968","3.141788","968","3.140508","969","3.1382","968","3.139824","968","3.144012","968","3.139992","969","3.14148","968","3.141896","968","3.1403","968","3.13952","968","3.142092","968","3.141488","967","3.140816","968","3.1414479199999983","951","1022"
"92","3.140148","445","3.140976","547","3.13984","546","3.14148","893","3.140172","865","3.140156","1007","3.139268","827","3.141276","865","3.14172","841","3.143524","1006","3.14006","1021","3.142976","1019","3.139884","998","3.141712","1018","3.138256","1018","3.1396","991","3.14032","997","3.143676","1001","3.138864","1018","3.13988","1018","3.142304","999","3.14122","1018","3.139236","1018","3.14192","1018","3.142996","1018","3.140884","991","3.144656","1001","3.142056","1018","3.140392","1018","3.141244","1018","3.141432","997","3.14274","1018","3.140724","1018","3.143952","1018","3.142112","994","3.139856","1018","3.142972","1000","3.14326","1018","3.139796","999","3.141584","1018","3.143076","1018","3.141492","1018","3.141796","993","3.141364","996","3.142304","1018","3.141776","1018","3.141668","1018","3.140308","1018","3.143752","1018","3.140176","996","3.139032","1017","3.141008","1018","3.142824","1018","3.138832","1018","3.146536","999","3.142852","1017","3.14116","994","3.144012","1018","3.140212","1018","3.142204","1018","3.140836","999","3.1422","1018","3.142244","995","3.14124","1018","3.141312","1018","3.140896","998","3.14138","997","3.140968","996","3.139588","1017","3.138296","997","3.142924","1018","3.140272","993","3.140968","1018","3.138588","998","3.139072","985","3.143384","1018","3.14208","1018","3.14094","1017","3.139724","1017","3.1437","1017","3.141952","997","3.142504","998","3.138736","991","3.142896","1001","3.1411","985","3.139796","1017","3.144824","1017","3.140904","992","3.141592","1018","3.140792","964","3.140196","1017","3.138668","1018","3.141672","993","3.140692","1017","3.142188","1017","3.140832","995","3.141588","1018","3.141084","1017","3.141184","1018","3.139408","1017","3.1412872799999985","986","1027"
"93","3.141756","262","3.139508","975","3.140536","967","3.142472","932","3.140608","967","3.140208","976","3.14344","967","3.143844","975","3.137092","975","3.1424","976","3.14078","967","3.142272","945","3.141768","936","3.142372","967","3.141356","975","3.143832","976","3.13842","975","3.13884","976","3.139676","966","3.144396","975","3.144732","944","3.142264","973","3.14454","975","3.14708","967","3.1401","940","3.142204","963","3.140692","956","3.141428","948","3.143596","947","3.142492","956","3.14194","956","3.140984","956","3.14342","946","3.13916","954","3.141188","942","3.142544","950","3.140004","941","3.142248","940","3.140832","949","3.141368","943","3.141148","942","3.140828","934","3.141176","941","3.144292","942","3.142736","960","3.14058","936","3.141052","932","3.142232","960","3.142308","932","3.140344","937","3.143412","960","3.142064","942","3.142804","932","3.141468","936","3.147272","932","3.140436","960","3.14248","941","3.139136","932","3.138492","934","3.143656","960","3.139648","959","3.143868","936","3.14264","937","3.141544","937","3.141328","959","3.142888","934","3.143144","942","3.140376","960","3.14478","960","3.140628","941","3.142148","960","3.14102","942","3.14254","960","3.138512","937","3.140976","938","3.141784","960","3.1431","959","3.141932","935","3.13812","959","3.143252","936","3.141472","959","3.140844","932","3.142092","959","3.142208","936","3.142084","960","3.145232","942","3.14404","935","3.142356","959","3.141204","935","3.144392","936","3.142256","959","3.141576","954","3.14136","953","3.138264","954","3.140808","953","3.140508","953","3.145364","953","3.139996","953","3.14404","925","3.14212","901","3.14182752","943","996"
"94","3.141052","558","3.142476","1067","3.14344","1067","3.140596","971","3.137656","949","3.140912","971","3.142204","1067","3.1401","1069","3.141092","1069","3.143744","1067","3.140336","1069","3.141672","1000","3.139224","1069","3.142004","976","3.140196","1069","3.141804","1067","3.140484","1067","3.140492","1067","3.14478","981","3.143188","1063","3.139608","1065","3.141836","1064","3.141632","997","3.140896","1001","3.143412","1064","3.144","1065","3.1408","969","3.141112","1065","3.14172","946","3.140912","1065","3.142776","996","3.142304","997","3.141956","1066","3.140972","977","3.14036","1003","3.141356","1066","3.142236","997","3.142604","1064","3.140228","998","3.140544","1066","3.141748","1065","3.145196","1063","3.14204","1065","3.138452","1063","3.14132","997","3.142288","1065","3.143344","1063","3.142308","1061","3.139096","1012","3.139884","1005","3.141996","1007","3.139632","1007","3.142396","1005","3.14232","1005","3.14256","1005","3.143436","1007","3.146064","1007","3.141748","1005","3.14094","1007","3.144068","1007","3.144776","973","3.142472","998","3.142428","997","3.141888","992","3.142288","992","3.138948","991","3.140692","993","3.144076","995","3.142708","988","3.141924","990","3.140512","994","3.143068","988","3.1416","988","3.143988","984","3.14108","988","3.13834","984","3.141572","984","3.136396","985","3.143088","988","3.142532","985","3.143768","982","3.140468","982","3.142572","982","3.13998","979","3.142084","979","3.144008","980","3.142724","979","3.141048","976","3.143364","976","3.141604","976","3.142652","976","3.142552","972","3.139696","976","3.140072","969","3.143364","962","3.14342","963","3.138328","969","3.140624","957","3.13934","957","3.144192","960","3.1416978800000006","1005","1076"
"95","3.142908","799","3.140744","777","3.142788","755","3.142384","727","3.139476","727","3.141652","755","3.143612","755","3.14264","755","3.140772","754","3.144512","755","3.144312","755","3.141152","754","3.141116","748","3.140896","747","3.140984","747","3.140928","747","3.143556","747","3.140692","1008","3.142708","1009","3.141012","1008","3.141344","1011","3.14104","1012","3.141932","1009","3.14194","1009","3.141672","979","3.146464","990","3.141224","1008","3.141336","1012","3.141948","1008","3.139692","1009","3.142448","1011","3.139348","1011","3.140016","1008","3.1416","983","3.143244","1010","3.142472","1009","3.142576","1012","3.140928","986","3.143856","1008","3.1427","1008","3.143564","1011","3.141204","1008","3.142392","1012","3.140292","1012","3.141672","1009","3.143276","988","3.142868","1010","3.13896","1008","3.13946","1011","3.13778","1008","3.143452","1008","3.143164","1011","3.140948","1008","3.142608","1008","3.139936","1008","3.13894","1008","3.14148","987","3.144332","1009","3.139704","1009","3.142768","1008","3.144412","1008","3.142272","985","3.142308","1009","3.143652","1008","3.141648","1008","3.1405","1006","3.140344","986","3.139992","1008","3.145012","1007","3.142656","1005","3.1422","1007","3.138428","1005","3.142172","1005","3.1427","1007","3.141088","1007","3.140972","1009","3.141548","982","3.140456","1007","3.142888","1009","3.141928","1006","3.1431","1007","3.141048","1008","3.140428","1005","3.142532","1009","3.138232","983","3.141252","1009","3.141748","1008","3.141752","1005","3.141388","1005","3.139816","1005","3.140932","1005","3.140828","1005","3.142368","1007","3.141788","1005","3.138928","1007","3.143996","1005","3.141152","1008","3.140548","1005","3.138436","999","3.140212","1002","3.141630840000001","962","1026"
"96","3.141332","352","3.144688","736","3.142924","839","3.146932","839","3.144252","868","3.141164","868","3.140848","868","3.138636","868","3.142136","733","3.142944","837","3.143036","868","3.140744","733","3.142372","735","3.140076","836","3.140696","868","3.141504","858","3.141752","826","3.142012","858","3.140784","858","3.140232","858","3.14276","858","3.14046","826","3.143496","826","3.141252","826","3.144412","859","3.140268","826","3.14334","852","3.140988","814","3.142504","780","3.13994","814","3.142892","814","3.13854","814","3.142412","979","3.14082","982","3.13892","981","3.140824","981","3.141532","972","3.142816","980","3.142484","976","3.14352","975","3.142096","980","3.138936","983","3.14074","980","3.141404","982","3.139352","982","3.14078","981","3.143008","979","3.143864","976","3.138336","973","3.14154","970","3.141572","978","3.14366","981","3.141776","979","3.142836","982","3.141084","982","3.140644","970","3.142732","980","3.142664","980","3.141824","973","3.1419","980","3.140656","978","3.141304","975","3.141404","980","3.143284","975","3.141036","978","3.138204","976","3.14268","977","3.141688","972","3.142152","979","3.143224","976","3.142892","977","3.139972","977","3.14052","975","3.139336","979","3.145284","974","3.142732","974","3.141196","978","3.142676","978","3.142224","972","3.142332","968","3.142412","978","3.141908","962","3.143016","968","3.141776","970","3.142936","971","3.139832","971","3.141912","967","3.141616","969","3.142224","969","3.141124","952","3.143328","968","3.144928","967","3.140488","971","3.13958","971","3.140504","964","3.143748","945","3.140344","944","3.140648","943","3.140276","935","3.139896","932","3.141712840000001","921","1014"
"97","3.142756","379","3.140748","904","3.142316","882","3.1373","904","3.14","882","3.147004","904","3.139384","882","3.141628","904","3.14168","904","3.141568","874","3.142168","896","3.13932","874","3.142708","874","3.142836","891","3.14178","892","3.14072","891","3.14458","891","3.140192","892","3.142048","892","3.139916","891","3.144668","892","3.138964","892","3.138848","849","3.142888","869","3.14284","892","3.143292","892","3.142236","869","3.144236","892","3.141372","891","3.140008","892","3.14294","892","3.141604","873","3.140816","870","3.142912","870","3.14172","870","3.14362","868","3.140204","898","3.141304","869","3.14416","931","3.143908","938","3.141988","869","3.143424","897","3.14108","934","3.14202","902","3.141148","928","3.14","869","3.144368","928","3.141684","933","3.13936","928","3.13922","869","3.140056","870","3.142548","934","3.139096","931","3.141692","897","3.14308","869","3.1416","952","3.143632","937","3.141","937","3.141008","908","3.142596","937","3.140384","913","3.139932","937","3.140096","937","3.1408","913","3.141316","896","3.142032","896","3.144772","894","3.138","896","3.14006","896","3.143188","896","3.139412","893","3.143948","894","3.141956","896","3.141088","895","3.141688","895","3.142508","896","3.141104","894","3.142252","894","3.142112","896","3.140732","896","3.14124","895","3.139868","894","3.141004","896","3.140276","896","3.137228","896","3.140964","896","3.14174","896","3.145512","896","3.143172","896","3.142368","896","3.143068","894","3.139344","894","3.139616","895","3.1416","895","3.138976","895","3.141212","896","3.142248","892","3.139084","893","3.139812","895","3.139076","896","3.1414858","891","1000"
"98","3.137752","491","3.140816","626","3.137556","626","3.142908","543","3.140708","622","3.14192","650","3.14318","623","3.140208","649","3.141784","623","3.140856","624","3.140968","650","3.1429","650","3.138528","543","3.14248","650","3.140964","623","3.140608","645","3.141852","987","3.139776","996","3.141988","975","3.141792","996","3.142192","996","3.142324","987","3.142524","977","3.142784","977","3.140628","977","3.142024","977","3.1402","990","3.143736","969","3.14218","991","3.143528","973","3.14098","990","3.141192","990","3.142168","990","3.140268","990","3.140516","990","3.142056","990","3.141632","969","3.141176","960","3.1442","991","3.142728","990","3.140976","991","3.143548","990","3.141036","954","3.143784","961","3.1362","990","3.140624","990","3.144112","968","3.1431","990","3.140916","990","3.140216","991","3.14362","990","3.139296","990","3.143412","990","3.14054","990","3.139116","968","3.143044","985","3.141188","985","3.142144","985","3.141336","986","3.140772","986","3.141444","985","3.139816","965","3.1402","957","3.142812","965","3.142772","977","3.14158","976","3.14008","976","3.141788","956","3.140276","977","3.140916","976","3.142528","977","3.143548","976","3.141032","975","3.141632","976","3.142752","950","3.141824","975","3.140816","975","3.139728","976","3.136852","975","3.14108","974","3.141444","975","3.14172","975","3.137728","975","3.141036","974","3.140972","975","3.138056","975","3.143012","975","3.1407","974","3.142964","975","3.1452","945","3.142736","938","3.139244","958","3.140604","959","3.144004","959","3.14204","959","3.140424","945","3.142076","918","3.144016","916","3.141188","895","3.141376","914","3.1414157600000006","916","1033"
"99","3.142032","1012","3.140448","1031","3.140568","1009","3.142904","1013","3.14288","1012","3.143592","1009","3.141052","1031","3.142548","1010","3.142632","1009","3.143588","1009","3.140084","1005","3.143056","1003","3.140796","1009","3.143508","1012","3.14238","1012","3.1438","1031","3.142524","1011","3.143396","1011","3.14052","1031","3.142204","1031","3.14226","1011","3.141976","1031","3.142864","1003","3.14138","1006","3.138984","1012","3.142932","1009","3.142824","1013","3.143888","1013","3.141976","1013","3.142436","1011","3.137952","1031","3.1398","1031","3.141728","1003","3.143016","1011","3.142188","1011","3.143008","1005","3.139032","1010","3.139736","1031","3.141148","1010","3.137896","1010","3.141052","1013","3.14204","1009","3.1417","1006","3.140344","1005","3.141596","1009","3.14086","1008","3.141388","1010","3.140556","1009","3.141228","1013","3.14296","1012","3.141684","1009","3.141068","1010","3.142208","1003","3.143292","1011","3.141792","1031","3.142228","1008","3.142024","1009","3.14378","1011","3.1419","1031","3.13968","1009","3.1417","1030","3.143668","1013","3.142888","1009","3.138588","1012","3.142528","1009","3.140148","1010","3.14038","1031","3.141648","1012","3.143072","1008","3.140248","1011","3.142488","1031","3.144364","1009","3.142004","1006","3.13826","1013","3.139956","1003","3.14346","1011","3.142984","1010","3.142044","1011","3.142832","1012","3.145008","1030","3.139864","1011","3.14218","1030","3.140812","1012","3.139008","1008","3.141236","1011","3.14126","978","3.142136","1005","3.140952","1010","3.143184","1009","3.138892","1008","3.142824","1030","3.141624","1011","3.14278","1011","3.141104","1009","3.14084","1009","3.144236","1008","3.13994","1010","3.139664","1011","3.140308","1011","3.141168","1030","3.14167196","1013","1031"
"100","3.139876","339","3.142088","968","3.139124","897","3.144024","968","3.142944","967","3.138252","784","3.143732","965","3.142544","968","3.141316","964","3.14306","903","3.141608","965","3.142324","967","3.1412","964","3.139276","968","3.143512","967","3.141988","910","3.137796","965","3.142736","965","3.141772","965","3.141364","964","3.142624","968","3.14262","969","3.14312","964","3.142372","964","3.140576","967","3.141388","968","3.142108","965","3.140204","965","3.141728","964","3.138092","968","3.140216","967","3.143684","965","3.140368","967","3.140292","967","3.1429","968","3.140924","967","3.141132","903","3.138932","897","3.142788","968","3.140808","965","3.13702","967","3.14402","968","3.141912","968","3.139668","967","3.144424","905","3.141456","967","3.13992","968","3.143948","968","3.139976","965","3.140728","964","3.143028","965","3.140256","964","3.139284","967","3.1418","964","3.13924","968","3.139","967","3.142732","966","3.140512","967","3.142216","964","3.13964","916","3.144176","916","3.138948","916","3.140656","882","3.142448","886","3.143732","886","3.142304","886","3.139576","878","3.142172","879","3.140352","879","3.143112","869","3.141832","869","3.139584","869","3.141112","868","3.140196","866","3.141636","834","3.14076","867","3.14322","865","3.137388","865","3.140516","868","3.1403","868","3.142976","867","3.14052","865","3.14138","867","3.141564","867","3.139672","866","3.13908","862","3.143388","867","3.142476","867","3.139628","867","3.143616","866","3.14352","867","3.139228","866","3.141032","866","3.144396","866","3.141588","867","3.14028","868","3.142624","868","3.142988","868","3.140212","867","3.1416","852","3.1413398","915","973"
"Averages","3.1414911599999997","423","3.14167072","713","3.1413209599999994","812","3.1417742399999993","865","3.1416821200000014","875","3.1415054000000002","888","3.1416469199999995","877","3.141462960000001","902","3.141353680000001","904","3.1416827200000004","916","3.1417228400000012","929","3.1417912799999987","938","3.1414817600000022","925","3.1414295599999984","948","3.1417816","938","3.1416750399999995","953","3.1414829999999996","971","3.14136916","971","3.14159216","970","3.1415854000000007","974","3.141623320000001","974","3.1417862000000003","974","3.14157756","980","3.1415080000000013","983","3.141715360000001","987","3.142188119999999","987","3.141740560000002","990","3.141661200000001","997","3.1416176","994","3.1413393599999995","990","3.1412229600000012","999","3.141237","999","3.1415937999999994","1004","3.141404840000001","1000","3.1416720400000004","999","3.14171636","1004","3.14151396","1004","3.1414037199999996","1004","3.141721359999999","1003","3.14156304","1001","3.1416320400000006","1008","3.1413168000000007","1003","3.1419252399999986","1006","3.1416986000000002","1004","3.1413738800000006","1007","3.14179868","1006","3.1415121199999994","1009","3.1416271600000005","1005","3.1415356400000003","1007","3.1411169200000018","1006","3.1416986800000006","1007","3.1416516800000007","1007","3.1415314799999994","1007","3.1416896799999994","1008","3.1415621200000006","1004","3.1411161200000004","1006","3.1417878800000008","1004","3.1416571600000003","1004","3.141490600000002","1004","3.1417103600000003","1004","3.1415211200000006","1002","3.1415634799999985","1003","3.1416190000000004","1002","3.1415432400000003","1002","3.141485199999999","1002","3.1415300000000013","1000","3.1414960400000007","1000","3.1412126399999996","1000","3.14139924","1000","3.1418604400000008","999","3.141638560000002","998","3.14147696","996","3.1416379999999986","995","3.14142492","995","3.1415259599999996","992","3.141538959999999","994","3.1415347199999997","992","3.14151328","992","3.1417173199999984","991","3.1416825600000013","988","3.1415408799999995","988","3.14160512","988","3.1411779999999987","987","3.1416103999999994","986","3.141334160000001","985","3.1412843999999978","986","3.14151076","985","3.14151988","984","3.141500640000001","981","3.1415090799999974","980","3.141474040000001","980","3.1416240000000006","978","3.141262000000001","976","3.1413241199999997","974","3.1415167200000007","974","3.1415522","972","3.1414849999999994","972","3.1414216400000017","971","3.1415586","970","3.1418404","969","3.141553155600001","972","1072"
