"Iteration Count","Job[1] Result","Job[1] Runtime (ms)","Job[2] Result","Job[2] Runtime (ms)","Job[3] Result","Job[3] Runtime (ms)","Job[4] Result","Job[4] Runtime (ms)","Job[5] Result","Job[5] Runtime (ms)","Job[6] Result","Job[6] Runtime (ms)","Job[7] Result","Job[7] Runtime (ms)","Job[8] Result","Job[8] Runtime (ms)","Job[9] Result","Job[9] Runtime (ms)","Job[10] Result","Job[10] Runtime (ms)","Job[11] Result","Job[11] Runtime (ms)","Job[12] Result","Job[12] Runtime (ms)","Job[13] Result","Job[13] Runtime (ms)","Job[14] Result","Job[14] Runtime (ms)","Job[15] Result","Job[15] Runtime (ms)","Job[16] Result","Job[16] Runtime (ms)","Job[17] Result","Job[17] Runtime (ms)","Job[18] Result","Job[18] Runtime (ms)","Job[19] Result","Job[19] Runtime (ms)","Job[20] Result","Job[20] Runtime (ms)","Job[21] Result","Job[21] Runtime (ms)","Job[22] Result","Job[22] Runtime (ms)","Job[23] Result","Job[23] Runtime (ms)","Job[24] Result","Job[24] Runtime (ms)","Job[25] Result","Job[25] Runtime (ms)","Job[26] Result","Job[26] Runtime (ms)","Job[27] Result","Job[27] Runtime (ms)","Job[28] Result","Job[28] Runtime (ms)","Job[29] Result","Job[29] Runtime (ms)","Job[30] Result","Job[30] Runtime (ms)","Job[31] Result","Job[31] Runtime (ms)","Job[32] Result","Job[32] Runtime (ms)","Job[33] Result","Job[33] Runtime (ms)","Job[34] Result","Job[34] Runtime (ms)","Job[35] Result","Job[35] Runtime (ms)","Job[36] Result","Job[36] Runtime (ms)","Job[37] Result","Job[37] Runtime (ms)","Job[38] Result","Job[38] Runtime (ms)","Job[39] Result","Job[39] Runtime (ms)","Job[40] Result","Job[40] Runtime (ms)","Job[41] Result","Job[41] Runtime (ms)","Job[42] Result","Job[42] Runtime (ms)","Job[43] Result","Job[43] Runtime (ms)","Job[44] Result","Job[44] Runtime (ms)","Job[45] Result","Job[45] Runtime (ms)","Job[46] Result","Job[46] Runtime (ms)","Job[47] Result","Job[47] Runtime (ms)","Job[48] Result","Job[48] Runtime (ms)","Job[49] Result","Job[49] Runtime (ms)","Job[50] Result","Job[50] Runtime (ms)","Job[51] Result","Job[51] Runtime (ms)","Job[52] Result","Job[52] Runtime (ms)","Job[53] Result","Job[53] Runtime (ms)","Job[54] Result","Job[54] Runtime (ms)","Job[55] Result","Job[55] Runtime (ms)","Job[56] Result","Job[56] Runtime (ms)","Job[57] Result","Job[57] Runtime (ms)","Job[58] Result","Job[58] Runtime (ms)","Job[59] Result","Job[59] Runtime (ms)","Job[60] Result","Job[60] Runtime (ms)","Job[61] Result","Job[61] Runtime (ms)","Job[62] Result","Job[62] Runtime (ms)","Job[63] Result","Job[63] Runtime (ms)","Job[64] Result","Job[64] Runtime (ms)","Job[65] Result","Job[65] Runtime (ms)","Job[66] Result","Job[66] Runtime (ms)","Job[67] Result","Job[67] Runtime (ms)","Job[68] Result","Job[68] Runtime (ms)","Job[69] Result","Job[69] Runtime (ms)","Job[70] Result","Job[70] Runtime (ms)","Job[71] Result","Job[71] Runtime (ms)","Job[72] Result","Job[72] Runtime (ms)","Job[73] Result","Job[73] Runtime (ms)","Job[74] Result","Job[74] Runtime (ms)","Job[75] Result","Job[75] Runtime (ms)","Job[76] Result","Job[76] Runtime (ms)","Job[77] Result","Job[77] Runtime (ms)","Job[78] Result","Job[78] Runtime (ms)","Job[79] Result","Job[79] Runtime (ms)","Job[80] Result","Job[80] Runtime (ms)","Job[81] Result","Job[81] Runtime (ms)","Job[82] Result","Job[82] Runtime (ms)","Job[83] Result","Job[83] Runtime (ms)","Job[84] Result","Job[84] Runtime (ms)","Job[85] Result","Job[85] Runtime (ms)","Job[86] Result","Job[86] Runtime (ms)","Job[87] Result","Job[87] Runtime (ms)","Job[88] Result","Job[88] Runtime (ms)","Job[89] Result","Job[89] Runtime (ms)","Job[90] Result","Job[90] Runtime (ms)","Job[91] Result","Job[91] Runtime (ms)","Job[92] Result","Job[92] Runtime (ms)","Job[93] Result","Job[93] Runtime (ms)","Job[94] Result","Job[94] Runtime (ms)","Job[95] Result","Job[95] Runtime (ms)","Job[96] Result","Job[96] Runtime (ms)","Job[97] Result","Job[97] Runtime (ms)","Job[98] Result","Job[98] Runtime (ms)","Job[99] Result","Job[99] Runtime (ms)","Job[100] Result","Job[100] Runtime (ms)","Average Result","Average Runtime (ms)","Total Runtime (ms)"
"1","3.138784","2100","3.142616","1991","3.142232","2118","3.14232","2118","3.142464","2115","3.14252","2055","3.141836","2096","3.14042","2095","3.141248","2092","3.13992","2092","3.14108","2092","3.13932","2092","3.139848","2094","3.141216","2093","3.139856","2092","3.140704","2003","3.142264","2092","3.141792","2092","3.14066","2001","3.1416","2092","3.139048","2076","3.14104","2051","3.141684","1918","3.1437","2072","3.14344","2072","3.144824","2074","3.139632","1982","3.139756","2007","3.142504","1971","3.142064","1971","3.14108","1919","3.140252","1917","3.140116","1942","3.139456","1944","3.13992","1918","3.14416","1941","3.14078","1917","3.143084","1916","3.142868","1942","3.14276","1940","3.14264","1941","3.142188","1942","3.140828","1940","3.139352","1940","3.141744","1940","3.143292","1940","3.144252","1943","3.143076","1915","3.141516","1915","3.142304","1916","3.142524","1893","3.140836","1918","3.144552","1918","3.142668","1924","3.139188","1876","3.142884","1926","3.142644","1928","3.13838","1921","3.140948","1913","3.140228","1914","3.144628","1889","3.141504","1892","3.14066","1914","3.14298","1889","3.140588","1914","3.138636","1914","3.14374","1890","3.141344","1912","3.14352","1913","3.1398","1912","3.142556","1912","3.142864","1912","3.140212","1913","3.144004","1911","3.138944","1912","3.14176","1913","3.141228","1911","3.14352","1912","3.144088","1912","3.139512","1911","3.142968","1912","3.138944","1911","3.13932","1911","3.139884","1911","3.140908","1912","3.141376","1911","3.143524","1911","3.140216","1910","3.140024","1911","3.142608","1910","3.141384","1910","3.143184","1911","3.140524","1910","3.14126","1910","3.142724","1911","3.1409","1911","3.141912","1911","3.142184","1911","3.141464","1909","3.141088","1910","3.141533960000001","1959","4176"
"2","3.140612","43","3.14052","504","3.139324","942","3.141392","447","3.141","597","3.140592","673","3.140736","617","3.142448","898","3.141872","916","3.1403","878","3.143236","917","3.139912","936","3.14366","916","3.139296","877","3.14468","936","3.14186","935","3.139212","916","3.143068","916","3.142344","918","3.13896","916","3.144076","916","3.14226","915","3.144844","936","3.141012","897","3.140388","916","3.138808","915","3.139536","914","3.141972","939","3.139008","909","3.14176","910","3.14002","930","3.141272","930","3.142544","910","3.141468","948","3.144116","941","3.140152","931","3.140664","938","3.138924","938","3.142568","947","3.142408","941","3.142856","907","3.14068","946","3.145672","936","3.139488","946","3.142236","928","3.142208","928","3.143872","946","3.142036","907","3.143476","928","3.143156","929","3.140488","922","3.142024","930","3.144156","913","3.141628","1013","3.14018","1008","3.142024","1033","3.141868","1009","3.143932","1033","3.140192","1034","3.140476","1034","3.142676","1015","3.14148","998","3.142284","997","3.143164","997","3.141648","998","3.14302","998","3.144692","997","3.140132","997","3.144404","997","3.142728","997","3.141204","997","3.141352","998","3.142584","997","3.137816","997","3.14176","997","3.141072","997","3.140476","997","3.143048","997","3.139816","997","3.141168","997","3.139952","997","3.143916","997","3.140812","997","3.141388","997","3.14224","997","3.141348","978","3.142336","996","3.14346","997","3.140692","997","3.138792","997","3.141996","997","3.144372","997","3.139092","997","3.142012","997","3.14092","996","3.144216","997","3.141964","997","3.143088","997","3.1417","996","3.143848","997","3.1417014","933","1114"
"3","3.143184","165","3.142064","674","3.14322","937","3.14366","673","3.143272","1014","3.142192","1014","3.140984","1014","3.139088","934","3.142724","1113","3.144728","1014","3.141792","1013","3.139264","1013","3.142316","931","3.1394","1163","3.140056","1163","3.144144","1029","3.141936","1126","3.141012","1145","3.14364","1029","3.14108","1162","3.139624","1126","3.142588","1145","3.140852","1125","3.142956","1106","3.141984","1162","3.14144","1029","3.142524","1163","3.143728","1159","3.142008","1101","3.141356","1159","3.141056","1175","3.140084","1140","3.141172","1159","3.141712","1140","3.141632","1175","3.144164","1158","3.14344","1141","3.144952","1159","3.138948","1141","3.142028","1175","3.143644","1158","3.143388","1158","3.139408","1158","3.143788","1158","3.143176","1157","3.14098","1158","3.140812","1158","3.14092","1157","3.142064","1158","3.144728","1101","3.142624","1121","3.14332","1158","3.141984","1120","3.142312","1139","3.141756","1158","3.14012","1105","3.143412","1118","3.141792","1101","3.143116","1100","3.142612","990","3.141976","974","3.139524","971","3.140044","970","3.139248","984","3.141612","967","3.144236","967","3.138844","983","3.140608","979","3.142816","978","3.144992","978","3.141348","978","3.14228","978","3.14436","978","3.139032","979","3.14266","978","3.140076","979","3.141672","978","3.142744","978","3.14114","978","3.143032","978","3.140092","978","3.140912","978","3.141536","978","3.144032","978","3.141864","978","3.142892","977","3.1429","978","3.142368","978","3.139188","978","3.142092","978","3.14134","978","3.138704","978","3.142644","978","3.13948","978","3.14094","978","3.140768","978","3.1396","978","3.141684","978","3.142356","977","3.140796","978","3.1418239199999998","1038","1191"
"4","3.140528","1004","3.142076","1075","3.141084","1004","3.141424","984","3.142864","1075","3.141392","1025","3.139504","1075","3.141116","1042","3.141516","1004","3.141072","1024","3.140968","1024","3.141336","1075","3.14144","1004","3.141828","1075","3.139196","1024","3.13878","1004","3.143444","1004","3.141676","1024","3.142052","1024","3.1406","1024","3.14044","983","3.142188","1075","3.141548","1024","3.14154","1024","3.13876","1004","3.14272","1075","3.140268","1041","3.142212","983","3.139384","1004","3.143312","916","3.143728","983","3.14056","1041","3.141296","1074","3.143176","1003","3.144448","1042","3.138844","1043","3.142824","1010","3.140056","1043","3.143796","1043","3.14392","972","3.140968","972","3.144632","1038","3.143336","1027","3.141516","995","3.140208","994","3.143272","1022","3.141524","952","3.140812","1020","3.140884","1019","3.140704","1020","3.143076","1020","3.141648","1016","3.141864","1015","3.141288","1014","3.142044","1015","3.141416","1015","3.14214","1014","3.142916","1015","3.14452","982","3.143728","1014","3.142004","1015","3.140528","1015","3.142452","1014","3.141676","1015","3.139648","1014","3.141076","1015","3.138924","1015","3.142168","1015","3.140744","1015","3.140092","1014","3.143528","1015","3.139544","1015","3.139216","1015","3.140408","1016","3.142152","1014","3.142004","1015","3.143048","1015","3.141728","1014","3.14002","1015","3.139724","1015","3.140268","1015","3.142656","1015","3.13962","1015","3.143972","1002","3.140524","1002","3.138376","1002","3.1439","1002","3.142604","1002","3.140336","1002","3.140968","1001","3.141128","1002","3.141848","1001","3.141708","1002","3.140908","1001","3.141876","1002","3.140636","1001","3.142948","1000","3.143592","999","3.13858","998","3.141124","999","3.1414966800000004","1015","1077"
"5","3.140376","167","3.142224","510","3.141284","510","3.142252","510","3.140776","510","3.142","456","3.140516","455","3.14052","510","3.138128","410","3.139776","725","3.141168","958","3.144044","630","3.141764","630","3.13942","677","3.139964","677","3.142304","630","3.144184","958","3.142496","951","3.143392","950","3.143216","975","3.141432","951","3.142176","919","3.14254","951","3.139672","951","3.142836","917","3.142556","950","3.142472","950","3.142532","950","3.137972","976","3.137908","950","3.140452","950","3.140088","950","3.140084","950","3.141132","950","3.142976","919","3.141676","916","3.142588","950","3.142372","951","3.142992","950","3.141696","950","3.13984","922","3.143064","950","3.143416","950","3.142944","950","3.141884","918","3.1398","950","3.1415","975","3.137008","950","3.142496","921","3.141628","950","3.142288","923","3.140036","949","3.139948","916","3.143892","911","3.1414","873","3.142004","874","3.139936","873","3.144272","874","3.1403","874","3.14088","874","3.141596","873","3.143092","873","3.14464","874","3.140764","874","3.14042","873","3.138616","873","3.141832","873","3.141832","852","3.143992","874","3.141784","873","3.141488","873","3.140856","873","3.140556","872","3.140976","851","3.140932","872","3.139076","873","3.142184","872","3.142196","872","3.139524","872","3.142228","872","3.139004","868","3.142208","867","3.140376","868","3.142032","868","3.143312","868","3.14196","868","3.144552","868","3.142948","828","3.143804","827","3.137888","755","3.140748","755","3.142552","755","3.143928","755","3.13998","751","3.141748","751","3.145096","750","3.139276","751","3.141404","750","3.143536","751","3.143188","750","3.14154616","834","999"
"6","3.143504","792","3.143648","918","3.140244","514","3.142676","515","3.143204","873","3.144476","873","3.140052","955","3.140608","847","3.140748","847","3.142004","869","3.139028","869","3.143","847","3.145084","845","3.140632","891","3.13978","890","3.142292","885","3.14226","942","3.140848","943","3.141256","942","3.14228","943","3.143244","942","3.141012","943","3.140796","962","3.142964","961","3.143608","941","3.141556","881","3.14068","943","3.14066","942","3.141812","943","3.141432","961","3.140316","943","3.139076","961","3.139752","920","3.141204","920","3.14158","900","3.141484","881","3.139696","941","3.140216","941","3.138604","942","3.139068","959","3.141724","917","3.143672","959","3.144532","939","3.1409","941","3.141584","939","3.140404","959","3.143136","958","3.144232","937","3.142072","937","3.14226","937","3.14264","957","3.140188","956","3.142144","938","3.139024","952","3.142044","934","3.142776","952","3.141504","933","3.142644","933","3.141068","952","3.143092","952","3.142884","932","3.139424","952","3.139376","921","3.143308","940","3.1442","921","3.141316","939","3.139852","916","3.141072","936","3.13982","936","3.140604","917","3.13996","936","3.140476","936","3.1406","917","3.139516","936","3.145268","906","3.140312","906","3.140104","905","3.146112","925","3.140384","925","3.139424","906","3.141404","925","3.138832","926","3.141332","906","3.142732","926","3.143504","925","3.14176","925","3.139812","925","3.14148","925","3.144696","925","3.142908","906","3.140756","925","3.141868","925","3.142528","925","3.139492","906","3.141224","924","3.140152","925","3.140012","925","3.141232","925","3.139844","925","3.141416","917","3.141490199999999","915","981"
"7","3.143788","398","3.141632","398","3.140444","398","3.140552","896","3.140468","896","3.140776","702","3.139016","896","3.143152","703","3.138076","904","3.142176","868","3.142908","904","3.14118","900","3.140156","892","3.14244","895","3.142852","921","3.145328","922","3.138888","900","3.142664","900","3.137628","921","3.143044","895","3.137012","864","3.14116","900","3.143844","892","3.14304","833","3.140976","900","3.141592","863","3.142016","892","3.138796","864","3.144192","896","3.139816","833","3.140936","909","3.142216","916","3.14218","916","3.138224","888","3.144308","917","3.140068","916","3.140164","909","3.141944","909","3.14074","917","3.141208","909","3.142052","915","3.141316","909","3.143448","915","3.14206","909","3.14146","909","3.142056","909","3.139084","905","3.141384","869","3.140072","877","3.141244","875","3.142652","877","3.142816","875","3.143068","865","3.140204","872","3.144612","872","3.143224","862","3.141836","868","3.144252","869","3.138164","868","3.139332","868","3.139296","861","3.14376","861","3.13972","868","3.140868","868","3.14096","864","3.143564","865","3.1422","883","3.144152","883","3.140812","883","3.14148","883","3.141508","864","3.1418","860","3.141772","883","3.14264","883","3.137516","883","3.141484","883","3.14154","883","3.141912","857","3.144504","883","3.139988","883","3.139856","864","3.142356","883","3.140636","863","3.140556","863","3.140856","862","3.144812","862","3.139332","862","3.143","862","3.140296","862","3.14348","855","3.138556","855","3.142776","855","3.144368","854","3.1408","854","3.141188","854","3.14072","854","3.141928","829","3.14196","811","3.13936","811","3.13784","811","3.1414208799999987","861","955"
"8","3.142308","104","3.142848","625","3.139584","499","3.141736","624","3.141748","790","3.14082","718","3.139728","766","3.141696","717","3.139232","764","3.140456","711","3.138744","685","3.14442","685","3.141484","736","3.141916","801","3.142264","801","3.142492","710","3.142096","781","3.140012","781","3.139412","781","3.142496","760","3.142816","801","3.138948","782","3.140264","709","3.141208","781","3.14248","709","3.140444","708","3.140212","801","3.142368","781","3.142768","782","3.138944","780","3.142136","709","3.13926","801","3.143352","801","3.14046","756","3.143316","733","3.139812","714","3.141744","759","3.14752","757","3.14292","737","3.14032","758","3.140684","757","3.137376","715","3.140968","758","3.13868","757","3.140212","758","3.141588","757","3.137052","757","3.144544","757","3.14108","737","3.141144","852","3.142104","849","3.14122","848","3.141552","848","3.14094","850","3.137808","848","3.14224","848","3.142032","850","3.145248","817","3.1434","848","3.14216","847","3.142632","849","3.143072","844","3.144336","842","3.140332","843","3.144276","748","3.143708","734","3.141472","742","3.142524","737","3.142292","742","3.142372","737","3.140968","736","3.140692","736","3.14168","736","3.142848","735","3.1457","737","3.142828","736","3.146672","740","3.139296","736","3.14142","739","3.14102","740","3.141176","742","3.141464","735","3.140396","736","3.14296","742","3.142472","738","3.13926","739","3.140312","741","3.141908","738","3.137436","730","3.139248","734","3.139956","728","3.14102","733","3.145828","727","3.140956","732","3.141036","733","3.141584","733","3.140736","725","3.141684","732","3.140228","725","3.144876","733","3.14153492","749","924"
"9","3.144568","355","3.139124","477","3.143876","555","3.144716","907","3.141128","907","3.140944","907","3.141708","907","3.136104","890","3.143512","906","3.143736","907","3.141164","907","3.143288","908","3.14158","907","3.139152","907","3.14142","890","3.139196","908","3.140832","907","3.14064","907","3.14042","907","3.140684","907","3.140072","907","3.143008","907","3.139204","907","3.141316","906","3.141132","908","3.145428","907","3.14114","907","3.139308","908","3.139736","907","3.139772","890","3.141564","907","3.141936","907","3.14274","907","3.14178","906","3.137956","907","3.140116","900","3.137152","900","3.142732","900","3.142848","884","3.139644","901","3.138348","883","3.14268","901","3.144504","901","3.143936","884","3.136136","900","3.140844","900","3.144864","883","3.139688","899","3.142216","899","3.140208","898","3.141228","897","3.1396","879","3.143404","898","3.143164","898","3.140276","897","3.141112","897","3.142244","897","3.142092","898","3.140548","897","3.140388","897","3.141944","897","3.138448","897","3.142048","898","3.141124","897","3.141856","898","3.140316","896","3.141652","897","3.14122","896","3.142732","897","3.141712","898","3.144652","897","3.141108","897","3.142752","897","3.140596","897","3.144216","897","3.143164","896","3.141152","898","3.139456","897","3.143844","897","3.14156","896","3.140792","897","3.140824","897","3.144288","876","3.1406","876","3.1428","876","3.143076","877","3.145048","876","3.141728","876","3.141912","876","3.143004","876","3.143452","877","3.142284","873","3.141784","872","3.144064","872","3.140044","872","3.142552","872","3.142668","873","3.141008","872","3.1428","873","3.141568","873","3.1415570400000012","882","911"
"10","3.139788","568","3.139908","702","3.14048","771","3.143424","771","3.146016","770","3.139888","770","3.140024","792","3.143072","771","3.140752","771","3.144076","747","3.14052","771","3.140844","794","3.141612","771","3.13986","763","3.143156","787","3.143484","763","3.141388","750","3.143504","748","3.143956","747","3.142704","771","3.143508","771","3.142168","771","3.139292","747","3.142316","771","3.142116","725","3.141692","703","3.13978","764","3.142772","786","3.138512","759","3.141144","761","3.139588","736","3.14272","823","3.142016","843","3.141244","843","3.141116","843","3.13992","843","3.140744","735","3.14386","842","3.142128","842","3.140572","757","3.141848","862","3.138772","862","3.142588","860","3.143688","862","3.144444","862","3.142912","880","3.140404","880","3.140192","862","3.141676","860","3.142232","862","3.142712","862","3.140568","877","3.137732","854","3.142208","872","3.13958","855","3.140716","855","3.141528","853","3.140408","869","3.140084","850","3.142036","868","3.140084","868","3.141592","851","3.141684","867","3.141192","868","3.141","847","3.14454","865","3.141884","847","3.143152","865","3.138104","863","3.142324","860","3.139716","860","3.141696","861","3.1409","860","3.141816","860","3.1406","860","3.144768","843","3.142392","856","3.140408","856","3.139748","856","3.142176","856","3.1412","855","3.141952","856","3.13992","856","3.143976","856","3.142488","855","3.146148","856","3.142788","856","3.141132","856","3.140528","856","3.14212","856","3.139872","856","3.142536","856","3.143768","855","3.138748","855","3.142432","856","3.141652","856","3.142084","856","3.1446","856","3.143112","856","3.140708","856","3.1416353200000007","823","920"
"11","3.141732","203","3.14128","919","3.14048","919","3.143828","919","3.14184","919","3.141044","919","3.141208","919","3.14032","892","3.143232","960","3.1422","892","3.141724","806","3.14006","916","3.140168","909","3.140052","908","3.140856","908","3.1405","908","3.14174","908","3.142472","908","3.143344","907","3.142936","947","3.142016","905","3.14322","928","3.141112","927","3.1422","947","3.139552","927","3.1413","905","3.145324","928","3.145936","857","3.144176","906","3.142672","906","3.140552","906","3.140652","946","3.142612","924","3.142612","923","3.141116","924","3.142628","924","3.143456","943","3.142304","961","3.141192","923","3.141856","943","3.139384","943","3.141736","962","3.143756","924","3.140164","924","3.145748","962","3.140344","924","3.142788","943","3.137772","924","3.141788","923","3.1413","924","3.1432","923","3.143608","957","3.140908","919","3.140676","956","3.141456","957","3.141844","937","3.140048","957","3.145712","951","3.140772","913","3.142696","931","3.140992","938","3.1459","915","3.139308","934","3.14158","913","3.141504","930","3.141524","931","3.142384","931","3.14234","931","3.143452","929","3.14082","929","3.143576","929","3.143004","930","3.140052","929","3.140376","929","3.14252","929","3.144456","929","3.141432","929","3.14282","929","3.141976","929","3.139608","925","3.142008","925","3.139028","923","3.139824","923","3.142972","923","3.144012","923","3.14248","923","3.138684","923","3.142636","923","3.143716","923","3.14316","923","3.142588","923","3.142064","923","3.14068","923","3.144008","923","3.143272","923","3.142124","923","3.141604","923","3.14074","923","3.140808","923","3.142652","923","3.141918879999999","917","980"
"12","3.142068","69","3.139368","756","3.1413","782","3.142584","782","3.14202","888","3.14052","729","3.141936","782","3.145568","756","3.14372","731","3.141148","782","3.139996","756","3.139732","781","3.143204","782","3.143564","782","3.138356","888","3.142284","756","3.142844","887","3.140348","888","3.142764","782","3.13892","649","3.140756","781","3.141604","898","3.141652","919","3.145284","897","3.142368","916","3.141496","916","3.143724","915","3.143128","894","3.14174","895","3.139156","893","3.141988","893","3.140772","914","3.142532","893","3.141584","915","3.143756","895","3.140756","894","3.141224","915","3.140388","915","3.142268","915","3.139004","915","3.144124","895","3.13938","915","3.141272","892","3.139904","912","3.142316","892","3.140492","912","3.144372","892","3.139624","892","3.142196","913","3.140316","893","3.141956","910","3.139884","905","3.140736","906","3.1421","906","3.143576","906","3.141476","906","3.144408","905","3.144712","905","3.141644","905","3.142844","880","3.141992","879","3.142144","880","3.140072","880","3.14182","880","3.143928","879","3.139452","878","3.140068","880","3.141488","879","3.14252","870","3.141688","870","3.141604","866","3.140084","867","3.142848","867","3.142096","866","3.140592","866","3.140568","867","3.14222","867","3.14142","866","3.141448","866","3.14306","867","3.142572","865","3.142576","866","3.140388","867","3.140136","866","3.140732","866","3.141576","866","3.142108","866","3.142052","866","3.14134","867","3.142508","867","3.143396","866","3.141908","866","3.13928","866","3.143372","866","3.1425","863","3.141644","862","3.143088","863","3.144692","862","3.146384","862","3.141516","863","3.1417963599999994","857","953"
"13","3.141908","309","3.142028","686","3.1433","686","3.143384","686","3.140016","685","3.14244","686","3.142424","686","3.141328","686","3.139912","683","3.14","883","3.141832","798","3.140968","751","3.142648","751","3.143816","883","3.144116","683","3.13856","774","3.141876","774","3.142352","682","3.14062","864","3.139728","774","3.1409","803","3.139724","774","3.14296","873","3.140468","788","3.143328","873","3.139592","878","3.142756","873","3.142352","877","3.141716","879","3.140232","879","3.142748","873","3.142308","874","3.144744","878","3.143076","873","3.13792","874","3.140204","872","3.14432","880","3.142548","879","3.143084","878","3.140648","879","3.142068","878","3.141884","846","3.140088","878","3.141148","861","3.138852","860","3.145336","857","3.140484","861","3.141924","857","3.142508","856","3.140112","861","3.14276","860","3.139872","859","3.13928","857","3.142508","860","3.142216","861","3.142076","857","3.142672","847","3.142092","847","3.143612","866","3.142664","841","3.142088","848","3.13858","847","3.140156","866","3.145296","866","3.14254","864","3.143376","846","3.144352","864","3.140504","836","3.142572","837","3.143052","864","3.14072","864","3.140952","864","3.141668","840","3.141028","846","3.139968","846","3.139548","864","3.1444","863","3.141248","846","3.141988","844","3.141532","863","3.141268","848","3.141688","845","3.14114","845","3.141316","827","3.141708","846","3.141636","845","3.141068","845","3.140144","831","3.143448","829","3.143448","829","3.140724","826","3.143288","826","3.144356","826","3.141172","821","3.143248","821","3.141828","820","3.14162","820","3.144208","820","3.140768","820","3.14198","819","3.141786639999998","825","922"
"14","3.139684","271","3.140268","293","3.141316","463","3.142712","533","3.14228","608","3.139888","556","3.142876","609","3.13906","608","3.140472","608","3.14272","836","3.144252","608","3.142436","556","3.142924","580","3.140788","838","3.142","608","3.139128","830","3.14362","608","3.141684","533","3.140404","837","3.14324","829","3.13968","829","3.143688","830","3.140408","829","3.141068","830","3.142436","829","3.138488","624","3.140672","829","3.13816","830","3.140904","815","3.144396","809","3.142104","813","3.14018","813","3.141876","781","3.13868","803","3.14062","780","3.141348","782","3.14262","781","3.146484","781","3.142084","803","3.141768","803","3.143816","780","3.13994","781","3.137696","779","3.1442","798","3.1414","799","3.1416","799","3.142464","798","3.140736","798","3.14068","798","3.144152","798","3.141796","798","3.141916","798","3.140912","776","3.140228","799","3.140596","798","3.14162","798","3.142408","799","3.138908","798","3.140832","798","3.138676","798","3.144524","798","3.141448","798","3.139876","798","3.141736","798","3.140168","798","3.13884","798","3.141576","798","3.140784","786","3.14152","786","3.14226","785","3.142216","786","3.140712","785","3.141604","785","3.137512","786","3.14174","786","3.142316","785","3.139712","785","3.142368","786","3.143732","785","3.140956","785","3.140708","786","3.142628","785","3.142708","785","3.140488","785","3.140692","785","3.137928","785","3.142576","786","3.139248","785","3.140368","785","3.143352","785","3.142676","785","3.140124","785","3.140656","785","3.145256","779","3.138956","779","3.141712","779","3.140224","779","3.144368","779","3.139292","779","3.14308","779","3.1413663199999986","755","862"
"15","3.141636","233","3.139848","700","3.143252","700","3.145664","630","3.142252","505","3.142496","585","3.142632","555","3.140732","630","3.142224","670","3.141872","692","3.140084","689","3.1424","867","3.141952","867","3.143944","847","3.140928","916","3.139868","846","3.14298","918","3.141628","881","3.139488","913","3.141936","913","3.14454","913","3.14088","913","3.140796","914","3.144572","913","3.1441","913","3.144008","914","3.14244","913","3.143796","863","3.145456","914","3.142424","913","3.141428","913","3.140544","913","3.139828","863","3.143104","913","3.143264","913","3.138516","913","3.141352","913","3.141168","913","3.144808","913","3.140752","913","3.143032","913","3.141932","913","3.14468","895","3.144784","895","3.1404","895","3.140804","895","3.140796","895","3.143148","895","3.141756","894","3.140432","895","3.142396","894","3.139788","894","3.142204","895","3.143576","894","3.140756","894","3.140624","894","3.142872","894","3.140796","894","3.14394","894","3.140356","894","3.14222","893","3.142856","894","3.143832","894","3.140296","888","3.141632","888","3.14236","887","3.140868","866","3.139988","884","3.142724","883","3.140976","884","3.144268","877","3.1414","877","3.139312","872","3.143164","872","3.14194","872","3.142244","872","3.142156","857","3.140256","857","3.14232","857","3.142848","855","3.14312","856","3.142864","856","3.141032","857","3.139436","857","3.142464","857","3.141924","857","3.141868","857","3.139752","856","3.144056","857","3.14218","857","3.14174","857","3.140176","846","3.14102","837","3.141784","836","3.139776","837","3.144736","837","3.139884","828","3.13996","827","3.140676","827","3.141376","827","3.141921479999999","851","931"
"16","3.136788","15","3.141736","833","3.143712","815","3.141832","798","3.143124","835","3.143472","862","3.144804","863","3.142512","863","3.141092","862","3.140932","862","3.139964","862","3.141864","840","3.141972","862","3.14226","840","3.142316","838","3.138956","862","3.141448","862","3.139464","862","3.141892","862","3.140228","862","3.140716","840","3.140352","838","3.14152","862","3.142264","837","3.140584","836","3.143956","862","3.14266","862","3.141884","862","3.140752","853","3.137712","853","3.140336","853","3.14312","853","3.142764","853","3.14114","853","3.143448","853","3.14224","853","3.142928","853","3.139656","828","3.144284","853","3.138396","853","3.140136","831","3.141192","853","3.140024","832","3.14268","853","3.141504","853","3.142604","831","3.141768","853","3.137248","853","3.13914","853","3.140612","831","3.141304","832","3.137364","852","3.1425","853","3.142008","853","3.142076","828","3.142996","832","3.142516","853","3.141656","832","3.143024","853","3.139308","853","3.141816","853","3.142476","853","3.14164","852","3.141604","852","3.142424","852","3.141264","852","3.13978","852","3.140984","853","3.14094","853","3.140036","852","3.139464","830","3.142544","852","3.140284","852","3.139872","827","3.139864","830","3.140256","852","3.141304","852","3.141312","852","3.142592","852","3.142272","852","3.139684","820","3.143968","829","3.143104","852","3.142248","852","3.1417","852","3.143116","820","3.139996","852","3.141436","852","3.140892","852","3.142264","852","3.141404","852","3.143792","831","3.145644","852","3.142632","852","3.1416","852","3.14084","852","3.141044","852","3.139588","852","3.141928","848","3.141836","848","3.1414418400000015","839","868"
"17","3.141432","881","3.139028","878","3.141432","905","3.138276","885","3.14064","885","3.144232","878","3.142692","885","3.140312","879","3.140584","881","3.14292","905","3.139488","881","3.141552","851","3.142524","878","3.14414","879","3.139876","881","3.141968","905","3.140892","905","3.140124","905","3.142092","877","3.142372","884","3.142628","905","3.139844","905","3.14028","882","3.14048","880","3.14078","878","3.141376","879","3.144836","905","3.141408","878","3.143048","879","3.141112","905","3.145092","878","3.141672","879","3.143912","878","3.140804","905","3.140208","884","3.140368","905","3.138012","878","3.140188","878","3.138964","878","3.143908","905","3.144916","881","3.140032","883","3.145488","883","3.140784","877","3.14084","873","3.138164","879","3.140536","900","3.14342","873","3.14158","901","3.143516","879","3.1408","900","3.139908","900","3.140392","879","3.13978","873","3.141992","900","3.139528","873","3.1406","900","3.13982","900","3.144344","875","3.140696","875","3.14082","879","3.14114","873","3.142844","879","3.141896","900","3.139124","879","3.13962","900","3.138616","873","3.142812","878","3.14184","876","3.139408","900","3.141048","873","3.141348","900","3.142652","872","3.144152","877","3.142048","873","3.141008","900","3.14014","900","3.143176","872","3.143292","873","3.142588","873","3.141888","900","3.141284","874","3.139604","872","3.138956","872","3.143416","872","3.139308","875","3.1411","875","3.14452","875","3.141128","900","3.140252","873","3.145776","874","3.14282","875","3.140456","875","3.139812","873","3.1409","876","3.14178","875","3.141064","875","3.144444","900","3.141408","873","3.140104","879","3.1414222399999994","883","906"
"18","3.14118","866","3.138304","864","3.143404","865","3.143364","865","3.141348","866","3.141056","864","3.139392","866","3.140964","866","3.143344","865","3.140496","865","3.143452","866","3.142808","864","3.142228","864","3.139632","865","3.13974","840","3.137832","865","3.143192","865","3.141468","865","3.142036","865","3.14298","865","3.145468","864","3.144772","866","3.1414","865","3.142392","830","3.14038","831","3.140408","864","3.14078","865","3.14262","864","3.139088","864","3.142036","865","3.142432","866","3.142212","865","3.14026","864","3.138756","841","3.143264","865","3.142836","866","3.140232","864","3.140592","865","3.141524","866","3.139688","831","3.141792","864","3.143088","865","3.141624","865","3.142708","845","3.141772","830","3.141484","866","3.14118","864","3.141952","864","3.140232","864","3.142668","833","3.14202","864","3.142212","865","3.143128","864","3.142572","865","3.137316","865","3.143516","838","3.1405","861","3.138312","862","3.144236","860","3.143008","837","3.141408","860","3.141","859","3.141524","861","3.145672","861","3.141908","860","3.14332","861","3.143236","859","3.141992","860","3.141928","860","3.138732","861","3.140072","838","3.142892","860","3.143036","859","3.14008","860","3.142212","861","3.140624","861","3.146268","860","3.143416","861","3.140292","844","3.141188","845","3.143628","844","3.139104","844","3.140172","844","3.140912","844","3.14212","845","3.139452","828","3.14184","829","3.142588","827","3.144792","825","3.14124","808","3.141096","808","3.139748","807","3.141948","807","3.144404","808","3.144","806","3.142356","808","3.14326","808","3.139964","808","3.140236","808","3.141876","808","3.141702160000001","851","867"
"19","3.1434","325","3.13702","361","3.1409","430","3.14302","429","3.141328","683","3.142048","638","3.143576","610","3.141252","610","3.14288","848","3.138624","852","3.141748","775","3.139752","847","3.142572","845","3.141372","847","3.139216","848","3.141712","844","3.143024","848","3.142696","846","3.141692","848","3.142104","847","3.140792","847","3.142776","848","3.14134","847","3.141776","824","3.142556","848","3.139932","849","3.139832","846","3.143292","846","3.143808","846","3.138784","847","3.141692","848","3.143604","799","3.139644","836","3.142336","834","3.139264","835","3.14468","837","3.139448","837","3.138932","836","3.14216","837","3.142896","853","3.141612","831","3.140648","834","3.14152","832","3.143048","830","3.142712","830","3.142684","831","3.138268","834","3.140064","834","3.145532","853","3.140764","829","3.141564","834","3.142072","834","3.142636","835","3.142296","831","3.140852","833","3.144228","830","3.140216","832","3.143276","831","3.1407","829","3.144068","834","3.140924","835","3.139968","829","3.142004","831","3.140416","830","3.142016","834","3.140096","852","3.143024","830","3.145012","835","3.141368","835","3.142956","852","3.140824","852","3.141204","831","3.14076","830","3.142092","832","3.137628","829","3.141108","829","3.141484","835","3.14722","829","3.140836","829","3.142004","852","3.14068","834","3.140776","852","3.141288","834","3.14024","832","3.142732","820","3.142308","816","3.140828","816","3.140948","819","3.142936","818","3.141308","818","3.142024","819","3.142364","818","3.138512","783","3.1412","783","3.13998","783","3.142352","762","3.143328","783","3.141136","759","3.13976","783","3.140988","783","3.1415687200000004","804","879"
"20","3.144632","615","3.142508","508","3.138748","508","3.141144","508","3.141652","685","3.138904","508","3.140972","557","3.1409","556","3.1411","877","3.141852","532","3.143276","872","3.144556","892","3.141252","892","3.13998","892","3.13982","892","3.141352","892","3.140252","892","3.142332","869","3.141436","892","3.140032","865","3.141188","870","3.14232","893","3.141352","892","3.14442","870","3.139828","870","3.139592","892","3.14084","892","3.14346","892","3.143","892","3.145368","892","3.140256","892","3.142132","892","3.140952","892","3.142668","888","3.143536","888","3.143872","888","3.142224","887","3.142548","857","3.143076","751","3.138336","853","3.140428","852","3.139104","853","3.1407","853","3.142612","853","3.144708","831","3.141524","852","3.145356","853","3.146072","827","3.142544","852","3.14028","853","3.14196","852","3.142344","852","3.142196","852","3.143572","852","3.140208","852","3.142732","825","3.141268","853","3.141716","852","3.141956","845","3.13852","844","3.140716","844","3.145684","824","3.141248","844","3.142304","845","3.142772","844","3.14116","844","3.142212","827","3.141284","827","3.14024","827","3.141976","829","3.139468","827","3.14156","827","3.14004","828","3.142308","820","3.140484","817","3.143352","819","3.140212","819","3.143232","814","3.142084","816","3.143912","816","3.141612","816","3.144372","814","3.141868","814","3.140996","810","3.142588","809","3.138468","807","3.13948","807","3.14212","806","3.139248","806","3.138608","806","3.140424","806","3.142536","805","3.141604","806","3.143492","802","3.144648","802","3.138648","802","3.141864","795","3.140648","793","3.13964","795","3.141428","790","3.1416800799999987","818","908"
"21","3.14146","641","3.143392","935","3.141088","935","3.140608","935","3.143676","935","3.143396","935","3.142712","935","3.139408","935","3.139572","842","3.13866","935","3.141792","926","3.141324","925","3.1425","925","3.142272","925","3.141212","925","3.14092","925","3.142228","925","3.14214","926","3.140888","925","3.141008","925","3.144748","925","3.14258","925","3.140812","924","3.14246","925","3.140696","925","3.142808","925","3.140884","926","3.14232","908","3.143268","925","3.142348","925","3.144308","908","3.143036","889","3.14244","924","3.140804","924","3.139","925","3.142264","924","3.141232","925","3.141996","924","3.14172","924","3.1397","925","3.139436","925","3.141072","924","3.143128","925","3.13848","925","3.141136","907","3.141324","908","3.141696","923","3.141436","925","3.140348","924","3.141884","924","3.140172","924","3.139304","924","3.139948","924","3.140732","924","3.140064","924","3.141476","924","3.14334","924","3.141456","924","3.139804","924","3.141396","924","3.141564","889","3.140192","924","3.142236","923","3.14336","923","3.143288","924","3.141668","924","3.141312","924","3.14126","909","3.141496","905","3.13888","904","3.140852","904","3.143324","902","3.139572","902","3.143324","902","3.143196","902","3.140676","889","3.139072","887","3.141352","888","3.141796","886","3.142292","885","3.140136","886","3.140544","885","3.14108","886","3.142136","885","3.142044","885","3.140612","885","3.144492","883","3.14026","883","3.142284","882","3.139512","883","3.142044","883","3.141404","883","3.142124","883","3.13974","883","3.142856","882","3.140308","883","3.14128","883","3.14052","883","3.142784","883","3.142044","882","3.1414622800000007","908","938"
"22","3.143576","369","3.143624","497","3.140152","470","3.142708","469","3.142144","468","3.143548","495","3.14238","470","3.141316","469","3.143572","495","3.14028","763","3.140016","764","3.142468","764","3.141272","788","3.140776","788","3.142932","764","3.138488","762","3.142996","763","3.142648","741","3.142616","764","3.143396","763","3.14308","787","3.139532","762","3.141616","762","3.141568","805","3.1397","761","3.138252","762","3.141048","762","3.137872","762","3.14292","761","3.138088","761","3.140956","762","3.141416","762","3.144368","762","3.14242","761","3.141616","761","3.143056","761","3.141748","786","3.14108","761","3.142728","761","3.140676","762","3.142328","762","3.143436","762","3.141824","786","3.140384","762","3.141176","762","3.143392","762","3.14336","762","3.142204","761","3.14166","761","3.144592","685","3.142624","706","3.140524","749","3.141656","768","3.141992","769","3.140452","768","3.143088","768","3.143624","793","3.140232","795","3.14028","795","3.140552","795","3.13968","796","3.139384","789","3.143204","795","3.142204","793","3.138288","794","3.141804","789","3.140276","794","3.143332","794","3.138536","810","3.139452","795","3.141364","810","3.144356","795","3.137588","738","3.14052","756","3.137436","756","3.143736","741","3.139272","756","3.140524","737","3.14174","740","3.140116","756","3.140564","742","3.141828","756","3.138892","756","3.141664","737","3.143992","741","3.142744","756","3.140888","740","3.14146","756","3.142952","741","3.138652","756","3.14066","731","3.143876","745","3.141672","728","3.142576","728","3.142436","728","3.141924","728","3.140188","714","3.142056","715","3.143168","714","3.142528","715","3.1415156000000013","734","880"
"23","3.144952","418","3.142696","519","3.140944","519","3.136176","519","3.139448","443","3.141064","519","3.144548","882","3.144232","843","3.138412","843","3.143692","843","3.14148","882","3.143188","843","3.140396","864","3.142336","843","3.14258","843","3.142952","843","3.141268","843","3.144576","843","3.142004","839","3.140684","831","3.142936","850","3.142004","867","3.142828","850","3.143316","867","3.139428","883","3.14498","850","3.141816","883","3.141516","883","3.14168","851","3.144396","866","3.143972","867","3.140564","850","3.139576","849","3.142932","851","3.140236","867","3.143796","866","3.14468","866","3.1423","866","3.141796","882","3.141964","882","3.14164","882","3.142528","850","3.14338","866","3.142756","847","3.142968","879","3.14122","863","3.141112","863","3.140904","880","3.143292","879","3.142616","863","3.144264","879","3.140848","879","3.139052","847","3.140532","863","3.139792","863","3.139892","876","3.139984","876","3.138656","876","3.142072","860","3.142408","860","3.141292","860","3.140312","860","3.14476","876","3.141944","844","3.13908","860","3.142216","844","3.142424","860","3.142164","860","3.142792","860","3.139128","859","3.143816","859","3.14042","844","3.13936","859","3.1417","860","3.141","859","3.140744","860","3.140616","860","3.13956","859","3.14038","859","3.142068","859","3.143496","860","3.141556","860","3.142704","859","3.14332","859","3.14128","856","3.140608","850","3.140408","850","3.140708","835","3.142564","835","3.140184","850","3.139176","850","3.14298","850","3.140708","851","3.139932","851","3.142448","851","3.141384","850","3.139768","850","3.140596","850","3.13998","850","3.14244","851","3.1416627600000004","836","903"
"24","3.142008","346","3.140316","906","3.141288","906","3.139592","906","3.141176","909","3.142588","905","3.143224","905","3.140088","909","3.143116","910","3.139604","905","3.140364","910","3.144324","768","3.14144","910","3.141892","910","3.140364","906","3.141448","867","3.140796","909","3.141248","905","3.13734","905","3.139508","905","3.14138","910","3.14112","906","3.141192","906","3.14026","897","3.143624","893","3.142288","894","3.144364","898","3.1404","896","3.140536","897","3.143224","893","3.142872","894","3.139688","894","3.14262","896","3.141508","894","3.142052","893","3.143664","893","3.141292","893","3.142408","894","3.141656","894","3.141708","893","3.142824","894","3.142348","893","3.141888","876","3.139696","879","3.141344","869","3.142588","868","3.143456","862","3.142364","890","3.138372","865","3.142028","890","3.13996","890","3.142288","843","3.139972","860","3.14016","861","3.1425","890","3.142316","861","3.143544","890","3.139648","890","3.143176","861","3.140228","890","3.142328","889","3.14118","860","3.141508","861","3.137836","889","3.140572","861","3.142716","885","3.140984","849","3.14176","849","3.138588","869","3.144812","868","3.145432","867","3.139692","866","3.141328","866","3.140796","867","3.139972","867","3.143628","866","3.142072","866","3.14396","862","3.13912","862","3.14326","862","3.141992","862","3.144464","862","3.139744","863","3.143028","862","3.14142","862","3.142776","862","3.146052","862","3.14204","862","3.139344","854","3.141324","854","3.144404","850","3.142364","851","3.142712","850","3.140896","851","3.140648","851","3.14078","851","3.143404","851","3.141188","850","3.139704","850","3.138904","851","3.1415901199999996","872","938"
"25","3.141976","302","3.143264","725","3.1385","864","3.142472","725","3.140572","725","3.140628","701","3.140132","725","3.14202","701","3.14056","864","3.14298","725","3.14046","725","3.141068","864","3.141996","865","3.14236","700","3.14138","786","3.14478","786","3.14286","725","3.144892","808","3.141688","725","3.140428","725","3.143808","864","3.142684","724","3.140188","786","3.141144","860","3.1409","860","3.143024","782","3.141672","860","3.143696","860","3.145164","860","3.14236","860","3.141824","747","3.13986","825","3.13968","745","3.14058","822","3.142708","822","3.139716","764","3.141224","739","3.140436","760","3.141648","816","3.141496","816","3.140136","813","3.141728","812","3.142432","829","3.140112","793","3.141376","829","3.141688","829","3.140868","829","3.140152","810","3.141952","811","3.141596","829","3.1432","810","3.142116","811","3.14058","812","3.142276","829","3.138852","812","3.139816","829","3.141528","816","3.139328","815","3.14146","815","3.14176","816","3.14062","832","3.13974","815","3.14182","832","3.142052","815","3.142428","816","3.143404","815","3.141724","815","3.140388","816","3.141872","815","3.14248","811","3.142508","810","3.138812","802","3.143452","802","3.138492","802","3.143328","801","3.141128","817","3.141692","801","3.1412","799","3.145308","798","3.142476","811","3.141752","811","3.140744","811","3.14204","811","3.140772","811","3.140604","811","3.142012","811","3.142632","810","3.142204","810","3.144864","810","3.143012","810","3.141812","810","3.142148","810","3.141852","810","3.14378","810","3.142404","810","3.140232","810","3.143824","810","3.142904","810","3.142972","810","3.139556","809","3.1416882800000008","797","900"
"26","3.142504","550","3.143616","946","3.1385","609","3.13886","923","3.143316","923","3.13974","918","3.143136","959","3.14194","918","3.1416","918","3.141288","875","3.141948","918","3.140956","958","3.141064","918","3.139692","958","3.139512","978","3.14012","959","3.138976","874","3.143116","958","3.139908","959","3.142192","918","3.142696","958","3.141368","951","3.144372","971","3.141228","971","3.144292","970","3.14298","950","3.141696","950","3.140508","970","3.138844","950","3.143632","971","3.142128","970","3.139768","970","3.140628","970","3.14068","950","3.141864","970","3.139848","949","3.141788","970","3.138988","950","3.144076","970","3.142036","970","3.141484","949","3.143264","970","3.140524","966","3.142924","966","3.141064","945","3.142548","946","3.138964","966","3.142532","966","3.139684","946","3.141792","946","3.142244","963","3.14032","932","3.141116","951","3.13976","926","3.14152","926","3.143616","946","3.142168","926","3.144544","926","3.14192","926","3.141356","946","3.147208","946","3.140976","925","3.141408","946","3.138144","946","3.142332","923","3.14306","923","3.142444","944","3.140288","943","3.14084","933","3.14028","933","3.142176","933","3.14054","929","3.141424","930","3.142272","929","3.140476","929","3.141596","924","3.142952","904","3.140956","924","3.140276","912","3.146232","911","3.144064","910","3.14086","910","3.14318","910","3.140548","910","3.140248","911","3.141712","911","3.14304","910","3.139884","910","3.141764","910","3.140904","907","3.139688","907","3.144124","907","3.140568","907","3.139964","907","3.141404","907","3.14286","907","3.14082","841","3.142632","841","3.14278","841","3.142272","841","3.1415794399999992","926","986"
"27","3.141876","123","3.1441","467","3.141708","467","3.144516","848","3.141424","871","3.14104","850","3.140048","871","3.140716","845","3.140648","870","3.143112","841","3.145084","871","3.141152","847","3.142584","871","3.142892","871","3.142404","871","3.14142","871","3.143076","871","3.143924","871","3.138996","847","3.139184","871","3.14028","870","3.14358","841","3.141616","870","3.13938","870","3.142844","870","3.139872","839","3.140916","870","3.14252","870","3.142456","847","3.140732","871","3.141968","870","3.138388","848","3.142712","869","3.141036","870","3.140364","870","3.1424","870","3.1412","848","3.139692","867","3.141752","867","3.141904","867","3.1393","867","3.142656","867","3.141308","867","3.142516","841","3.142016","840","3.142572","867","3.144468","845","3.144024","867","3.14254","867","3.136844","867","3.140408","867","3.143268","845","3.140592","867","3.140316","866","3.141288","867","3.142668","867","3.141876","867","3.145944","837","3.141288","866","3.141432","866","3.143416","867","3.143","866","3.142048","867","3.140544","844","3.14106","837","3.144024","867","3.143076","867","3.140392","866","3.14238","866","3.14264","866","3.139008","847","3.143036","867","3.139612","847","3.141524","866","3.141728","866","3.141984","867","3.139484","866","3.139744","867","3.141468","866","3.139136","867","3.14366","867","3.143908","866","3.145692","867","3.139472","867","3.14174","866","3.143352","840","3.141508","846","3.143048","867","3.141628","866","3.142524","866","3.1424","866","3.1398","866","3.139944","866","3.14028","866","3.141232","866","3.140788","866","3.14036","866","3.14254","866","3.142108","866","3.143152","866","3.141712800000001","847","875"
"28","3.140752","320","3.141264","777","3.141652","804","3.140008","925","3.145488","927","3.139656","778","3.144416","925","3.143408","804","3.145112","927","3.14082","925","3.13994","925","3.142348","925","3.1439","778","3.142644","639","3.141584","925","3.14028","925","3.140412","924","3.141548","861","3.141988","924","3.140336","803","3.141048","803","3.1447","924","3.144872","924","3.141696","924","3.142416","803","3.13982","925","3.140236","927","3.137876","808","3.141136","913","3.14368","883","3.140776","915","3.142904","915","3.141004","914","3.14342","888","3.14008","912","3.142812","913","3.143164","906","3.141744","906","3.139632","884","3.138988","906","3.143276","905","3.140316","882","3.141332","906","3.141908","905","3.138028","906","3.1438","906","3.142508","884","3.141272","906","3.14026","905","3.142008","882","3.141636","886","3.142548","906","3.139828","905","3.140672","906","3.140504","905","3.142988","905","3.143408","905","3.141408","905","3.140852","905","3.141252","905","3.144472","905","3.14138","905","3.14168","905","3.140756","905","3.140448","905","3.1423","905","3.141548","905","3.140676","905","3.139744","905","3.142392","905","3.141456","905","3.140304","905","3.141068","905","3.14304","905","3.144012","905","3.142688","905","3.138784","904","3.145416","905","3.140736","905","3.1395","905","3.14168","905","3.140636","905","3.143568","880","3.140612","905","3.145088","901","3.138392","901","3.144244","901","3.142884","901","3.141944","901","3.141288","897","3.142896","897","3.14388","897","3.139944","897","3.138492","897","3.144416","897","3.142036","897","3.14166","873","3.144468","897","3.14212","897","3.14316","897","3.1417517200000007","886","952"
"29","3.141204","622","3.141384","650","3.140124","707","3.140716","622","3.142124","650","3.143636","646","3.14038","645","3.141816","645","3.142012","614","3.141608","643","3.140808","698","3.140552","698","3.140684","895","3.14222","695","3.140072","639","3.139868","912","3.140792","887","3.139472","887","3.1401","889","3.141948","887","3.14464","903","3.14448","904","3.139512","882","3.142336","903","3.142316","915","3.13972","876","3.141584","898","3.142192","877","3.142744","898","3.141396","914","3.13952","898","3.1406","914","3.140976","877","3.141168","898","3.142176","898","3.139144","898","3.140156","914","3.140704","898","3.143084","897","3.146156","898","3.140168","914","3.140624","897","3.142084","877","3.140112","914","3.14248","877","3.14174","898","3.140448","898","3.14148","898","3.141356","898","3.141972","914","3.139816","898","3.140748","904","3.140216","905","3.14086","905","3.1386","904","3.14128","905","3.142408","905","3.141032","904","3.140196","905","3.14132","905","3.141948","888","3.139136","888","3.143912","888","3.14086","900","3.141736","900","3.141548","900","3.140692","900","3.142568","900","3.142732","900","3.14392","898","3.14232","899","3.141644","899","3.139404","899","3.139844","898","3.143152","898","3.140032","898","3.140216","899","3.139268","897","3.144964","895","3.144824","879","3.139076","895","3.141776","895","3.138972","886","3.14316","887","3.13922","887","3.13886","875","3.14338","875","3.14068","875","3.14092","876","3.142356","875","3.141968","875","3.1412","876","3.14188","875","3.1448","859","3.144284","876","3.141468","875","3.1375","875","3.141136","876","3.14104","876","3.14266","876","3.1413612000000013","860","942"
"30","3.141568","445","3.142264","749","3.143036","852","3.143312","852","3.142132","811","3.14278","852","3.1412","849","3.1421","848","3.141824","848","3.139012","849","3.140676","846","3.141792","892","3.142984","892","3.144508","892","3.143728","892","3.141636","892","3.141624","892","3.143296","892","3.139268","892","3.141188","892","3.141712","892","3.14092","846","3.141348","892","3.1417","892","3.142212","892","3.141808","892","3.139936","892","3.140724","846","3.13944","865","3.142064","892","3.140988","892","3.14228","892","3.14054","892","3.144096","865","3.141012","892","3.140684","892","3.141444","845","3.140072","892","3.141108","892","3.139428","892","3.142544","846","3.141448","892","3.143136","892","3.14122","878","3.141724","878","3.143024","869","3.136988","868","3.144016","869","3.143792","869","3.1419","869","3.141104","869","3.14302","868","3.141232","869","3.137928","869","3.142864","868","3.141328","863","3.143392","857","3.14314","857","3.144588","857","3.141204","857","3.142828","857","3.141256","857","3.14118","857","3.142392","857","3.141644","857","3.141636","857","3.141644","856","3.140948","857","3.139456","857","3.142572","857","3.140312","857","3.139252","856","3.140168","856","3.141404","857","3.141584","856","3.140832","857","3.141252","857","3.142212","856","3.143576","857","3.140588","857","3.138712","857","3.142144","857","3.142556","857","3.145332","857","3.139488","857","3.139672","849","3.143976","848","3.141264","848","3.139764","849","3.14068","848","3.138936","848","3.142412","848","3.14262","848","3.142228","844","3.143692","844","3.14182","844","3.143372","844","3.141988","844","3.139216","844","3.141116","842","3.1416076","859","901"
"31","3.138988","497","3.144212","497","3.143472","497","3.143784","496","3.143412","687","3.139504","894","3.141132","897","3.142528","884","3.140004","884","3.142508","884","3.141064","784","3.141412","864","3.140548","884","3.1425","884","3.139776","884","3.143124","884","3.136896","885","3.13932","884","3.140668","884","3.14042","884","3.141288","877","3.141328","871","3.138924","851","3.14106","865","3.14118","795","3.14352","865","3.136408","865","3.140804","866","3.139208","866","3.140924","865","3.14112","867","3.14086","865","3.141192","865","3.137516","865","3.144716","862","3.144688","862","3.140336","860","3.140788","813","3.140876","860","3.142764","860","3.14044","860","3.140656","860","3.144356","860","3.142772","860","3.139116","860","3.1414","861","3.142028","859","3.141064","860","3.141844","859","3.142656","860","3.139488","860","3.141524","860","3.14034","860","3.14286","856","3.139232","844","3.1444","844","3.14138","837","3.143908","832","3.138152","832","3.142816","832","3.14114","832","3.141528","829","3.143392","828","3.142844","828","3.141056","828","3.140892","827","3.137856","825","3.140756","825","3.138924","825","3.14144","825","3.143084","825","3.14044","825","3.139424","825","3.143208","825","3.142152","825","3.143296","825","3.139244","825","3.14344","825","3.142332","825","3.141824","826","3.141892","824","3.140928","825","3.140772","826","3.142948","811","3.142308","811","3.141732","811","3.141716","811","3.1399","809","3.14246","805","3.142424","805","3.143244","805","3.143348","805","3.13976","805","3.142284","804","3.141612","805","3.144316","805","3.142184","805","3.143344","805","3.141324","805","3.137752","805","3.141397240000001","827","901"
"32","3.141044","88","3.141784","732","3.140116","733","3.140056","733","3.141808","753","3.14152","732","3.144524","730","3.140228","753","3.141648","730","3.140648","789","3.139568","759","3.142884","789","3.140744","707","3.140016","789","3.142596","732","3.14142","661","3.142892","753","3.141696","730","3.144004","789","3.139064","758","3.143528","789","3.141212","789","3.140544","730","3.142572","707","3.142608","661","3.143428","789","3.141364","789","3.143808","661","3.14256","732","3.140764","707","3.139704","759","3.140056","752","3.140188","789","3.138488","789","3.14298","730","3.142624","683","3.14194","782","3.142164","747","3.14444","751","3.143828","746","3.141524","752","3.143112","752","3.138532","781","3.145184","781","3.138884","733","3.142084","759","3.139864","696","3.14042","669","3.140004","669","3.141036","669","3.142748","658","3.143648","634","3.142776","666","3.142504","658","3.142116","667","3.140204","666","3.141604","689","3.141264","667","3.14018","689","3.14558","669","3.139644","689","3.141396","658","3.141848","641","3.142228","620","3.140572","600","3.14334","569","3.140832","590","3.14086","590","3.1406","590","3.141956","587","3.141368","584","3.139484","607","3.142444","609","3.14248","609","3.142536","609","3.142","606","3.141108","608","3.141608","606","3.142732","606","3.141896","606","3.1447","606","3.143988","609","3.142032","605","3.14306","606","3.143512","607","3.141384","607","3.142148","608","3.142364","608","3.141008","608","3.139248","606","3.142016","606","3.141348","605","3.140768","608","3.142956","608","3.142536","608","3.14434","608","3.144132","602","3.14474","602","3.141836","601","3.142036","600","3.1418141200000003","673","841"
"33","3.1447","69","3.141652","751","3.140604","822","3.142216","796","3.142572","773","3.142348","885","3.139628","885","3.138648","885","3.140748","885","3.142692","885","3.141604","773","3.140536","819","3.144804","885","3.139504","885","3.143604","818","3.141148","911","3.14048","875","3.142856","909","3.138912","851","3.142716","908","3.14168","908","3.141936","908","3.138056","906","3.138616","905","3.142152","869","3.142948","902","3.143816","846","3.141212","902","3.138716","867","3.14488","921","3.142904","899","3.141084","898","3.143432","898","3.14058","898","3.140668","898","3.1442","898","3.143392","898","3.142828","917","3.137968","898","3.140564","897","3.141396","898","3.139088","898","3.14402","895","3.141048","908","3.139656","908","3.141236","908","3.140984","908","3.143788","908","3.138796","908","3.138992","889","3.141552","908","3.143164","907","3.139372","907","3.142644","889","3.142444","907","3.139244","889","3.14162","889","3.139788","889","3.144248","864","3.142548","864","3.142816","864","3.140292","864","3.14236","864","3.14074","864","3.141908","864","3.141052","864","3.143364","865","3.1437","864","3.13946","862","3.139512","861","3.138888","861","3.142128","860","3.138264","857","3.14184","851","3.140752","851","3.142408","851","3.144076","851","3.141904","847","3.141684","847","3.138428","847","3.140704","847","3.14412","847","3.142368","845","3.141524","844","3.145624","844","3.140564","844","3.144468","844","3.141568","844","3.140656","835","3.141628","835","3.141896","835","3.141512","835","3.138752","834","3.141328","835","3.142648","835","3.143468","835","3.141564","835","3.144676","835","3.142384","835","3.138796","835","3.14155056","860","944"
"34","3.1415","410","3.139216","410","3.142808","876","3.141988","876","3.139976","797","3.14304","875","3.141996","875","3.142832","818","3.143084","876","3.137152","875","3.140312","796","3.14102","875","3.142072","818","3.139708","870","3.142788","813","3.143156","870","3.141312","792","3.141552","870","3.142004","861","3.14312","861","3.140864","861","3.143272","842","3.140472","861","3.138724","782","3.141956","861","3.140936","783","3.139392","861","3.14346","861","3.140332","861","3.139852","804","3.140436","861","3.14104","905","3.14166","870","3.14098","870","3.14092","870","3.143324","890","3.142796","890","3.142916","890","3.14148","890","3.139932","890","3.142152","890","3.138784","890","3.142316","906","3.14232","870","3.140296","890","3.14424","890","3.14542","905","3.143788","890","3.141024","890","3.142988","905","3.141268","890","3.141704","890","3.142648","889","3.14172","906","3.14042","905","3.14226","890","3.140932","906","3.141944","890","3.142916","890","3.1373","890","3.141908","905","3.14044","893","3.140736","894","3.138872","893","3.141144","894","3.142036","894","3.14234","893","3.140576","890","3.142944","891","3.137588","891","3.140476","891","3.141616","890","3.140948","890","3.141992","890","3.144652","890","3.14332","890","3.14062","875","3.140552","890","3.14024","890","3.142716","891","3.140508","890","3.141352","890","3.142272","890","3.141352","890","3.140376","890","3.142468","890","3.140956","890","3.140452","867","3.140788","883","3.14228","883","3.143176","883","3.14428","883","3.138572","883","3.142256","883","3.143508","883","3.13954","883","3.140572","883","3.1418","883","3.13786","883","3.145444","883","3.1414734799999997","867","939"
"35","3.143048","613","3.14238","613","3.141144","613","3.14318","613","3.142312","609","3.142352","609","3.140548","918","3.139692","918","3.141984","890","3.143684","915","3.140868","916","3.143256","916","3.144364","916","3.139412","916","3.141636","915","3.14042","916","3.141436","916","3.142676","934","3.14054","932","3.141852","911","3.140144","912","3.139032","912","3.142884","912","3.13986","912","3.142772","931","3.14418","931","3.140276","911","3.141396","927","3.1419","922","3.140896","918","3.139796","918","3.142076","918","3.141468","918","3.142156","918","3.14318","918","3.14","918","3.14178","918","3.144544","917","3.141308","918","3.142512","918","3.14196","916","3.138792","915","3.142232","915","3.144276","915","3.14018","895","3.142552","915","3.14372","915","3.142612","916","3.14166","895","3.1442","915","3.140172","915","3.142428","915","3.140528","915","3.140084","915","3.14296","915","3.144096","915","3.142424","915","3.146468","915","3.14198","915","3.14052","915","3.140212","915","3.140344","915","3.142948","915","3.140548","914","3.144636","915","3.138852","915","3.142156","909","3.144132","898","3.142308","898","3.140996","893","3.143344","893","3.138808","893","3.143532","893","3.143624","893","3.142984","893","3.142952","893","3.140716","893","3.140428","884","3.141028","878","3.140016","878","3.142952","875","3.141424","871","3.14308","871","3.144384","869","3.143604","869","3.140184","869","3.142292","868","3.140704","868","3.139408","863","3.140936","863","3.139448","863","3.144792","863","3.143576","863","3.140816","863","3.1424","863","3.141316","863","3.140144","863","3.142432","863","3.141116","863","3.14316","863","3.1418552000000006","884","944"
"36","3.142812","582","3.141228","456","3.139224","579","3.142112","732","3.141784","844","3.140004","780","3.141088","886","3.141132","824","3.13892","886","3.141584","904","3.13968","904","3.140372","904","3.144452","904","3.13956","904","3.14404","904","3.142724","904","3.14","923","3.140664","904","3.1413","903","3.143228","922","3.142112","904","3.140164","903","3.140584","904","3.141116","904","3.140936","904","3.139536","922","3.140576","903","3.13886","904","3.14294","904","3.139644","904","3.141884","904","3.14422","904","3.13964","903","3.141608","903","3.145012","904","3.143112","904","3.140576","921","3.140392","922","3.142424","922","3.144184","922","3.143012","922","3.1414","922","3.141872","922","3.141864","903","3.140992","921","3.140832","903","3.138124","922","3.138632","902","3.147548","922","3.139928","903","3.142296","921","3.141892","921","3.139512","903","3.140812","922","3.1403","903","3.138568","921","3.14306","921","3.139948","903","3.140684","922","3.141316","897","3.142348","916","3.140304","897","3.139828","897","3.141056","915","3.140684","916","3.141488","916","3.140308","916","3.143448","897","3.140736","915","3.141796","916","3.143688","915","3.14094","915","3.140068","916","3.13778","897","3.139724","897","3.139124","916","3.136832","916","3.141536","916","3.143916","915","3.141708","916","3.143768","915","3.143064","915","3.141532","896","3.141648","915","3.14022","916","3.144092","900","3.141264","899","3.140804","900","3.140376","890","3.14296","881","3.143412","881","3.141744","881","3.145584","882","3.1413","881","3.144084","881","3.142564","873","3.140032","857","3.14058","857","3.143804","857","3.140792","741","3.1413895599999995","888","932"
"37","3.139652","182","3.1417","499","3.142768","499","3.141752","497","3.143072","830","3.14108","531","3.142588","830","3.142708","663","3.141688","915","3.14148","931","3.1411","931","3.143536","914","3.142236","931","3.14124","914","3.141776","932","3.139436","913","3.143056","914","3.145492","931","3.142516","914","3.141548","931","3.142992","914","3.141956","913","3.141328","931","3.139548","914","3.140172","931","3.141528","914","3.1447","931","3.14444","913","3.14006","913","3.13902","913","3.14004","931","3.140892","932","3.141912","913","3.14272","914","3.140332","931","3.142644","914","3.143048","931","3.143712","913","3.145624","931","3.142252","931","3.138844","931","3.14206","913","3.143148","931","3.1425","931","3.144252","914","3.145068","931","3.142876","931","3.141192","931","3.141372","913","3.141792","913","3.1405","913","3.141236","931","3.141088","931","3.138484","913","3.143076","931","3.1427","931","3.14208","913","3.141404","931","3.143176","931","3.138376","913","3.139916","931","3.140288","931","3.140244","930","3.14488","913","3.140504","917","3.140504","917","3.142628","909","3.141604","909","3.142876","909","3.138028","891","3.141192","909","3.141752","909","3.139696","891","3.142704","909","3.142332","909","3.1443","909","3.141136","909","3.142304","909","3.143212","908","3.140828","909","3.142","908","3.13998","909","3.140476","909","3.138928","909","3.141412","908","3.14482","889","3.141684","888","3.140904","843","3.144844","840","3.1404","840","3.141712","840","3.14354","840","3.142096","838","3.141072","837","3.14012","837","3.142088","838","3.140708","837","3.144816","837","3.142268","837","3.141372","837","3.141807359999998","879","939"
"38","3.140612","915","3.141276","890","3.140176","913","3.1411","913","3.141352","914","3.140608","920","3.141556","914","3.141604","914","3.141356","913","3.14488","892","3.141064","913","3.141488","913","3.140708","892","3.14328","913","3.141864","920","3.142264","914","3.142296","913","3.1416","914","3.14084","914","3.141356","894","3.140308","914","3.140232","893","3.140444","913","3.142892","913","3.140164","913","3.144392","920","3.144832","913","3.14082","913","3.1426","914","3.14096","914","3.145256","920","3.140428","892","3.142768","911","3.141576","911","3.141064","910","3.14084","911","3.139908","918","3.1422","916","3.142488","910","3.144152","910","3.145348","910","3.14036","912","3.14132","916","3.14256","916","3.139308","910","3.143288","910","3.141732","916","3.142004","911","3.142592","910","3.143996","910","3.142028","916","3.140432","916","3.144812","911","3.141656","916","3.141008","910","3.138548","911","3.141044","886","3.1427","911","3.141704","911","3.137684","916","3.141964","910","3.14062","911","3.139824","917","3.140952","910","3.142996","916","3.140196","910","3.142852","916","3.137932","910","3.140544","889","3.139748","916","3.141496","910","3.141468","911","3.144316","879","3.144288","884","3.141384","877","3.141108","884","3.140968","884","3.141548","884","3.143324","885","3.141732","880","3.140128","885","3.143048","877","3.141432","882","3.138088","882","3.144096","882","3.140152","881","3.142976","882","3.14096","875","3.142248","882","3.140596","875","3.13798","882","3.14038","880","3.13998","881","3.138376","881","3.140132","875","3.142048","881","3.141296","880","3.140568","881","3.140044","882","3.142176","881","3.1414969200000002","902","922"
"39","3.143852","827","3.142564","827","3.141076","804","3.140728","827","3.14056","779","3.142444","779","3.14324","779","3.14282","779","3.140968","827","3.142288","827","3.1397","751","3.140628","827","3.139604","827","3.1414","827","3.141496","826","3.142596","779","3.141864","803","3.14136","827","3.14212","778","3.141972","778","3.142024","893","3.14288","774","3.13996","774","3.14056","795","3.139504","795","3.142452","795","3.142272","795","3.142936","789","3.142876","713","3.137956","789","3.140324","789","3.141456","789","3.139068","762","3.140048","738","3.14394","880","3.141788","881","3.139872","881","3.141104","833","3.13962","854","3.142912","901","3.142796","854","3.140552","855","3.140272","899","3.144976","866","3.141616","867","3.141212","882","3.144364","863","3.140992","883","3.142284","862","3.144468","883","3.140524","862","3.139848","863","3.139672","882","3.14502","883","3.143484","843","3.139376","851","3.142988","851","3.138904","868","3.14126","868","3.14012","868","3.137892","868","3.141904","868","3.14332","867","3.141844","868","3.141532","867","3.139768","867","3.141664","868","3.139004","868","3.142896","868","3.143808","867","3.141832","867","3.138956","867","3.141996","868","3.143916","866","3.14222","867","3.139592","867","3.140736","867","3.141948","868","3.146052","867","3.141316","867","3.140708","850","3.142656","845","3.141708","844","3.140692","841","3.141684","841","3.1416","841","3.143396","841","3.138332","841","3.140828","841","3.141632","841","3.142428","840","3.141948","841","3.141132","833","3.142288","833","3.14462","832","3.140812","826","3.143996","826","3.140684","827","3.14048","827","3.139368","827","3.1415474800000003","837","965"
"40","3.141148","225","3.142228","509","3.139132","480","3.14238","479","3.14178","479","3.140852","895","3.140432","891","3.14016","895","3.140364","895","3.143088","893","3.14286","890","3.142368","889","3.141044","895","3.13816","894","3.143608","891","3.141608","894","3.140024","868","3.140836","895","3.13966","890","3.143984","890","3.14056","891","3.143172","894","3.138932","890","3.144836","893","3.140136","895","3.141852","895","3.142504","894","3.140908","894","3.144072","895","3.143572","894","3.14252","893","3.140756","890","3.140592","893","3.141928","893","3.141208","895","3.139328","894","3.138904","894","3.141912","890","3.142716","890","3.14382","895","3.142812","892","3.141136","894","3.142292","890","3.139536","894","3.13768","893","3.141264","895","3.139904","893","3.144148","895","3.139332","894","3.144272","892","3.142872","894","3.144376","889","3.14316","893","3.138448","890","3.137648","894","3.142332","895","3.14088","866","3.142932","867","3.13906","894","3.142116","894","3.14176","888","3.144512","893","3.138292","893","3.141224","894","3.142308","888","3.140164","888","3.141724","893","3.143424","894","3.14704","892","3.139528","894","3.142076","890","3.143152","892","3.138936","891","3.141008","890","3.139696","886","3.143172","891","3.139244","889","3.141512","887","3.141216","891","3.143672","890","3.142152","860","3.143084","891","3.142208","891","3.141852","887","3.141128","891","3.14032","891","3.138792","891","3.1398","890","3.140404","889","3.140692","889","3.139832","891","3.141484","889","3.141732","886","3.140652","887","3.142732","889","3.14072","891","3.13958","890","3.14208","891","3.142064","891","3.139748","891","3.1414085999999997","867","900"
"41","3.139604","969","3.144152","968","3.143356","968","3.13766","969","3.141524","968","3.14354","969","3.142352","968","3.14024","969","3.141424","969","3.141476","968","3.144968","947","3.143396","968","3.139432","968","3.14062","968","3.1421","968","3.143328","968","3.141604","968","3.14134","968","3.140256","948","3.141172","969","3.139256","968","3.141608","968","3.142272","967","3.142092","969","3.138236","968","3.142032","967","3.141496","968","3.140576","968","3.145228","969","3.143196","967","3.142036","967","3.139948","968","3.141648","968","3.142776","969","3.14206","968","3.141436","968","3.141764","967","3.14286","968","3.143092","968","3.141664","947","3.142616","968","3.138832","968","3.143548","968","3.141164","968","3.14612","967","3.143148","968","3.142972","968","3.139768","967","3.138252","968","3.140728","968","3.14388","948","3.139552","968","3.139576","968","3.14006","968","3.144784","968","3.142776","968","3.14082","968","3.141524","968","3.142684","968","3.143092","967","3.144332","967","3.142048","968","3.141144","968","3.142424","968","3.140244","968","3.142656","967","3.14064","968","3.140576","967","3.143572","967","3.141312","967","3.14324","968","3.138516","968","3.140124","967","3.142144","968","3.14086","967","3.142436","968","3.141192","967","3.140764","967","3.143384","966","3.139844","968","3.14382","968","3.14038","946","3.138044","968","3.143","967","3.142936","968","3.140492","967","3.142884","968","3.142824","967","3.142696","927","3.14264","967","3.141568","967","3.14288","966","3.139636","968","3.14266","968","3.142828","947","3.139576","967","3.141944","968","3.141512","968","3.141432","968","3.140864","967","3.141707839999999","966","969"
"42","3.143464","166","3.14298","460","3.139788","603","3.142344","605","3.143752","552","3.14166","604","3.142796","604","3.141824","839","3.14176","863","3.142524","863","3.142864","812","3.141724","839","3.140068","840","3.14258","812","3.144144","785","3.139972","839","3.141304","839","3.14076","838","3.140832","839","3.142196","838","3.14072","838","3.141752","862","3.143208","838","3.139628","839","3.140452","838","3.143888","838","3.142052","862","3.14174","838","3.140536","839","3.139812","862","3.141588","863","3.144884","862","3.143332","839","3.139236","839","3.141376","838","3.140088","838","3.141568","838","3.143144","869","3.140248","840","3.13942","820","3.139884","872","3.141796","866","3.138096","840","3.13936","866","3.142868","869","3.143896","845","3.142664","845","3.143228","872","3.140152","872","3.140184","870","3.14132","869","3.141252","847","3.14132","871","3.145732","871","3.141172","866","3.140248","866","3.143132","840","3.14148","872","3.141336","871","3.139884","845","3.137384","870","3.14","869","3.142376","840","3.13872","872","3.14066","866","3.1401","869","3.143664","845","3.139964","865","3.14248","866","3.140508","842","3.139152","870","3.14194","866","3.14066","869","3.14082","869","3.14002","871","3.143096","844","3.140376","839","3.142268","838","3.140936","836","3.144008","837","3.14274","838","3.14224","735","3.14094","737","3.142008","737","3.14224","736","3.142924","733","3.14116","733","3.140352","733","3.139356","733","3.141308","733","3.14064","733","3.140924","733","3.140316","733","3.141624","733","3.13816","733","3.143504","724","3.139748","722","3.141904","722","3.141232","721","3.142476","721","3.141419400000001","804","924"
"43","3.140984","88","3.139292","497","3.1453","697","3.143008","697","3.14114","645","3.141928","697","3.14136","697","3.142268","697","3.140844","574","3.140916","697","3.143","697","3.1436","692","3.143204","692","3.143604","686","3.143552","633","3.140944","657","3.14176","686","3.138596","686","3.141528","657","3.144364","658","3.141376","652","3.139864","677","3.14288","677","3.141736","717","3.141256","843","3.142512","848","3.145396","856","3.139","852","3.13836","850","3.143592","852","3.143344","852","3.140952","856","3.14124","839","3.141248","872","3.13926","848","3.140944","871","3.139432","871","3.141516","852","3.143272","871","3.14194","867","3.140968","868","3.140496","867","3.139748","867","3.141152","867","3.136812","867","3.143224","849","3.140504","867","3.140788","867","3.139068","844","3.139792","867","3.14","867","3.142388","867","3.143772","867","3.139776","867","3.141644","844","3.139616","867","3.137176","867","3.140224","867","3.140644","834","3.141608","833","3.139496","842","3.141832","867","3.141292","849","3.143928","867","3.14176","867","3.1393","867","3.13694","867","3.141128","867","3.142112","867","3.1439","867","3.141756","867","3.140832","867","3.138924","867","3.141208","867","3.1407","867","3.140508","867","3.13872","867","3.140664","867","3.140232","867","3.144228","867","3.139116","867","3.141204","867","3.143544","849","3.140556","867","3.140048","848","3.141836","867","3.138144","866","3.141048","866","3.143532","866","3.140856","866","3.143288","866","3.141672","866","3.141612","866","3.13978","866","3.140332","838","3.14362","866","3.141604","866","3.143228","866","3.140924","866","3.14024","866","3.1412535599999996","809","899"
"44","3.141956","637","3.142728","637","3.140256","637","3.14324","637","3.14322","636","3.141832","637","3.138992","689","3.14176","663","3.139472","637","3.140384","688","3.141108","636","3.141788","637","3.142256","637","3.139264","688","3.142092","688","3.14084","637","3.137744","661","3.14414","637","3.141644","637","3.141104","636","3.141344","684","3.14152","631","3.140068","684","3.141988","859","3.14392","863","3.140808","857","3.139204","865","3.141052","860","3.143604","859","3.141556","863","3.14146","865","3.140948","863","3.140728","865","3.141756","859","3.14186","863","3.14214","859","3.140872","863","3.143192","862","3.143112","856","3.139828","856","3.143672","859","3.143828","858","3.13922","858","3.141028","844","3.14108","844","3.142264","844","3.139868","826","3.141984","843","3.139648","825","3.140496","844","3.13986","844","3.142432","843","3.142092","844","3.141152","843","3.14238","844","3.142144","844","3.14018","843","3.1405","843","3.139988","823","3.144876","842","3.142356","843","3.13964","843","3.140344","815","3.142288","843","3.142272","843","3.142456","843","3.141544","824","3.142992","843","3.14246","843","3.140552","825","3.143328","843","3.14282","843","3.141436","843","3.142596","843","3.140968","842","3.141132","788","3.13786","821","3.139836","843","3.14248","843","3.141264","843","3.140524","820","3.14316","843","3.143336","843","3.142164","843","3.141676","843","3.140984","816","3.143608","842","3.142776","843","3.141436","839","3.140748","838","3.14398","838","3.141676","838","3.143264","819","3.139732","838","3.140676","831","3.142192","831","3.144236","829","3.14118","829","3.1418","829","3.140732","830","3.1415597599999994","798","911"
"45","3.140228","308","3.13978","571","3.1403","619","3.141852","619","3.140788","570","3.14526","568","3.138112","568","3.142036","616","3.142104","613","3.141012","636","3.142804","613","3.138992","612","3.143004","611","3.144344","612","3.140288","562","3.142812","612","3.141604","562","3.142472","611","3.139804","611","3.143644","607","3.142384","607","3.145344","599","3.142812","575","3.143656","714","3.140968","904","3.139832","904","3.1391","898","3.141204","904","3.139816","898","3.141668","900","3.140004","875","3.139432","881","3.139628","878","3.142644","882","3.140588","881","3.140748","882","3.140348","883","3.139132","881","3.14152","883","3.140208","881","3.141336","875","3.142096","878","3.1416","884","3.141868","882","3.142248","877","3.146192","880","3.142736","883","3.142692","903","3.145268","881","3.142012","875","3.139464","880","3.142888","882","3.141332","883","3.142416","881","3.141864","875","3.142768","903","3.142852","883","3.143636","883","3.142776","880","3.139424","880","3.139136","876","3.14036","881","3.14434","883","3.141628","880","3.142968","878","3.139368","882","3.140964","880","3.142628","875","3.137536","878","3.14202","897","3.144012","873","3.143928","873","3.142432","875","3.143456","869","3.138812","873","3.139636","897","3.142424","877","3.145836","872","3.143984","874","3.14186","873","3.140572","897","3.143248","873","3.141232","875","3.13896","873","3.14116","863","3.142684","865","3.143328","859","3.140036","863","3.141644","886","3.144916","886","3.141976","886","3.14022","866","3.141164","887","3.141696","880","3.14512","859","3.139932","857","3.14042","880","3.141104","880","3.144232","843","3.140616","843","3.1417133200000005","810","954"
"46","3.141484","895","3.142552","885","3.140348","889","3.140316","895","3.1393","895","3.143332","895","3.140228","897","3.141208","885","3.141844","863","3.139808","888","3.142092","888","3.14244","889","3.14278","852","3.142208","886","3.143344","888","3.14232","887","3.14122","895","3.14042","896","3.14334","896","3.139128","896","3.141864","895","3.141568","885","3.140576","888","3.143252","896","3.1378","895","3.143336","895","3.141348","895","3.138888","895","3.141716","889","3.141124","895","3.142168","895","3.14294","895","3.14056","895","3.141952","887","3.143628","895","3.139632","894","3.143032","895","3.141896","894","3.140624","888","3.140512","894","3.141356","889","3.142656","895","3.139728","894","3.140088","895","3.143088","885","3.141792","894","3.141476","895","3.14128","896","3.13894","895","3.141408","895","3.14224","885","3.139864","895","3.142472","862","3.138812","894","3.137016","896","3.139604","885","3.141608","894","3.141444","885","3.140844","886","3.142972","895","3.13964","896","3.144268","887","3.142824","894","3.142804","896","3.141596","895","3.143168","894","3.141328","885","3.144268","895","3.13976","885","3.141688","863","3.14218","896","3.14226","887","3.142448","894","3.138784","888","3.144712","885","3.144692","885","3.143172","895","3.141452","895","3.141724","896","3.141236","895","3.140768","864","3.143556","895","3.141952","884","3.139868","887","3.140648","895","3.1424","894","3.14048","894","3.138776","894","3.141968","895","3.14074","887","3.14066","895","3.14","885","3.141748","894","3.141408","864","3.142912","885","3.142468","888","3.138836","896","3.144028","895","3.140008","895","3.141704","895","3.14145748","890","897"
"47","3.140388","80","3.142592","707","3.142784","661","3.138432","707","3.14362","707","3.141484","707","3.140992","706","3.142608","707","3.140128","661","3.141876","583","3.141964","706","3.14104","706","3.14306","661","3.144","707","3.14136","917","3.140012","916","3.13964","894","3.141212","916","3.142404","916","3.141496","916","3.141596","916","3.141364","915","3.143688","916","3.141432","916","3.14412","916","3.142904","916","3.143816","916","3.13988","915","3.145048","916","3.138984","916","3.142852","916","3.141672","916","3.142048","916","3.142112","916","3.140628","916","3.138876","916","3.141784","916","3.14118","916","3.13876","916","3.143216","916","3.142176","916","3.141344","916","3.14076","916","3.140316","894","3.138796","915","3.143012","915","3.142216","892","3.140032","916","3.144008","916","3.143724","916","3.142144","916","3.140448","916","3.14252","915","3.140948","915","3.142944","916","3.138196","916","3.140492","915","3.139392","916","3.140808","916","3.140368","915","3.141784","916","3.143692","896","3.138292","915","3.138788","916","3.138864","891","3.143692","916","3.141308","915","3.143004","915","3.145872","916","3.142332","916","3.14214","893","3.141572","916","3.141008","895","3.140328","916","3.142364","916","3.144196","915","3.141512","915","3.139844","891","3.138108","893","3.14392","916","3.142464","916","3.14018","896","3.144804","886","3.141456","916","3.144276","915","3.143992","915","3.140788","895","3.14104","916","3.1423","911","3.1444","911","3.141964","911","3.1428","912","3.1437","912","3.141156","911","3.14004","911","3.140896","911","3.141884","911","3.140592","889","3.1425","889","3.143288","911","3.1416883600000007","873","931"
"48","3.142984","400","3.140556","572","3.14008","571","3.142596","664","3.140824","572","3.139232","665","3.143172","665","3.142004","572","3.141896","571","3.142164","664","3.146612","665","3.139828","665","3.138476","1107","3.1421","1100","3.141564","1100","3.14136","1105","3.141012","1107","3.142936","1107","3.141112","1107","3.141924","1107","3.141884","1107","3.142072","1067","3.139992","1107","3.141368","1107","3.140492","1107","3.143548","1107","3.141052","1107","3.141584","1095","3.1417","1093","3.139788","1095","3.143996","1089","3.142924","1095","3.141396","1095","3.145548","1093","3.142876","1095","3.142724","1086","3.140976","1087","3.140604","1086","3.141804","1087","3.141172","1087","3.140436","1088","3.142456","1087","3.14166","1087","3.140404","1081","3.141888","1088","3.139976","1083","3.144248","1081","3.13944","1084","3.142044","1081","3.142356","1072","3.143296","1065","3.14118","1072","3.143312","1065","3.141008","1053","3.139896","1056","3.143972","1056","3.14048","1056","3.144696","1056","3.141968","1076","3.141936","1057","3.143584","1053","3.141052","1056","3.140908","1076","3.140416","1076","3.141348","1056","3.140152","1056","3.142744","1076","3.1419","1056","3.140232","1076","3.14146","1055","3.144304","1057","3.143092","1057","3.142616","1076","3.140608","1075","3.142236","1075","3.140596","1057","3.14314","1056","3.138904","1075","3.143024","1075","3.142616","1075","3.14466","1055","3.14266","1057","3.140792","1064","3.138476","1064","3.141252","1045","3.139992","1064","3.14316","1064","3.141184","1065","3.140764","1064","3.139636","1036","3.140928","1032","3.136776","1032","3.14124","1032","3.141612","1032","3.137216","1029","3.14142","1029","3.1446","1029","3.141896","1029","3.142144","1028","3.146048","1028","3.1416797199999986","1016","1141"
"49","3.143004","416","3.141856","1004","3.142308","1004","3.14202","1004","3.140648","1001","3.142308","1001","3.143404","1001","3.138272","1004","3.141624","1004","3.141016","1001","3.142708","1004","3.14272","1001","3.139996","1004","3.143236","1004","3.142932","1004","3.14024","1001","3.141164","1001","3.143808","989","3.142684","986","3.140088","987","3.143536","987","3.141492","983","3.143016","983","3.1444","987","3.140792","987","3.141992","1071","3.140884","1060","3.141168","1091","3.142084","1091","3.141844","1091","3.142352","1091","3.142352","1091","3.141916","1071","3.144136","1091","3.140484","1072","3.14338","1091","3.138092","1071","3.144832","1090","3.144732","1060","3.140404","1091","3.141576","1091","3.1432","1072","3.144208","1091","3.141668","1072","3.139712","1065","3.141124","1090","3.138408","1091","3.13988","1090","3.143996","1073","3.141672","1091","3.140036","1090","3.142928","1071","3.142256","1071","3.14206","1091","3.142088","1035","3.142652","1057","3.140812","1066","3.145432","1090","3.140396","1065","3.13978","1090","3.14294","1091","3.141152","1090","3.143268","1090","3.14178","1065","3.138316","1090","3.143728","1072","3.142308","1058","3.142376","1090","3.14286","1068","3.143036","1071","3.143412","1071","3.142496","1090","3.141788","1069","3.143256","1091","3.141276","1059","3.140364","1091","3.143224","1071","3.141716","1090","3.141496","1070","3.139476","1090","3.142856","1047","3.140872","1046","3.13998","1047","3.139524","1047","3.143684","1047","3.14238","1046","3.137988","1047","3.140924","1047","3.140588","1046","3.1421","1046","3.142356","1047","3.144524","1046","3.141484","1047","3.141112","1047","3.144144","1046","3.143932","1046","3.139484","1046","3.143812","1046","3.140788","1046","3.143296","1042","3.141899040000001","1046","1115"
"50","3.13942","864","3.142644","794","3.139444","705","3.143648","794","3.1439","792","3.14224","747","3.139696","792","3.141144","724","3.142984","792","3.1413","792","3.143064","717","3.140504","832","3.140472","783","3.140308","783","3.141892","783","3.141824","738","3.144848","738","3.140828","782","3.141864","783","3.14152","783","3.140568","715","3.138468","783","3.140092","738","3.141408","782","3.143912","783","3.138032","738","3.14224","782","3.141636","782","3.140424","783","3.143564","738","3.140828","887","3.141444","887","3.140772","887","3.140076","887","3.142284","870","3.141612","870","3.138404","887","3.143616","887","3.14208","884","3.140828","884","3.138508","902","3.140924","884","3.140236","883","3.144328","902","3.144508","884","3.13952","883","3.143132","884","3.140772","883","3.14332","884","3.146404","883","3.14216","901","3.142572","901","3.142644","884","3.1396","884","3.140268","883","3.141416","884","3.141896","884","3.142668","884","3.13998","884","3.142716","883","3.140012","883","3.1425","884","3.140848","883","3.14214","883","3.141732","883","3.141516","883","3.142444","884","3.14002","883","3.140276","884","3.14124","883","3.142908","884","3.138928","883","3.140336","884","3.138628","883","3.13914","883","3.139004","883","3.14336","883","3.138668","883","3.14208","883","3.143244","883","3.142376","883","3.141728","883","3.141704","883","3.13944","883","3.138776","883","3.140176","883","3.144212","883","3.139692","883","3.141624","857","3.13894","857","3.139904","875","3.141008","875","3.140236","856","3.14028","857","3.142472","857","3.139636","854","3.141464","848","3.141616","847","3.144012","847","3.1431","847","3.1413482399999992","847","937"
"51","3.14236","308","3.143936","384","3.141096","970","3.140968","964","3.14434","936","3.14288","965","3.139468","936","3.139464","965","3.143188","936","3.138964","968","3.139696","973","3.14056","936","3.14282","965","3.140732","841","3.142656","965","3.13858","936","3.141028","936","3.140824","965","3.142644","936","3.140328","843","3.142148","968","3.140032","965","3.139816","970","3.141484","970","3.140452","968","3.140944","970","3.141324","965","3.14118","850","3.14186","968","3.143892","936","3.140088","964","3.142912","967","3.142028","965","3.138056","969","3.138952","967","3.143656","874","3.142064","935","3.141872","936","3.144484","968","3.14164","916","3.140316","946","3.142644","954","3.141292","948","3.14218","945","3.14374","916","3.139724","923","3.140188","894","3.140272","922","3.141816","919","3.141136","915","3.143136","922","3.139492","920","3.140656","921","3.139072","880","3.140812","935","3.14286","935","3.14186","935","3.142496","935","3.14194","908","3.142888","935","3.14086","935","3.138108","935","3.141184","935","3.141668","935","3.14168","935","3.140576","935","3.139784","935","3.139148","935","3.14382","935","3.143348","935","3.13984","935","3.142332","935","3.142272","935","3.142956","935","3.140248","935","3.143708","935","3.13992","935","3.143316","935","3.142156","935","3.142584","935","3.141336","935","3.14042","935","3.14202","935","3.142936","935","3.142192","935","3.140184","935","3.139244","935","3.142436","935","3.141492","935","3.144976","935","3.142028","935","3.143852","929","3.142568","929","3.141444","929","3.143164","927","3.141812","916","3.142112","915","3.140752","915","3.144504","907","3.13872","907","3.1415163600000007","923","995"
"52","3.1408","155","3.140616","569","3.139488","790","3.144456","790","3.144032","569","3.141596","790","3.135756","790","3.14076","601","3.141012","679","3.142552","725","3.141168","790","3.139052","568","3.144584","651","3.139348","790","3.140368","790","3.138888","651","3.142092","601","3.140828","771","3.141304","885","3.14272","883","3.142116","854","3.142712","883","3.143884","854","3.142364","883","3.13764","883","3.142236","883","3.141744","883","3.140528","885","3.143424","883","3.145524","883","3.141232","883","3.140172","854","3.141672","883","3.141424","885","3.141352","862","3.139084","883","3.140928","853","3.14158","883","3.142368","884","3.14038","885","3.143344","809","3.142776","885","3.137592","883","3.141468","883","3.140632","861","3.143904","850","3.141512","882","3.142164","882","3.143948","882","3.143664","881","3.142836","859","3.143812","860","3.142192","880","3.14066","856","3.142312","852","3.143164","854","3.142316","851","3.143472","843","3.141184","843","3.144492","842","3.138884","841","3.14252","842","3.140212","842","3.14408","842","3.142244","843","3.142524","841","3.14028","840","3.142124","841","3.142","842","3.141892","842","3.142804","842","3.14202","843","3.14118","841","3.141672","844","3.145484","842","3.14386","843","3.14038","842","3.13996","842","3.143096","844","3.142812","843","3.140428","844","3.144716","843","3.141","844","3.142128","842","3.139188","842","3.142152","843","3.142732","843","3.141096","841","3.143428","842","3.13706","842","3.14464","842","3.13998","842","3.141284","842","3.14104","843","3.141316","842","3.14258","841","3.139668","843","3.141508","843","3.1418","842","3.139192","842","3.14168192","822","912"
"53","3.140404","19","3.142812","602","3.139032","650","3.142488","729","3.143632","623","3.143396","601","3.143292","729","3.138848","729","3.142852","601","3.14076","877","3.139364","875","3.139392","877","3.138784","895","3.139612","895","3.142108","851","3.139328","877","3.140992","877","3.139516","877","3.14212","894","3.139776","809","3.141944","876","3.139712","895","3.141424","877","3.141396","895","3.141368","876","3.142988","874","3.141984","864","3.139816","882","3.141748","872","3.14192","873","3.141612","871","3.144444","873","3.140604","873","3.14086","872","3.14004","872","3.142408","872","3.139972","873","3.140864","872","3.140404","872","3.13742","872","3.141216","871","3.140676","872","3.142716","872","3.142528","872","3.142664","872","3.143524","872","3.142404","872","3.14128","872","3.141364","872","3.138216","872","3.142064","872","3.144764","872","3.141356","872","3.143608","871","3.143064","853","3.143844","853","3.141168","872","3.142044","872","3.14204","872","3.143476","872","3.139472","871","3.145324","872","3.141252","871","3.141448","872","3.14006","872","3.14028","872","3.139696","871","3.139432","871","3.141216","872","3.139972","853","3.138344","872","3.143128","872","3.141744","872","3.137348","872","3.139332","871","3.140104","872","3.142408","872","3.138696","871","3.14016","872","3.143512","855","3.140708","856","3.143316","856","3.140572","855","3.142528","856","3.141408","856","3.14376","855","3.14306","855","3.142464","855","3.140504","855","3.14074","856","3.138856","855","3.140684","855","3.1434","855","3.140612","837","3.142008","836","3.141452","855","3.13974","856","3.1413","855","3.141604","855","3.142592","855","3.14129688","842","900"
"54","3.144108","205","3.143436","921","3.141784","898","3.140996","905","3.14142","898","3.139604","922","3.143284","896","3.142396","922","3.142628","898","3.14192","895","3.143992","921","3.140136","872","3.140524","894","3.139176","897","3.142744","898","3.140364","898","3.140324","897","3.139748","893","3.141448","898","3.142804","922","3.143588","913","3.142364","892","3.140776","890","3.144496","913","3.140812","912","3.142944","909","3.143776","888","3.1451","908","3.142444","909","3.143816","908","3.142152","887","3.143968","891","3.143884","886","3.140316","907","3.144176","882","3.138644","908","3.14038","885","3.140816","889","3.140704","904","3.140744","904","3.139952","905","3.142332","905","3.145908","904","3.142036","904","3.141072","905","3.138912","904","3.143852","886","3.141512","880","3.138076","884","3.141208","901","3.140532","901","3.140288","901","3.143492","903","3.141944","902","3.142336","902","3.141484","901","3.139724","902","3.144864","884","3.141984","884","3.138908","883","3.13908","866","3.142028","884","3.141584","884","3.142064","883","3.143036","883","3.139072","883","3.140988","873","3.1427","871","3.14284","871","3.144612","870","3.139652","850","3.14236","871","3.139012","870","3.141184","849","3.144784","870","3.143068","870","3.142972","871","3.141136","871","3.142884","872","3.142432","870","3.141972","870","3.1408","870","3.141532","850","3.140564","871","3.139392","871","3.138592","871","3.139612","870","3.141628","870","3.139068","846","3.140304","846","3.142424","870","3.141684","870","3.142256","870","3.142452","870","3.141296","870","3.14202","853","3.138924","870","3.140672","848","3.142244","870","3.141904","870","3.1416598000000007","880","923"
"55","3.140792","307","3.140724","308","3.14378","307","3.139872","306","3.138188","307","3.14124","582","3.140548","485","3.141072","605","3.139352","605","3.14086","605","3.140324","605","3.13934","605","3.142596","605","3.14332","485","3.140224","584","3.143952","584","3.140412","560","3.141816","583","3.142044","486","3.140404","584","3.143888","560","3.142372","583","3.142444","826","3.144868","826","3.141872","826","3.13942","751","3.14246","717","3.144632","689","3.140212","665","3.143612","826","3.142996","826","3.141468","826","3.140188","826","3.142708","826","3.139852","742","3.142568","823","3.140724","823","3.142784","742","3.141656","823","3.141604","823","3.14156","816","3.144208","816","3.142552","816","3.142376","816","3.144508","816","3.140652","816","3.141124","816","3.141384","816","3.14338","816","3.141476","816","3.141276","785","3.138808","786","3.14124","746","3.140324","743","3.141112","742","3.145784","746","3.141984","743","3.142472","743","3.141584","743","3.143628","743","3.14194","742","3.1421","745","3.140608","743","3.143388","746","3.144532","743","3.139828","743","3.140048","746","3.138692","745","3.14482","743","3.140304","745","3.143876","743","3.144308","743","3.142208","745","3.142688","746","3.142196","742","3.1417","742","3.140872","745","3.140256","742","3.140584","734","3.143656","730","3.14278","730","3.14486","733","3.1414","726","3.140644","727","3.141276","727","3.142652","729","3.141128","730","3.142216","727","3.14264","725","3.14442","725","3.14106","721","3.141628","721","3.143568","722","3.14192","721","3.139972","719","3.140584","716","3.142876","710","3.142412","713","3.142008","713","3.141592","713","3.1418485999999994","704","861"
"56","3.139512","206","3.141064","534","3.141876","534","3.140172","630","3.139908","749","3.140608","808","3.14298","529","3.140272","529","3.140528","808","3.1411","766","3.143364","808","3.141152","800","3.142028","800","3.141008","924","3.141076","911","3.139688","911","3.1402","911","3.1407","911","3.144128","910","3.140336","911","3.140404","911","3.143344","811","3.141764","910","3.140552","910","3.142328","910","3.139","911","3.138544","910","3.142276","910","3.141416","910","3.140996","811","3.14178","891","3.142996","891","3.14186","906","3.14306","906","3.13864","906","3.140896","906","3.1417","906","3.141932","888","3.141676","906","3.14002","886","3.14162","887","3.139292","887","3.140104","848","3.140256","903","3.141672","867","3.139532","903","3.139684","903","3.140908","885","3.142484","847","3.143724","884","3.14314","903","3.145604","903","3.140364","903","3.143072","903","3.141172","896","3.144156","896","3.144008","886","3.141924","886","3.14262","885","3.14076","885","3.140008","876","3.14288","876","3.141628","876","3.139816","877","3.142652","876","3.141168","877","3.1419","876","3.142944","876","3.142768","876","3.140092","876","3.141964","876","3.143064","876","3.14452","876","3.143248","876","3.143412","876","3.140596","876","3.13966","876","3.142096","876","3.141596","872","3.13984","861","3.14238","862","3.142608","862","3.14166","861","3.143944","862","3.144612","862","3.143444","861","3.14566","861","3.140288","862","3.141408","861","3.143788","861","3.142684","862","3.141972","862","3.14212","861","3.1419","861","3.141624","862","3.144624","861","3.139548","856","3.138112","856","3.14296","853","3.138412","853","3.1416257999999986","852","957"
"57","3.14306","489","3.139516","460","3.142324","841","3.141088","834","3.141092","835","3.13986","835","3.141348","608","3.141324","608","3.143456","834","3.1397","608","3.140812","834","3.144676","630","3.140816","630","3.142124","630","3.141644","834","3.140864","831","3.143016","830","3.143104","831","3.141896","819","3.141168","819","3.143468","638","3.14338","819","3.140648","819","3.14234","817","3.140256","804","3.139036","804","3.143884","799","3.14322","799","3.142256","800","3.142104","799","3.14152","799","3.142408","799","3.143652","799","3.144128","799","3.142804","799","3.142108","799","3.14262","799","3.143284","799","3.141072","779","3.141124","779","3.141028","779","3.144324","779","3.144552","778","3.139728","779","3.142556","778","3.14228","779","3.142236","740","3.142128","779","3.140208","780","3.142628","773","3.143624","773","3.14048","775","3.141508","773","3.139312","775","3.141244","775","3.142256","779","3.141236","773","3.143424","791","3.142376","773","3.143844","769","3.141912","791","3.14082","769","3.142172","771","3.142204","774","3.142364","773","3.143448","769","3.145144","791","3.14232","791","3.142176","771","3.13986","791","3.143944","791","3.141188","768","3.140248","770","3.14136","769","3.140312","773","3.140988","768","3.139924","790","3.143456","769","3.141984","772","3.141816","773","3.142224","770","3.142232","779","3.139504","747","3.143388","763","3.139172","762","3.14244","761","3.138364","760","3.140268","760","3.140424","760","3.1432","759","3.142332","759","3.141192","759","3.140672","760","3.141336","752","3.140632","752","3.145412","752","3.144248","752","3.142464","752","3.14412","752","3.142256","751","3.1419269199999995","766","862"
"58","3.141884","876","3.144484","846","3.14194","854","3.14576","855","3.141216","853","3.142936","846","3.14358","876","3.142808","859","3.1399","845","3.142652","846","3.143572","847","3.141468","859","3.142588","856","3.14054","859","3.140116","845","3.143548","853","3.143012","847","3.141176","847","3.140432","859","3.143176","855","3.144248","854","3.14068","846","3.141208","847","3.141244","858","3.14188","854","3.140152","856","3.14172","845","3.14198","847","3.142056","854","3.144716","845","3.142368","847","3.142268","858","3.141816","846","3.140424","846","3.142892","847","3.140124","846","3.14052","849","3.141708","847","3.143728","846","3.143288","858","3.140868","853","3.141924","855","3.141532","855","3.142052","858","3.139876","845","3.142572","875","3.141912","846","3.137156","855","3.143588","875","3.141868","854","3.13842","875","3.140756","855","3.13954","858","3.14394","852","3.13954","855","3.141504","847","3.141636","875","3.139168","858","3.140976","855","3.14162","855","3.14354","854","3.142284","849","3.1434","846","3.142704","854","3.142084","853","3.14214","845","3.1417","853","3.141008","855","3.140152","855","3.140728","853","3.14104","845","3.141288","858","3.142312","854","3.141076","854","3.1403","854","3.141352","848","3.140928","875","3.142496","847","3.143664","853","3.141924","854","3.140172","848","3.14044","849","3.139364","858","3.139144","854","3.14242","844","3.14222","845","3.14322","855","3.142536","846","3.145068","849","3.13898","838","3.140332","837","3.139","838","3.140048","845","3.143324","866","3.141628","838","3.13896","837","3.142144","866","3.13776","839","3.14086","837","3.144908","843","3.14164904","852","876"
"59","3.141744","641","3.143668","598","3.14164","641","3.140248","640","3.140884","639","3.140688","638","3.144424","638","3.140368","638","3.138792","571","3.142104","636","3.140536","636","3.14288","636","3.140392","636","3.140556","636","3.141772","636","3.14232","636","3.142672","573","3.143972","636","3.14228","633","3.14256","632","3.142692","632","3.14302","632","3.14028","632","3.1413","632","3.143344","625","3.141096","646","3.141372","625","3.140532","835","3.139036","808","3.144252","835","3.140448","816","3.13782","817","3.140856","835","3.141456","808","3.143944","809","3.138356","816","3.141328","811","3.14402","836","3.139628","811","3.140976","835","3.1411","816","3.145144","817","3.144608","815","3.142208","835","3.1416","817","3.141308","814","3.13982","795","3.143224","814","3.142612","790","3.141076","788","3.141288","793","3.141712","813","3.141256","794","3.141324","790","3.142684","783","3.142652","790","3.142116","809","3.142288","809","3.140856","782","3.141964","810","3.139344","785","3.140296","809","3.139828","809","3.141488","810","3.143516","809","3.141016","789","3.140248","786","3.142936","794","3.140468","794","3.1427","793","3.141076","793","3.140476","793","3.141964","790","3.142776","790","3.140808","790","3.141868","790","3.139676","789","3.143832","789","3.140556","790","3.142188","787","3.140972","787","3.14326","777","3.13968","777","3.141732","758","3.14204","758","3.136592","758","3.142344","758","3.142144","758","3.144192","758","3.142596","758","3.141784","758","3.14068","758","3.141284","758","3.138428","758","3.1419","758","3.139988","758","3.140948","744","3.143196","744","3.142068","744","3.139964","744","3.1415394799999996","747","856"
"60","3.140532","157","3.142428","634","3.140584","656","3.145564","634","3.138588","560","3.1419","653","3.14326","631","3.140772","651","3.139952","652","3.139484","553","3.139204","841","3.138932","861","3.143944","671","3.142044","766","3.144404","880","3.140568","705","3.14332","861","3.13996","841","3.140652","858","3.143396","877","3.143672","855","3.14056","816","3.140872","855","3.14084","855","3.142772","741","3.140836","855","3.13998","836","3.143992","855","3.14448","855","3.139376","843","3.14078","843","3.144544","843","3.142148","842","3.139292","843","3.142176","842","3.142968","839","3.140252","839","3.142","839","3.141212","839","3.1435","839","3.139236","839","3.141944","839","3.137568","839","3.142588","839","3.141088","837","3.142208","837","3.141252","836","3.142656","837","3.141084","836","3.141392","837","3.144352","837","3.142188","837","3.140428","837","3.142084","827","3.141792","827","3.142488","827","3.141196","827","3.142696","827","3.14342","824","3.143492","816","3.138012","826","3.142292","826","3.142","826","3.140148","826","3.142432","826","3.140644","826","3.139804","826","3.139608","826","3.14172","826","3.142792","826","3.14146","826","3.140764","809","3.143084","826","3.145756","826","3.143356","826","3.141792","809","3.141948","826","3.141556","826","3.141352","826","3.140512","826","3.142356","825","3.143092","826","3.140144","826","3.143476","826","3.142436","826","3.140792","825","3.141596","826","3.143512","826","3.145096","809","3.140936","825","3.14056","825","3.142088","825","3.140672","825","3.14024","825","3.145512","825","3.142068","825","3.140736","825","3.13886","825","3.140716","825","3.141116","825","3.1416792800000013","803","906"
"61","3.140748","479","3.139396","728","3.141096","506","3.140512","479","3.140128","588","3.140424","749","3.1419","749","3.13816","684","3.142508","749","3.142252","636","3.140872","683","3.143104","840","3.140604","748","3.141832","724","3.140508","724","3.144612","901","3.143464","920","3.142412","921","3.141596","833","3.140772","901","3.14186","833","3.142528","807","3.141964","901","3.140624","900","3.142428","921","3.142232","901","3.139576","901","3.142344","901","3.140164","920","3.143584","900","3.144796","920","3.139724","877","3.139376","920","3.139544","876","3.141644","901","3.14052","920","3.13788","921","3.13812","901","3.146224","920","3.141076","921","3.140784","920","3.143752","921","3.141912","895","3.139744","888","3.142352","868","3.140536","882","3.14116","862","3.13954","882","3.141384","863","3.140412","859","3.140836","859","3.138652","858","3.144152","812","3.143892","859","3.141992","859","3.140352","878","3.140288","878","3.142968","859","3.142448","878","3.140788","859","3.144104","877","3.138836","877","3.140572","859","3.144424","877","3.14184","878","3.141984","862","3.139584","862","3.14086","862","3.142552","843","3.140328","858","3.144688","850","3.140084","832","3.138248","846","3.1377","846","3.140704","835","3.142716","835","3.141196","834","3.13868","834","3.142272","831","3.141076","831","3.140308","831","3.142176","831","3.14288","830","3.140316","831","3.1419","831","3.141016","829","3.139268","825","3.139588","823","3.13932","823","3.14202","823","3.145812","823","3.147236","819","3.140184","819","3.13894","818","3.140016","818","3.140816","817","3.140244","817","3.142932","814","3.140896","815","3.141784","813","3.1413115199999986","834","933"
"62","3.142504","177","3.14694","882","3.140128","864","3.140656","883","3.139708","882","3.140956","840","3.141152","882","3.145064","882","3.139888","882","3.139888","862","3.140148","840","3.1442","895","3.142664","877","3.141328","877","3.141444","877","3.14154","877","3.13952","877","3.144184","877","3.141196","813","3.14142","877","3.141416","877","3.142492","877","3.14052","857","3.140956","876","3.140108","876","3.14232","876","3.142412","877","3.143156","876","3.141444","876","3.139512","877","3.139204","876","3.141236","876","3.142844","855","3.141372","833","3.1426","853","3.13968","852","3.1436","849","3.140864","848","3.143356","848","3.141348","846","3.141332","846","3.143208","843","3.141348","823","3.14004","859","3.143256","860","3.142424","842","3.140616","842","3.141252","842","3.141188","842","3.144564","842","3.141296","855","3.14078","855","3.141512","855","3.142464","855","3.142596","855","3.14118","855","3.140224","855","3.141468","855","3.138992","838","3.143896","855","3.141008","855","3.13864","855","3.141208","855","3.142324","855","3.14208","856","3.14194","855","3.142624","856","3.14198","855","3.138172","855","3.139348","855","3.141092","855","3.139884","852","3.143472","853","3.142824","852","3.144316","852","3.140328","852","3.142336","852","3.1395","852","3.141824","836","3.139376","833","3.142176","832","3.139292","828","3.140972","828","3.140788","828","3.142772","828","3.143004","828","3.143428","828","3.143216","828","3.140772","828","3.143188","828","3.142132","828","3.139892","828","3.139692","828","3.144644","828","3.144152","828","3.142956","828","3.140132","828","3.143264","828","3.14412","828","3.144588","828","3.1416806000000013","845","902"
"63","3.142256","219","3.139748","219","3.1397","534","3.143268","534","3.142016","487","3.143492","487","3.142532","636","3.141168","534","3.143188","534","3.142504","527","3.144128","527","3.139908","606","3.138824","524","3.139864","523","3.141952","520","3.142352","520","3.142704","519","3.14172","520","3.14162","846","3.140888","594","3.14252","732","3.14186","821","3.140576","737","3.1416","707","3.141404","707","3.143692","846","3.143016","824","3.140748","707","3.140972","843","3.139116","843","3.140076","844","3.140568","843","3.141076","817","3.142972","844","3.13962","822","3.141848","818","3.140636","843","3.14048","843","3.142416","843","3.141088","843","3.143324","844","3.139964","822","3.143032","843","3.141944","844","3.143416","843","3.142072","844","3.13996","794","3.144088","843","3.140104","821","3.141284","815","3.144536","840","3.13972","841","3.14116","815","3.143312","818","3.138296","841","3.14198","840","3.140984","840","3.138344","840","3.140972","841","3.14184","840","3.139728","819","3.141268","815","3.140284","840","3.142164","840","3.139016","831","3.143004","809","3.139708","831","3.14022","832","3.14246","831","3.141044","760","3.139292","759","3.14164","735","3.140976","735","3.143988","736","3.1449","759","3.141332","760","3.143812","760","3.140316","760","3.140692","760","3.142012","736","3.142248","759","3.142504","753","3.144216","753","3.139788","751","3.140632","729","3.142252","749","3.139844","729","3.142404","750","3.141864","749","3.144056","750","3.142696","749","3.14362","750","3.140664","750","3.144416","749","3.141676","749","3.142576","725","3.141472","741","3.142176","741","3.138608","740","3.143576","741","3.1415959200000003","738","867"
"64","3.137916","576","3.144492","501","3.142092","641","3.143984","575","3.140908","501","3.13984","862","3.14332","863","3.139368","710","3.141444","882","3.142888","883","3.141936","882","3.140312","663","3.142076","857","3.13704","882","3.143408","883","3.14328","862","3.1431","882","3.144132","709","3.142584","856","3.142508","874","3.139512","700","3.14016","868","3.142016","868","3.139296","869","3.14484","848","3.142796","848","3.141808","868","3.142224","865","3.141972","862","3.141292","862","3.140212","862","3.142236","862","3.142968","863","3.142088","862","3.143164","862","3.143212","862","3.141488","862","3.143168","838","3.141736","862","3.140204","862","3.141504","862","3.140216","862","3.143052","838","3.14246","862","3.140392","838","3.139232","862","3.138824","862","3.14138","862","3.145052","861","3.142956","862","3.142072","862","3.142256","862","3.140836","862","3.139056","853","3.141788","852","3.140736","853","3.140132","846","3.141916","846","3.141692","846","3.139912","846","3.140632","823","3.140044","841","3.14062","840","3.140752","840","3.14156","840","3.143124","838","3.142324","834","3.141416","833","3.141624","834","3.144336","834","3.141464","834","3.136916","834","3.141072","834","3.1439","834","3.142752","834","3.139452","834","3.139184","834","3.141724","834","3.144948","834","3.143644","834","3.141364","834","3.142024","834","3.142496","834","3.142752","834","3.140728","833","3.142664","833","3.14228","834","3.138232","833","3.143912","834","3.14076","834","3.143224","834","3.143792","834","3.1397","834","3.14294","834","3.139376","833","3.141672","831","3.142028","830","3.144688","806","3.140728","806","3.142884","795","3.141682160000002","827","888"
"65","3.140388","832","3.14234","832","3.141456","808","3.142744","812","3.14334","814","3.140932","832","3.142512","815","3.140596","811","3.141872","832","3.140312","811","3.139108","804","3.14174","813","3.142496","815","3.142528","832","3.140336","813","3.140852","832","3.1401","806","3.141548","813","3.14146","812","3.139812","815","3.143452","832","3.140024","815","3.142156","814","3.139116","832","3.141884","832","3.143284","832","3.13904","814","3.141492","813","3.142744","832","3.13948","811","3.14266","832","3.142652","832","3.141952","832","3.140328","832","3.140052","807","3.142052","812","3.141596","832","3.142356","832","3.137644","805","3.139432","813","3.142296","832","3.142448","813","3.14266","831","3.140648","805","3.142472","832","3.140476","806","3.142208","832","3.137844","813","3.139648","832","3.1427","831","3.140692","811","3.14282","832","3.141716","805","3.141564","832","3.142188","805","3.14204","832","3.141528","832","3.143896","832","3.140932","808","3.14168","811","3.139524","813","3.145536","807","3.141388","813","3.143724","807","3.137228","813","3.140844","813","3.140928","805","3.137584","813","3.14184","813","3.141428","832","3.143384","832","3.142316","804","3.141476","804","3.142676","807","3.140188","807","3.14358","813","3.143528","807","3.140232","814","3.138624","831","3.141688","811","3.140796","831","3.142388","831","3.144064","813","3.141844","831","3.139452","807","3.14322","831","3.1415","832","3.142932","831","3.140632","831","3.141076","831","3.141332","831","3.143872","813","3.139576","832","3.143128","812","3.141368","813","3.13882","804","3.140396","805","3.1413","831","3.143736","831","3.142896","831","3.1414436799999983","819","833"
"66","3.140264","361","3.14256","360","3.140504","769","3.142904","704","3.140152","727","3.138504","727","3.143424","704","3.140056","770","3.144544","727","3.139412","770","3.140632","750","3.140244","770","3.142504","727","3.141584","704","3.139968","750","3.141692","821","3.141056","822","3.141684","842","3.139328","822","3.138596","801","3.141556","820","3.141356","820","3.140116","820","3.146716","821","3.14116","821","3.142164","778","3.140368","820","3.142324","842","3.141056","800","3.139564","842","3.14176","842","3.142128","842","3.14126","842","3.141352","800","3.144012","842","3.141484","842","3.140528","842","3.137608","821","3.1429","821","3.143908","821","3.14054","821","3.143036","821","3.13924","821","3.140412","838","3.144292","837","3.142912","813","3.142464","835","3.141288","833","3.142328","833","3.145136","833","3.144144","833","3.144564","833","3.14384","833","3.13982","833","3.141728","833","3.140544","827","3.14212","828","3.140136","807","3.1427","824","3.141712","825","3.14016","823","3.14018","802","3.14166","825","3.139824","825","3.141804","824","3.142236","824","3.142828","824","3.141848","824","3.14216","824","3.13928","817","3.1434","817","3.140892","817","3.142548","817","3.141348","817","3.143996","817","3.144","818","3.142476","817","3.14092","817","3.141516","817","3.139052","817","3.140292","817","3.143124","817","3.143528","809","3.14136","809","3.146052","810","3.139004","809","3.139432","810","3.141328","810","3.141864","779","3.141964","759","3.138944","759","3.140008","759","3.14024","758","3.139132","746","3.138904","739","3.143828","739","3.140976","739","3.142532","735","3.139824","735","3.140432","735","3.1415078400000005","793","857"
"67","3.14114","598","3.140928","411","3.14364","512","3.14114","510","3.139308","512","3.139932","642","3.140128","643","3.14118","483","3.138844","509","3.143264","509","3.14402","485","3.143084","642","3.140048","642","3.142732","501","3.141572","471","3.1386","499","3.141136","863","3.142628","847","3.141112","847","3.140356","847","3.142964","847","3.143716","847","3.140056","847","3.144196","843","3.14212","843","3.140796","843","3.139684","843","3.143108","843","3.1426","843","3.141008","843","3.141052","844","3.142764","832","3.136896","733","3.14084","831","3.142748","831","3.140248","829","3.142208","829","3.141416","829","3.140088","829","3.14342","829","3.142252","829","3.14296","829","3.141744","825","3.141044","822","3.142988","822","3.141936","822","3.139112","821","3.145144","821","3.142004","822","3.143808","822","3.143736","821","3.143952","813","3.142092","813","3.143044","813","3.140864","813","3.137048","811","3.140272","810","3.140552","811","3.142456","810","3.138152","780","3.140788","780","3.140456","811","3.140048","810","3.14232","810","3.140984","781","3.140284","809","3.14336","810","3.141696","804","3.142016","802","3.14222","798","3.142104","798","3.142584","802","3.142928","802","3.142148","802","3.140452","795","3.143676","795","3.139984","794","3.142452","794","3.14294","795","3.14078","790","3.141808","790","3.140368","795","3.138592","795","3.143988","795","3.143664","794","3.139792","793","3.13936","794","3.142516","790","3.138352","791","3.141288","777","3.136956","773","3.141812","776","3.142212","776","3.140752","776","3.139124","776","3.144904","776","3.142048","776","3.140784","776","3.139832","776","3.141984","769","3.14146236","766","884"
"68","3.143632","141","3.144196","141","3.14092","139","3.140668","812","3.142444","855","3.140708","855","3.142112","787","3.140388","811","3.142912","855","3.140252","855","3.140332","766","3.140812","835","3.1465","791","3.142492","834","3.141328","834","3.142452","832","3.138724","788","3.139784","788","3.141948","831","3.140808","828","3.139184","828","3.142036","762","3.140032","785","3.141224","829","3.140564","828","3.139968","828","3.140904","828","3.141048","762","3.142624","828","3.141072","828","3.141692","828","3.138332","785","3.140488","820","3.140404","799","3.144392","796","3.14414","816","3.143208","814","3.14184","814","3.14116","813","3.14172","814","3.141716","832","3.140088","813","3.143024","814","3.14276","770","3.139956","831","3.142064","831","3.141748","813","3.138564","811","3.141884","828","3.145092","811","3.143204","810","3.141496","798","3.1407","816","3.141092","798","3.140788","814","3.139232","795","3.140496","814","3.139128","813","3.14212","794","3.142524","814","3.144132","814","3.143232","813","3.140008","809","3.14056","826","3.140784","826","3.142316","826","3.141428","809","3.141468","826","3.1424","808","3.143168","826","3.142372","826","3.14268","826","3.141604","809","3.140808","826","3.140016","826","3.143048","809","3.142404","807","3.143232","807","3.1442","807","3.141092","824","3.14016","807","3.142452","824","3.139152","824","3.140704","823","3.141692","823","3.14334","824","3.140736","824","3.143144","823","3.143004","820","3.141944","803","3.140308","820","3.1409","821","3.142036","820","3.138932","820","3.142664","820","3.140568","820","3.141","820","3.141152","820","3.14284","820","3.141468","819","3.141562680000001","795","897"
"69","3.141052","637","3.142684","588","3.139332","587","3.143636","587","3.1427","586","3.142296","874","3.140896","633","3.143944","633","3.13906","849","3.14226","687","3.144448","608","3.1424","633","3.141732","633","3.14368","633","3.143604","874","3.137552","656","3.143688","865","3.14196","865","3.142456","865","3.137676","698","3.141168","865","3.1425","865","3.139316","840","3.144288","840","3.1424","861","3.139736","861","3.140672","854","3.140848","852","3.140956","851","3.142444","851","3.142556","851","3.142624","743","3.141","851","3.14154","851","3.142712","765","3.14398","851","3.1415","827","3.14024","848","3.138896","848","3.14022","845","3.13886","844","3.142248","840","3.140548","840","3.141292","839","3.141432","835","3.143876","837","3.13982","836","3.141192","830","3.14286","830","3.141308","831","3.140864","830","3.140036","829","3.141572","796","3.142588","828","3.143784","828","3.139856","829","3.142868","828","3.14136","797","3.1418","826","3.143172","826","3.141776","825","3.139292","826","3.141","825","3.141564","825","3.13922","826","3.141996","826","3.137844","794","3.14182","826","3.141124","825","3.142088","825","3.140684","825","3.13944","825","3.143528","825","3.140652","794","3.141896","823","3.141432","817","3.141012","817","3.143492","786","3.1414","817","3.141432","812","3.14184","807","3.141804","799","3.143804","798","3.138876","799","3.139852","798","3.142712","799","3.143976","799","3.138164","798","3.141512","798","3.141884","798","3.141812","799","3.14118","799","3.142296","797","3.140716","799","3.1424","799","3.141704","788","3.143152","788","3.143168","787","3.142828","788","3.13924","788","3.141536","796","880"
"70","3.138856","623","3.143276","839","3.140204","759","3.142464","963","3.14196","963","3.143864","959","3.142648","941","3.14118","941","3.1429","959","3.141396","941","3.141856","941","3.14272","958","3.141476","940","3.138816","958","3.142576","958","3.143424","958","3.144488","958","3.139604","940","3.140136","958","3.144088","941","3.142692","958","3.145968","937","3.143632","954","3.141576","955","3.141892","937","3.14062","954","3.14276","954","3.143624","954","3.140792","955","3.14186","954","3.142268","936","3.145124","954","3.141964","936","3.140792","953","3.14006","936","3.142076","954","3.143968","954","3.144324","953","3.14384","954","3.140172","954","3.141248","953","3.142072","954","3.141276","954","3.143404","936","3.142848","953","3.14412","953","3.141988","954","3.142744","954","3.142008","953","3.13914","954","3.140084","953","3.142856","954","3.138396","954","3.141864","936","3.144052","954","3.143844","951","3.139316","950","3.143976","951","3.144508","950","3.142284","950","3.143292","950","3.138408","933","3.142868","933","3.139064","950","3.14548","950","3.140352","951","3.143188","950","3.13996","950","3.142356","951","3.142384","951","3.14078","950","3.143604","944","3.143648","945","3.13866","945","3.141132","944","3.141224","945","3.142024","927","3.141528","944","3.143664","926","3.142624","945","3.141428","944","3.141984","943","3.141436","926","3.144584","945","3.14324","944","3.140884","944","3.143396","944","3.142548","945","3.142092","944","3.14152","945","3.140784","944","3.141996","944","3.142128","937","3.141192","937","3.143532","937","3.1423","937","3.141264","937","3.14334","937","3.143268","937","3.140916","937","3.142100359999999","941","964"
"71","3.145368","366","3.140948","366","3.142932","697","3.14188","765","3.141364","787","3.141192","740","3.141148","761","3.141868","781","3.142536","781","3.1427","781","3.140048","781","3.1424","781","3.141968","777","3.141472","777","3.140456","776","3.142424","775","3.13982","749","3.14458","855","3.143048","854","3.143556","835","3.142652","835","3.140448","815","3.140708","835","3.143724","813","3.141016","835","3.141384","815","3.141576","835","3.14328","815","3.142244","854","3.139168","835","3.141376","836","3.139376","854","3.142028","835","3.144752","854","3.14054","835","3.141512","815","3.138456","815","3.141876","835","3.144236","835","3.139236","815","3.13912","854","3.141164","831","3.141804","848","3.144776","828","3.143472","828","3.140476","847","3.143396","828","3.140624","828","3.145236","828","3.140996","828","3.14254","826","3.14024","826","3.142912","847","3.140192","827","3.143276","847","3.140384","827","3.139288","828","3.144084","817","3.138716","798","3.140856","810","3.141836","810","3.142244","810","3.141412","810","3.14152","810","3.13856","788","3.142484","805","3.142616","785","3.141524","804","3.141516","802","3.143296","802","3.14202","802","3.141796","777","3.14114","797","3.141764","777","3.14194","777","3.145784","796","3.140892","797","3.142704","796","3.142544","796","3.141888","790","3.140204","790","3.142688","790","3.145312","790","3.139044","790","3.141308","790","3.13924","790","3.140612","790","3.141592","790","3.142388","790","3.143368","790","3.14078","790","3.144676","790","3.14372","790","3.138748","790","3.140904","790","3.144216","790","3.140972","790","3.141684","790","3.138248","790","3.144312","790","3.1417834399999993","797","873"
"72","3.141376","926","3.14098","945","3.14032","852","3.141328","852","3.14276","852","3.141116","981","3.141428","963","3.140896","981","3.142644","982","3.140644","981","3.140208","963","3.143316","963","3.143772","963","3.143512","963","3.143932","963","3.143492","981","3.144516","981","3.143608","963","3.14232","963","3.1428","981","3.142764","981","3.141008","981","3.138796","981","3.141332","981","3.13946","981","3.140148","981","3.141988","981","3.13824","981","3.141444","981","3.142392","981","3.143136","981","3.142712","963","3.141904","981","3.140572","962","3.140096","981","3.144108","981","3.143096","981","3.142112","981","3.142128","963","3.143052","981","3.142912","981","3.141728","981","3.13834","981","3.141756","963","3.13956","963","3.14196","962","3.142748","981","3.139888","963","3.140516","963","3.13958","981","3.142","942","3.143836","981","3.142884","963","3.142736","981","3.141496","981","3.143012","980","3.140388","980","3.140956","977","3.14248","978","3.14298","978","3.141444","960","3.141248","963","3.14574","964","3.138796","964","3.1418","964","3.14032","963","3.141452","963","3.144408","963","3.142368","963","3.139924","945","3.143672","963","3.137676","961","3.142148","961","3.141768","960","3.13944","943","3.140752","961","3.14202","961","3.140308","961","3.143392","961","3.142708","961","3.144028","960","3.14262","961","3.139976","960","3.141204","961","3.140824","950","3.143044","949","3.143532","949","3.141836","949","3.140964","946","3.139144","946","3.142904","946","3.141104","946","3.141468","946","3.138836","946","3.141324","946","3.143388","938","3.143308","938","3.141428","926","3.139452","919","3.140788","916","3.1416976799999996","961","985"
"73","3.140256","850","3.14164","851","3.141652","860","3.143296","858","3.14188","853","3.139704","857","3.141764","851","3.141484","857","3.143024","794","3.141988","850","3.142392","850","3.142116","850","3.14168","857","3.141488","851","3.143132","853","3.140476","849","3.14152","851","3.13916","860","3.142216","860","3.143096","854","3.142288","857","3.14026","850","3.140956","850","3.143872","849","3.142244","851","3.140504","851","3.141016","851","3.141876","857","3.138848","847","3.143004","858","3.141676","856","3.143552","873","3.140384","857","3.138316","873","3.141088","873","3.143604","873","3.142964","850","3.139188","857","3.138952","855","3.142484","873","3.138964","847","3.143","856","3.139612","854","3.14226","870","3.141132","853","3.1414","854","3.141376","844","3.140376","846","3.14164","854","3.143892","854","3.1422","870","3.140332","853","3.144572","854","3.141928","854","3.14252","852","3.142356","844","3.14432","852","3.142272","869","3.142692","851","3.13942","869","3.144856","843","3.141432","853","3.142224","870","3.14252","844","3.139452","869","3.142552","849","3.140644","851","3.139396","849","3.141684","849","3.142964","821","3.141776","844","3.14062","852","3.142788","849","3.14074","869","3.141748","869","3.14324","852","3.142296","869","3.139008","843","3.14438","869","3.144188","853","3.141224","869","3.142932","849","3.140216","869","3.142248","869","3.142408","851","3.142024","851","3.141888","869","3.143824","869","3.141732","852","3.140264","869","3.14268","853","3.139312","869","3.140064","853","3.14088","850","3.143684","845","3.141868","843","3.143544","869","3.142364","869","3.141448","869","3.141764","869","3.1417218000000005","855","878"
"74","3.139844","477","3.143756","774","3.140924","774","3.141584","641","3.139956","686","3.143028","686","3.140648","686","3.144024","685","3.138656","686","3.140688","686","3.14318","686","3.144812","638","3.14","682","3.14048","843","3.142164","865","3.143584","865","3.142876","881","3.14436","866","3.142772","844","3.142952","866","3.14324","880","3.142912","865","3.13892","866","3.14296","865","3.14186","866","3.13796","843","3.139728","796","3.142648","866","3.142632","866","3.145328","865","3.143504","865","3.141368","844","3.140412","865","3.139424","865","3.145432","866","3.14024","862","3.141404","790","3.14214","862","3.142188","862","3.140892","877","3.14366","861","3.139988","877","3.141868","862","3.142056","862","3.142576","862","3.14108","877","3.138032","877","3.1426","877","3.140816","861","3.141848","860","3.141072","859","3.141844","788","3.142304","857","3.142512","858","3.140832","857","3.1439","841","3.139848","855","3.146464","855","3.142552","855","3.140872","855","3.141164","855","3.142844","807","3.143536","807","3.142064","807","3.14006","807","3.140112","807","3.141392","807","3.140728","807","3.140248","807","3.139908","807","3.142544","807","3.144212","791","3.140568","807","3.142912","807","3.142548","807","3.14248","807","3.140952","807","3.141456","807","3.143956","807","3.143884","807","3.140724","807","3.14076","807","3.143536","807","3.141944","792","3.14118","792","3.141552","807","3.139012","807","3.142172","807","3.137264","792","3.143656","807","3.143824","807","3.142508","807","3.140972","807","3.142744","807","3.138408","807","3.139748","807","3.14032","807","3.143032","807","3.140216","807","3.142976","807","3.1417632","813","902"
"75","3.141364","689","3.13994","467","3.141748","663","3.14008","663","3.138104","662","3.140504","661","3.142872","685","3.144916","661","3.141776","587","3.144948","748","3.142616","686","3.141468","661","3.14052","865","3.14128","642","3.141588","686","3.142612","613","3.141904","863","3.142764","747","3.141496","862","3.14264","744","3.144912","659","3.141268","861","3.140368","862","3.140328","744","3.140664","744","3.142488","857","3.143308","865","3.145","859","3.142736","858","3.13936","856","3.139092","825","3.141656","881","3.1408","880","3.141016","881","3.142536","851","3.143392","860","3.141956","880","3.142752","850","3.14152","870","3.142956","870","3.138936","870","3.142948","870","3.143864","870","3.144964","870","3.140892","870","3.139172","870","3.141588","870","3.141328","870","3.141028","870","3.141708","871","3.143976","849","3.141416","870","3.143416","870","3.140016","870","3.142328","870","3.141416","870","3.14246","870","3.13986","844","3.143392","870","3.140432","870","3.140808","870","3.141204","847","3.14276","870","3.140568","870","3.140084","870","3.14104","869","3.145164","870","3.142012","850","3.144","869","3.139684","870","3.141056","870","3.140884","841","3.143696","870","3.14014","870","3.140116","857","3.140136","856","3.138476","851","3.140476","850","3.143888","851","3.140336","851","3.14304","850","3.139952","851","3.143372","851","3.14072","851","3.145276","851","3.138972","850","3.137956","850","3.139888","851","3.140948","851","3.140764","850","3.144228","830","3.140796","850","3.139964","850","3.138508","850","3.142772","850","3.1419","850","3.141308","850","3.143964","850","3.1434","850","3.141596","850","3.1416423999999994","822","897"
"76","3.138716","311","3.141956","527","3.14068","527","3.142944","815","3.140096","810","3.143868","838","3.141968","837","3.14006","837","3.138584","837","3.141512","837","3.14","837","3.144348","837","3.143792","837","3.142996","837","3.142164","836","3.142452","816","3.141956","837","3.142196","837","3.140724","836","3.14206","837","3.144","836","3.140736","813","3.140356","837","3.138712","814","3.139232","837","3.141732","813","3.140748","836","3.143636","837","3.144536","838","3.139716","836","3.141956","836","3.137324","837","3.141888","837","3.140992","836","3.143932","840","3.141796","838","3.139916","836","3.142764","837","3.141068","836","3.14206","837","3.141992","836","3.14156","836","3.143988","837","3.145","837","3.141468","837","3.142104","837","3.143232","836","3.142284","836","3.13936","837","3.144008","836","3.13992","807","3.140412","838","3.141288","837","3.143064","836","3.140468","836","3.142612","836","3.140872","836","3.139704","814","3.138552","837","3.146072","836","3.140256","836","3.138084","830","3.141352","830","3.142296","829","3.13884","830","3.142548","829","3.14358","831","3.140772","830","3.141784","829","3.139964","830","3.143152","813","3.145376","813","3.142228","813","3.141528","811","3.142128","810","3.139632","811","3.14172","810","3.144276","810","3.143524","813","3.140636","811","3.14012","810","3.14162","811","3.141152","811","3.141324","811","3.14282","813","3.142968","811","3.1398","810","3.140708","811","3.14454","789","3.142072","811","3.141796","811","3.141892","813","3.142072","813","3.141012","811","3.13906","810","3.142932","813","3.141132","813","3.142756","789","3.141692","768","3.13986","766","3.141631359999999","813","843"
"77","3.143008","391","3.143936","471","3.140684","704","3.137992","469","3.141692","469","3.143","571","3.1412","571","3.141252","858","3.141436","857","3.143528","836","3.140652","815","3.14194","835","3.137692","837","3.140488","857","3.143496","837","3.141172","857","3.141744","837","3.14038","836","3.143948","836","3.140288","835","3.141428","835","3.142564","836","3.144048","838","3.14192","836","3.140016","814","3.139252","835","3.140428","857","3.143116","836","3.141344","835","3.144472","834","3.14216","835","3.140812","854","3.143832","854","3.142372","833","3.142068","849","3.141688","849","3.142356","850","3.1419","850","3.142548","849","3.143216","849","3.142792","849","3.139788","849","3.141264","849","3.141608","849","3.14074","849","3.14112","850","3.139732","850","3.143696","827","3.141556","849","3.140872","850","3.14116","849","3.140528","850","3.141832","850","3.139896","849","3.14242","849","3.141752","829","3.14322","830","3.139944","850","3.140876","831","3.140344","831","3.143012","831","3.143488","831","3.142956","831","3.139468","831","3.139564","831","3.140852","831","3.14286","831","3.140756","831","3.139172","831","3.140332","831","3.145396","831","3.141276","831","3.140284","831","3.140136","830","3.141176","831","3.140948","831","3.14126","810","3.138912","831","3.145752","831","3.14286","812","3.139984","812","3.137128","831","3.14472","827","3.139316","827","3.1384","827","3.141288","827","3.139196","827","3.145452","827","3.143044","826","3.142072","826","3.139268","827","3.142928","827","3.14342","827","3.141636","827","3.141184","820","3.14156","820","3.14316","820","3.140676","820","3.143036","820","3.141056","820","3.14155192","813","864"
"78","3.13936","406","3.14106","841","3.141744","798","3.139736","797","3.14376","675","3.142224","746","3.139752","841","3.141708","841","3.14396","883","3.14346","841","3.141076","884","3.139684","841","3.1418","841","3.14048","883","3.142408","883","3.138532","797","3.14008","841","3.141296","841","3.141488","884","3.14096","884","3.142776","883","3.142816","883","3.140212","841","3.141836","883","3.145608","883","3.143348","841","3.140968","880","3.140888","873","3.142732","873","3.140612","889","3.140652","870","3.142972","886","3.14008","869","3.139636","848","3.140488","867","3.1424","849","3.139408","848","3.141412","848","3.139936","881","3.140664","882","3.1428","845","3.142016","881","3.141156","861","3.141912","878","3.143704","878","3.139896","878","3.143696","861","3.144328","878","3.140564","878","3.14398","878","3.141876","878","3.138248","878","3.1406","878","3.14394","878","3.140472","864","3.14138","864","3.142104","864","3.143944","864","3.14214","864","3.13968","863","3.139956","863","3.141888","864","3.140708","846","3.14184","864","3.139916","864","3.143176","863","3.140324","852","3.140988","852","3.141872","851","3.13822","850","3.139804","849","3.140412","850","3.141304","850","3.140456","849","3.142724","847","3.141632","846","3.143096","846","3.142948","846","3.144464","846","3.140412","828","3.141016","846","3.143816","846","3.143264","846","3.14496","846","3.14034","846","3.141984","840","3.141548","839","3.146924","840","3.14064","840","3.140448","840","3.14254","840","3.141904","835","3.139836","835","3.141488","835","3.139216","834","3.144016","835","3.14196","824","3.140356","823","3.1388","824","3.14164","824","3.1415528399999992","848","922"
"79","3.142168","441","3.142672","149","3.140504","504","3.143548","438","3.142548","414","3.142484","438","3.13992","959","3.139444","874","3.14364","874","3.14116","928","3.140844","664","3.143008","906","3.142824","720","3.140588","719","3.140372","783","3.141512","725","3.140808","1024","3.142896","1043","3.1418","952","3.147896","953","3.141484","980","3.142068","902","3.138708","952","3.140792","952","3.143172","922","3.142168","952","3.140996","980","3.142268","980","3.140396","1024","3.14238","922","3.139684","1023","3.142328","951","3.142944","1043","3.14242","922","3.141692","952","3.144732","1043","3.140544","952","3.14002","1023","3.145544","1024","3.144956","1023","3.13944","952","3.141064","1043","3.139472","958","3.139308","949","3.141556","949","3.142784","978","3.141808","978","3.142668","1022","3.138912","1040","3.142688","929","3.140044","1022","3.143808","953","3.140848","955","3.137788","977","3.140568","977","3.142728","1040","3.142968","978","3.141048","1007","3.143808","1024","3.141428","1024","3.142132","1004","3.140484","1004","3.139064","1002","3.141036","1002","3.14214","1002","3.145224","1002","3.143864","1002","3.141652","1002","3.141832","982","3.141716","999","3.141144","999","3.144336","942","3.141068","999","3.142936","998","3.141848","999","3.139972","998","3.138456","998","3.1423","998","3.13928","967","3.141536","984","3.144016","982","3.14306","973","3.142368","972","3.141564","973","3.139152","972","3.141728","962","3.14108","962","3.141596","962","3.143452","962","3.140804","962","3.14204","869","3.141256","843","3.141188","843","3.143648","843","3.14112","843","3.145736","843","3.142356","843","3.144648","843","3.140028","843","3.140588","843","3.1417811600000003","918","1054"
"80","3.144212","386","3.140216","681","3.142768","870","3.142168","681","3.141452","724","3.139284","724","3.1405","870","3.1411","724","3.14386","870","3.143688","629","3.142268","870","3.1439","724","3.140852","870","3.141844","743","3.142936","870","3.142012","870","3.142996","679","3.141256","700","3.138792","870","3.144632","652","3.140968","679","3.143872","870","3.138168","723","3.14034","869","3.141932","699","3.13734","866","3.140164","761","3.14134","865","3.140952","758","3.143284","738","3.140668","857","3.140364","820","3.140936","821","3.139168","820","3.13994","790","3.14178","823","3.14076","820","3.140008","821","3.14034","821","3.140924","820","3.141932","821","3.14132","821","3.14032","790","3.142216","820","3.141832","821","3.144148","821","3.144772","820","3.139796","822","3.142228","820","3.139488","821","3.141552","790","3.141632","795","3.142784","822","3.143288","819","3.141832","821","3.140936","821","3.14074","820","3.1427","822","3.144124","820","3.14204","790","3.140884","821","3.139532","820","3.144076","790","3.141828","821","3.1422","821","3.141968","820","3.141412","822","3.143828","820","3.143484","790","3.142524","820","3.141104","820","3.140748","793","3.139136","792","3.139896","792","3.138228","792","3.138656","792","3.144848","790","3.142784","791","3.142124","790","3.138952","792","3.140144","791","3.142228","792","3.14194","779","3.140208","780","3.141212","779","3.13958","780","3.143768","780","3.143168","780","3.141928","779","3.141076","779","3.142632","780","3.142152","780","3.142132","780","3.14202","773","3.144592","773","3.142996","773","3.145212","774","3.14364","773","3.141992","774","3.140916","772","3.14165412","790","875"
"81","3.142292","236","3.142092","525","3.138712","523","3.142816","522","3.141744","522","3.141548","522","3.142084","649","3.139812","497","3.140268","649","3.141588","522","3.13888","522","3.141152","864","3.142788","870","3.14266","869","3.141256","868","3.14118","867","3.142256","865","3.140332","869","3.14048","866","3.144488","870","3.140504","865","3.141104","866","3.143488","866","3.141804","868","3.141844","835","3.140796","868","3.13872","867","3.14184","869","3.141452","870","3.139872","865","3.14048","869","3.141964","869","3.139752","869","3.142864","868","3.1413","867","3.141444","869","3.141896","869","3.140752","870","3.140212","869","3.140204","869","3.141972","868","3.140888","869","3.142904","865","3.141856","865","3.143244","864","3.140956","838","3.14108","869","3.14166","867","3.142144","868","3.141416","840","3.139008","869","3.140704","864","3.137568","869","3.14056","828","3.138996","868","3.1422","868","3.138184","868","3.143684","865","3.141532","868","3.14126","867","3.138432","867","3.141408","869","3.139244","865","3.141404","869","3.142168","864","3.140996","868","3.14238","834","3.140604","868","3.1402","869","3.142116","866","3.140992","865","3.141332","837","3.143804","864","3.141596","869","3.142648","867","3.139996","864","3.144896","866","3.141952","866","3.141164","846","3.140956","844","3.143476","845","3.143996","844","3.144452","846","3.143428","844","3.142676","844","3.142864","842","3.140268","842","3.140032","846","3.140812","845","3.142216","842","3.1416","846","3.14104","846","3.141428","844","3.13954","843","3.1395","840","3.14168","824","3.139272","824","3.141352","824","3.141196","824","3.141536","824","3.141331879999998","820","879"
"82","3.1418","427","3.14518","870","3.142052","567","3.144852","721","3.139556","567","3.14046","635","3.141444","866","3.1445","721","3.14392","698","3.141984","863","3.14298","865","3.143536","863","3.13858","717","3.142604","867","3.138892","718","3.143528","697","3.140144","865","3.143936","865","3.140144","863","3.138688","865","3.141244","867","3.141212","718","3.139396","863","3.143408","867","3.1437","846","3.1423","852","3.142252","766","3.14254","851","3.142468","843","3.140952","845","3.140892","845","3.140884","837","3.141752","843","3.143868","844","3.1428","839","3.143696","840","3.143544","840","3.143456","845","3.141752","845","3.140916","837","3.138816","846","3.1446","844","3.139756","843","3.142456","844","3.142336","837","3.13842","844","3.1406","839","3.142604","846","3.139028","843","3.14108","844","3.141876","838","3.145928","845","3.141384","844","3.14056","843","3.139096","840","3.139628","839","3.14294","844","3.139888","839","3.141976","840","3.142532","843","3.141664","839","3.142872","839","3.142556","808","3.142716","814","3.141944","807","3.141388","808","3.138376","815","3.139132","807","3.139164","806","3.141704","796","3.141124","803","3.145476","804","3.140956","803","3.140588","802","3.142596","796","3.140156","791","3.142884","791","3.142776","791","3.140968","791","3.142696","790","3.146364","791","3.144156","791","3.141484","791","3.139824","792","3.141156","788","3.142664","789","3.140016","789","3.141236","789","3.143396","789","3.139424","788","3.14598","787","3.142048","788","3.140924","780","3.143164","787","3.140692","788","3.14126","780","3.140508","789","3.141208","789","3.14044","787","3.144544","782","3.1417954","805","876"
"83","3.139864","631","3.141736","767","3.141124","674","3.143736","744","3.141136","766","3.14166","719","3.142748","767","3.140068","766","3.142272","764","3.141192","764","3.139628","764","3.140604","764","3.137716","764","3.140824","735","3.141876","758","3.141508","758","3.141544","758","3.140736","752","3.140296","682","3.138716","811","3.140408","751","3.13926","751","3.14386","728","3.141216","751","3.14042","867","3.142188","770","3.139088","770","3.141952","748","3.13958","770","3.142376","770","3.1424","807","3.141656","770","3.143088","748","3.13932","867","3.1415","857","3.142088","855","3.139392","855","3.14068","832","3.142368","855","3.141604","855","3.141056","836","3.14146","835","3.143336","833","3.141668","833","3.137552","834","3.142244","833","3.145072","833","3.143248","833","3.144324","833","3.13972","832","3.13792","833","3.13956","832","3.141088","832","3.145232","832","3.141584","832","3.138968","823","3.144916","823","3.13732","827","3.13976","828","3.1405","827","3.141072","827","3.140336","825","3.141096","827","3.142688","823","3.142232","824","3.142652","824","3.140288","823","3.14024","824","3.141748","827","3.142488","823","3.140944","827","3.14194","827","3.139188","827","3.141756","827","3.143696","827","3.141908","825","3.140952","827","3.141332","824","3.141524","827","3.142792","824","3.14126","824","3.141024","826","3.14152","827","3.140504","823","3.138416","825","3.142864","823","3.1377","823","3.139572","827","3.141324","818","3.142416","818","3.145976","817","3.14004","817","3.144548","816","3.142076","806","3.140288","802","3.141332","786","3.144156","787","3.138092","786","3.1385","781","3.13896","784","3.14121396","802","892"
"84","3.138088","80","3.144424","421","3.143276","454","3.139104","455","3.142392","420","3.1414","846","3.141528","792","3.142692","890","3.144868","846","3.143812","845","3.141912","846","3.141816","846","3.1436","846","3.138064","846","3.140596","941","3.142956","792","3.140392","793","3.14178","845","3.142408","846","3.141416","845","3.140576","845","3.139416","845","3.14308","871","3.144024","845","3.144592","845","3.13924","793","3.141864","841","3.14202","910","3.1432","859","3.142664","910","3.141816","910","3.142148","909","3.142356","909","3.140652","860","3.141452","909","3.138544","907","3.142004","856","3.141412","907","3.143404","889","3.14148","902","3.140772","884","3.144192","869","3.14048","902","3.1404","902","3.14232","894","3.140332","861","3.141392","894","3.142328","876","3.139112","876","3.14066","894","3.137648","894","3.142132","894","3.141716","894","3.139776","876","3.141856","894","3.141696","894","3.142556","894","3.143916","894","3.1429","894","3.1409","894","3.142748","860","3.142072","893","3.143308","894","3.14262","894","3.14242","875","3.141424","894","3.142188","862","3.138252","844","3.141528","862","3.143104","862","3.139904","862","3.140128","863","3.139844","861","3.142628","862","3.142256","862","3.140432","861","3.143352","862","3.141076","863","3.142552","862","3.1415","862","3.139368","862","3.143996","861","3.142208","862","3.139688","862","3.144332","862","3.142116","862","3.143148","843","3.143796","861","3.14134","862","3.140652","862","3.142684","847","3.14308","847","3.14236","838","3.138776","838","3.14018","839","3.145072","837","3.141916","838","3.143488","837","3.142196","838","3.13968","838","3.14172964","841","947"
"85","3.14168","106","3.142248","815","3.139376","816","3.142352","815","3.14104","836","3.140656","816","3.140768","707","3.14256","814","3.142896","815","3.140972","836","3.140324","837","3.140924","836","3.140068","836","3.141028","836","3.141456","834","3.141412","832","3.141076","874","3.140248","874","3.140272","828","3.139532","847","3.142516","849","3.141612","848","3.140692","848","3.148648","848","3.142124","828","3.142532","849","3.144264","848","3.141344","806","3.142364","874","3.144108","848","3.143144","828","3.142328","848","3.140584","827","3.14358","848","3.14362","871","3.1397","869","3.143844","869","3.14024","845","3.141952","845","3.14192","844","3.14242","824","3.140768","868","3.142656","864","3.141712","824","3.140288","845","3.14312","846","3.143272","845","3.139008","863","3.142356","870","3.142928","863","3.138932","845","3.141","870","3.142592","845","3.142004","863","3.141784","824","3.140784","845","3.13874","890","3.143256","870","3.140432","845","3.14238","844","3.14406","870","3.140856","824","3.14288","845","3.142412","844","3.140372","832","3.141192","828","3.140664","852","3.143452","850","3.141044","829","3.141724","826","3.14218","847","3.14156","846","3.14116","827","3.141872","825","3.139112","827","3.1407","846","3.138736","836","3.143032","836","3.13964","794","3.139772","794","3.138176","768","3.13608","790","3.142376","790","3.141836","790","3.141416","790","3.14164","790","3.141464","790","3.142864","790","3.14124","790","3.139828","790","3.141756","790","3.141776","790","3.140596","790","3.14072","789","3.140612","789","3.139552","789","3.140892","789","3.142312","789","3.142292","789","3.139544","768","3.14145828","822","904"
"86","3.141456","509","3.1402","509","3.140544","483","3.144772","509","3.143732","508","3.139524","505","3.143228","505","3.142404","505","3.141324","502","3.13846","871","3.138192","694","3.140772","654","3.1421","871","3.141256","694","3.142176","694","3.140968","871","3.140724","693","3.139892","739","3.14256","738","3.142568","694","3.141768","862","3.143992","750","3.140456","862","3.142492","750","3.139272","771","3.142004","862","3.140876","777","3.143256","750","3.140844","862","3.142252","774","3.142684","861","3.141932","786","3.142476","788","3.1404","835","3.144292","837","3.14154","807","3.142236","837","3.140056","811","3.141408","836","3.141688","810","3.140744","836","3.14586","807","3.14006","836","3.13868","836","3.145636","836","3.143072","836","3.14218","835","3.139884","836","3.143512","804","3.143908","835","3.143808","807","3.13856","827","3.140764","805","3.141608","819","3.143004","828","3.14404","828","3.144332","822","3.140028","823","3.140684","814","3.142292","823","3.139292","822","3.14024","821","3.142928","812","3.139636","807","3.139696","809","3.141928","802","3.143268","800","3.143376","809","3.141856","799","3.14052","797","3.139028","798","3.142308","807","3.14408","807","3.142108","806","3.142788","806","3.142684","791","3.144328","793","3.142304","792","3.14078","793","3.140312","794","3.137604","794","3.140112","794","3.142212","791","3.140348","794","3.143348","794","3.140944","794","3.140356","793","3.140928","792","3.141932","794","3.143788","794","3.145692","794","3.14332","794","3.140256","794","3.142908","794","3.141972","790","3.143016","794","3.141172","786","3.1399","794","3.144456","793","3.143836","793","3.1417699199999993","773","886"
"87","3.141844","302","3.137868","897","3.142844","878","3.139984","877","3.145308","871","3.145388","878","3.14412","871","3.14188","894","3.14104","866","3.143884","878","3.141828","830","3.140204","877","3.144204","873","3.146116","796","3.14096","894","3.143136","873","3.140856","873","3.139548","845","3.142616","878","3.143384","894","3.143196","877","3.141296","873","3.140928","894","3.142064","805","3.14318","872","3.14364","894","3.140572","865","3.14348","867","3.141152","877","3.14212","871","3.143072","894","3.137852","878","3.139192","868","3.1449","877","3.140512","870","3.141392","872","3.14132","877","3.143872","873","3.142528","877","3.140744","872","3.141376","894","3.144032","893","3.141044","872","3.143512","877","3.139224","873","3.14398","873","3.146164","873","3.142968","877","3.139128","894","3.1411","878","3.143852","861","3.13934","877","3.141632","877","3.140552","878","3.138692","877","3.1436","854","3.141252","877","3.140412","861","3.140012","877","3.141196","877","3.143584","877","3.1423","877","3.140908","877","3.142196","877","3.142168","877","3.1415","877","3.1412","877","3.14134","877","3.141356","861","3.140936","877","3.14104","877","3.143144","877","3.140592","856","3.145608","877","3.144952","877","3.141148","877","3.141216","875","3.14056","835","3.140512","852","3.1383","832","3.143208","832","3.142736","831","3.139604","831","3.141616","831","3.143772","831","3.140016","831","3.140784","828","3.141828","824","3.1426","824","3.139276","824","3.140596","802","3.140132","824","3.14488","824","3.14086","824","3.1426","824","3.140144","823","3.145236","823","3.141364","824","3.142","823","3.140044","824","3.1418494800000007","857","898"
"88","3.141412","523","3.143492","851","3.141764","885","3.141884","850","3.141444","850","3.14198","831","3.140572","885","3.141164","885","3.140556","885","3.14244","885","3.141404","850","3.14322","881","3.141396","881","3.142428","881","3.143512","846","3.142776","846","3.141932","846","3.140932","834","3.139316","869","3.142316","869","3.140128","869","3.141248","834","3.144324","869","3.144984","869","3.142504","852","3.139712","869","3.143664","869","3.141204","868","3.141208","831","3.139608","865","3.139","821","3.140608","821","3.141932","821","3.146432","820","3.141572","855","3.141544","820","3.140608","837","3.140416","854","3.143528","820","3.141432","855","3.144268","851","3.144056","851","3.140964","826","3.143152","843","3.140932","843","3.138356","825","3.140492","825","3.140272","842","3.142388","844","3.13968","842","3.13688","842","3.142552","818","3.14466","835","3.141292","836","3.141716","835","3.14572","835","3.143472","836","3.13992","836","3.14344","836","3.142132","834","3.14142","836","3.14274","834","3.143156","836","3.141116","834","3.142936","835","3.142328","827","3.142092","823","3.137928","826","3.14102","840","3.14096","840","3.140268","825","3.146344","825","3.141352","825","3.140728","840","3.143172","840","3.1425","824","3.139568","825","3.145192","825","3.142252","825","3.14128","840","3.143288","825","3.1437","840","3.140376","825","3.140356","825","3.141572","825","3.141244","840","3.142908","840","3.139948","840","3.141436","825","3.141428","825","3.141124","825","3.14126","825","3.141972","825","3.142748","840","3.1417","825","3.143456","840","3.143212","825","3.14094","840","3.137232","825","3.143688","840","3.1417987999999997","838","903"
"89","3.143232","715","3.141576","715","3.144368","764","3.142716","763","3.138384","765","3.1411","714","3.141592","760","3.141356","761","3.14156","761","3.141772","784","3.143328","760","3.143488","807","3.142028","760","3.142048","760","3.142064","761","3.143524","807","3.140168","760","3.13938","784","3.140432","760","3.142384","797","3.14106","817","3.142816","913","3.14156","913","3.142104","796","3.140984","818","3.138232","817","3.142616","913","3.140112","910","3.141096","910","3.142116","859","3.14272","909","3.142268","909","3.142992","880","3.140604","910","3.13996","909","3.142196","909","3.140916","860","3.140428","910","3.1402","910","3.140088","909","3.138864","910","3.142796","909","3.143396","910","3.143672","909","3.139116","880","3.141388","909","3.141232","860","3.141068","910","3.139376","909","3.140212","906","3.141924","906","3.141968","905","3.140856","906","3.14334","875","3.147292","906","3.1387","881","3.140124","906","3.142624","905","3.14344","906","3.143652","905","3.144564","906","3.143108","906","3.142664","906","3.141284","906","3.14166","905","3.141388","906","3.143044","897","3.14026","898","3.138956","849","3.14406","850","3.142224","831","3.142952","849","3.142348","828","3.142028","849","3.142008","849","3.144892","848","3.14128","827","3.142316","849","3.140248","848","3.144204","849","3.141112","849","3.140516","849","3.137224","849","3.140524","849","3.13864","849","3.141548","848","3.1405","849","3.142916","849","3.140268","849","3.14204","849","3.144396","849","3.14184","849","3.142352","849","3.14208","848","3.141392","828","3.139932","849","3.14178","849","3.142392","848","3.1412","848","3.142208","849","3.141669560000001","852","930"
"90","3.142756","344","3.142088","663","3.139976","711","3.143316","711","3.143536","711","3.141736","706","3.143968","680","3.139716","678","3.141204","703","3.140188","770","3.144268","769","3.141404","830","3.139868","830","3.143332","726","3.139372","830","3.142028","769","3.142408","790","3.142428","830","3.142236","830","3.140864","790","3.141144","746","3.143348","746","3.1416","746","3.140548","830","3.137656","747","3.139576","769","3.143112","769","3.141192","746","3.1426","746","3.1412","830","3.142388","869","3.141348","811","3.143012","811","3.14146","727","3.14054","851","3.140872","867","3.142488","852","3.141576","851","3.142888","851","3.141168","851","3.143956","851","3.141256","851","3.140448","832","3.14266","867","3.140824","825","3.141992","825","3.140072","825","3.14204","838","3.142788","839","3.14088","854","3.141668","854","3.140792","823","3.140668","839","3.142324","854","3.14066","838","3.14462","853","3.141996","823","3.141252","838","3.1428","854","3.1421","838","3.139948","823","3.1414","823","3.141236","839","3.141168","853","3.143068","838","3.141708","838","3.142492","823","3.140348","838","3.141944","838","3.141884","839","3.140936","823","3.13976","838","3.14128","838","3.14056","823","3.140004","838","3.143476","838","3.141896","853","3.140492","853","3.14306","823","3.140164","838","3.140816","823","3.140908","853","3.142884","838","3.142984","838","3.139728","823","3.141732","853","3.139128","838","3.141536","838","3.137244","853","3.137772","853","3.141656","823","3.14086","853","3.139076","838","3.141896","853","3.141728","838","3.143492","838","3.139772","838","3.14038","853","3.143808","838","3.139788","838","3.141462159999999","810","913"
"91","3.139508","474","3.141384","871","3.141284","871","3.14106","872","3.141052","626","3.140184","871","3.14336","871","3.141172","871","3.141532","554","3.141784","871","3.141468","871","3.141896","872","3.140524","626","3.143204","818","3.138984","840","3.138364","862","3.14186","839","3.142016","839","3.140712","862","3.140152","862","3.138264","862","3.139268","862","3.139688","862","3.140812","862","3.142912","818","3.139604","862","3.14284","862","3.1426","861","3.143272","861","3.1427","862","3.141868","861","3.139772","861","3.143","862","3.14008","862","3.139628","861","3.141784","861","3.143728","862","3.140504","861","3.140716","861","3.142464","861","3.145148","862","3.138028","860","3.14388","861","3.140052","861","3.141412","861","3.140456","861","3.14018","860","3.140288","861","3.14618","837","3.146","861","3.140732","860","3.140452","860","3.140516","860","3.139168","860","3.142156","861","3.1425","860","3.140956","861","3.140596","861","3.14088","860","3.140092","861","3.139044","857","3.142072","858","3.142636","858","3.144176","858","3.141416","836","3.141816","837","3.143648","837","3.14088","837","3.140704","835","3.141772","830","3.140588","829","3.142384","830","3.141224","830","3.139664","831","3.141676","831","3.139888","829","3.139376","851","3.141352","829","3.140508","833","3.142512","831","3.142492","829","3.141048","830","3.141148","832","3.141128","831","3.1427","830","3.141936","832","3.140312","806","3.142016","794","3.140316","811","3.143632","811","3.14256","810","3.141252","807","3.14346","807","3.14012","807","3.138244","806","3.143412","788","3.141816","788","3.143864","806","3.142716","802","3.137392","784","3.1413557600000006","833","895"
"92","3.141188","673","3.141772","673","3.139796","863","3.142364","862","3.140748","862","3.14232","862","3.140784","902","3.141252","862","3.142532","862","3.144432","862","3.139268","862","3.139692","862","3.139152","862","3.141648","862","3.144944","841","3.141944","878","3.140492","850","3.140868","850","3.144404","850","3.141864","849","3.14106","844","3.143372","844","3.143116","843","3.142912","843","3.142764","908","3.141436","838","3.14008","839","3.13676","907","3.143452","907","3.139932","877","3.140776","907","3.14358","878","3.140856","877","3.140512","907","3.141268","908","3.142212","877","3.140456","877","3.141368","907","3.141528","876","3.1428","929","3.141856","929","3.14062","929","3.1415","929","3.141052","929","3.141488","929","3.142332","912","3.141592","929","3.141576","929","3.140652","929","3.14068","926","3.141608","926","3.141156","926","3.141912","925","3.143468","926","3.140708","926","3.140884","926","3.145152","925","3.140888","926","3.14048","926","3.140804","926","3.142656","925","3.14222","924","3.140912","924","3.144428","924","3.141136","924","3.137252","924","3.1431","923","3.140924","923","3.143292","923","3.14322","923","3.143076","923","3.139944","923","3.13796","923","3.140756","923","3.140456","921","3.142124","921","3.143512","921","3.140836","920","3.140284","921","3.143688","921","3.141816","886","3.142236","886","3.143928","886","3.145828","885","3.139904","886","3.141508","886","3.142576","885","3.139568","886","3.140812","885","3.142648","885","3.143364","885","3.13906","877","3.142524","877","3.139188","878","3.14204","877","3.14026","877","3.1423","877","3.141208","877","3.142212","877","3.139516","877","3.14156384","890","971"
"93","3.140064","356","3.14304","356","3.140372","356","3.141932","697","3.140208","820","3.142384","624","3.14036","818","3.140704","743","3.139264","697","3.141024","625","3.144328","785","3.141276","726","3.142972","725","3.141472","800","3.140404","800","3.14528","724","3.14234","800","3.1436","834","3.140712","798","3.140872","835","3.141084","816","3.142912","816","3.1416","836","3.141264","835","3.143364","816","3.142008","836","3.14396","836","3.14074","816","3.14284","835","3.144332","836","3.14198","835","3.137684","835","3.143488","835","3.141352","835","3.143348","816","3.140044","816","3.141244","815","3.141908","815","3.141012","797","3.141696","816","3.141132","797","3.143264","835","3.143596","826","3.140784","826","3.139292","807","3.1438","826","3.139052","826","3.139784","807","3.14274","826","3.14266","826","3.140012","826","3.140244","826","3.139184","825","3.138704","826","3.141672","826","3.140152","825","3.141856","826","3.142688","822","3.141552","822","3.139688","821","3.142232","822","3.146412","822","3.142956","822","3.1446","822","3.142228","822","3.139032","822","3.141328","803","3.141324","822","3.142864","822","3.140332","822","3.14142","822","3.143176","822","3.140724","776","3.138636","776","3.144132","777","3.138308","776","3.139332","775","3.144416","776","3.138872","764","3.141504","764","3.142168","764","3.141108","765","3.141228","764","3.141028","764","3.142052","763","3.14092","763","3.139608","764","3.140732","763","3.141272","763","3.140252","764","3.142976","763","3.140416","763","3.141416","763","3.1427","763","3.139884","762","3.143028","763","3.140628","763","3.142004","763","3.141508","763","3.139144","763","3.1415022399999994","781","862"
"94","3.146616","495","3.141044","815","3.142644","792","3.140984","791","3.142836","812","3.14066","791","3.141644","812","3.141204","812","3.141932","812","3.140324","808","3.14486","841","3.139928","842","3.140332","841","3.14138","841","3.141556","841","3.142152","841","3.139752","841","3.141172","841","3.140844","841","3.141852","841","3.143848","841","3.142268","841","3.142816","858","3.14292","838","3.140748","835","3.139676","849","3.141028","832","3.137488","849","3.139116","832","3.140388","832","3.139872","832","3.138452","832","3.14038","832","3.142512","832","3.138676","832","3.141768","832","3.139576","830","3.143108","821","3.140972","821","3.14362","820","3.140068","833","3.140316","832","3.1403","815","3.140012","815","3.139776","813","3.140988","829","3.141276","829","3.141868","812","3.14166","812","3.141744","829","3.138052","829","3.144148","812","3.14424","829","3.140032","809","3.140808","826","3.140948","825","3.142196","825","3.142184","825","3.142268","825","3.141812","825","3.141724","824","3.14","824","3.142216","821","3.138744","810","3.141468","806","3.140388","806","3.140752","806","3.140756","806","3.143688","806","3.142408","806","3.14024","806","3.140252","806","3.141368","805","3.142424","806","3.141896","806","3.14242","806","3.138068","806","3.142608","806","3.141284","806","3.14028","806","3.14308","806","3.144116","806","3.145048","806","3.142188","805","3.143068","806","3.140596","805","3.1374","806","3.142516","806","3.141592","806","3.142636","805","3.142924","805","3.13902","806","3.14078","806","3.141244","805","3.142072","806","3.14068","805","3.143112","805","3.139912","805","3.143028","806","3.142612","806","3.141382519999999","815","872"
"95","3.138632","522","3.140068","445","3.142824","470","3.141092","519","3.14484","519","3.13858","490","3.145292","864","3.140884","543","3.13952","637","3.141292","519","3.143492","865","3.141852","636","3.143916","679","3.143544","720","3.140124","859","3.14392","858","3.14334","859","3.140984","859","3.144176","859","3.141008","859","3.14056","860","3.14308","859","3.140756","859","3.139492","859","3.139464","859","3.13912","859","3.143032","857","3.14244","858","3.14254","830","3.14336","832","3.139688","830","3.139504","828","3.139716","826","3.141156","828","3.143052","826","3.14256","828","3.142068","828","3.1437","826","3.142616","828","3.142704","829","3.14026","828","3.140576","828","3.142872","826","3.142232","820","3.143104","819","3.141808","819","3.142516","813","3.141636","816","3.141728","812","3.141904","816","3.138708","812","3.1405","815","3.143328","815","3.141124","807","3.137648","806","3.142044","806","3.140196","804","3.13964","810","3.143044","810","3.142156","810","3.141368","810","3.141788","814","3.141468","810","3.139936","806","3.13858","811","3.143652","811","3.14132","810","3.140628","806","3.1414","811","3.140512","812","3.138872","811","3.141664","812","3.140072","806","3.14404","807","3.141292","805","3.14064","801","3.1395","800","3.14418","807","3.143572","800","3.142696","800","3.144476","791","3.140772","801","3.141036","800","3.14294","802","3.13804","801","3.140928","802","3.1408","802","3.140892","791","3.144404","800","3.140832","802","3.140672","793","3.140204","793","3.143948","794","3.14208","793","3.140452","787","3.143424","788","3.141312","783","3.14128","781","3.140316","780","3.139216","777","3.14152216","786","880"
"96","3.141772","649","3.145184","546","3.13894","546","3.141084","546","3.143012","906","3.141904","865","3.143508","887","3.143864","940","3.1407","940","3.142072","941","3.144256","921","3.140848","941","3.142968","941","3.140104","941","3.143752","921","3.139384","941","3.144112","941","3.139852","939","3.142124","940","3.141308","941","3.143492","922","3.141848","957","3.139864","939","3.141308","922","3.142048","941","3.13992","902","3.142952","941","3.14076","940","3.141736","921","3.137876","922","3.139832","956","3.141628","939","3.142652","921","3.142252","940","3.136636","940","3.141932","941","3.137856","941","3.144552","901","3.140876","939","3.141808","940","3.13768","941","3.141812","941","3.142192","957","3.143028","901","3.139968","939","3.142368","940","3.14266","953","3.141572","953","3.142156","937","3.143144","938","3.142","936","3.140044","937","3.142016","937","3.144552","936","3.1428","935","3.140244","951","3.140976","934","3.141488","935","3.144092","934","3.142056","935","3.143284","915","3.142088","935","3.142344","934","3.138924","935","3.142936","947","3.14314","928","3.139484","936","3.14088","919","3.141504","920","3.145864","936","3.142232","920","3.142656","920","3.142524","916","3.142004","917","3.142688","932","3.142012","917","3.14026","933","3.142296","916","3.140748","933","3.145272","916","3.140884","917","3.140868","932","3.141296","916","3.140656","933","3.14004","916","3.14082","916","3.139836","932","3.14122","916","3.144332","933","3.141456","912","3.143588","928","3.14126","928","3.140808","912","3.141736","928","3.141432","928","3.141516","914","3.140932","905","3.141332","905","3.143564","883","3.141812","899","3.1417195200000005","914","966"
"97","3.1408","264","3.142472","868","3.140712","871","3.141536","869","3.138312","870","3.138988","869","3.138828","870","3.142836","869","3.140152","869","3.140304","869","3.14368","871","3.14072","869","3.14268","870","3.142772","868","3.144032","890","3.138292","871","3.13964","868","3.14044","869","3.14338","870","3.14332","869","3.14204","890","3.140324","871","3.143776","871","3.141596","835","3.141268","869","3.139428","869","3.143048","870","3.140228","870","3.144072","869","3.136968","871","3.143044","868","3.140332","871","3.140964","863","3.139916","863","3.140764","884","3.145084","865","3.143116","884","3.141856","863","3.140224","863","3.142172","884","3.139908","864","3.142728","865","3.14218","862","3.141896","884","3.141516","884","3.144948","863","3.141572","865","3.140288","864","3.142668","884","3.143316","884","3.13962","863","3.14326","884","3.142596","884","3.143028","865","3.141772","862","3.144516","866","3.144744","866","3.140252","863","3.142976","860","3.142032","859","3.142552","860","3.140956","860","3.13962","839","3.141032","839","3.141492","838","3.140332","839","3.140312","859","3.144616","859","3.139344","859","3.143368","860","3.140352","838","3.138336","859","3.138016","859","3.141056","859","3.143172","841","3.139624","859","3.140568","860","3.139356","841","3.140796","838","3.14106","837","3.13988","857","3.141584","857","3.141676","840","3.141412","853","3.140444","833","3.140412","853","3.141052","853","3.142912","853","3.141244","849","3.140996","849","3.141604","828","3.139168","849","3.142904","849","3.140748","850","3.139236","849","3.142032","829","3.140684","849","3.139144","849","3.140032","829","3.144428","849","3.1413748399999992","855","891"
"98","3.142124","427","3.141164","711","3.140792","828","3.140184","856","3.142052","602","3.14132","877","3.142096","877","3.142268","877","3.14336","805","3.141992","855","3.140456","877","3.143648","842","3.140664","872","3.142428","873","3.141448","842","3.140708","872","3.1394","872","3.137468","872","3.14172","872","3.140616","871","3.13996","870","3.141772","849","3.141652","849","3.144744","850","3.142996","849","3.143696","849","3.141724","849","3.138504","848","3.142604","844","3.139668","822","3.143368","843","3.142708","843","3.14234","812","3.141792","843","3.142816","843","3.14264","843","3.141236","843","3.140604","843","3.143352","843","3.140016","843","3.141372","843","3.141232","843","3.14064","843","3.141556","843","3.143736","843","3.14168","842","3.140068","843","3.13922","843","3.141508","843","3.143144","843","3.141376","835","3.142812","834","3.139772","835","3.143112","835","3.144224","835","3.139248","823","3.141348","824","3.139716","824","3.140352","824","3.14036","824","3.139844","824","3.142756","812","3.142252","813","3.140712","815","3.142404","815","3.142864","814","3.141488","816","3.141976","815","3.142156","815","3.142304","814","3.141564","813","3.143344","816","3.139296","815","3.140752","813","3.140028","813","3.141664","816","3.14306","813","3.141644","816","3.141164","815","3.141356","814","3.138564","816","3.143644","816","3.140768","816","3.143268","813","3.138768","811","3.139588","808","3.141876","810","3.14268","811","3.141536","811","3.142104","811","3.14006","809","3.14222","811","3.141652","812","3.143356","809","3.141688","811","3.140104","807","3.143268","807","3.14152","807","3.138964","804","3.143764","806","3.1415259599999996","824","882"
"99","3.145224","50","3.140276","188","3.141004","189","3.141444","386","3.141372","436","3.140544","436","3.140744","436","3.139208","516","3.141524","516","3.1413","413","3.139544","637","3.140568","637","3.142196","637","3.143388","632","3.143008","637","3.141456","605","3.143728","634","3.142376","637","3.1404","636","3.138248","637","3.141276","633","3.143552","637","3.142648","637","3.144296","633","3.144724","637","3.140552","780","3.140348","801","3.141216","801","3.141176","801","3.138668","774","3.142716","801","3.141212","801","3.140884","801","3.14002","770","3.140224","801","3.141568","801","3.141988","774","3.140452","780","3.140904","802","3.143584","802","3.143052","780","3.14294","801","3.142312","801","3.143272","801","3.143132","801","3.143272","782","3.14004","801","3.143144","801","3.141252","802","3.142552","802","3.141896","801","3.142896","801","3.141548","802","3.142448","779","3.141352","787","3.141004","787","3.143252","787","3.141624","786","3.13838","785","3.141596","785","3.142788","785","3.13978","785","3.139868","785","3.143364","785","3.14196","785","3.142084","785","3.143424","782","3.1415","769","3.142252","769","3.141724","768","3.142212","769","3.139448","768","3.14068","768","3.139808","769","3.143764","768","3.139436","719","3.142612","718","3.143068","721","3.140828","718","3.142624","721","3.137688","717","3.14194","721","3.140832","721","3.143396","721","3.142804","717","3.142408","718","3.145476","717","3.141428","718","3.14372","721","3.142264","718","3.1424","718","3.142476","721","3.141036","721","3.144376","718","3.138664","717","3.141088","721","3.141264","721","3.141736","717","3.1441","721","3.1403","716","3.141731440000001","704","857"
"100","3.142568","26","3.140968","237","3.141516","848","3.14278","848","3.142324","849","3.141696","849","3.141028","847","3.1399","848","3.141664","847","3.144452","848","3.144812","848","3.141308","847","3.141984","849","3.145676","848","3.142012","848","3.138848","848","3.145492","819","3.144608","849","3.143112","849","3.14154","848","3.139912","848","3.13934","848","3.139676","849","3.141924","848","3.142092","848","3.141832","847","3.139972","848","3.141448","847","3.141228","848","3.1418","847","3.139596","847","3.144548","847","3.144256","848","3.142992","848","3.14006","848","3.141336","848","3.140684","848","3.142156","848","3.1395","847","3.140456","848","3.140008","849","3.144236","826","3.13966","848","3.139936","847","3.142036","847","3.141296","847","3.140316","848","3.141844","848","3.13976","848","3.143444","848","3.142864","848","3.143232","848","3.139296","847","3.139936","848","3.141728","847","3.140696","846","3.140204","847","3.1433","847","3.140264","847","3.141784","847","3.142284","847","3.140812","847","3.142268","846","3.139144","825","3.142548","847","3.141288","797","3.141008","810","3.14088","809","3.142384","810","3.140636","809","3.1427","810","3.141372","810","3.142832","810","3.141108","810","3.142488","810","3.141644","809","3.140048","809","3.138856","809","3.143288","810","3.141412","808","3.138708","809","3.142532","809","3.142804","806","3.140668","807","3.142576","807","3.140772","783","3.139504","807","3.143048","806","3.143104","806","3.14284","806","3.142008","807","3.141644","807","3.141004","807","3.142876","807","3.139844","807","3.142716","807","3.14328","807","3.140472","807","3.14042","807","3.141732","807","3.141604880000001","818","855"
"Averages","3.1415719199999996","439","3.1418596399999994","652","3.1412158400000005","705","3.1419147599999984","730","3.1417288799999983","745","3.141524359999998","768","3.1416608799999977","797","3.14129316","784","3.141486639999999","804","3.1415865200000015","815","3.141596999999999","821","3.1416739999999987","827","3.141751679999999","830","3.1415430399999997","835","3.1417154800000016","846","3.141422920000002","842","3.1416047999999996","856","3.141700960000001","860","3.14146688","865","3.1415651600000003","859","3.1418135599999983","864","3.1418074000000007","865","3.14126492","871","3.1419933199999996","873","3.14160972","873","3.1414049199999994","877","3.14152964","883","3.1416272400000014","880","3.14173672","883","3.14148732","882","3.1415992000000004","888","3.1413878800000004","887","3.141535199999999","885","3.14140632","885","3.1416560000000002","887","3.141686040000002","887","3.1413052400000003","886","3.1417296399999994","887","3.1418483599999996","888","3.1414733200000002","890","3.141432320000001","887","3.1417518399999995","890","3.1417787200000005","889","3.1417751599999986","887","3.141524240000001","884","3.1418882400000014","887","3.1415871200000005","885","3.14144348","886","3.1416325200000013","885","3.1419611600000006","884","3.1415422399999993","884","3.141505760000001","884","3.1415347600000003","883","3.1414988399999992","884","3.1413301599999994","883","3.1417241599999994","883","3.1417045600000013","884","3.1418282400000006","883","3.1416601600000007","881","3.1415218799999987","880","3.1415194400000006","879","3.1414155599999973","877","3.141657999999999","878","3.1415743600000003","878","3.1414424400000014","875","3.141562479999999","875","3.14155512","872","3.14138584","873","3.1416731200000005","872","3.1415088800000013","871","3.1417013199999992","870","3.141507","869","3.1412296399999997","868","3.141466799999999","868","3.1417145199999994","868","3.1416470800000003","867","3.141309719999998","867","3.14171504","866","3.1419505600000006","865","3.14171956","864","3.14145096","862","3.1419142","862","3.141599759999999","860","3.1415143999999997","861","3.1417140800000003","859","3.1414573599999995","858","3.1415339999999996","858","3.1415664800000003","857","3.141652599999999","856","3.14149812","854","3.14184436","852","3.1417871999999987","852","3.1416006400000005","851","3.141421079999999","850","3.1415587199999995","849","3.1419348399999993","848","3.1415415199999996","847","3.1418962399999986","846","3.1415006","845","3.14153792","844","3.141601936000002","854","954"
