"Iteration Count","Job[1] Result","Job[1] Runtime (ms)","Job[2] Result","Job[2] Runtime (ms)","Job[3] Result","Job[3] Runtime (ms)","Job[4] Result","Job[4] Runtime (ms)","Job[5] Result","Job[5] Runtime (ms)","Job[6] Result","Job[6] Runtime (ms)","Job[7] Result","Job[7] Runtime (ms)","Job[8] Result","Job[8] Runtime (ms)","Job[9] Result","Job[9] Runtime (ms)","Job[10] Result","Job[10] Runtime (ms)","Job[11] Result","Job[11] Runtime (ms)","Job[12] Result","Job[12] Runtime (ms)","Job[13] Result","Job[13] Runtime (ms)","Job[14] Result","Job[14] Runtime (ms)","Job[15] Result","Job[15] Runtime (ms)","Job[16] Result","Job[16] Runtime (ms)","Job[17] Result","Job[17] Runtime (ms)","Job[18] Result","Job[18] Runtime (ms)","Job[19] Result","Job[19] Runtime (ms)","Job[20] Result","Job[20] Runtime (ms)","Job[21] Result","Job[21] Runtime (ms)","Job[22] Result","Job[22] Runtime (ms)","Job[23] Result","Job[23] Runtime (ms)","Job[24] Result","Job[24] Runtime (ms)","Job[25] Result","Job[25] Runtime (ms)","Job[26] Result","Job[26] Runtime (ms)","Job[27] Result","Job[27] Runtime (ms)","Job[28] Result","Job[28] Runtime (ms)","Job[29] Result","Job[29] Runtime (ms)","Job[30] Result","Job[30] Runtime (ms)","Job[31] Result","Job[31] Runtime (ms)","Job[32] Result","Job[32] Runtime (ms)","Job[33] Result","Job[33] Runtime (ms)","Job[34] Result","Job[34] Runtime (ms)","Job[35] Result","Job[35] Runtime (ms)","Job[36] Result","Job[36] Runtime (ms)","Job[37] Result","Job[37] Runtime (ms)","Job[38] Result","Job[38] Runtime (ms)","Job[39] Result","Job[39] Runtime (ms)","Job[40] Result","Job[40] Runtime (ms)","Job[41] Result","Job[41] Runtime (ms)","Job[42] Result","Job[42] Runtime (ms)","Job[43] Result","Job[43] Runtime (ms)","Job[44] Result","Job[44] Runtime (ms)","Job[45] Result","Job[45] Runtime (ms)","Job[46] Result","Job[46] Runtime (ms)","Job[47] Result","Job[47] Runtime (ms)","Job[48] Result","Job[48] Runtime (ms)","Job[49] Result","Job[49] Runtime (ms)","Job[50] Result","Job[50] Runtime (ms)","Job[51] Result","Job[51] Runtime (ms)","Job[52] Result","Job[52] Runtime (ms)","Job[53] Result","Job[53] Runtime (ms)","Job[54] Result","Job[54] Runtime (ms)","Job[55] Result","Job[55] Runtime (ms)","Job[56] Result","Job[56] Runtime (ms)","Job[57] Result","Job[57] Runtime (ms)","Job[58] Result","Job[58] Runtime (ms)","Job[59] Result","Job[59] Runtime (ms)","Job[60] Result","Job[60] Runtime (ms)","Job[61] Result","Job[61] Runtime (ms)","Job[62] Result","Job[62] Runtime (ms)","Job[63] Result","Job[63] Runtime (ms)","Job[64] Result","Job[64] Runtime (ms)","Job[65] Result","Job[65] Runtime (ms)","Job[66] Result","Job[66] Runtime (ms)","Job[67] Result","Job[67] Runtime (ms)","Job[68] Result","Job[68] Runtime (ms)","Job[69] Result","Job[69] Runtime (ms)","Job[70] Result","Job[70] Runtime (ms)","Job[71] Result","Job[71] Runtime (ms)","Job[72] Result","Job[72] Runtime (ms)","Job[73] Result","Job[73] Runtime (ms)","Job[74] Result","Job[74] Runtime (ms)","Job[75] Result","Job[75] Runtime (ms)","Job[76] Result","Job[76] Runtime (ms)","Job[77] Result","Job[77] Runtime (ms)","Job[78] Result","Job[78] Runtime (ms)","Job[79] Result","Job[79] Runtime (ms)","Job[80] Result","Job[80] Runtime (ms)","Job[81] Result","Job[81] Runtime (ms)","Job[82] Result","Job[82] Runtime (ms)","Job[83] Result","Job[83] Runtime (ms)","Job[84] Result","Job[84] Runtime (ms)","Job[85] Result","Job[85] Runtime (ms)","Job[86] Result","Job[86] Runtime (ms)","Job[87] Result","Job[87] Runtime (ms)","Job[88] Result","Job[88] Runtime (ms)","Job[89] Result","Job[89] Runtime (ms)","Job[90] Result","Job[90] Runtime (ms)","Job[91] Result","Job[91] Runtime (ms)","Job[92] Result","Job[92] Runtime (ms)","Job[93] Result","Job[93] Runtime (ms)","Job[94] Result","Job[94] Runtime (ms)","Job[95] Result","Job[95] Runtime (ms)","Job[96] Result","Job[96] Runtime (ms)","Job[97] Result","Job[97] Runtime (ms)","Job[98] Result","Job[98] Runtime (ms)","Job[99] Result","Job[99] Runtime (ms)","Job[100] Result","Job[100] Runtime (ms)","Average Result","Average Runtime (ms)","Total Runtime (ms)"
"1","3.140672","1980","3.143848","1793","3.14318","1963","3.142164","2040","3.142748","2036","3.1402","2037","3.145116","2036","3.142008","2037","3.143172","2035","3.141552","2037","3.140856","2036","3.14222","2011","3.14224","2034","3.141512","2034","3.139996","2012","3.141652","2010","3.141576","1989","3.140536","2011","3.139716","1920","3.140344","2011","3.13866","2011","3.143684","2008","3.143132","2004","3.142456","1913","3.141692","1891","3.138664","1889","3.13954","1888","3.140296","1887","3.139828","1888","3.141552","1886","3.142564","1887","3.140056","1820","3.143556","1862","3.141236","1861","3.142256","1862","3.144944","1838","3.144284","1861","3.143268","1838","3.140228","1839","3.13838","1860","3.141304","1861","3.142636","1860","3.144632","1860","3.141572","1860","3.142748","1861","3.142116","1859","3.142944","1859","3.141152","1859","3.141936","1860","3.14254","1837","3.13934","1859","3.140116","1859","3.140092","1860","3.139008","1860","3.140912","1837","3.141188","1857","3.140876","1857","3.141376","1857","3.143448","1857","3.140732","1856","3.138644","1856","3.142936","1856","3.14052","1856","3.14334","1856","3.142452","1855","3.142672","1856","3.139256","1855","3.141516","1854","3.141556","1855","3.141416","1846","3.143336","1823","3.141304","1845","3.14206","1845","3.142212","1845","3.141716","1845","3.1425","1845","3.140368","1819","3.140592","1819","3.140576","1818","3.13946","1818","3.141216","1819","3.144016","1818","3.141408","1812","3.141724","1764","3.141776","1763","3.141704","1763","3.143424","1763","3.141732","1763","3.142584","1762","3.138952","1762","3.142712","1762","3.1421","1762","3.139456","1762","3.140748","1762","3.143008","1761","3.142424","1761","3.143724","1761","3.143036","1762","3.144072","1762","3.137872","1739","3.141623720000001","1872","5546"
"2","3.142628","168","3.139276","137","3.137964","205","3.140472","206","3.143492","206","3.142472","205","3.142976","206","3.139772","176","3.141332","175","3.137976","879","3.141964","545","3.14264","545","3.140824","525","3.143676","893","3.145628","973","3.143252","973","3.138496","911","3.144128","973","3.14042","972","3.142288","970","3.14156","971","3.142284","970","3.138584","970","3.139984","969","3.140304","971","3.13958","971","3.140572","926","3.143596","969","3.140904","946","3.140896","968","3.14334","968","3.1391","968","3.140344","968","3.139928","967","3.139884","967","3.139424","966","3.142812","985","3.141588","967","3.13944","984","3.139924","982","3.144504","961","3.140724","961","3.14052","959","3.138248","959","3.142232","978","3.140536","978","3.141852","961","3.14318","943","3.140304","939","3.141044","938","3.144164","939","3.138972","939","3.140208","856","3.142908","873","3.142516","873","3.142228","871","3.140476","871","3.14112","871","3.142488","871","3.14136","870","3.14288","861","3.139104","860","3.142544","863","3.141244","862","3.138344","864","3.144172","860","3.141312","861","3.14018","859","3.140016","853","3.140408","861","3.1441","860","3.139832","853","3.141396","859","3.139504","863","3.141136","861","3.141236","861","3.142808","858","3.139948","862","3.141524","859","3.14492","862","3.139208","860","3.142452","862","3.140612","860","3.142624","861","3.14026","863","3.144556","863","3.141424","862","3.141816","863","3.143132","862","3.143844","859","3.13794","862","3.140632","862","3.140836","858","3.141044","861","3.138568","860","3.138892","858","3.139976","858","3.140956","861","3.141316","862","3.1422","853","3.1412420400000003","830","1049"
"3","3.139116","229","3.140072","996","3.14102","1021","3.139684","996","3.14212","997","3.14232","1040","3.143692","996","3.141564","996","3.141436","995","3.142596","1018","3.143024","996","3.143112","993","3.14376","992","3.142048","993","3.141416","993","3.140892","1015","3.143472","994","3.14406","1094","3.141116","1094","3.142828","1021","3.142976","958","3.14188","959","3.14096","980","3.14182","1039","3.141544","1065","3.140144","1088","3.141472","1085","3.14044","1085","3.139556","1085","3.1409","1086","3.141564","1086","3.140864","1086","3.14124","1078","3.142228","1078","3.142356","1078","3.14184","1078","3.14114","1078","3.141448","1071","3.141436","1066","3.141608","1065","3.141512","1065","3.13926","1061","3.139992","1061","3.141376","1060","3.138536","1060","3.141728","1060","3.140824","1057","3.141004","1056","3.140848","1056","3.13988","1056","3.142104","1056","3.140992","1052","3.139736","1051","3.140984","1051","3.140028","1047","3.139404","1047","3.142136","1047","3.141944","1046","3.140952","1043","3.141672","1043","3.141","1043","3.140856","1038","3.142468","1053","3.14134","1053","3.14034","1037","3.141324","1053","3.141352","1053","3.141236","1053","3.140364","1053","3.140916","1053","3.140336","1053","3.141384","1053","3.140248","1053","3.142684","1037","3.14094","1053","3.142824","1052","3.142096","1052","3.140928","1036","3.143296","1052","3.137756","1052","3.14256","1052","3.14254","1054","3.140996","1052","3.138948","1052","3.141316","1036","3.141868","1054","3.142716","1052","3.14112","1052","3.142388","1052","3.142968","1052","3.141324","1052","3.140632","1034","3.142592","1052","3.142284","1054","3.143768","1040","3.140592","1031","3.139872","1022","3.139796","1022","3.141624","1022","3.144412","1022","3.141396800000001","1035","1151"
"4","3.142788","1143","3.141944","1141","3.138028","1140","3.139908","1137","3.14256","1135","3.142596","1138","3.143664","1142","3.142432","1139","3.13888","1135","3.142896","1135","3.14244","1135","3.139592","1135","3.141372","1141","3.1428","1138","3.139848","1135","3.142096","1140","3.143468","1139","3.142036","1135","3.141608","1142","3.140024","1139","3.141228","1135","3.14228","1140","3.14298","1135","3.1442","1143","3.142088","1135","3.140972","1136","3.141132","1136","3.142688","1138","3.140888","1142","3.142908","1142","3.138792","1135","3.141272","1135","3.141244","1134","3.139472","1139","3.144136","1139","3.141652","1136","3.140268","1135","3.142512","1139","3.141196","1135","3.141516","1135","3.14248","1135","3.14146","1135","3.138872","1140","3.144516","1135","3.142264","1139","3.142164","1135","3.143316","1141","3.139912","1138","3.140304","1135","3.14234","1142","3.143372","1134","3.141968","1138","3.142996","1137","3.142248","1142","3.143172","1137","3.142564","1135","3.141068","1136","3.141084","1141","3.14144","1135","3.139712","1141","3.143296","1136","3.140544","1137","3.140504","1112","3.143664","1137","3.140948","1141","3.1396","1098","3.140672","1135","3.140672","1138","3.143132","1135","3.140732","1142","3.142224","1134","3.1424","1134","3.141028","1134","3.142448","1134","3.141808","1142","3.14126","1136","3.138436","1134","3.139524","1141","3.142088","1134","3.142132","1141","3.138536","1137","3.142568","1135","3.142148","1134","3.14256","1140","3.141396","1140","3.140084","1134","3.142188","1134","3.14586","1134","3.144272","1106","3.141628","1134","3.140056","1139","3.14282","1134","3.143292","1135","3.144164","1134","3.138044","1141","3.138832","1139","3.14402","1106","3.14224","1140","3.142972","1137","3.14332","1134","3.1416976799999996","1136","1144"
"5","3.140916","66","3.144076","145","3.139688","193","3.141904","165","3.1403","193","3.143216","193","3.142012","193","3.139556","778","3.143836","778","3.140756","778","3.142372","773","3.143952","771","3.144532","778","3.145828","766","3.142136","766","3.141684","745","3.143132","773","3.142032","777","3.142296","777","3.143128","744","3.140312","770","3.140856","776","3.141032","777","3.142008","772","3.139984","777","3.141708","776","3.144484","753","3.142228","746","3.141016","916","3.143056","917","3.141664","922","3.1413","916","3.139632","920","3.143632","922","3.141116","916","3.1436","921","3.142184","916","3.140568","923","3.14272","919","3.141376","921","3.141648","922","3.140404","921","3.14108","916","3.142276","916","3.141044","915","3.139632","917","3.140208","923","3.142804","923","3.14298","923","3.140076","922","3.138528","922","3.142452","916","3.142248","915","3.140928","916","3.142244","920","3.13938","916","3.142312","915","3.14276","916","3.140672","916","3.141584","917","3.140552","922","3.142296","920","3.140288","922","3.143568","922","3.141676","917","3.143416","919","3.143224","921","3.142508","918","3.140004","921","3.143992","915","3.142336","895","3.139368","916","3.143412","921","3.138796","915","3.141644","916","3.14098","918","3.141616","920","3.142116","918","3.14208","919","3.138852","920","3.145424","915","3.13882","917","3.141124","920","3.141052","921","3.142052","921","3.143956","919","3.141652","919","3.142016","915","3.142784","919","3.14204","917","3.143312","915","3.1396","915","3.14528","914","3.14118","916","3.14038","915","3.14278","920","3.143712","920","3.139484","916","3.1403","920","3.141036","921","3.14177796","834","994"
"6","3.137584","389","3.14528","388","3.143164","386","3.140184","386","3.14196","386","3.140636","784","3.142384","556","3.141804","784","3.142468","921","3.140392","849","3.140232","653","3.141456","628","3.14112","781","3.14118","846","3.1451","780","3.143896","846","3.141752","918","3.142512","780","3.142844","918","3.142664","918","3.13958","879","3.140684","895","3.142572","757","3.141404","894","3.140556","894","3.139784","779","3.141204","891","3.138036","891","3.142184","938","3.144628","938","3.140616","938","3.140824","937","3.139756","938","3.1419","936","3.140564","936","3.141028","936","3.141052","936","3.145016","936","3.139404","937","3.138632","936","3.141796","937","3.142884","937","3.140096","936","3.142544","936","3.140224","936","3.141812","938","3.143008","936","3.141016","936","3.142276","937","3.143888","937","3.137356","936","3.141372","936","3.143096","936","3.142796","936","3.139864","936","3.141088","937","3.140676","936","3.142352","936","3.139912","938","3.140424","937","3.141296","936","3.143528","937","3.142768","936","3.141508","937","3.142952","936","3.143636","937","3.140608","937","3.141788","936","3.143064","936","3.13962","936","3.14162","938","3.142396","936","3.14506","936","3.139016","938","3.141364","936","3.141872","936","3.14388","936","3.144092","938","3.143464","937","3.140112","936","3.141864","936","3.14008","937","3.143376","935","3.141316","938","3.143288","936","3.140488","936","3.139052","936","3.141028","937","3.140588","937","3.14124","937","3.141816","937","3.140916","936","3.142632","937","3.139824","935","3.141048","936","3.145076","937","3.142864","937","3.141164","935","3.141896","917","3.14154","936","3.1416125599999987","881","977"
"7","3.140064","97","3.142484","99","3.142704","929","3.14082","929","3.14228","881","3.140756","450","3.140096","615","3.142504","926","3.140808","925","3.139756","854","3.142364","925","3.143116","923","3.13804","926","3.139364","1014","3.14202","911","3.14196","1013","3.14328","1090","3.139664","1089","3.14016","1014","3.143656","1050","3.142004","1104","3.144452","1104","3.140084","1103","3.141656","1103","3.141172","1085","3.144396","1085","3.142248","1104","3.143084","1104","3.13968","1104","3.139376","1104","3.143308","1103","3.1421","1104","3.142188","1103","3.140504","1104","3.140192","1085","3.141188","1103","3.140404","1103","3.14348","1085","3.142444","1103","3.140924","1084","3.141156","1104","3.140724","1085","3.143184","1085","3.141588","1103","3.142464","1104","3.14384","1103","3.14218","1085","3.140424","1103","3.14294","1103","3.141264","1085","3.14332","1103","3.142744","1103","3.14004","1103","3.141736","1103","3.14154","1066","3.14264","1085","3.144412","1103","3.143976","1103","3.14112","1084","3.141932","1103","3.141372","1085","3.141984","1103","3.141912","1102","3.137348","1103","3.138788","1103","3.143084","1102","3.14492","1084","3.140276","1099","3.139232","1100","3.141212","1099","3.14246","1099","3.143964","1075","3.14398","1075","3.141896","1074","3.139352","1074","3.145152","1075","3.14156","1075","3.143368","1075","3.142664","1075","3.143588","1075","3.141644","1075","3.144208","1074","3.141688","1074","3.142388","1074","3.143372","1075","3.142652","1075","3.140104","1074","3.14014","1074","3.14262","1075","3.144728","1075","3.145928","1074","3.141768","1074","3.1425","1074","3.137188","1074","3.139256","1074","3.140896","1074","3.142076","1074","3.14258","1074","3.140408","1074","3.141304","1074","3.1417956399999993","1037","1147"
"8","3.143768","552","3.1403","501","3.142888","527","3.14246","501","3.141384","501","3.143004","527","3.139148","527","3.142736","521","3.140284","495","3.141008","567","3.141052","638","3.137956","495","3.142532","540","3.141228","950","3.140212","654","3.143052","950","3.143908","950","3.141072","950","3.141452","949","3.140128","884","3.141052","946","3.13996","947","3.138108","923","3.146092","925","3.145496","947","3.140816","946","3.14018","887","3.1419","925","3.142312","924","3.138812","947","3.141424","946","3.14216","923","3.141724","947","3.142536","946","3.14078","947","3.141116","922","3.14178","888","3.141508","923","3.140676","924","3.143252","885","3.140256","947","3.14352","923","3.141524","946","3.140176","946","3.142564","915","3.139388","918","3.145828","917","3.137412","918","3.143528","912","3.13804","918","3.139704","889","3.141196","919","3.139728","917","3.142712","913","3.14276","919","3.141524","912","3.139268","913","3.14048","913","3.141692","912","3.141876","917","3.140496","912","3.139996","918","3.140552","918","3.143284","884","3.142304","917","3.142812","912","3.14198","915","3.142372","912","3.142808","919","3.141752","911","3.141276","916","3.142952","912","3.139948","919","3.139992","917","3.141788","919","3.138868","914","3.140568","919","3.1422","917","3.144208","918","3.141404","917","3.14228","915","3.139328","914","3.139732","911","3.142436","916","3.1435","914","3.143736","909","3.141248","913","3.142604","915","3.141984","916","3.137676","912","3.139688","904","3.140712","899","3.140596","897","3.139828","897","3.143344","903","3.138524","904","3.139544","903","3.141328","900","3.141672","904","3.141592","904","3.1413734400000006","865","973"
"9","3.141928","37","3.143292","215","3.14028","215","3.142796","215","3.138916","209","3.14118","665","3.140848","893","3.14216","706","3.142824","902","3.141004","893","3.142584","893","3.137884","893","3.141472","901","3.142296","893","3.142648","637","3.144092","893","3.142764","637","3.14174","876","3.145252","872","3.14104","871","3.14364","872","3.142292","864","3.140276","872","3.143136","849","3.14128","858","3.144496","859","3.142396","848","3.140404","848","3.142556","859","3.139692","859","3.143376","858","3.139752","848","3.141084","848","3.141124","859","3.139656","849","3.140856","849","3.139424","852","3.138032","838","3.141344","849","3.143","839","3.140168","851","3.141556","851","3.141824","851","3.141256","851","3.142512","812","3.142484","836","3.139112","833","3.141544","847","3.138324","835","3.143036","847","3.137996","846","3.13872","847","3.144536","833","3.140524","834","3.142076","867","3.14442","846","3.140496","834","3.142556","833","3.141664","847","3.140916","863","3.140484","843","3.142612","811","3.139252","843","3.140164","843","3.139984","863","3.14076","843","3.140208","863","3.14226","863","3.140624","830","3.142096","843","3.142012","863","3.139636","843","3.140996","863","3.140268","863","3.140156","854","3.141136","854","3.140092","846","3.143116","846","3.142664","846","3.1395","846","3.143932","846","3.139356","846","3.136056","846","3.143148","846","3.141488","846","3.142872","846","3.143136","846","3.143192","846","3.140088","846","3.142156","846","3.1426","846","3.143916","846","3.141988","846","3.141068","846","3.142244","846","3.144572","846","3.140816","846","3.142652","846","3.139552","846","3.14172","846","3.1414510800000004","811","935"
"10","3.139192","267","3.139472","299","3.140896","509","3.142352","507","3.140192","507","3.141576","507","3.142864","507","3.141468","507","3.140632","930","3.14094","934","3.141888","930","3.142248","930","3.142432","930","3.139264","912","3.139844","930","3.14008","930","3.142368","930","3.141208","909","3.141796","931","3.141864","927","3.141788","929","3.140712","930","3.144264","924","3.141424","930","3.1417","927","3.142384","932","3.138232","928","3.144108","923","3.141428","923","3.142868","926","3.13736","924","3.141672","931","3.143408","931","3.14154","923","3.14446","928","3.140204","930","3.142292","924","3.1437","928","3.143256","931","3.145248","928","3.139596","923","3.143256","926","3.140812","929","3.141468","923","3.142036","930","3.14246","930","3.14266","924","3.143576","929","3.141772","930","3.140444","929","3.143884","928","3.141112","931","3.14196","923","3.14008","926","3.140616","929","3.145692","926","3.143596","923","3.143224","925","3.143212","926","3.142404","930","3.139724","929","3.141912","922","3.136688","924","3.139128","923","3.1448","928","3.14108","930","3.143436","923","3.14218","927","3.139128","930","3.138372","931","3.143232","928","3.143776","927","3.1432","922","3.141276","924","3.13982","923","3.1425","922","3.139684","924","3.143984","927","3.138064","922","3.142084","930","3.13936","929","3.142972","931","3.144396","928","3.14496","927","3.144796","931","3.142476","926","3.142332","922","3.141004","924","3.141308","931","3.141028","930","3.142628","929","3.140508","929","3.142372","923","3.143632","924","3.146196","927","3.143204","929","3.141992","929","3.145476","930","3.139828","928","3.13836","925","3.1418138000000004","888","944"
"11","3.142384","1108","3.14446","1106","3.14108","1105","3.14324","1111","3.140692","1113","3.142208","1104","3.14044","1104","3.142372","1104","3.140648","1104","3.14284","1113","3.143164","1106","3.137688","1104","3.141944","1110","3.142968","1108","3.14224","1110","3.142708","1113","3.142652","1105","3.141492","1105","3.138556","1105","3.143072","1111","3.145712","1105","3.13974","1111","3.140208","1105","3.142288","1109","3.142364","1105","3.141164","1111","3.144052","1104","3.139916","1108","3.143824","1113","3.143568","1113","3.142552","1112","3.141284","1104","3.14354","1104","3.139016","1105","3.140804","1106","3.143132","1103","3.139108","1108","3.143472","1103","3.14248","1113","3.1425","1112","3.142804","1103","3.14502","1112","3.143552","1105","3.1436","1113","3.140576","1105","3.140952","1110","3.142104","1107","3.138896","1107","3.139356","1112","3.13862","1105","3.140048","1107","3.14092","1110","3.142496","1109","3.142384","1112","3.143444","1096","3.137812","1104","3.141728","1104","3.144432","1101","3.14218","1100","3.142136","1099","3.139192","1099","3.139968","1093","3.14358","1099","3.140788","1094","3.144732","1094","3.140636","1093","3.138456","1094","3.142564","1093","3.142892","1095","3.141064","1102","3.143924","1100","3.139172","1100","3.143424","1101","3.140004","1099","3.143428","1097","3.140516","1096","3.141908","1094","3.141124","1071","3.142648","1096","3.14164","1100","3.141808","1097","3.142564","1100","3.141412","1102","3.140808","1071","3.140392","1083","3.143108","1083","3.140904","1080","3.142652","1079","3.14406","1082","3.142148","1088","3.142256","1079","3.140224","1088","3.143764","1088","3.138508","1087","3.143192","1086","3.14214","1084","3.142568","1088","3.144924","1088","3.1409","1079","3.142632","1085","3.1418325599999988","1100","1114"
"12","3.143552","95","3.144464","779","3.142668","779","3.144628","779","3.140452","779","3.141352","779","3.141952","738","3.141488","771","3.142392","779","3.142424","779","3.140608","779","3.144088","925","3.14","889","3.140116","925","3.142712","925","3.14266","931","3.138788","926","3.140124","889","3.141232","856","3.140504","925","3.141448","930","3.1405","856","3.138556","924","3.141944","889","3.142484","857","3.142528","925","3.140604","931","3.143236","925","3.141196","930","3.139688","825","3.144064","930","3.139752","930","3.142648","917","3.144384","913","3.14168","925","3.142496","927","3.14154","914","3.140376","920","3.144436","945","3.139076","945","3.142084","913","3.143056","920","3.139236","914","3.138712","928","3.142692","944","3.14194","928","3.142792","945","3.140632","941","3.14358","941","3.143272","941","3.140312","917","3.14562","921","3.140008","941","3.139004","909","3.142268","940","3.14142","941","3.142052","910","3.140168","910","3.138352","940","3.139188","940","3.138216","921","3.143348","909","3.143852","941","3.139852","920","3.143228","941","3.143704","940","3.146756","940","3.141316","921","3.141952","940","3.141988","940","3.142572","921","3.145224","916","3.139944","940","3.1421","919","3.141992","941","3.141624","940","3.145072","863","3.141152","862","3.14222","863","3.140124","862","3.14172","863","3.14234","845","3.140372","863","3.143696","862","3.142032","862","3.141812","863","3.138112","863","3.140972","863","3.141588","863","3.140888","862","3.142864","862","3.141916","839","3.141448","861","3.14316","862","3.14258","862","3.142196","862","3.140592","862","3.141532","862","3.141724","862","3.141104","862","3.1417411200000003","884","964"
"13","3.142092","479","3.14044","918","3.141524","918","3.141764","779","3.142136","939","3.141156","939","3.141716","939","3.143536","939","3.142036","905","3.138392","919","3.142712","939","3.138732","938","3.143268","938","3.141368","938","3.138952","939","3.143864","938","3.14354","938","3.14178","938","3.142472","919","3.141004","938","3.144292","938","3.14188","938","3.142308","938","3.13826","938","3.14418","938","3.141488","938","3.142368","938","3.143804","932","3.14126","932","3.142812","932","3.143368","911","3.141428","931","3.14282","931","3.143416","931","3.143588","932","3.140724","931","3.141764","931","3.140404","931","3.143508","926","3.139584","927","3.139148","927","3.140004","927","3.141536","903","3.14234","927","3.138432","926","3.141252","926","3.143108","923","3.141248","923","3.1415","923","3.139112","923","3.142716","910","3.139564","909","3.14376","910","3.143244","910","3.14118","910","3.1417","907","3.14184","904","3.141044","904","3.139568","904","3.140388","904","3.141088","900","3.141156","903","3.142884","901","3.142328","897","3.143232","897","3.139652","888","3.142228","886","3.144556","887","3.140212","891","3.140792","892","3.142404","892","3.140372","890","3.14088","891","3.1417","891","3.141192","888","3.14102","891","3.14282","888","3.143184","886","3.140824","886","3.140076","892","3.142656","886","3.139208","891","3.14274","889","3.140924","889","3.142072","889","3.14182","889","3.139104","892","3.141772","889","3.141192","888","3.14186","887","3.141732","891","3.142676","887","3.141124","888","3.141328","885","3.142648","888","3.142992","889","3.143096","887","3.140744","891","3.142952","889","3.144252","884","3.1416791599999994","905","947"
"14","3.141788","398","3.143888","398","3.140524","527","3.14276","527","3.13968","504","3.142988","417","3.142988","483","3.14418","829","3.144612","796","3.139948","749","3.14076","795","3.142448","796","3.142008","787","3.1418","795","3.139844","796","3.140932","788","3.141988","796","3.144856","795","3.140704","788","3.139952","748","3.1414","795","3.143328","795","3.138904","796","3.143188","795","3.14","795","3.14132","786","3.140924","789","3.14292","796","3.144608","752","3.141776","887","3.143392","893","3.14546","892","3.141944","895","3.144276","886","3.140976","892","3.14358","894","3.142372","891","3.142388","891","3.144036","892","3.14336","886","3.139668","894","3.140388","886","3.142332","894","3.14312","886","3.1444","891","3.143688","886","3.142676","886","3.143192","892","3.140748","895","3.141352","893","3.14022","892","3.145676","887","3.142308","892","3.14006","892","3.143808","893","3.143504","886","3.140668","891","3.142684","886","3.13904","894","3.138468","890","3.140884","891","3.139144","848","3.141224","891","3.139196","893","3.140444","892","3.14042","891","3.139764","887","3.140324","892","3.145776","848","3.141068","850","3.1394","847","3.143756","846","3.14362","844","3.139752","835","3.140264","845","3.139996","837","3.143376","842","3.143572","863","3.1406","863","3.139676","863","3.13888","863","3.142884","863","3.140008","863","3.139884","863","3.140332","863","3.141716","863","3.142492","863","3.141496","863","3.13888","863","3.143652","863","3.140228","863","3.139192","863","3.142388","862","3.141476","862","3.143012","863","3.139084","862","3.142132","863","3.143944","863","3.141916","862","3.140664","863","3.141733159999999","827","962"
"15","3.141252","943","3.143612","942","3.144296","948","3.14068","942","3.1396","945","3.141044","945","3.142436","948","3.141536","943","3.144604","946","3.14318","948","3.141096","945","3.141992","945","3.140068","947","3.142416","945","3.141036","947","3.1422","946","3.1417","950","3.140872","943","3.143868","941","3.143516","942","3.139956","943","3.144704","949","3.14122","948","3.137752","947","3.142608","943","3.1432","947","3.140556","942","3.143564","947","3.141336","950","3.143032","942","3.138028","948","3.142792","942","3.140156","948","3.140844","943","3.145044","942","3.143904","947","3.140292","944","3.141928","942","3.141232","942","3.143128","942","3.141588","944","3.14166","947","3.141088","945","3.140104","942","3.13882","941","3.142984","945","3.140604","948","3.141392","942","3.14092","948","3.141836","949","3.141132","941","3.14408","943","3.1413","942","3.14112","942","3.14164","950","3.139756","948","3.144052","946","3.141688","947","3.138816","946","3.142052","943","3.142264","943","3.140364","944","3.13982","943","3.138448","950","3.14038","943","3.142084","942","3.139892","945","3.142984","949","3.139344","943","3.142752","945","3.142836","948","3.14262","941","3.141656","948","3.143444","942","3.1472","947","3.143088","907","3.145408","946","3.141536","945","3.142124","944","3.13872","942","3.139748","943","3.1438","942","3.143812","942","3.14142","941","3.139212","944","3.14164","941","3.137584","947","3.140152","942","3.143944","941","3.144088","943","3.142172","947","3.142528","949","3.14044","949","3.143652","949","3.142456","949","3.141212","947","3.143876","943","3.142876","942","3.139508","946","3.140884","945","3.1417488000000002","944","950"
"16","3.137824","113","3.142904","885","3.142112","790","3.142508","622","3.140824","883","3.142008","788","3.140864","883","3.141132","883","3.140908","788","3.143696","788","3.140308","788","3.139952","883","3.14068","883","3.139304","883","3.140996","883","3.142416","736","3.140016","859","3.13972","859","3.14262","859","3.141412","878","3.1416","855","3.143452","878","3.139304","826","3.142648","877","3.143256","878","3.140836","878","3.139448","827","3.142724","827","3.140356","855","3.14074","855","3.142428","855","3.141164","795","3.142936","878","3.143148","878","3.14282","878","3.14414","878","3.140532","855","3.14426","878","3.14236","878","3.1398","827","3.141396","874","3.140232","823","3.1411","874","3.140364","873","3.140216","874","3.139272","874","3.13888","851","3.141536","874","3.141764","874","3.141528","874","3.141068","851","3.140256","874","3.14144","874","3.140516","874","3.141716","850","3.141052","873","3.139844","846","3.141464","846","3.145088","823","3.13924","834","3.140352","833","3.14208","885","3.141784","877","3.140376","874","3.139964","833","3.144864","882","3.141292","889","3.14108","888","3.142076","886","3.140456","886","3.14286","888","3.141876","886","3.140896","882","3.141196","889","3.140372","886","3.141492","888","3.138612","887","3.144244","880","3.140676","877","3.143016","884","3.141104","887","3.142896","883","3.142188","887","3.138656","879","3.140104","885","3.140268","886","3.13874","887","3.141504","886","3.141796","885","3.14234","887","3.142376","813","3.141788","811","3.138976","815","3.138988","815","3.14336","812","3.141248","815","3.14078","815","3.140708","817","3.143044","815","3.136532","813","3.1412508799999994","848","971"
"17","3.140588","255","3.142028","621","3.138884","925","3.141252","643","3.141712","924","3.140392","924","3.140608","958","3.142076","958","3.141988","958","3.143756","958","3.143072","894","3.143452","932","3.142228","958","3.140972","958","3.141572","958","3.143436","924","3.142772","925","3.140188","945","3.14104","929","3.14144","929","3.144752","929","3.140984","929","3.139908","929","3.143884","929","3.144772","892","3.143644","919","3.140424","919","3.140964","919","3.14156","885","3.141668","887","3.140364","919","3.140984","893","3.139596","919","3.143868","911","3.14094","909","3.140088","911","3.14498","910","3.140752","910","3.140296","911","3.139976","911","3.140112","911","3.140472","911","3.144136","911","3.140092","911","3.141672","887","3.14328","911","3.14322","910","3.137852","910","3.141132","910","3.14054","911","3.140108","910","3.14066","909","3.14074","910","3.142152","910","3.14064","911","3.142884","909","3.14136","910","3.142688","910","3.140156","911","3.142796","911","3.144892","877","3.13762","909","3.140844","907","3.139328","884","3.143472","875","3.13804","908","3.138776","906","3.14198","907","3.14096","899","3.13968","898","3.1424","899","3.1413","898","3.140592","898","3.142428","898","3.140396","898","3.143184","898","3.141364","898","3.140276","896","3.140588","897","3.143244","897","3.14112","893","3.138164","892","3.14444","894","3.14276","891","3.140616","892","3.141644","892","3.140676","891","3.14392","892","3.142596","892","3.1435","891","3.142832","891","3.139244","890","3.142932","892","3.13968","892","3.139568","891","3.142972","892","3.142012","892","3.142352","891","3.138336","891","3.14118","892","3.1414646000000004","896","960"
"18","3.141524","259","3.14396","509","3.1413","560","3.139128","584","3.14166","584","3.143084","558","3.140292","558","3.14034","584","3.140116","584","3.138496","552","3.140832","552","3.140596","552","3.14148","1063","3.140724","1068","3.142084","1063","3.14446","1067","3.140764","1067","3.140296","1062","3.144124","1067","3.144776","1067","3.140496","1063","3.14332","1067","3.143004","1068","3.139728","1062","3.140948","1067","3.140352","1067","3.142768","1062","3.143496","1065","3.140196","1067","3.141772","1062","3.142348","1051","3.140876","1049","3.140528","1044","3.142772","1013","3.143288","1050","3.14326","1050","3.143952","1049","3.143804","1044","3.141976","1051","3.140164","1044","3.140604","1049","3.142316","1051","3.142888","1049","3.14164","1051","3.141976","1044","3.139008","1050","3.140148","1051","3.140452","1050","3.141376","1054","3.142464","1049","3.141396","1051","3.140456","1048","3.142368","1047","3.140776","1048","3.140156","1045","3.1396","1047","3.142476","1047","3.1411","1040","3.140796","1047","3.141256","1019","3.138352","1045","3.141972","1048","3.140384","1047","3.139408","1008","3.142884","1018","3.144108","1016","3.141224","1018","3.142496","1015","3.1397","1018","3.144256","1018","3.143092","1009","3.143116","1011","3.144056","1011","3.14386","1008","3.1436","1000","3.143512","1009","3.145288","1011","3.141344","1011","3.137732","1011","3.141028","1011","3.140928","1005","3.144432","1005","3.142016","1005","3.142932","994","3.14256","1006","3.142804","1002","3.140224","1002","3.142908","1005","3.139856","995","3.141308","1004","3.140976","1005","3.143812","1004","3.140992","1005","3.142148","1005","3.142488","1005","3.143912","995","3.14324","1004","3.144012","1005","3.142116","1005","3.141044","1002","3.1417845599999996","973","1091"
"19","3.140172","97","3.142236","158","3.14002","96","3.139176","197","3.142072","555","3.142104","580","3.1389","604","3.14474","858","3.144836","555","3.141096","555","3.143572","771","3.138928","801","3.140936","802","3.14126","771","3.14288","802","3.1442","802","3.139044","770","3.1416","738","3.13992","801","3.140336","771","3.140864","771","3.14218","802","3.142272","801","3.141908","801","3.141824","784","3.141192","784","3.139184","784","3.140816","753","3.141404","764","3.14074","783","3.141532","784","3.139044","753","3.142128","784","3.139216","730","3.143864","784","3.143136","758","3.141344","783","3.140736","789","3.143212","784","3.144228","723","3.14114","784","3.139708","757","3.138816","784","3.14354","895","3.140964","895","3.141812","895","3.143088","797","3.144504","770","3.143","797","3.142068","810","3.140944","888","3.141828","891","3.139176","891","3.140732","889","3.141184","890","3.143344","882","3.142592","865","3.141952","868","3.141296","859","3.143592","866","3.141652","865","3.144","859","3.14166","862","3.144372","862","3.140208","865","3.144252","859","3.141724","866","3.13908","868","3.142484","866","3.140316","865","3.141844","862","3.141664","868","3.144036","867","3.140092","861","3.143676","863","3.142912","864","3.143416","860","3.13912","855","3.14168","863","3.14112","859","3.141172","863","3.142184","854","3.140108","862","3.13974","854","3.141916","863","3.139664","863","3.1405","861","3.141188","861","3.141484","861","3.140788","862","3.139916","864","3.142316","862","3.145492","863","3.141716","862","3.142656","863","3.138452","861","3.13662","858","3.138472","858","3.13806","856","3.14304","861","3.1414892399999985","790","967"
"20","3.142512","61","3.141216","342","3.14414","509","3.139896","510","3.144868","661","3.137568","718","3.142124","815","3.141872","815","3.138656","815","3.141348","815","3.139772","745","3.141008","745","3.140676","815","3.14108","815","3.14","815","3.143988","805","3.140468","713","3.143636","804","3.141904","680","3.141496","804","3.14038","804","3.141064","804","3.141692","805","3.1401","805","3.141796","805","3.142516","804","3.14046","804","3.138524","804","3.140484","804","3.142192","804","3.140968","804","3.145876","745","3.141784","787","3.140992","787","3.141268","787","3.138972","787","3.144416","786","3.141568","786","3.139628","786","3.14166","786","3.144924","771","3.144284","743","3.13914","769","3.138668","766","3.141004","836","3.142104","836","3.14016","830","3.142252","881","3.141576","836","3.13848","901","3.141788","901","3.138704","877","3.141164","901","3.143336","901","3.145092","901","3.140988","901","3.14164","878","3.14264","897","3.142952","877","3.13992","877","3.141128","877","3.143044","877","3.139904","877","3.141396","877","3.13948","877","3.139808","877","3.140908","877","3.140152","876","3.141548","877","3.14086","877","3.141692","876","3.143196","876","3.141256","876","3.141916","877","3.140492","876","3.14114","876","3.141796","877","3.14198","876","3.142604","876","3.142156","876","3.142136","877","3.143272","877","3.139996","862","3.142208","862","3.14408","859","3.13876","859","3.143384","859","3.142948","858","3.143884","858","3.137296","858","3.141968","858","3.140044","858","3.141568","858","3.142132","858","3.139548","858","3.139964","858","3.140796","858","3.144064","858","3.1435","856","3.144152","847","3.1414754000000005","814","961"
"21","3.141212","86","3.143928","579","3.14026","579","3.142044","579","3.143336","553","3.141936","579","3.142132","579","3.140148","507","3.140504","553","3.141808","579","3.140052","579","3.140436","579","3.144284","579","3.139316","553","3.142132","553","3.143264","579","3.1429","553","3.14168","579","3.143064","553","3.14276","579","3.14134","553","3.14122","579","3.146004","579","3.142388","561","3.140632","562","3.143032","562","3.14118","562","3.144248","505","3.143696","531","3.141128","528","3.142732","873","3.139736","792","3.142708","861","3.141952","891","3.142676","873","3.140744","872","3.1404","827","3.141208","873","3.14288","873","3.142872","891","3.141388","872","3.14238","872","3.13802","868","3.141128","869","3.141904","825","3.143596","870","3.140144","888","3.143316","870","3.13996","871","3.142684","865","3.143792","888","3.142444","824","3.1413","866","3.138868","888","3.140756","834","3.139672","869","3.142584","866","3.140936","888","3.142064","888","3.140036","888","3.145176","865","3.142552","840","3.141912","822","3.139532","840","3.137252","840","3.138688","840","3.141136","840","3.143516","840","3.143456","840","3.141868","821","3.14494","840","3.141504","840","3.14084","840","3.141204","840","3.142952","840","3.143168","840","3.139564","840","3.140884","840","3.141388","840","3.143524","840","3.140536","829","3.139888","829","3.143088","829","3.139864","820","3.1401","820","3.141404","819","3.139452","809","3.139936","806","3.144296","806","3.142788","802","3.139756","802","3.140332","796","3.142524","796","3.140524","796","3.140988","796","3.142732","796","3.141004","793","3.143516","793","3.142412","793","3.143924","793","3.14171064","752","945"
"22","3.140332","612","3.142268","637","3.14222","612","3.139116","612","3.141456","637","3.141428","637","3.140012","612","3.139856","637","3.143416","612","3.142316","611","3.139716","637","3.143008","637","3.142928","637","3.138356","637","3.138284","589","3.143412","620","3.14254","798","3.141816","935","3.142392","935","3.14098","864","3.141616","935","3.13822","833","3.1419","935","3.138592","868","3.142132","864","3.141792","934","3.140156","843","3.14122","934","3.14094","899","3.14072","844","3.142928","934","3.141644","844","3.139652","932","3.140228","931","3.139648","932","3.141796","895","3.14346","931","3.142068","932","3.142708","932","3.141096","932","3.138704","901","3.141952","931","3.142236","931","3.143912","895","3.143048","896","3.142632","895","3.143088","932","3.142796","931","3.142092","896","3.14246","896","3.13972","931","3.14256","931","3.139932","895","3.139616","931","3.13928","900","3.14074","906","3.14238","874","3.14076","874","3.141432","875","3.144316","906","3.141812","906","3.139692","906","3.140984","906","3.137264","906","3.141728","888","3.141664","886","3.142428","849","3.142632","878","3.144992","880","3.1422","880","3.140696","880","3.142276","880","3.14006","879","3.141396","880","3.140516","881","3.137788","880","3.140188","880","3.138736","878","3.141132","879","3.144804","879","3.143068","855","3.143124","853","3.138944","850","3.142352","850","3.140948","848","3.140388","842","3.140996","840","3.143752","839","3.142484","840","3.143188","840","3.142776","839","3.14026","833","3.14104","835","3.14566","835","3.142328","835","3.142908","832","3.144904","831","3.141204","831","3.141792","830","3.14012","831","3.141472479999999","841","955"
"23","3.141788","191","3.139944","986","3.141584","461","3.139216","985","3.14444","986","3.140204","985","3.143692","985","3.137892","577","3.141248","985","3.14158","985","3.140364","977","3.141364","956","3.140772","977","3.14208","977","3.14236","956","3.141468","978","3.142868","978","3.14346","977","3.141248","977","3.14144","976","3.140444","978","3.142596","977","3.14162","977","3.144176","945","3.1395","976","3.141152","977","3.141768","977","3.14144","977","3.140452","977","3.1408","977","3.14324","978","3.139764","977","3.142952","977","3.139224","977","3.143332","977","3.140916","978","3.141588","978","3.142264","959","3.140984","978","3.142804","977","3.141852","976","3.14108","976","3.141196","976","3.141752","953","3.13968","976","3.142632","977","3.139864","948","3.14316","977","3.139504","976","3.142628","977","3.1404","977","3.13982","959","3.143564","943","3.1426","977","3.140556","959","3.140012","976","3.14234","959","3.141844","935","3.139096","976","3.143988","976","3.140308","977","3.14226","959","3.14076","977","3.1426","959","3.140956","977","3.142376","973","3.14044","973","3.143092","974","3.142808","974","3.144708","943","3.143096","973","3.141344","973","3.139188","941","3.144904","974","3.139804","973","3.144844","974","3.14236","973","3.142912","973","3.137692","972","3.141184","973","3.14032","973","3.141768","973","3.140804","972","3.139848","973","3.142036","973","3.140212","952","3.139376","948","3.140472","951","3.140636","973","3.141224","973","3.141344","972","3.141336","973","3.139212","946","3.140388","973","3.141324","973","3.139876","972","3.144324","972","3.143364","950","3.143764","973","3.138112","954","3.141449719999999","954","988"
"24","3.141148","203","3.1429","941","3.142404","897","3.143784","940","3.143152","940","3.140908","897","3.1396","911","3.142452","940","3.144476","897","3.141304","940","3.141832","917","3.142532","940","3.141376","940","3.14286","933","3.138996","933","3.14052","911","3.14116","891","3.142288","911","3.1412","910","3.140816","903","3.141024","930","3.142088","929","3.141456","925","3.140836","924","3.138732","925","3.142136","924","3.142052","924","3.1442","924","3.138256","929","3.142308","930","3.14344","926","3.140136","926","3.142292","927","3.141816","887","3.144752","925","3.141012","924","3.14042","898","3.141724","925","3.14148","924","3.141468","926","3.14088","924","3.141472","924","3.139612","927","3.142844","924","3.138372","924","3.141788","924","3.142356","924","3.14024","925","3.141116","924","3.139744","924","3.143208","924","3.137964","924","3.139756","924","3.140936","925","3.141084","924","3.141512","924","3.144836","924","3.143036","924","3.140988","905","3.14292","903","3.14366","905","3.142984","900","3.140264","899","3.140996","904","3.142264","900","3.140188","905","3.14328","903","3.142348","903","3.141416","900","3.139892","899","3.139484","901","3.138588","903","3.1397","894","3.139708","892","3.141196","892","3.141708","894","3.142356","893","3.141444","895","3.142404","891","3.1402","890","3.141092","893","3.142212","892","3.1421","892","3.14246","890","3.139892","892","3.139392","893","3.139728","895","3.14304","894","3.14262","892","3.142664","891","3.139752","891","3.14232","893","3.139804","891","3.141016","888","3.145028","890","3.13904","890","3.140012","888","3.142832","890","3.141596","891","3.143328","887","3.1414600800000017","903","949"
"25","3.140552","759","3.140376","766","3.140236","767","3.143036","766","3.141356","639","3.140904","759","3.142932","767","3.14398","766","3.140012","766","3.139148","768","3.140824","719","3.143124","767","3.139408","767","3.140848","766","3.139444","759","3.142656","760","3.141968","712","3.14214","760","3.142172","761","3.140012","760","3.142416","759","3.144132","760","3.141072","755","3.140988","759","3.141724","753","3.14116","752","3.139792","761","3.138588","760","3.14262","654","3.142448","753","3.140068","753","3.138692","760","3.13966","870","3.140952","875","3.14394","825","3.1422","870","3.14224","871","3.141716","871","3.142432","875","3.1437","875","3.142552","875","3.139224","826","3.139644","869","3.144984","876","3.140012","822","3.13992","872","3.141036","871","3.142088","828","3.141792","870","3.139824","863","3.141272","869","3.143528","869","3.139364","863","3.140948","869","3.141412","869","3.141456","781","3.139348","780","3.142784","824","3.141848","846","3.139568","847","3.139368","847","3.14016","844","3.142772","846","3.138672","847","3.140276","846","3.140756","849","3.143176","847","3.143648","844","3.139708","845","3.141608","848","3.140788","847","3.140948","844","3.145096","844","3.137772","847","3.144644","848","3.143072","844","3.140416","846","3.142724","845","3.142248","845","3.141716","843","3.138824","843","3.137532","848","3.14146","846","3.14332","844","3.140128","845","3.144612","849","3.141452","846","3.139324","846","3.14158","848","3.142356","847","3.14244","847","3.144796","843","3.141456","848","3.13916","846","3.141308","847","3.142368","845","3.140848","848","3.140884","847","3.1417","840","3.142824","844","3.141362120000001","817","931"
"26","3.141364","193","3.141696","830","3.141892","775","3.14376","877","3.143464","830","3.142304","807","3.139352","876","3.138444","837","3.140096","875","3.140936","806","3.142464","877","3.14078","775","3.141436","877","3.14458","876","3.140972","877","3.139336","775","3.141696","876","3.14194","806","3.141072","876","3.1437","774","3.141152","877","3.140164","796","3.141576","774","3.143376","774","3.140236","876","3.140776","876","3.14064","876","3.138756","827","3.1436","875","3.141848","801","3.143144","877","3.14102","874","3.140192","796","3.139496","869","3.14322","869","3.140756","867","3.139152","831","3.139592","868","3.1381","867","3.141348","857","3.142736","857","3.14046","857","3.14218","857","3.140336","857","3.140732","852","3.141704","866","3.141404","920","3.141688","896","3.142284","900","3.139884","918","3.143216","932","3.14186","887","3.14252","849","3.141508","882","3.145344","902","3.14164","917","3.142668","882","3.14076","862","3.14334","879","3.140888","879","3.142964","915","3.144216","915","3.142076","859","3.140708","912","3.141872","913","3.143008","882","3.140444","926","3.143284","892","3.138736","890","3.141512","919","3.143456","912","3.1431","905","3.139368","900","3.138896","899","3.142604","913","3.141524","903","3.139072","899","3.139144","913","3.141344","900","3.140964","899","3.142328","899","3.14214","903","3.14","896","3.139552","895","3.141256","910","3.13918","910","3.1435","899","3.142772","899","3.141864","911","3.142608","909","3.144088","907","3.143596","898","3.139212","780","3.142832","750","3.139984","752","3.143156","751","3.141912","752","3.142648","746","3.139748","751","3.140124","751","3.1414737199999987","856","981"
"27","3.139688","289","3.13994","264","3.142824","532","3.14184","645","3.142756","556","3.14028","531","3.140144","645","3.143644","645","3.14192","555","3.141912","556","3.140544","531","3.141408","554","3.143012","556","3.14264","556","3.142308","554","3.138444","554","3.139312","645","3.141208","878","3.139192","823","3.141756","876","3.141008","879","3.139164","875","3.141288","875","3.143048","875","3.141084","879","3.140884","879","3.138912","848","3.138852","844","3.139284","879","3.139476","876","3.142492","844","3.141992","875","3.14142","879","3.141432","867","3.140756","866","3.14292","871","3.141504","867","3.141964","867","3.142784","867","3.140596","867","3.14282","866","3.143112","867","3.142684","869","3.143896","866","3.139108","872","3.14222","866","3.143948","869","3.144376","871","3.139792","866","3.139252","866","3.140784","872","3.140912","898","3.13956","898","3.141084","905","3.140436","906","3.14138","906","3.143492","902","3.142984","908","3.139732","902","3.139992","923","3.143652","902","3.141124","907","3.137772","906","3.141916","899","3.142832","908","3.141768","905","3.141696","923","3.141108","906","3.142932","897","3.141372","923","3.141952","904","3.139332","897","3.142092","901","3.13754","923","3.142088","900","3.141052","923","3.141708","905","3.140792","905","3.143872","907","3.141684","906","3.138612","923","3.140416","905","3.140916","894","3.142828","897","3.139752","919","3.141076","901","3.1418","919","3.140844","896","3.137368","901","3.1414","919","3.143552","912","3.142568","895","3.140824","892","3.14164","909","3.140268","909","3.13936","894","3.139016","909","3.143908","872","3.1403","890","3.141376","873","3.1412330400000004","829","950"
"28","3.141012","948","3.144112","943","3.13914","949","3.140056","948","3.143156","942","3.141996","946","3.139516","946","3.142104","947","3.143224","942","3.14334","947","3.139468","942","3.142976","947","3.139204","943","3.14178","950","3.143864","950","3.141832","946","3.142784","942","3.14214","942","3.1405","942","3.140504","942","3.141756","949","3.141428","942","3.140852","942","3.14242","946","3.142744","941","3.143232","942","3.140608","942","3.14524","947","3.1409","944","3.141648","946","3.14118","941","3.139828","946","3.140584","942","3.141692","946","3.142236","949","3.144032","942","3.141924","941","3.143532","942","3.143972","946","3.140644","949","3.143","941","3.141264","942","3.142564","942","3.141696","942","3.143508","942","3.141736","942","3.141988","942","3.1389","946","3.142596","948","3.139556","942","3.14152","948","3.14066","942","3.140388","941","3.14178","946","3.142768","942","3.14036","943","3.143152","941","3.140772","942","3.141684","941","3.141976","903","3.142208","947","3.141488","941","3.141072","946","3.140548","948","3.141984","942","3.142756","948","3.142996","941","3.13876","946","3.140384","948","3.141668","941","3.142164","943","3.140808","942","3.140976","942","3.143508","947","3.1422","946","3.143532","945","3.143832","942","3.138856","948","3.140612","942","3.142304","941","3.1434","942","3.139184","946","3.143048","942","3.14014","945","3.141332","940","3.140288","946","3.142472","945","3.141192","941","3.140548","947","3.140588","948","3.139356","942","3.142732","941","3.140792","946","3.142664","942","3.138192","945","3.143216","941","3.142104","941","3.14264","942","3.141632","947","3.14064","946","3.1416384400000004","943","950"
"29","3.141148","120","3.139528","493","3.13946","493","3.142892","492","3.141556","413","3.14162","413","3.142136","530","3.141512","484","3.140428","756","3.143832","790","3.143972","790","3.139308","530","3.143492","790","3.140008","790","3.144568","756","3.141656","790","3.143924","790","3.141968","761","3.140472","789","3.141096","789","3.140896","789","3.144372","762","3.141368","761","3.138916","790","3.141788","790","3.144028","747","3.141328","747","3.143544","746","3.138956","747","3.141068","746","3.142504","747","3.142268","747","3.14138","747","3.140504","748","3.1417","747","3.144888","747","3.144436","746","3.143048","720","3.144432","747","3.141996","747","3.143412","719","3.14302","718","3.145096","718","3.143108","747","3.142092","747","3.145072","747","3.138536","719","3.142756","746","3.140088","747","3.141572","747","3.141084","746","3.14152","747","3.141808","747","3.142376","721","3.143044","747","3.140032","719","3.142016","746","3.141928","717","3.142984","715","3.143156","714","3.14058","714","3.143628","709","3.137496","684","3.14118","841","3.13896","842","3.141524","842","3.144516","841","3.13842","842","3.142416","823","3.143368","821","3.142488","842","3.140744","842","3.13916","823","3.141916","841","3.139788","810","3.141404","812","3.140048","812","3.141696","813","3.141972","812","3.143096","810","3.138936","810","3.144336","813","3.141072","810","3.139224","760","3.14504","764","3.142412","760","3.14102","760","3.142496","763","3.14086","750","3.141076","753","3.140944","752","3.140844","753","3.139008","753","3.139236","754","3.143492","754","3.139476","753","3.143172","752","3.14044","750","3.142152","747","3.141716","750","3.1417404799999997","737","937"
"30","3.14084","905","3.14334","927","3.143248","957","3.143372","927","3.140312","890","3.140576","888","3.140344","926","3.140936","927","3.1431","928","3.140092","958","3.14102","908","3.139144","957","3.14076","927","3.139052","957","3.14214","927","3.143652","957","3.139472","957","3.141752","928","3.140256","926","3.142704","958","3.142156","926","3.139712","957","3.141556","899","3.14176","888","3.141732","888","3.140556","888","3.141688","835","3.141344","926","3.14028","908","3.141136","957","3.141584","926","3.145392","927","3.137964","926","3.140796","928","3.139308","957","3.143912","957","3.14222","957","3.139516","926","3.144436","926","3.142996","927","3.139832","957","3.144184","893","3.141852","928","3.141804","927","3.14248","827","3.139324","905","3.140292","927","3.141128","926","3.139968","926","3.14234","863","3.141848","926","3.14198","926","3.140896","926","3.14022","957","3.141728","926","3.13988","957","3.141252","926","3.143608","907","3.14016","957","3.14036","957","3.14068","867","3.14018","929","3.140648","922","3.142532","953","3.1434","922","3.142172","953","3.142836","894","3.142048","922","3.138396","923","3.140076","885","3.140892","854","3.141952","879","3.142876","877","3.141296","853","3.140676","800","3.141536","799","3.13896","799","3.138824","799","3.138644","799","3.1418","799","3.143512","799","3.142884","798","3.139076","799","3.140168","799","3.141636","797","3.142616","797","3.14232","798","3.143376","797","3.140928","798","3.141872","797","3.142956","797","3.143528","797","3.1389","796","3.141308","797","3.141016","797","3.140424","797","3.14076","796","3.14138","797","3.14196","796","3.140972","794","3.141333079999998","888","959"
"31","3.139076","34","3.14146","939","3.142616","939","3.139176","939","3.140352","939","3.141768","939","3.143432","909","3.141476","907","3.139272","907","3.138568","940","3.142964","940","3.142972","939","3.14086","940","3.143008","909","3.14302","940","3.14202","907","3.140168","940","3.14328","940","3.14336","907","3.140976","939","3.142144","907","3.14366","940","3.140304","939","3.140076","939","3.143248","907","3.141208","907","3.142636","908","3.1418","866","3.141924","908","3.145108","939","3.145356","906","3.143","939","3.141308","939","3.1404","886","3.13982","880","3.14268","907","3.142636","939","3.141384","939","3.140432","872","3.141728","939","3.139812","907","3.144092","940","3.142224","939","3.141904","939","3.141108","886","3.140512","887","3.140712","911","3.14392","939","3.138516","907","3.141064","888","3.142708","909","3.139724","909","3.143108","910","3.14228","888","3.139972","878","3.142956","888","3.140988","885","3.14134","884","3.142496","884","3.140164","885","3.140028","885","3.141276","883","3.144184","885","3.142344","884","3.145192","885","3.142144","885","3.143796","884","3.143096","884","3.143572","885","3.140184","884","3.14224","885","3.144272","885","3.141272","853","3.14082","884","3.139368","885","3.14408","885","3.142964","884","3.14118","884","3.142888","884","3.143312","885","3.143384","885","3.138916","884","3.144688","884","3.141556","884","3.140956","884","3.140172","884","3.140252","884","3.140552","884","3.14034","885","3.140276","859","3.143408","883","3.139104","884","3.144308","883","3.140384","885","3.141936","884","3.141228","884","3.140944","884","3.140248","885","3.141972","884","3.142096","884","3.14175208","893","941"
"32","3.140408","55","3.141676","518","3.143264","543","3.139992","594","3.143008","569","3.141776","520","3.139572","537","3.141636","648","3.1431","627","3.143076","587","3.143144","669","3.141932","538","3.142804","587","3.14346","669","3.141604","669","3.139536","648","3.139132","660","3.147136","660","3.14266","618","3.1426","660","3.144908","639","3.143584","618","3.14198","660","3.1405","660","3.139648","916","3.141","916","3.140336","917","3.141048","916","3.141008","917","3.143096","917","3.139196","916","3.141728","920","3.13968","917","3.140416","920","3.141492","916","3.138892","917","3.141768","916","3.143816","916","3.14204","916","3.141904","917","3.143232","916","3.14118","917","3.138944","916","3.14196","910","3.140752","910","3.143572","910","3.140996","909","3.138","886","3.142248","913","3.141128","891","3.142008","909","3.141988","913","3.141228","913","3.14052","909","3.141468","913","3.13914","913","3.141652","909","3.141628","909","3.141488","908","3.142096","872","3.141188","872","3.142056","872","3.14014","868","3.142068","872","3.141088","872","3.14044","869","3.138272","871","3.1415","869","3.14374","872","3.143668","868","3.138788","872","3.143896","872","3.139512","872","3.140588","872","3.13768","871","3.140408","872","3.140936","869","3.143296","868","3.14278","868","3.14024","869","3.142752","872","3.140936","871","3.14124","872","3.141476","872","3.142456","872","3.14192","868","3.141096","869","3.140912","868","3.141972","872","3.142164","868","3.142916","868","3.142528","869","3.143616","871","3.140968","871","3.140896","869","3.14442","872","3.14154","872","3.13912","868","3.141256","859","3.142588","859","3.1415384000000017","817","946"
"33","3.140888","177","3.142348","523","3.13828","415","3.139408","439","3.142944","415","3.142524","549","3.14246","854","3.143316","783","3.141824","866","3.139772","785","3.142604","832","3.144268","761","3.143108","761","3.139708","854","3.142576","867","3.138128","783","3.140488","862","3.143008","862","3.143368","794","3.141364","862","3.142408","819","3.140784","862","3.141732","828","3.143344","862","3.139196","841","3.139908","840","3.14514","851","3.141772","851","3.139328","878","3.140096","840","3.14178","841","3.143968","840","3.142752","869","3.144256","843","3.1433","878","3.14304","851","3.141376","840","3.141104","840","3.14364","838","3.14198","878","3.141176","851","3.141492","843","3.140524","844","3.141824","840","3.142356","851","3.141764","851","3.141868","840","3.1438","851","3.139864","851","3.140004","851","3.142212","851","3.139928","851","3.142744","816","3.139196","851","3.142704","838","3.13838","843","3.140204","840","3.1426","851","3.140664","851","3.13996","851","3.13926","851","3.14062","843","3.141512","912","3.13972","891","3.143524","881","3.143116","908","3.1413","909","3.141212","909","3.140628","906","3.144616","900","3.137284","900","3.139844","893","3.14124","894","3.141704","893","3.142584","893","3.142308","893","3.141544","892","3.142048","893","3.138268","893","3.142928","893","3.144384","893","3.13966","893","3.14316","893","3.14104","893","3.14108","893","3.139732","893","3.139376","892","3.13802","893","3.143492","893","3.142452","893","3.141748","893","3.140384","892","3.138528","893","3.14114","892","3.140828","893","3.140912","882","3.144472","878","3.143852","878","3.143596","878","3.144964","878","3.1415463200000007","835","988"
"34","3.142668","447","3.141548","418","3.14006","419","3.143884","418","3.141452","447","3.141372","880","3.140548","880","3.139936","881","3.142404","882","3.139568","880","3.135","881","3.140936","880","3.142524","880","3.140008","881","3.142088","881","3.140636","879","3.138772","881","3.14038","869","3.143252","869","3.143064","869","3.142008","869","3.142724","867","3.143244","867","3.139216","867","3.14238","869","3.140588","869","3.141936","867","3.144436","866","3.139992","867","3.141688","869","3.141844","864","3.13928","843","3.14132","843","3.141888","865","3.141912","842","3.141872","863","3.140684","865","3.14136","865","3.143456","854","3.143932","851","3.143104","849","3.138628","847","3.142048","846","3.141832","850","3.144488","849","3.143376","849","3.140864","847","3.137616","846","3.14126","849","3.137932","848","3.142128","849","3.139568","849","3.14254","846","3.142756","849","3.141492","848","3.141264","829","3.138836","828","3.140376","828","3.141876","825","3.140636","889","3.142228","827","3.143908","827","3.141576","826","3.139236","862","3.144084","862","3.14296","826","3.140048","825","3.138192","822","3.142644","822","3.142428","822","3.140688","876","3.141124","873","3.141788","874","3.141596","873","3.143024","874","3.140656","875","3.142976","878","3.14282","878","3.14062","875","3.139436","874","3.14058","873","3.138104","872","3.141732","875","3.141956","874","3.141512","872","3.141036","874","3.140984","874","3.141908","874","3.143332","874","3.143756","870","3.143356","874","3.139796","869","3.139176","872","3.143064","874","3.14318","874","3.140236","795","3.141608","797","3.142028","797","3.142664","797","3.143148","797","3.1414366799999986","836","958"
"35","3.143396","206","3.14216","224","3.140992","461","3.140868","461","3.140792","461","3.142772","461","3.139444","461","3.144224","472","3.144124","609","3.142592","610","3.142784","610","3.143844","565","3.143","565","3.1411","564","3.141692","565","3.14172","916","3.143228","744","3.139224","916","3.144188","916","3.143056","913","3.140872","914","3.143232","914","3.141384","913","3.140548","919","3.14212","914","3.13878","895","3.141084","888","3.144072","893","3.139092","895","3.141716","893","3.143444","894","3.140888","894","3.142908","894","3.140584","887","3.141336","895","3.141348","894","3.143504","895","3.138536","894","3.140592","893","3.144792","887","3.143336","895","3.141352","893","3.142076","886","3.140632","894","3.140872","888","3.141304","893","3.143092","894","3.140296","887","3.140452","878","3.142016","866","3.140976","873","3.141924","866","3.139832","872","3.143912","864","3.140924","866","3.143652","868","3.1426","862","3.142468","858","3.143404","864","3.13976","864","3.140012","863","3.142988","863","3.141784","860","3.139448","851","3.141184","860","3.143888","880","3.143676","880","3.140172","859","3.14396","880","3.141024","880","3.14104","880","3.14364","880","3.1412","880","3.141128","879","3.141968","853","3.141696","873","3.14232","856","3.1403","868","3.142052","856","3.143372","857","3.141828","857","3.144728","853","3.144248","853","3.140412","853","3.1419","853","3.14166","853","3.141888","853","3.142168","853","3.142296","853","3.142644","846","3.141932","845","3.139064","845","3.143076","845","3.13966","845","3.143104","842","3.139052","842","3.14282","841","3.14146","842","3.13778","841","3.139948","841","3.141794320000001","815","979"
"36","3.142956","445","3.140852","523","3.142512","522","3.14294","523","3.142668","522","3.140188","476","3.14346","942","3.141536","948","3.14286","948","3.138616","948","3.1379","941","3.143068","948","3.141496","948","3.146352","917","3.140064","942","3.1433","932","3.142644","932","3.1449","937","3.142732","930","3.140792","936","3.140476","936","3.141176","937","3.14364","938","3.140376","936","3.142292","937","3.14078","937","3.14174","938","3.140008","936","3.140772","937","3.142528","937","3.141524","930","3.138568","928","3.142208","930","3.141512","929","3.138472","899","3.142076","919","3.143252","922","3.141092","920","3.142776","929","3.143316","929","3.140864","928","3.142468","927","3.13968","921","3.141104","929","3.143656","928","3.142856","929","3.1427","930","3.143848","928","3.143088","929","3.14076","928","3.141584","929","3.13894","928","3.140832","928","3.141284","920","3.140388","921","3.142816","928","3.14","922","3.142632","923","3.142628","908","3.14012","916","3.141908","898","3.140408","898","3.141032","891","3.142936","890","3.140752","898","3.140508","898","3.142092","890","3.143208","893","3.141384","883","3.144052","875","3.138608","876","3.1431","901","3.1425","901","3.1422","883","3.143128","872","3.139252","883","3.140776","871","3.1386","865","3.140996","894","3.140456","894","3.139924","869","3.140508","863","3.141324","890","3.139948","887","3.141612","887","3.140408","887","3.142264","887","3.139188","883","3.138592","883","3.14056","883","3.140116","881","3.14252","881","3.144528","881","3.141656","881","3.140636","881","3.141436","880","3.13966","880","3.141928","880","3.143524","880","3.137444","880","3.141483399999999","886","976"
"37","3.14286","379","3.142288","898","3.141272","866","3.140404","867","3.140832","898","3.141984","965","3.141232","898","3.137668","777","3.14002","965","3.141904","898","3.138096","898","3.145504","966","3.143068","868","3.141616","901","3.140304","897","3.1434","878","3.137312","901","3.142952","965","3.14252","846","3.140112","954","3.1433","954","3.139864","954","3.141844","954","3.141808","958","3.13952","959","3.141628","957","3.139944","954","3.14382","955","3.144188","954","3.141024","954","3.141168","955","3.142472","955","3.142896","957","3.142716","957","3.140552","958","3.141912","961","3.139968","954","3.141828","958","3.141604","955","3.140372","957","3.144112","960","3.14366","958","3.142444","959","3.142052","954","3.14368","936","3.141472","960","3.1395","957","3.141856","959","3.139792","960","3.146244","954","3.143908","960","3.14404","955","3.13998","953","3.13956","958","3.143024","958","3.142756","955","3.141948","954","3.14028","953","3.14316","954","3.139184","957","3.138392","954","3.138048","960","3.139512","958","3.143068","957","3.141992","952","3.141064","954","3.142432","954","3.140852","956","3.14232","952","3.143808","952","3.141592","949","3.141684","956","3.142936","949","3.14184","949","3.142636","955","3.14084","953","3.141824","950","3.142232","940","3.141188","944","3.143916","945","3.142668","945","3.139852","939","3.13896","946","3.141436","946","3.138776","945","3.140888","945","3.141532","942","3.142204","942","3.143428","942","3.145512","917","3.139412","922","3.14636","917","3.138888","923","3.13966","920","3.141544","917","3.140112","923","3.144204","923","3.14038","923","3.142996","919","3.141452","923","3.14162868","933","974"
"38","3.141032","102","3.138728","856","3.1416","833","3.140604","856","3.140784","857","3.140052","856","3.143092","854","3.141844","854","3.140792","831","3.139348","854","3.144192","854","3.140888","854","3.14322","854","3.142756","854","3.140156","854","3.145828","854","3.142304","853","3.144592","854","3.14128","854","3.139536","854","3.14138","854","3.143748","854","3.140432","854","3.142904","854","3.1431","835","3.140304","810","3.139876","830","3.140964","808","3.142488","807","3.137816","829","3.142224","826","3.141352","805","3.141592","828","3.141568","828","3.142328","805","3.138832","828","3.142732","828","3.140328","828","3.142128","828","3.142816","828","3.142712","825","3.142412","819","3.141404","819","3.14518","819","3.139496","819","3.139628","816","3.141396","816","3.137788","794","3.140816","884","3.144152","851","3.143604","817","3.143612","854","3.141972","845","3.141816","846","3.140896","884","3.140932","882","3.139764","881","3.139384","874","3.141428","881","3.142868","874","3.14112","874","3.142616","881","3.1374","882","3.138852","879","3.139372","877","3.141628","881","3.143992","881","3.142296","881","3.141768","881","3.1413","877","3.140592","881","3.141292","874","3.142392","877","3.142012","881","3.138408","875","3.142248","881","3.143608","874","3.14044","875","3.144876","874","3.139004","817","3.13738","814","3.14506","815","3.140044","816","3.140404","815","3.140484","815","3.14164","814","3.140992","816","3.141096","809","3.14084","815","3.141252","811","3.141224","815","3.140648","813","3.141568","809","3.142928","809","3.14458","809","3.14316","810","3.14282","809","3.140768","809","3.143288","809","3.141944","808","3.1415013600000004","835","934"
"39","3.143596","296","3.140416","937","3.143148","935","3.146448","942","3.140508","937","3.140208","934","3.141612","938","3.14026","940","3.143416","939","3.1414","939","3.141824","938","3.13874","942","3.141288","943","3.141688","943","3.140264","935","3.141304","942","3.13854","935","3.142868","939","3.138664","935","3.140148","944","3.141032","939","3.143296","943","3.140844","942","3.139524","938","3.141332","942","3.141424","935","3.139356","939","3.14348","939","3.140888","940","3.143136","941","3.138148","944","3.142596","939","3.141044","935","3.140964","935","3.142732","936","3.14038","932","3.143972","937","3.140888","932","3.142724","932","3.141452","936","3.139068","904","3.142244","935","3.140276","936","3.142252","940","3.1426","940","3.142756","935","3.141796","939","3.142672","932","3.141204","937","3.1434","938","3.140072","932","3.142424","935","3.142432","932","3.137948","941","3.141972","940","3.143676","938","3.140224","940","3.139052","932","3.140268","940","3.14232","936","3.137368","936","3.14242","941","3.143152","932","3.140348","939","3.142728","941","3.141748","936","3.140156","938","3.142024","940","3.142736","937","3.140872","937","3.14214","934","3.1429","939","3.142972","931","3.140008","931","3.143796","939","3.142756","940","3.14112","937","3.140232","932","3.14178","940","3.140428","936","3.140484","935","3.141996","939","3.1411","935","3.14244","937","3.145788","940","3.141304","939","3.141052","932","3.139392","939","3.138668","935","3.141868","935","3.143232","931","3.142392","935","3.14274","937","3.141884","939","3.14162","935","3.142196","941","3.140404","940","3.138384","937","3.141588","940","3.142584","932","3.141470079999999","930","945"
"40","3.14374","258","3.142716","333","3.143688","304","3.138184","678","3.142332","637","3.143096","637","3.142016","637","3.141272","637","3.143552","637","3.143372","615","3.140728","637","3.140052","637","3.139556","637","3.141708","615","3.144052","637","3.13994","929","3.142916","864","3.139076","904","3.141928","806","3.141328","898","3.140176","897","3.142316","896","3.1401","864","3.140564","897","3.143508","929","3.14306","827","3.141924","925","3.143224","925","3.141448","925","3.142328","925","3.143844","924","3.140856","904","3.141912","903","3.140404","925","3.14098","887","3.142052","925","3.142348","897","3.141904","925","3.142616","924","3.141748","925","3.141444","922","3.139972","903","3.143548","922","3.141824","922","3.14028","922","3.143644","898","3.140216","922","3.142432","893","3.144344","921","3.1415","922","3.139004","903","3.143616","922","3.1395","922","3.140232","922","3.137784","922","3.143148","922","3.143328","922","3.141552","922","3.14016","922","3.143828","897","3.139528","892","3.143716","922","3.142468","922","3.141288","922","3.141136","922","3.14256","922","3.141832","921","3.14168","922","3.142968","922","3.141976","903","3.139416","921","3.138628","899","3.140176","921","3.143288","922","3.140276","921","3.141752","922","3.141676","921","3.14432","922","3.1408","921","3.140348","921","3.140308","922","3.139144","901","3.142488","922","3.140956","900","3.142864","922","3.141808","899","3.1403","901","3.141592","922","3.1385","921","3.144876","895","3.142188","894","3.142124","913","3.142108","909","3.140248","909","3.139808","909","3.139764","909","3.139852","909","3.143376","909","3.142976","910","3.139728","910","3.141587600000002","859","947"
"41","3.143376","365","3.139244","782","3.143416","840","3.14118","804","3.142456","772","3.140032","777","3.139924","840","3.142724","804","3.139036","840","3.143484","840","3.141508","840","3.143604","840","3.140596","804","3.138776","752","3.142612","840","3.13966","773","3.143968","840","3.140392","840","3.140252","840","3.14324","840","3.143592","777","3.139284","840","3.143164","840","3.141024","840","3.138336","804","3.139316","894","3.141812","929","3.140004","929","3.140688","860","3.141668","933","3.142228","866","3.140748","895","3.142076","899","3.140616","929","3.141212","894","3.140232","894","3.14256","864","3.141248","929","3.14008","895","3.145","862","3.140936","929","3.13976","928","3.140416","894","3.144288","894","3.141844","933","3.14126","894","3.142556","932","3.144668","929","3.14098","933","3.142152","860","3.141384","866","3.14156","860","3.142284","933","3.141904","929","3.142272","930","3.137304","889","3.141844","900","3.14108","920","3.140124","884","3.138628","863","3.141424","912","3.13844","907","3.1417","910","3.142776","910","3.140324","910","3.142752","909","3.14512","910","3.141428","912","3.142332","908","3.143088","860","3.140428","860","3.140932","842","3.1431","842","3.141776","837","3.141252","837","3.140384","838","3.14242","839","3.142192","837","3.140456","838","3.143128","839","3.141128","834","3.141944","837","3.14086","834","3.14292","830","3.143772","827","3.140672","834","3.13972","833","3.142188","829","3.138856","833","3.140924","829","3.1395","833","3.143908","823","3.142124","823","3.140512","823","3.140388","818","3.139708","823","3.142932","817","3.143","819","3.141988","820","3.140768","816","3.1414487599999985","855","946"
"42","3.143516","529","3.140236","751","3.146824","749","3.141008","528","3.14114","755","3.141212","751","3.139632","749","3.140208","528","3.142208","756","3.138572","749","3.137548","774","3.141336","927","3.141852","879","3.14306","911","3.139932","922","3.141228","909","3.141272","944","3.141444","922","3.13864","871","3.140848","921","3.140968","909","3.141348","877","3.140956","880","3.141856","871","3.138868","922","3.143736","926","3.14232","944","3.13976","908","3.14204","906","3.141184","929","3.142036","929","3.145392","930","3.141792","909","3.14216","929","3.14064","894","3.141668","894","3.140392","893","3.14094","909","3.14248","929","3.142384","909","3.14216","905","3.138928","929","3.140588","929","3.140292","906","3.13876","929","3.141884","929","3.141384","918","3.141192","918","3.141396","893","3.140848","919","3.14404","918","3.140816","900","3.139592","918","3.139248","918","3.142224","894","3.139216","918","3.143472","900","3.139496","918","3.141264","918","3.141724","918","3.143896","915","3.1422","915","3.144936","915","3.141084","915","3.141868","915","3.142272","891","3.141484","897","3.140524","915","3.143296","916","3.139796","888","3.141584","915","3.141612","915","3.140304","915","3.144548","915","3.1418","915","3.140436","915","3.14166","915","3.144076","915","3.139248","896","3.141344","892","3.141816","915","3.141896","915","3.144408","915","3.144088","915","3.142332","884","3.142804","915","3.140884","915","3.142836","915","3.141296","915","3.140148","915","3.142512","914","3.142232","915","3.142612","915","3.14084","915","3.138308","915","3.143324","915","3.141248","915","3.140792","915","3.140728","915","3.138272","915","3.14144504","887","958"
"43","3.140528","479","3.13926","568","3.14074","568","3.143024","437","3.142284","568","3.142748","927","3.144236","894","3.145556","929","3.143292","896","3.142344","928","3.142352","928","3.13838","929","3.14536","936","3.140176","929","3.140828","928","3.142248","928","3.13964","929","3.142916","936","3.1423","957","3.143576","937","3.141372","928","3.141824","929","3.143172","929","3.14008","929","3.140032","929","3.140324","957","3.142792","929","3.140096","928","3.139892","928","3.141404","938","3.140732","931","3.144724","927","3.141124","928","3.142168","928","3.140004","936","3.142536","928","3.141148","929","3.141744","927","3.138884","936","3.144392","928","3.142096","930","3.143476","929","3.140544","929","3.140508","930","3.140552","929","3.141956","929","3.139568","928","3.144456","925","3.144548","953","3.143192","926","3.140768","954","3.142608","954","3.138536","926","3.142752","928","3.140916","934","3.139192","932","3.144332","932","3.143932","903","3.140764","932","3.140716","933","3.142152","932","3.14308","932","3.144592","904","3.139384","932","3.142088","933","3.142476","905","3.143604","932","3.141792","912","3.144508","932","3.142516","931","3.14418","904","3.141492","932","3.14418","932","3.142712","932","3.139724","932","3.142932","903","3.141368","931","3.142396","932","3.142036","932","3.142592","931","3.146032","931","3.142652","932","3.141484","932","3.139928","933","3.143796","931","3.14328","933","3.142332","932","3.14032","933","3.137652","932","3.14238","932","3.139736","905","3.138524","904","3.141608","901","3.141844","901","3.142076","901","3.141552","901","3.143144","901","3.140084","901","3.142456","901","3.139536","901","3.1418586400000006","906","964"
"44","3.142924","272","3.14094","571","3.142524","571","3.14216","619","3.141288","596","3.141288","572","3.140636","459","3.14208","596","3.142872","596","3.139468","596","3.141712","596","3.141752","619","3.143032","572","3.139144","570","3.14178","615","3.141828","615","3.141052","592","3.142204","566","3.139676","583","3.140232","583","3.142984","560","3.141292","531","3.13916","579","3.143192","579","3.142396","579","3.14226","579","3.144024","531","3.142988","579","3.139484","891","3.140376","891","3.140188","891","3.143392","891","3.142936","891","3.14234","891","3.141888","885","3.139676","890","3.14394","885","3.141072","891","3.138036","891","3.141992","890","3.140448","890","3.142872","856","3.142792","848","3.141928","855","3.141424","804","3.1399","849","3.138704","855","3.140356","854","3.142532","869","3.141912","869","3.13908","846","3.14118","843","3.141","866","3.139204","866","3.139256","861","3.142268","862","3.143552","861","3.140552","861","3.141276","861","3.14364","837","3.141576","861","3.142004","861","3.140292","861","3.141148","839","3.141748","838","3.14474","838","3.139804","861","3.14332","836","3.144576","861","3.143832","836","3.145276","838","3.143316","861","3.142484","836","3.140248","861","3.141572","840","3.139852","825","3.140648","860","3.139588","860","3.142404","861","3.141388","827","3.145072","860","3.139324","839","3.140704","860","3.141292","860","3.1392","835","3.140872","860","3.138212","860","3.143336","860","3.13944","860","3.142356","860","3.141524","860","3.142252","860","3.140016","840","3.141248","860","3.142616","860","3.14222","846","3.139436","826","3.141972","825","3.139996","846","3.14212","843","3.1414910799999998","776","956"
"45","3.138792","394","3.140584","95","3.140168","394","3.142176","394","3.143684","389","3.143152","416","3.143544","629","3.140748","441","3.13926","859","3.13972","924","3.143612","882","3.14324","848","3.141172","884","3.142336","884","3.142128","884","3.141056","884","3.138788","918","3.14154","923","3.1423","859","3.141564","883","3.138884","918","3.140768","883","3.144072","881","3.144916","882","3.143052","922","3.140488","882","3.13874","884","3.140812","881","3.139688","918","3.140252","883","3.139024","884","3.14058","883","3.145328","881","3.142236","878","3.141248","878","3.14212","885","3.141312","882","3.138044","886","3.1408","881","3.140212","878","3.141616","886","3.141944","886","3.14154","885","3.144284","887","3.14212","878","3.141644","888","3.140864","878","3.141692","878","3.144116","885","3.141592","881","3.14182","878","3.139356","878","3.143012","885","3.144584","884","3.140364","886","3.142504","881","3.14272","881","3.14004","857","3.141768","878","3.145","882","3.14154","883","3.141432","878","3.139408","884","3.143796","884","3.14094","887","3.140952","883","3.144104","878","3.142988","878","3.141048","882","3.140972","884","3.142116","886","3.143728","859","3.141644","880","3.140204","882","3.142228","878","3.141052","883","3.140908","878","3.139612","878","3.140116","878","3.145496","886","3.144652","877","3.140808","862","3.140936","852","3.142732","852","3.144068","851","3.140272","852","3.143548","850","3.142132","848","3.141156","851","3.142436","843","3.141872","851","3.14354","850","3.141352","851","3.140916","851","3.14174","850","3.141408","851","3.138468","846","3.141736","849","3.141244","850","3.142608","841","3.141666280000001","837","933"
"46","3.141716","34","3.143412","932","3.14064","932","3.14204","931","3.142708","928","3.14042","951","3.14234","932","3.141056","921","3.1401","951","3.144176","950","3.141768","934","3.141392","951","3.14494","922","3.14114","934","3.141364","930","3.145296","934","3.141812","927","3.141","949","3.141848","894","3.142768","949","3.141728","924","3.141108","932","3.143168","919","3.141472","948","3.144736","929","3.139524","926","3.142084","920","3.137928","930","3.141044","920","3.141972","948","3.139","931","3.142208","949","3.144136","927","3.140884","922","3.140532","948","3.13836","926","3.140196","930","3.142948","923","3.141984","922","3.142924","921","3.14122","925","3.14014","933","3.14574","925","3.140328","931","3.142868","923","3.140596","919","3.14256","948","3.141584","932","3.143216","932","3.142468","929","3.142704","933","3.143936","928","3.142484","919","3.141888","931","3.143048","948","3.139236","919","3.140852","928","3.140268","927","3.1386","948","3.138744","922","3.141264","926","3.140264","930","3.14342","948","3.140148","928","3.141084","931","3.139124","948","3.140044","948","3.140716","919","3.142896","927","3.143676","929","3.14178","922","3.139952","948","3.137888","948","3.140704","932","3.141084","948","3.142216","919","3.141944","929","3.137444","932","3.139848","927","3.141072","948","3.14178","921","3.139212","948","3.143224","948","3.141056","928","3.14016","930","3.139852","948","3.140256","932","3.142612","925","3.141336","926","3.14002","929","3.140624","948","3.14194","932","3.14194","932","3.144932","947","3.141792","947","3.142436","921","3.141512","932","3.142084","921","3.14452","931","3.143692","932","3.1415389999999985","923","951"
"47","3.137464","460","3.139948","951","3.143072","929","3.14402","951","3.142688","950","3.142668","968","3.142892","968","3.138932","951","3.142068","950","3.139516","925","3.1428","951","3.14198","951","3.142304","968","3.140868","968","3.140308","968","3.14516","928","3.141016","951","3.138844","950","3.144108","950","3.145","968","3.141784","950","3.143708","968","3.143252","925","3.143848","951","3.141396","951","3.140312","950","3.140268","950","3.141372","928","3.14316","902","3.14466","968","3.139244","968","3.142524","950","3.142136","950","3.139736","937","3.142996","955","3.141512","955","3.142172","955","3.141908","955","3.145316","955","3.141876","955","3.142664","955","3.143644","955","3.14024","937","3.140884","955","3.139828","955","3.142804","955","3.142808","955","3.138976","955","3.141148","955","3.141476","955","3.142428","955","3.141204","955","3.14082","955","3.144084","955","3.140372","955","3.139816","955","3.143812","955","3.144324","955","3.142024","937","3.143032","955","3.14394","955","3.140884","955","3.142672","955","3.14314","955","3.14574","955","3.142008","950","3.14044","946","3.14052","928","3.142104","946","3.140276","928","3.143788","945","3.14116","946","3.139556","945","3.141776","945","3.141792","945","3.141368","945","3.140908","927","3.140252","945","3.143472","945","3.142604","927","3.142252","945","3.14318","945","3.143104","945","3.140008","946","3.141792","945","3.14056","945","3.141484","945","3.144856","945","3.138904","946","3.143376","945","3.142808","945","3.138728","941","3.138896","940","3.139216","929","3.137296","929","3.140084","929","3.142896","902","3.144096","902","3.143304","901","3.140756","902","3.1418122000000004","941","970"
"48","3.144032","341","3.141108","849","3.142868","815","3.141856","849","3.142704","849","3.140276","849","3.141756","825","3.1404","824","3.140796","849","3.14038","849","3.140964","849","3.140156","824","3.142448","849","3.143364","849","3.141376","824","3.14166","815","3.13972","849","3.14076","849","3.138196","824","3.140192","849","3.142448","815","3.14032","811","3.140576","778","3.14046","811","3.141108","811","3.13904","787","3.142472","811","3.144","788","3.140008","811","3.140852","811","3.143616","811","3.14198","811","3.142096","777","3.138932","800","3.142416","767","3.140768","800","3.139712","800","3.138168","777","3.145864","777","3.140088","778","3.139544","777","3.14524","790","3.143452","790","3.141792","790","3.137652","904","3.140084","897","3.142748","895","3.14046","895","3.142728","860","3.144768","858","3.141452","892","3.142176","892","3.142884","895","3.14364","884","3.142332","862","3.141368","896","3.142312","848","3.13858","901","3.143512","901","3.140304","901","3.141676","901","3.140444","902","3.143812","895","3.140976","853","3.140904","914","3.142148","898","3.14216","890","3.138452","895","3.140916","888","3.141968","891","3.140212","880","3.142172","860","3.14266","838","3.1406","836","3.140516","832","3.144048","830","3.140656","833","3.1412","851","3.13918","831","3.141044","848","3.141092","848","3.142336","831","3.138084","848","3.141756","848","3.141232","848","3.14428","848","3.1438","848","3.144024","848","3.14032","848","3.13992","830","3.141416","848","3.142956","848","3.13944","848","3.143296","848","3.142828","848","3.142768","848","3.142656","831","3.140164","848","3.145384","829","3.141144","846","3.1415160399999986","837","982"
"49","3.142192","326","3.142476","933","3.14116","934","3.144992","933","3.140564","933","3.139316","934","3.140388","935","3.140784","933","3.143172","933","3.143972","933","3.142","933","3.139468","933","3.139368","933","3.140344","868","3.142976","864","3.139092","867","3.139476","933","3.137952","940","3.143316","940","3.142996","928","3.141488","936","3.141588","934","3.142776","942","3.14008","941","3.142672","932","3.14232","942","3.142952","943","3.14304","934","3.140936","941","3.141584","942","3.13918","928","3.138844","943","3.141432","935","3.142052","930","3.143488","944","3.138832","942","3.140496","928","3.140064","939","3.137116","939","3.13898","931","3.138704","936","3.14118","939","3.142088","942","3.139072","943","3.141132","943","3.140736","928","3.14176","932","3.1412","935","3.143492","933","3.139204","933","3.140932","927","3.141744","941","3.139872","928","3.141244","939","3.14032","929","3.140248","942","3.14234","942","3.1424","935","3.14176","930","3.140536","930","3.141612","942","3.139504","938","3.143556","940","3.143084","938","3.143204","941","3.140992","927","3.142776","894","3.140508","936","3.141976","927","3.13632","939","3.141588","941","3.144588","927","3.144064","938","3.144044","931","3.14038","919","3.140128","923","3.142636","930","3.142648","927","3.142408","934","3.141844","930","3.142728","933","3.139568","932","3.144076","950","3.139164","930","3.140624","933","3.141928","934","3.140392","923","3.1424","918","3.141852","922","3.14272","912","3.139992","916","3.14206","921","3.138612","918","3.138652","936","3.143244","915","3.14086","918","3.141704","918","3.14332","916","3.143316","919","3.145304","916","3.141362640000001","924","966"
"50","3.140652","298","3.14198","749","3.141308","726","3.143288","749","3.137348","726","3.143588","749","3.142612","928","3.141184","928","3.14262","917","3.143744","823","3.141656","929","3.140676","917","3.141084","918","3.140404","853","3.144688","922","3.142784","781","3.141184","927","3.139848","927","3.14092","928","3.141896","918","3.1423","927","3.140612","928","3.142636","789","3.139644","853","3.140992","917","3.14158","927","3.141664","922","3.142436","922","3.142316","929","3.145764","927","3.139572","853","3.140768","917","3.141188","914","3.141912","912","3.143052","906","3.142824","914","3.139696","914","3.143444","911","3.13968","918","3.140708","912","3.13982","913","3.14152","913","3.138388","906","3.141088","902","3.142572","902","3.142868","914","3.144668","914","3.14144","914","3.14336","914","3.142628","918","3.141532","904","3.140148","904","3.142656","899","3.140036","904","3.141368","908","3.142612","909","3.138872","901","3.145664","900","3.139188","897","3.140768","887","3.138632","884","3.144284","877","3.139376","883","3.140592","895","3.142848","894","3.141184","894","3.140336","894","3.139932","894","3.142916","874","3.14102","894","3.139528","895","3.14244","895","3.142556","895","3.143232","894","3.141892","864","3.142536","891","3.141228","888","3.14176","887","3.142096","887","3.14142","888","3.142252","887","3.140332","887","3.141536","887","3.139348","887","3.141324","887","3.142076","887","3.142832","887","3.14138","887","3.140664","887","3.141912","871","3.141236","871","3.1431","871","3.141264","871","3.140796","871","3.143232","870","3.1417","871","3.144612","871","3.139368","871","3.142552","870","3.140584","871","3.1415935600000005","881","959"
"51","3.140944","210","3.141912","941","3.143424","941","3.144456","941","3.14164","944","3.142092","918","3.144164","941","3.139868","910","3.141676","943","3.144","944","3.141644","940","3.139692","941","3.143876","941","3.145504","942","3.142332","918","3.144512","941","3.138964","941","3.14082","942","3.141288","941","3.14226","940","3.14416","941","3.141048","941","3.140248","940","3.141316","942","3.141664","941","3.144492","933","3.143532","937","3.14576","933","3.140728","938","3.141444","933","3.140988","933","3.141748","933","3.140048","937","3.1405","933","3.143032","908","3.143196","938","3.142552","938","3.141872","940","3.140204","942","3.14136","933","3.140944","933","3.141216","941","3.140404","932","3.138148","936","3.141864","937","3.144044","933","3.142716","937","3.14224","934","3.141056","940","3.141632","934","3.141428","933","3.144808","910","3.140284","934","3.140896","940","3.142296","937","3.143288","936","3.141672","906","3.140032","898","3.140196","895","3.139884","896","3.141364","902","3.140312","903","3.140496","903","3.142316","904","3.141436","903","3.141876","901","3.14268","904","3.145256","900","3.14368","901","3.140348","904","3.138624","894","3.140036","901","3.138544","900","3.142312","902","3.142604","904","3.142592","903","3.139956","903","3.139456","904","3.14188","899","3.142276","904","3.143116","899","3.141856","905","3.138728","900","3.14168","903","3.143332","893","3.144896","901","3.143244","902","3.144456","898","3.143592","900","3.139248","902","3.139616","900","3.143064","902","3.143416","903","3.144044","886","3.13882","885","3.139876","887","3.143644","887","3.139412","887","3.141684","887","3.143244","886","3.1418302","912","953"
"52","3.140812","362","3.141104","360","3.140424","677","3.142928","677","3.14208","677","3.139856","677","3.14072","636","3.142688","604","3.143292","632","3.140648","630","3.140984","631","3.139628","631","3.139884","605","3.139884","605","3.1419","605","3.142588","631","3.143428","631","3.141256","630","3.139728","630","3.141436","630","3.141244","743","3.14088","729","3.142272","801","3.140924","766","3.141548","910","3.141716","905","3.14104","917","3.142628","905","3.14252","903","3.143316","777","3.141904","928","3.140684","897","3.1449","928","3.145284","911","3.14022","899","3.142104","899","3.141264","910","3.140536","928","3.141308","911","3.138728","910","3.140324","907","3.145776","906","3.140848","899","3.142104","927","3.140464","899","3.143756","897","3.141164","896","3.14178","896","3.140408","879","3.141072","897","3.138296","896","3.142932","879","3.141408","879","3.1411","896","3.141444","896","3.144","897","3.143644","897","3.143952","896","3.140156","896","3.141852","896","3.142528","879","3.142756","897","3.140548","896","3.141056","879","3.14422","879","3.14394","896","3.139392","863","3.141428","896","3.143568","879","3.143296","897","3.143788","896","3.140932","896","3.14302","879","3.143896","897","3.1407","896","3.143164","897","3.13884","879","3.14046","879","3.140012","896","3.140832","874","3.143384","879","3.140716","866","3.143416","896","3.138752","896","3.14322","896","3.143232","861","3.14088","868","3.140204","896","3.14116","896","3.140484","879","3.142668","879","3.139332","896","3.145568","896","3.142332","896","3.143068","872","3.140844","896","3.142204","895","3.142328","879","3.142516","896","3.138052","896","3.1416950400000014","830","972"
"53","3.142324","117","3.141604","289","3.141192","288","3.14154","289","3.13996","289","3.14172","289","3.145536","289","3.140512","583","3.144176","420","3.14134","540","3.14164","494","3.140692","493","3.141488","540","3.139912","540","3.140876","540","3.139128","517","3.143596","494","3.138188","540","3.141896","924","3.141868","923","3.1413","922","3.137136","923","3.13862","921","3.140672","920","3.140356","914","3.14122","917","3.141348","913","3.142728","916","3.141588","913","3.139168","919","3.140372","908","3.144044","920","3.141784","919","3.14106","920","3.141884","921","3.140992","914","3.139956","920","3.141648","918","3.142964","921","3.14276","909","3.141784","909","3.142504","914","3.140368","911","3.143252","907","3.142384","917","3.142092","917","3.140016","908","3.144204","916","3.14176","913","3.140548","920","3.13966","913","3.141036","914","3.143176","911","3.14028","915","3.143696","910","3.1402","915","3.142576","912","3.139912","920","3.141084","913","3.143316","918","3.141008","918","3.142104","910","3.141736","907","3.14162","915","3.140376","910","3.14514","915","3.144912","920","3.141148","920","3.1415","920","3.141716","911","3.1429","908","3.141296","919","3.142724","887","3.14416","881","3.138496","883","3.139044","892","3.142224","893","3.141364","880","3.143732","889","3.142076","881","3.140644","885","3.14364","888","3.14366","888","3.14078","883","3.141308","885","3.143904","888","3.138652","888","3.142056","887","3.140944","883","3.139976","887","3.14422","877","3.137776","888","3.141388","884","3.143616","889","3.139716","888","3.142684","886","3.142368","889","3.141164","885","3.141024","887","3.143768","878","3.1415720000000005","817","952"
"54","3.140588","133","3.14076","139","3.139916","867","3.140032","726","3.142444","726","3.142868","697","3.144032","857","3.140292","698","3.142128","856","3.144444","907","3.139552","824","3.14242","697","3.139788","824","3.144812","824","3.14422","857","3.143048","857","3.14332","840","3.141068","847","3.143348","845","3.142296","839","3.140552","847","3.142568","846","3.142104","834","3.143368","834","3.141528","834","3.141788","838","3.141912","846","3.139356","847","3.140336","847","3.14148","846","3.14182","844","3.13978","845","3.13918","833","3.144672","847","3.144972","846","3.140148","846","3.141324","866","3.140636","839","3.141816","847","3.14076","834","3.144704","844","3.141712","834","3.143284","866","3.143136","839","3.140764","845","3.141976","846","3.143704","844","3.143204","847","3.142924","784","3.14124","779","3.14212","878","3.142328","797","3.138856","870","3.139984","833","3.141852","801","3.139072","873","3.138408","870","3.144968","833","3.144032","871","3.142984","801","3.142276","869","3.14126","831","3.141132","833","3.14266","832","3.141244","836","3.143604","830","3.1418","823","3.143976","836","3.143444","836","3.140364","835","3.1424","836","3.143544","831","3.1407","836","3.138704","823","3.14202","836","3.142676","832","3.141356","834","3.142032","832","3.142256","836","3.143076","835","3.144096","832","3.142316","834","3.14428","836","3.139964","833","3.141296","834","3.145252","829","3.138904","833","3.143172","828","3.142068","831","3.141208","834","3.138788","835","3.141584","833","3.141236","834","3.138692","834","3.140808","835","3.14142","822","3.14158","830","3.139232","835","3.142084","835","3.142396","832","3.1418362800000006","818","976"
"55","3.140028","104","3.14166","746","3.141216","746","3.142732","746","3.142292","746","3.14416","611","3.141596","611","3.139572","746","3.141724","676","3.14426","746","3.142488","610","3.138756","675","3.139248","746","3.143808","581","3.141364","764","3.141192","732","3.14152","772","3.139456","945","3.14148","777","3.138408","947","3.14324","947","3.143308","764","3.141524","947","3.140744","764","3.141552","838","3.138868","764","3.14236","764","3.14036","772","3.142912","764","3.141348","764","3.13912","772","3.143048","945","3.143136","772","3.140136","764","3.142148","732","3.142856","764","3.144368","830","3.141912","938","3.143984","938","3.139696","937","3.139756","938","3.140916","938","3.14146","938","3.14316","920","3.142716","938","3.1398","937","3.142064","919","3.143876","918","3.141324","937","3.141848","938","3.14318","938","3.143236","937","3.142228","938","3.142804","938","3.14208","919","3.141704","937","3.14042","919","3.139488","919","3.139272","938","3.142212","937","3.141788","917","3.139132","938","3.1399","928","3.1428","910","3.142376","928","3.142272","910","3.141824","910","3.140164","928","3.142376","927","3.140728","928","3.142672","928","3.143524","927","3.14732","928","3.14178","927","3.139768","928","3.140936","928","3.140272","928","3.142512","927","3.14236","927","3.142224","928","3.142992","928","3.144836","928","3.141228","911","3.143716","928","3.143524","909","3.14304","928","3.140992","928","3.139696","927","3.142424","927","3.140288","928","3.140432","928","3.13976","927","3.137892","927","3.141672","928","3.1432","927","3.140352","907","3.142496","927","3.141768","926","3.140644","927","3.142252","927","3.141670560000002","861","982"
"56","3.138504","654","3.146748","615","3.141044","615","3.142828","614","3.141056","612","3.139304","611","3.143924","611","3.141452","609","3.14108","609","3.140168","608","3.142568","582","3.142156","605","3.14092","604","3.14198","604","3.141072","604","3.141276","603","3.143108","680","3.143868","600","3.139372","926","3.144244","718","3.143696","921","3.13922","925","3.140256","921","3.14164","925","3.141204","921","3.140852","847","3.143408","925","3.140232","847","3.143012","925","3.142148","825","3.140176","924","3.141948","925","3.141452","920","3.144228","925","3.1431","924","3.143936","925","3.142496","925","3.143032","920","3.14158","924","3.1409","924","3.141448","923","3.142756","918","3.141572","923","3.145208","922","3.137656","923","3.139236","922","3.140176","861","3.14134","922","3.142876","905","3.143128","912","3.1397","911","3.139316","907","3.141108","911","3.139868","908","3.1434","912","3.145124","907","3.145812","903","3.143536","905","3.13968","900","3.14388","908","3.141412","905","3.14376","901","3.137856","908","3.140904","908","3.143564","901","3.143196","909","3.141168","906","3.14002","911","3.14162","899","3.14098","901","3.139356","911","3.143396","912","3.143076","909","3.139116","908","3.141088","911","3.141624","901","3.143116","911","3.141672","905","3.142444","903","3.140004","902","3.141908","901","3.141932","912","3.14092","911","3.141224","900","3.141684","900","3.13972","892","3.142592","896","3.14046","900","3.140936","899","3.143144","892","3.14102","897","3.138812","896","3.139668","886","3.141192","864","3.140632","865","3.14302","864","3.139428","863","3.141148","865","3.140024","857","3.14198","858","3.1416282399999993","849","958"
"57","3.143068","342","3.137236","113","3.1407","339","3.142056","906","3.142904","905","3.141048","905","3.141476","906","3.141816","905","3.142608","905","3.141576","870","3.143484","909","3.143784","910","3.144096","914","3.142088","914","3.139912","870","3.14142","907","3.141216","914","3.143532","909","3.1421","905","3.1415","904","3.14176","910","3.142932","910","3.14192","909","3.1427","906","3.141584","899","3.139448","912","3.142376","911","3.141076","906","3.140928","914","3.14244","912","3.140788","914","3.142864","900","3.14108","911","3.14018","931","3.142432","900","3.142328","902","3.144388","931","3.14272","931","3.142676","931","3.142692","913","3.14122","908","3.142872","931","3.142516","931","3.143228","931","3.13738","909","3.139664","906","3.13824","931","3.140324","931","3.141708","900","3.144108","913","3.141136","904","3.142348","931","3.140892","900","3.138392","900","3.14554","913","3.139128","931","3.142692","913","3.142088","931","3.143052","931","3.14252","897","3.140484","915","3.14404","915","3.141476","915","3.139956","915","3.14416","915","3.14114","915","3.140584","885","3.141484","889","3.138172","896","3.140524","915","3.141756","915","3.13934","915","3.140836","884","3.139412","890","3.141776","891","3.14268","896","3.144","887","3.144028","894","3.141948","915","3.141912","915","3.140524","897","3.138324","915","3.145176","915","3.14102","888","3.138236","889","3.140632","892","3.139304","888","3.137388","897","3.145816","892","3.140728","894","3.137428","915","3.143468","915","3.141044","915","3.138896","915","3.139596","883","3.141808","884","3.142348","915","3.14332","884","3.14306","897","3.14276","894","3.1415656400000005","888","942"
"58","3.139572","964","3.140572","971","3.142932","964","3.1429","958","3.140896","969","3.139748","958","3.141152","972","3.141552","969","3.144348","968","3.139976","964","3.1388","968","3.139864","963","3.14082","971","3.140496","958","3.1407","970","3.143808","972","3.142528","958","3.14362","938","3.14062","972","3.141692","969","3.144332","971","3.143216","970","3.142636","958","3.140568","958","3.138504","958","3.14432","959","3.141144","958","3.141796","961","3.141172","972","3.140396","971","3.142024","969","3.142796","970","3.141032","958","3.143108","961","3.141756","958","3.140496","967","3.144516","958","3.140836","969","3.140396","964","3.142776","960","3.142316","968","3.140816","971","3.141056","969","3.138356","972","3.142364","972","3.142652","970","3.141048","959","3.141256","971","3.143628","968","3.143804","961","3.142748","970","3.142988","958","3.143696","958","3.140476","961","3.143064","971","3.142108","972","3.140984","972","3.14118","957","3.139672","959","3.144536","970","3.143096","958","3.13862","968","3.142664","971","3.14006","971","3.141048","958","3.140104","958","3.144488","962","3.139608","958","3.142868","958","3.139128","972","3.13938","972","3.143236","968","3.142688","963","3.140324","962","3.141392","958","3.139032","964","3.140512","969","3.144812","970","3.140964","967","3.140328","969","3.142068","958","3.141956","970","3.138528","902","3.14198","959","3.142308","967","3.14196","968","3.141804","964","3.141112","970","3.139196","958","3.138004","971","3.141236","962","3.141188","960","3.144096","970","3.140084","969","3.144468","967","3.141532","957","3.140828","960","3.141396","959","3.141624","958","3.145168","967","3.1415805199999998","964","973"
"59","3.141488","170","3.141084","627","3.141984","893","3.140192","433","3.141368","906","3.142284","605","3.14172","525","3.14008","893","3.141012","605","3.142324","628","3.14094","893","3.142444","495","3.141296","627","3.139352","904","3.143672","626","3.141476","650","3.141968","926","3.140548","914","3.143252","926","3.139032","914","3.138832","914","3.141856","926","3.139772","950","3.1414","917","3.14316","941","3.142268","941","3.140184","926","3.138904","902","3.143592","925","3.141124","925","3.140136","922","3.140568","898","3.143132","921","3.140424","919","3.141172","895","3.143108","918","3.141424","918","3.14056","918","3.142528","918","3.1422","895","3.142984","888","3.142612","911","3.141192","911","3.140064","888","3.140772","906","3.141064","906","3.142992","907","3.14144","906","3.141692","906","3.139992","906","3.139872","907","3.141376","906","3.142016","906","3.142164","906","3.141968","871","3.1421","878","3.142652","872","3.141428","906","3.142836","886","3.13994","906","3.140816","906","3.142508","906","3.142304","905","3.139744","872","3.141692","871","3.143564","906","3.140564","906","3.142252","875","3.142224","886","3.141272","906","3.142152","906","3.140748","874","3.141776","880","3.142484","880","3.141904","902","3.14262","876","3.145688","902","3.142212","881","3.14292","901","3.14116","903","3.1396","902","3.142832","903","3.13854","902","3.141072","875","3.141028","903","3.142568","867","3.141944","903","3.139808","902","3.14194","903","3.141768","882","3.141168","902","3.14248","902","3.14092","902","3.139744","875","3.140004","871","3.142224","896","3.139408","897","3.139708","863","3.14328","897","3.143716","874","3.1414937199999993","861","968"
"60","3.142456","480","3.141416","551","3.140788","550","3.142712","837","3.141064","837","3.14412","869","3.141244","869","3.14014","869","3.145052","869","3.139532","832","3.142424","833","3.138016","833","3.141116","863","3.137396","832","3.140316","829","3.140936","863","3.140488","832","3.143252","863","3.141864","829","3.141944","829","3.140836","863","3.140548","863","3.14118","829","3.141576","860","3.138428","860","3.140148","860","3.141064","860","3.144092","859","3.138588","860","3.140364","859","3.14298","859","3.143832","826","3.14074","826","3.141472","859","3.142348","860","3.139908","859","3.141012","860","3.14292","859","3.14238","825","3.14154","822","3.14336","856","3.13982","856","3.1428","854","3.140516","814","3.140612","783","3.144608","843","3.141836","813","3.135296","809","3.14434","843","3.142636","843","3.14388","782","3.142348","814","3.139992","823","3.142368","823","3.14124","823","3.141092","823","3.141024","822","3.13924","823","3.141896","823","3.142212","823","3.14242","823","3.140728","794","3.141256","822","3.14314","823","3.142192","871","3.14262","871","3.144968","872","3.143972","871","3.139836","871","3.139464","872","3.1442","871","3.143972","871","3.14244","871","3.140496","871","3.140836","871","3.140408","855","3.142276","871","3.140508","871","3.14048","871","3.14322","871","3.144912","871","3.139968","871","3.141412","871","3.137596","871","3.142448","871","3.142064","871","3.141888","871","3.141528","871","3.142476","871","3.139848","871","3.140924","871","3.14272","871","3.142496","871","3.1414","871","3.143668","871","3.140808","871","3.139888","871","3.139272","871","3.141344","871","3.13968","871","3.1414911999999986","840","935"
"61","3.140404","469","3.141764","763","3.143504","763","3.1429","763","3.141592","924","3.142452","924","3.140068","916","3.140176","923","3.139204","916","3.138948","924","3.140808","924","3.140088","922","3.144876","923","3.141788","921","3.14216","915","3.140612","923","3.140884","912","3.140452","920","3.141076","920","3.143352","919","3.14306","919","3.140224","912","3.141532","920","3.143972","912","3.141872","912","3.14234","920","3.142156","919","3.140492","884","3.139676","916","3.14298","915","3.140868","915","3.140308","907","3.140612","915","3.138744","915","3.140776","915","3.140088","907","3.141568","889","3.142584","897","3.13952","897","3.143472","888","3.141328","904","3.141224","897","3.139216","897","3.141844","903","3.141056","897","3.140996","888","3.140104","897","3.141428","889","3.141032","899","3.143008","894","3.140608","903","3.140984","895","3.139444","898","3.144568","893","3.144056","899","3.14048","896","3.141892","894","3.142248","899","3.139996","896","3.141216","898","3.140248","894","3.1397","892","3.141608","885","3.142788","898","3.140944","892","3.143208","899","3.140732","898","3.142328","896","3.142004","898","3.142752","896","3.140264","896","3.143212","899","3.144716","892","3.140668","893","3.141264","886","3.141472","897","3.140504","897","3.143388","891","3.1399","892","3.13934","897","3.140296","898","3.143344","894","3.140876","881","3.141556","871","3.140516","868","3.14046","868","3.141552","866","3.144648","868","3.140836","866","3.141148","868","3.141556","868","3.139204","852","3.14154","865","3.139472","864","3.141388","852","3.143356","864","3.14252","860","3.14092","864","3.138636","864","3.139652","864","3.1413519599999997","888","938"
"62","3.142304","49","3.1424","292","3.140452","832","3.141028","832","3.140496","806","3.14212","757","3.14128","939","3.141664","939","3.143056","842","3.139876","868","3.140256","868","3.143068","876","3.141816","939","3.140588","863","3.14222","832","3.137824","935","3.142252","893","3.144076","935","3.142104","934","3.140036","934","3.143488","904","3.1434","934","3.139384","936","3.14024","935","3.141188","935","3.14358","903","3.140104","895","3.141736","935","3.142404","935","3.142676","934","3.142792","935","3.140948","935","3.141976","903","3.142444","934","3.144244","934","3.140032","935","3.139608","934","3.142844","935","3.144144","900","3.141052","931","3.141604","931","3.140244","931","3.142492","932","3.143752","931","3.14374","931","3.138348","930","3.139496","931","3.138872","930","3.142704","931","3.141036","931","3.140796","930","3.142172","931","3.142904","930","3.14258","930","3.1406","930","3.139608","931","3.144536","931","3.14132","930","3.141684","908","3.140872","931","3.141316","930","3.139476","931","3.142444","931","3.139352","930","3.140144","931","3.139392","930","3.142652","930","3.138356","931","3.140288","929","3.138916","930","3.14266","931","3.140328","924","3.14056","923","3.139812","924","3.141216","924","3.14242","924","3.142376","924","3.142836","923","3.14258","923","3.141552","923","3.140416","924","3.143988","923","3.138208","923","3.14444","924","3.140432","924","3.143036","924","3.144068","924","3.140032","923","3.142008","917","3.13926","918","3.140748","918","3.139836","917","3.1414","915","3.141044","915","3.14472","915","3.139704","915","3.143456","915","3.141104","915","3.140968","914","3.140456","914","3.1414455999999986","902","943"
"63","3.141752","175","3.1411","174","3.141832","323","3.143172","944","3.141584","943","3.141956","922","3.140864","943","3.141848","906","3.142544","943","3.142928","919","3.140012","944","3.144164","944","3.142596","943","3.141452","943","3.14322","943","3.141064","944","3.142448","916","3.14084","922","3.142092","943","3.140244","944","3.141204","943","3.140908","943","3.141044","876","3.140996","915","3.141432","943","3.14018","943","3.14036","922","3.140712","943","3.140948","944","3.139912","943","3.140484","943","3.14324","944","3.140356","944","3.1417","918","3.144392","920","3.143088","944","3.141704","943","3.142264","914","3.144072","910","3.140956","943","3.141496","944","3.140852","943","3.144252","918","3.139428","944","3.142488","943","3.140228","918","3.136924","914","3.135184","936","3.14146","935","3.141104","937","3.144512","936","3.143092","936","3.141088","936","3.141108","936","3.140336","935","3.14526","914","3.14066","899","3.14202","936","3.139288","935","3.14286","899","3.139256","909","3.144068","899","3.138672","915","3.143412","914","3.141844","935","3.142856","936","3.143476","936","3.142668","936","3.142896","912","3.142552","935","3.143332","935","3.142032","936","3.139852","936","3.142636","912","3.140132","936","3.1412","931","3.144036","930","3.141724","931","3.14032","931","3.142564","930","3.140388","931","3.141324","931","3.140984","899","3.139936","893","3.142248","931","3.140028","930","3.143004","909","3.14446","931","3.140444","930","3.143652","931","3.143196","909","3.144396","930","3.140344","930","3.143688","931","3.139268","930","3.139192","900","3.142172","929","3.139916","931","3.141716","930","3.139028","930","3.141602159999999","908","949"
"64","3.142112","273","3.142504","925","3.139824","949","3.140652","949","3.142836","950","3.143176","927","3.1409","949","3.143444","919","3.141036","949","3.142076","949","3.142884","950","3.14068","949","3.140972","931","3.140924","949","3.139824","913","3.14102","913","3.140556","949","3.142992","931","3.141144","949","3.141904","950","3.14004","949","3.142652","921","3.14196","949","3.141752","931","3.138792","949","3.142336","949","3.14136","949","3.141784","949","3.144108","949","3.144024","919","3.139544","878","3.143344","949","3.139756","949","3.14368","949","3.141632","949","3.145456","949","3.144508","916","3.142108","945","3.139968","909","3.141156","910","3.142172","945","3.142392","945","3.141192","923","3.142844","946","3.144796","940","3.142796","940","3.139768","941","3.144216","941","3.14098","940","3.141368","941","3.139832","905","3.14132","940","3.141708","940","3.139952","941","3.140812","941","3.140732","941","3.140864","941","3.140032","941","3.142268","941","3.141452","941","3.141164","941","3.140512","941","3.140328","917","3.142296","941","3.140928","920","3.141808","905","3.142844","941","3.141176","941","3.139864","941","3.141816","941","3.144964","940","3.140036","941","3.140832","941","3.138236","941","3.1405","940","3.141368","941","3.14312","921","3.142744","903","3.14282","892","3.140472","922","3.141292","922","3.142532","921","3.140424","922","3.144364","922","3.143244","921","3.143332","872","3.140692","862","3.144772","862","3.141692","862","3.141936","854","3.141508","842","3.14188","843","3.1408","843","3.142564","843","3.142952","843","3.140968","843","3.142848","838","3.139444","835","3.141024","832","3.139372","831","3.141683839999999","915","951"
"65","3.139936","208","3.1417","560","3.140284","535","3.141064","560","3.13928","925","3.139616","560","3.14312","560","3.140356","925","3.144544","925","3.139036","560","3.140012","535","3.141728","560","3.14344","925","3.14484","513","3.142392","925","3.142124","912","3.1403","546","3.140524","910","3.141424","909","3.142504","909","3.141496","906","3.140376","901","3.141056","896","3.142796","901","3.142796","901","3.139168","901","3.14124","902","3.140896","902","3.143224","902","3.142356","901","3.142344","901","3.139324","895","3.141592","901","3.140612","896","3.139844","901","3.144764","900","3.140456","901","3.139056","888","3.14568","894","3.142876","888","3.1421","887","3.141204","888","3.143832","886","3.142372","894","3.140068","880","3.138712","878","3.141072","817","3.143616","872","3.142268","872","3.143424","878","3.144556","879","3.143024","878","3.143852","872","3.141444","872","3.14032","871","3.142168","872","3.142412","863","3.143268","865","3.141464","872","3.143768","872","3.14372","867","3.143028","871","3.142144","866","3.14384","866","3.137292","871","3.139856","866","3.140544","854","3.14342","859","3.143144","863","3.141688","867","3.138132","854","3.140176","866","3.140984","866","3.139956","865","3.13982","865","3.144168","864","3.141576","866","3.143576","864","3.140068","866","3.142724","858","3.140972","866","3.144108","866","3.141184","854","3.141576","867","3.142892","866","3.140156","864","3.14178","865","3.139836","862","3.140852","867","3.139748","854","3.142484","865","3.141568","854","3.141852","867","3.141608","864","3.137812","867","3.143624","857","3.141952","855","3.139076","855","3.139856","855","3.141208","845","3.1415912000000015","839","940"
"66","3.14574","295","3.141864","295","3.142152","325","3.144204","347","3.141724","344","3.142256","372","3.141224","916","3.142452","917","3.141032","837","3.143196","841","3.140944","806","3.142056","806","3.14052","807","3.139624","837","3.14006","772","3.142104","807","3.140552","840","3.141528","807","3.139572","814","3.144444","836","3.142464","918","3.143916","917","3.142764","809","3.138996","765","3.141868","814","3.142196","916","3.14212","917","3.140244","782","3.141524","840","3.141332","783","3.140952","916","3.1432","916","3.145556","937","3.141916","842","3.140192","918","3.139988","814","3.141592","905","3.140392","905","3.140796","829","3.141268","892","3.141016","910","3.142176","910","3.142664","892","3.141364","890","3.140056","910","3.141616","910","3.14198","892","3.14152","910","3.141912","878","3.143832","892","3.143172","891","3.141368","892","3.139772","910","3.140644","910","3.142256","891","3.1443","892","3.142428","892","3.139976","854","3.140408","891","3.141324","910","3.1446","890","3.140272","873","3.141416","884","3.144116","873","3.142108","893","3.14216","893","3.140576","893","3.1431","893","3.14068","861","3.139812","874","3.1406","892","3.142764","892","3.142552","892","3.143","892","3.143644","892","3.139364","892","3.141688","892","3.142788","889","3.140692","886","3.140508","885","3.141804","882","3.140232","851","3.141488","851","3.142996","851","3.142868","851","3.1427","851","3.141268","851","3.14374","851","3.139576","851","3.143452","851","3.140936","851","3.142436","851","3.14024","848","3.142408","848","3.1387","848","3.141644","844","3.14024","844","3.140748","844","3.140272","844","3.14366","844","3.1417215599999997","836","951"
"67","3.142936","309","3.142316","640","3.141732","655","3.140364","640","3.142916","606","3.142","655","3.140152","655","3.1418","655","3.139336","655","3.141652","655","3.140856","655","3.14162","640","3.141828","655","3.143304","654","3.141576","608","3.140176","655","3.143284","906","3.141452","906","3.140468","906","3.142216","838","3.142904","905","3.141184","906","3.142544","837","3.140536","906","3.143764","905","3.142516","906","3.141084","905","3.140984","906","3.142276","843","3.139388","905","3.141304","838","3.141712","905","3.139848","815","3.142688","905","3.142","838","3.140304","905","3.142212","905","3.141184","814","3.14088","838","3.140364","905","3.14322","843","3.140764","838","3.140576","905","3.139888","905","3.141012","905","3.144768","837","3.139996","802","3.138388","832","3.143164","826","3.145208","868","3.142764","858","3.143672","858","3.14178","858","3.140848","855","3.144624","815","3.143972","818","3.140788","852","3.144116","852","3.14122","816","3.142908","852","3.140092","852","3.141192","852","3.142936","852","3.138604","850","3.143196","850","3.146652","852","3.14206","850","3.140456","818","3.141024","849","3.141128","850","3.143348","852","3.142876","850","3.141012","851","3.139876","850","3.139832","835","3.14014","835","3.141336","838","3.140988","833","3.141104","838","3.140828","838","3.141496","833","3.14406","836","3.141852","833","3.141056","835","3.139696","826","3.139368","828","3.140488","825","3.13904","828","3.138136","828","3.141196","825","3.139452","824","3.140292","823","3.14268","822","3.1432","822","3.140552","818","3.142136","817","3.140328","817","3.144188","815","3.14064","812","3.141068","816","3.141549399999999","815","926"
"68","3.14426","178","3.143656","612","3.143404","907","3.141392","862","3.141644","898","3.144528","898","3.143052","907","3.138492","899","3.141004","931","3.141448","930","3.141364","930","3.142808","905","3.142352","928","3.141684","928","3.142932","928","3.141176","928","3.144736","896","3.140448","922","3.145684","920","3.141404","897","3.140728","919","3.139704","919","3.139788","919","3.140236","919","3.138284","897","3.142104","919","3.14304","920","3.140264","919","3.140296","919","3.139528","920","3.143848","919","3.144584","919","3.146172","920","3.14154","919","3.141936","918","3.139216","919","3.142704","919","3.140908","919","3.140748","919","3.142524","896","3.143732","891","3.14192","919","3.140568","919","3.143396","909","3.13756","911","3.139944","886","3.143148","906","3.143528","878","3.13944","906","3.141628","906","3.143756","905","3.1409","907","3.143004","906","3.138896","906","3.143104","905","3.142148","906","3.14318","907","3.140892","906","3.140704","907","3.142088","883","3.141796","882","3.141052","883","3.14266","883","3.14182","883","3.138612","882","3.141784","883","3.142376","883","3.142804","883","3.143988","883","3.141748","883","3.13932","883","3.14158","883","3.14064","883","3.140204","882","3.13974","883","3.14086","883","3.141752","867","3.14312","867","3.14082","867","3.1442","860","3.141932","860","3.139648","858","3.142812","859","3.144436","860","3.139596","860","3.14348","860","3.140556","860","3.144124","860","3.140656","860","3.140416","858","3.14414","859","3.142556","860","3.14348","859","3.1429","856","3.14174","857","3.143952","843","3.1413","845","3.139932","845","3.141384","845","3.13908","845","3.1417815200000003","883","941"
"69","3.141028","951","3.14002","917","3.141204","951","3.139416","951","3.13704","927","3.142072","916","3.141292","926","3.142012","951","3.141848","951","3.142436","951","3.144744","951","3.142372","951","3.139104","951","3.141224","951","3.14192","950","3.142556","927","3.14002","951","3.141936","950","3.139924","951","3.14168","951","3.141776","951","3.141628","950","3.1399","919","3.138808","950","3.141844","951","3.14208","927","3.143256","950","3.140864","951","3.144148","950","3.14032","951","3.140616","950","3.140468","951","3.14138","951","3.141144","950","3.142816","950","3.13856","951","3.140592","950","3.140464","951","3.139476","911","3.143264","951","3.139712","950","3.142492","950","3.141868","950","3.141676","951","3.143164","950","3.142292","950","3.138552","929","3.143136","950","3.14344","950","3.143328","951","3.141628","951","3.142328","911","3.14626","951","3.142152","950","3.144104","950","3.14144","951","3.139964","950","3.143692","950","3.142284","950","3.142608","922","3.14292","925","3.141708","950","3.141132","950","3.1411","951","3.142508","950","3.13974","950","3.142852","950","3.14194","950","3.144044","950","3.142328","950","3.140456","950","3.141644","950","3.141952","950","3.138856","950","3.14194","951","3.142868","926","3.142156","950","3.143504","950","3.141888","950","3.141464","950","3.139516","950","3.143952","950","3.141088","950","3.14034","951","3.14008","950","3.140928","950","3.139752","950","3.144588","950","3.143104","911","3.14068","950","3.1469","950","3.140772","950","3.141128","950","3.140772","950","3.141896","951","3.142456","950","3.141976","949","3.141396","928","3.145024","950","3.141064","949","3.1416778399999985","946","952"
"70","3.141732","899","3.141764","957","3.140896","900","3.14206","957","3.139912","891","3.141016","957","3.142168","927","3.142748","927","3.1423","928","3.141732","957","3.139784","871","3.140156","867","3.140596","957","3.143708","928","3.142184","927","3.142656","900","3.140948","902","3.141248","871","3.14254","891","3.139504","927","3.138708","927","3.142924","892","3.142772","900","3.140744","904","3.140808","927","3.140624","902","3.140784","957","3.137336","903","3.141332","927","3.142292","891","3.141328","957","3.139692","927","3.14042","902","3.138296","891","3.139188","927","3.1408","957","3.1422","957","3.14026","900","3.14214","927","3.143012","927","3.140604","957","3.1451","899","3.14106","927","3.140604","899","3.140504","903","3.143176","924","3.141612","888","3.14064","953","3.14266","896","3.13904","923","3.143612","923","3.140972","923","3.142828","898","3.140192","923","3.142728","922","3.139836","900","3.139472","923","3.143432","922","3.140628","921","3.144216","920","3.142288","950","3.141232","950","3.143876","881","3.141648","917","3.14096","916","3.140048","908","3.141044","896","3.14054","903","3.141384","925","3.139884","923","3.136224","894","3.141552","923","3.141124","893","3.1391","923","3.1429","901","3.142332","897","3.14026","922","3.141712","908","3.13756","824","3.140908","823","3.141724","838","3.144132","817","3.142312","837","3.143064","831","3.143136","832","3.141996","832","3.14336","831","3.140884","832","3.14132","832","3.13956","832","3.138688","832","3.141632","832","3.1422","832","3.1407","824","3.143108","823","3.143248","824","3.14122","824","3.141572","824","3.140712","824","3.140384","824","3.14129756","897","958"
"71","3.141956","368","3.139736","672","3.141096","695","3.139384","650","3.142088","695","3.141128","672","3.142708","927","3.139572","926","3.143912","919","3.144064","926","3.142468","919","3.139616","920","3.143288","921","3.139608","920","3.140676","919","3.14244","920","3.141072","921","3.141524","920","3.141444","922","3.13928","919","3.14344","886","3.1409","920","3.142108","919","3.14188","926","3.144096","927","3.141788","920","3.1419","927","3.140256","920","3.141832","919","3.142676","919","3.141592","926","3.140276","925","3.142548","919","3.14132","926","3.141092","926","3.141504","925","3.141708","927","3.139796","920","3.142792","919","3.140668","893","3.141728","899","3.142808","919","3.139732","920","3.140344","925","3.140948","924","3.140808","919","3.144744","919","3.141132","924","3.14052","920","3.14322","925","3.141916","919","3.138676","920","3.140296","919","3.14362","925","3.1395","923","3.140856","925","3.140392","924","3.14226","922","3.14086","921","3.14022","926","3.141148","926","3.141472","919","3.143028","919","3.139356","920","3.140532","921","3.14126","918","3.142776","925","3.138912","921","3.141992","925","3.139388","919","3.143292","920","3.141628","922","3.142912","919","3.139492","920","3.137512","925","3.14426","921","3.141544","913","3.143136","913","3.140192","916","3.142596","913","3.14436","915","3.141948","909","3.141004","912","3.13778","913","3.141604","906","3.141532","911","3.1388","912","3.141208","912","3.14248","913","3.143824","906","3.14318","913","3.14144","906","3.143628","908","3.138856","913","3.141592","911","3.142664","913","3.140756","908","3.14348","906","3.142408","906","3.144228","905","3.141490119999999","900","931"
"72","3.141148","195","3.142064","950","3.141","915","3.141024","951","3.14112","950","3.141152","951","3.1415","951","3.142612","950","3.140796","950","3.14326","949","3.140104","949","3.138628","947","3.14166","948","3.142056","948","3.139768","947","3.145144","948","3.139264","951","3.1401","948","3.142728","951","3.142072","949","3.143148","948","3.143392","911","3.139844","948","3.141692","949","3.142336","947","3.141788","947","3.139632","948","3.140368","947","3.14046","947","3.145176","951","3.142376","949","3.141924","948","3.139092","947","3.143768","950","3.144608","947","3.14044","947","3.14428","948","3.143004","947","3.143868","948","3.141908","948","3.14142","947","3.144284","950","3.139732","948","3.140848","947","3.140984","948","3.142244","941","3.143368","944","3.14162","944","3.143088","941","3.14036","912","3.14512","941","3.142084","943","3.140892","941","3.14288","943","3.14242","942","3.143168","942","3.140784","944","3.141244","942","3.142472","945","3.142912","941","3.141488","941","3.139712","942","3.141136","942","3.142628","941","3.136776","943","3.139772","941","3.1441","943","3.139024","945","3.140208","945","3.138008","942","3.141728","943","3.14236","943","3.140988","914","3.140376","940","3.143924","940","3.140876","927","3.144052","926","3.14414","921","3.140744","922","3.14408","922","3.140272","925","3.14012","922","3.139344","922","3.140696","926","3.138784","924","3.145804","926","3.1455","921","3.1409","918","3.141164","919","3.141444","919","3.1409","923","3.141776","923","3.14428","921","3.139204","923","3.141452","919","3.141716","922","3.141264","922","3.140892","921","3.140356","923","3.143136","919","3.14167352","931","956"
"73","3.13848","61","3.139036","358","3.139864","471","3.142488","471","3.141008","470","3.140284","926","3.14056","928","3.142332","922","3.140684","923","3.141824","922","3.139892","928","3.139888","894","3.142284","922","3.1423","922","3.141332","923","3.142144","928","3.142752","922","3.145836","923","3.138704","923","3.140556","928","3.139324","922","3.139172","922","3.141056","925","3.139808","925","3.140616","898","3.140848","928","3.141484","925","3.142236","922","3.142392","922","3.141852","922","3.143448","928","3.139584","928","3.141948","922","3.139832","928","3.143652","895","3.141804","925","3.13938","928","3.138688","922","3.140848","861","3.141232","927","3.13966","927","3.140704","922","3.137896","922","3.14144","922","3.14272","922","3.142764","924","3.13864","920","3.144656","924","3.142768","920","3.140528","924","3.142484","851","3.142936","900","3.140584","900","3.142216","900","3.139944","900","3.14198","900","3.14258","873","3.143332","870","3.142152","872","3.140928","872","3.139624","864","3.142016","870","3.141136","869","3.145264","865","3.140872","873","3.143576","872","3.142168","873","3.141704","836","3.141484","865","3.143396","864","3.141708","873","3.142492","864","3.140788","873","3.140864","869","3.143356","864","3.139016","873","3.141344","871","3.141292","873","3.140064","869","3.142524","866","3.139488","868","3.141184","868","3.142084","869","3.14548","870","3.140576","866","3.139464","870","3.142452","868","3.140308","870","3.141248","869","3.141832","867","3.142464","864","3.142336","869","3.140488","861","3.142712","866","3.138744","866","3.141384","870","3.143944","859","3.14056","870","3.139728","869","3.138968","870","3.14132496","868","939"
"74","3.140428","115","3.14126","948","3.141728","947","3.1404","947","3.141796","947","3.141288","915","3.141028","948","3.142148","947","3.144112","947","3.1439","948","3.142112","948","3.14216","947","3.1389","947","3.139168","947","3.140984","948","3.141548","947","3.142128","947","3.14114","948","3.14006","873","3.14134","947","3.142212","947","3.139136","947","3.139464","946","3.1422","947","3.142552","947","3.143104","948","3.141288","947","3.141576","947","3.142988","947","3.139664","947","3.140228","947","3.144044","944","3.142996","943","3.142432","943","3.138688","944","3.142684","944","3.140856","944","3.145536","944","3.145096","943","3.141064","944","3.141248","943","3.141252","943","3.140588","944","3.141588","944","3.141196","944","3.142528","944","3.141724","943","3.143232","943","3.140024","942","3.141496","943","3.139052","943","3.142024","943","3.14058","942","3.143772","942","3.141832","942","3.139644","943","3.142184","942","3.143044","942","3.140176","943","3.14092","942","3.142848","943","3.145056","942","3.141824","942","3.142284","942","3.139136","943","3.144496","942","3.141844","943","3.141696","943","3.139848","942","3.142228","942","3.141348","942","3.141","943","3.137444","921","3.142996","919","3.140232","938","3.14238","938","3.14326","938","3.14388","937","3.144204","939","3.143232","938","3.141232","938","3.142268","938","3.14092","939","3.143252","938","3.138144","938","3.144432","937","3.141168","939","3.141328","938","3.142904","938","3.140136","939","3.140556","938","3.142436","937","3.143992","937","3.144764","937","3.14058","937","3.142776","938","3.142752","938","3.145456","937","3.142564","936","3.142608","936","3.14179044","933","949"
"75","3.139496","920","3.141656","948","3.139872","947","3.142784","875","3.139852","944","3.140504","917","3.139068","917","3.143104","926","3.140992","875","3.143816","947","3.141788","947","3.140384","925","3.141228","886","3.14396","925","3.143656","913","3.141528","917","3.139656","947","3.139728","918","3.139096","948","3.141712","948","3.138428","946","3.14048","946","3.13924","875","3.14048","875","3.142292","888","3.142484","944","3.143244","852","3.142516","913","3.14182","949","3.140212","947","3.13964","944","3.140368","847","3.14442","949","3.139928","949","3.144068","944","3.143432","947","3.143884","918","3.139252","948","3.13978","949","3.142024","913","3.141628","944","3.141304","947","3.140268","948","3.142104","950","3.141076","929","3.143628","932","3.140964","929","3.142388","929","3.142392","932","3.142116","921","3.13898","926","3.140548","925","3.139052","921","3.140336","922","3.145952","929","3.142056","921","3.140668","921","3.139704","929","3.142704","918","3.14028","895","3.14144","891","3.1405","894","3.137768","890","3.140776","892","3.1409","891","3.143288","892","3.14184","891","3.141092","891","3.139876","888","3.142184","890","3.14328","892","3.144044","890","3.143912","890","3.13952","892","3.140212","891","3.143668","891","3.139864","883","3.1401","892","3.142676","890","3.140432","884","3.14174","891","3.14042","887","3.140396","890","3.143932","893","3.140132","892","3.142348","885","3.141808","893","3.143096","890","3.140044","892","3.143204","891","3.144468","892","3.143736","893","3.142032","892","3.140992","884","3.141416","885","3.14076","884","3.142056","886","3.140836","884","3.142912","891","3.140876","891","3.141445959999999","910","955"
"76","3.14234","953","3.137376","842","3.14096","931","3.140592","845","3.140944","931","3.140672","848","3.140288","842","3.142228","927","3.142808","804","3.138692","928","3.142444","927","3.139728","928","3.13956","947","3.142928","928","3.140312","927","3.142604","928","3.143932","842","3.144088","716","3.141044","842","3.140152","947","3.1432","738","3.139948","941","3.14212","922","3.14148","941","3.14386","941","3.144128","837","3.138916","833","3.13934","836","3.140968","836","3.140548","836","3.141984","937","3.144256","820","3.142684","813","3.14298","919","3.142992","919","3.143156","918","3.140884","918","3.14012","846","3.140544","847","3.140992","918","3.144316","918","3.141416","846","3.142144","912","3.138276","911","3.139752","910","3.13996","879","3.144472","912","3.142484","911","3.140836","910","3.142272","912","3.141772","912","3.140268","911","3.143412","911","3.143636","911","3.14246","911","3.141388","911","3.1404","911","3.141484","912","3.141772","911","3.14346","912","3.14144","911","3.141144","911","3.140668","911","3.140368","910","3.141796","911","3.141388","912","3.14338","911","3.136824","911","3.142128","911","3.140392","911","3.143628","910","3.13818","911","3.138744","888","3.141156","906","3.140748","906","3.141568","906","3.142964","906","3.141856","905","3.142244","906","3.141628","906","3.142444","906","3.139908","906","3.14328","906","3.14192","906","3.141204","906","3.139432","906","3.140976","906","3.142668","906","3.141612","906","3.14258","906","3.143216","899","3.1408","899","3.139048","899","3.141788","899","3.142712","899","3.141644","899","3.144704","899","3.142652","899","3.14252","899","3.143892","895","3.141560160000001","896","953"
"77","3.13992","127","3.13962","813","3.141304","825","3.140824","847","3.142504","825","3.141052","813","3.140584","813","3.141544","847","3.139892","847","3.139756","813","3.14502","813","3.141412","847","3.144488","825","3.141936","754","3.139416","847","3.143572","847","3.138912","813","3.142904","847","3.140744","754","3.140144","812","3.144168","847","3.1398","812","3.13988","847","3.14528","844","3.138584","822","3.14112","844","3.141928","822","3.141088","823","3.141496","818","3.139388","819","3.143584","818","3.141684","819","3.141528","819","3.141604","819","3.140732","797","3.142132","797","3.142684","816","3.14264","816","3.14166","792","3.142036","813","3.139404","783","3.141076","813","3.140336","805","3.142148","770","3.14162","792","3.14192","791","3.142216","791","3.143012","791","3.136856","768","3.140168","768","3.142488","867","3.14178","789","3.140432","867","3.140116","865","3.139088","765","3.138944","864","3.14294","864","3.136524","764","3.14304","785","3.142308","785","3.141248","861","3.141832","862","3.142076","864","3.143416","844","3.142496","845","3.14326","841","3.141688","860","3.14372","858","3.142392","861","3.14198","777","3.140256","841","3.14374","858","3.141084","845","3.141912","841","3.142804","849","3.142316","822","3.14194","804","3.140156","822","3.143476","822","3.142252","821","3.140136","822","3.142148","802","3.140428","802","3.1424","802","3.141868","802","3.140904","802","3.141784","802","3.139908","802","3.140872","781","3.139604","802","3.1442","802","3.143512","783","3.140576","782","3.14228","801","3.141952","802","3.14276","784","3.13978","801","3.142616","801","3.13918","802","3.141156","802","3.14147088","809","951"
"78","3.140988","407","3.143828","923","3.140312","923","3.143132","923","3.140936","947","3.141212","947","3.14078","947","3.142164","947","3.140028","947","3.142428","925","3.142996","923","3.14318","923","3.142676","947","3.142264","924","3.139844","923","3.1397","947","3.144804","947","3.141916","947","3.141968","923","3.14284","947","3.143056","947","3.139356","947","3.141024","923","3.140956","946","3.141892","947","3.145052","921","3.143244","944","3.142096","943","3.13996","939","3.1421","939","3.142872","916","3.144812","939","3.14358","938","3.14044","916","3.140728","915","3.139592","922","3.141484","922","3.143744","922","3.143396","922","3.14204","922","3.140852","922","3.143504","885","3.14438","908","3.140416","880","3.142004","882","3.140872","904","3.14068","904","3.142","904","3.141816","903","3.14152","879","3.143216","903","3.140912","881","3.139704","897","3.14352","872","3.142848","875","3.142532","896","3.13874","875","3.143272","896","3.143728","896","3.141236","896","3.143288","889","3.14218","889","3.144116","888","3.142492","889","3.141332","889","3.138332","890","3.141836","890","3.14092","890","3.141936","890","3.142484","890","3.139896","880","3.140716","859","3.139812","878","3.140868","878","3.142144","879","3.139876","879","3.14076","879","3.139756","859","3.142108","872","3.142332","871","3.141976","872","3.140996","871","3.14106","867","3.141076","867","3.141356","868","3.141472","868","3.13974","868","3.143064","868","3.14464","863","3.141632","863","3.139172","863","3.142204","862","3.140892","863","3.143764","862","3.14186","862","3.139016","863","3.138592","862","3.141136","862","3.140772","855","3.143","849","3.1417177599999997","895","949"
"79","3.140824","370","3.141856","941","3.14138","935","3.142588","936","3.142232","733","3.140112","935","3.14044","936","3.13764","777","3.144444","799","3.142012","941","3.143556","936","3.137664","935","3.143648","941","3.139232","936","3.140172","941","3.142644","935","3.140232","939","3.142696","932","3.143668","939","3.142444","939","3.141536","939","3.141884","932","3.14376","933","3.143348","932","3.141428","939","3.143348","937","3.141236","932","3.141768","933","3.14142","923","3.141728","928","3.141604","922","3.14484","928","3.14262","928","3.141192","923","3.14022","931","3.13912","922","3.142752","929","3.140792","924","3.142768","931","3.141204","923","3.138724","927","3.141936","888","3.13894","927","3.141228","922","3.14232","895","3.142964","929","3.14174","929","3.14114","931","3.141804","928","3.142192","928","3.143164","928","3.14386","929","3.140272","931","3.142608","927","3.142924","902","3.141568","916","3.143584","900","3.14068","916","3.14146","900","3.141088","890","3.140856","916","3.139268","916","3.142924","902","3.142956","916","3.143444","899","3.139656","896","3.142556","901","3.139656","898","3.144204","900","3.13962","916","3.14084","899","3.141488","901","3.141588","900","3.14134","916","3.140168","899","3.142356","897","3.140508","901","3.14104","898","3.142544","898","3.139976","901","3.144444","900","3.140884","901","3.141796","895","3.140916","910","3.138992","910","3.141552","896","3.143224","895","3.141196","910","3.142644","910","3.141524","896","3.141652","893","3.144068","910","3.142196","885","3.1422","896","3.14092","882","3.143064","891","3.140584","910","3.142444","910","3.140664","895","3.140256","895","3.141644560000001","906","965"
"80","3.143108","728","3.141948","931","3.142064","874","3.141224","860","3.141696","931","3.141012","897","3.139412","860","3.141536","897","3.141916","860","3.143752","867","3.140712","860","3.14262","874","3.142504","859","3.13988","897","3.14116","860","3.141548","860","3.142468","896","3.143848","900","3.141264","930","3.141324","898","3.143136","900","3.142888","930","3.13934","896","3.142432","896","3.141856","929","3.143296","930","3.143204","908","3.141904","897","3.144612","857","3.14278","928","3.141344","928","3.140268","894","3.141464","928","3.140316","906","3.14324","928","3.144292","928","3.140752","898","3.142352","927","3.1431","927","3.14234","893","3.141884","927","3.142532","926","3.142776","927","3.140772","905","3.139824","927","3.139436","926","3.140092","926","3.13884","893","3.14238","927","3.14468","906","3.144744","893","3.143136","926","3.141804","893","3.1427","892","3.138776","903","3.142964","893","3.140748","927","3.141396","919","3.14052","919","3.143184","919","3.142852","919","3.13878","919","3.140676","918","3.139896","918","3.142008","913","3.1418","914","3.142592","913","3.14484","913","3.141996","913","3.14036","913","3.141208","913","3.138888","913","3.142972","913","3.141912","913","3.145568","911","3.14226","911","3.143444","905","3.14064","905","3.14116","905","3.141348","901","3.144384","900","3.142508","900","3.14042","901","3.142404","901","3.144496","900","3.141868","901","3.14228","898","3.143336","871","3.13976","864","3.140288","864","3.141608","864","3.141644","864","3.1413","864","3.143924","864","3.142656","864","3.139972","859","3.142716","858","3.145012","858","3.142292","858","3.142508","859","3.1419367600000006","897","932"
"81","3.140012","64","3.14044","772","3.140232","803","3.142168","917","3.14262","937","3.141144","917","3.143212","916","3.140912","937","3.139172","903","3.139952","937","3.138036","936","3.141768","917","3.13954","937","3.14332","936","3.146724","903","3.140672","916","3.141992","936","3.143424","903","3.14456","936","3.142916","936","3.14304","916","3.144284","936","3.142984","910","3.142076","936","3.1408","936","3.14028","900","3.142244","916","3.14526","916","3.139444","916","3.141344","917","3.140976","916","3.144184","883","3.141544","910","3.143716","884","3.141092","910","3.14286","874","3.142668","910","3.142968","911","3.140536","910","3.139984","910","3.141716","878","3.141508","897","3.141972","897","3.141332","897","3.138348","897","3.141964","897","3.142688","897","3.144856","897","3.141252","896","3.14248","897","3.141728","896","3.141516","896","3.14448","896","3.140832","865","3.139812","865","3.142136","864","3.143224","866","3.140252","865","3.143712","865","3.14164","861","3.141792","865","3.141012","865","3.14222","864","3.140376","863","3.143852","865","3.141436","865","3.141016","861","3.14384","862","3.143192","860","3.140224","863","3.141692","864","3.14102","862","3.142492","864","3.142636","864","3.142608","859","3.14494","862","3.139648","864","3.14104","860","3.143028","861","3.141032","859","3.139232","862","3.141916","865","3.142916","864","3.139928","863","3.139936","862","3.14056","864","3.139048","859","3.143232","859","3.14378","863","3.140944","859","3.13952","865","3.14246","863","3.144584","863","3.14126","860","3.141328","864","3.142824","862","3.141444","860","3.144752","858","3.141344","865","3.141396","861","3.1418404799999995","877","944"
"82","3.140812","213","3.140064","533","3.138904","505","3.140236","920","3.14114","927","3.145488","922","3.139516","922","3.13814","931","3.140196","930","3.143876","927","3.142808","922","3.140344","931","3.14316","930","3.143052","921","3.140756","929","3.14036","921","3.141024","886","3.142152","921","3.140504","925","3.139552","928","3.140352","922","3.140624","927","3.141348","928","3.141928","921","3.140288","930","3.1401","925","3.14184","928","3.144304","924","3.143528","923","3.140108","929","3.142096","927","3.138856","930","3.141816","931","3.14302","927","3.14344","928","3.139868","922","3.143448","922","3.14172","895","3.140528","896","3.140744","923","3.142588","928","3.143008","929","3.14252","928","3.142748","921","3.144396","931","3.138144","929","3.142636","921","3.143472","926","3.139452","930","3.14284","928","3.143488","921","3.141496","922","3.141648","928","3.142028","928","3.14164","929","3.142084","921","3.1439","921","3.142328","931","3.138692","925","3.143932","920","3.1428","929","3.138956","928","3.139956","923","3.143632","920","3.139552","924","3.143588","925","3.139872","930","3.143012","921","3.1402","927","3.141288","929","3.142812","926","3.142208","924","3.142052","930","3.142468","930","3.143932","927","3.138864","928","3.1421","921","3.141464","922","3.142672","929","3.14052","929","3.14176","928","3.14152","922","3.142708","921","3.144056","930","3.14462","921","3.142604","921","3.141892","920","3.141156","924","3.141344","921","3.144424","930","3.141464","930","3.141196","926","3.140448","929","3.141676","925","3.142404","927","3.14058","923","3.142712","928","3.143784","925","3.1399","930","3.141684","920","3.141689600000001","909","937"
"83","3.143152","910","3.140736","844","3.140124","914","3.139808","818","3.140824","839","3.141648","844","3.141872","914","3.14534","846","3.139244","914","3.141164","914","3.140732","914","3.141812","813","3.14022","914","3.140228","733","3.140572","839","3.142716","775","3.14062","733","3.139492","838","3.140068","914","3.14036","914","3.141084","914","3.141724","914","3.143908","844","3.143896","847","3.140092","914","3.140684","783","3.140428","775","3.141756","844","3.140612","838","3.143524","839","3.14334","914","3.141404","914","3.1386","839","3.1436","811","3.143576","915","3.1423","810","3.142664","774","3.141396","807","3.143152","838","3.140992","914","3.13962","914","3.14182","808","3.139748","846","3.141212","827","3.13974","835","3.140212","832","3.142532","816","3.141156","842","3.14064","877","3.140572","875","3.140996","840","3.145216","868","3.141528","868","3.141544","868","3.14216","868","3.141292","868","3.141308","868","3.139808","833","3.13966","859","3.144244","859","3.140196","864","3.142672","866","3.140656","862","3.138796","855","3.1444","860","3.14018","869","3.144644","859","3.14032","861","3.1402","868","3.141032","862","3.14178","856","3.14146","859","3.143024","862","3.141692","855","3.14284","859","3.13978","860","3.142584","861","3.145876","853","3.137348","862","3.143704","860","3.137572","862","3.140964","860","3.140432","859","3.143192","855","3.142652","858","3.144124","854","3.143204","854","3.1371","853","3.143916","850","3.140552","854","3.144216","850","3.14248","850","3.142252","855","3.143648","847","3.141168","850","3.143172","855","3.143724","850","3.141108","850","3.141512","852","3.138936","850","3.141535799999998","855","926"
"84","3.143104","201","3.142884","935","3.142336","924","3.143896","894","3.136968","956","3.139224","956","3.143724","925","3.14124","924","3.141016","956","3.142292","956","3.141956","956","3.141068","925","3.139004","787","3.141752","952","3.138192","952","3.14066","952","3.143696","952","3.142636","952","3.140712","952","3.144212","952","3.1437","931","3.141312","951","3.139408","951","3.141612","951","3.141204","951","3.141948","951","3.143536","952","3.1404","951","3.141588","952","3.143724","951","3.143132","951","3.142288","911","3.144172","912","3.14302","909","3.141452","910","3.140156","909","3.141864","910","3.14016","909","3.140844","910","3.142036","909","3.141216","911","3.143244","909","3.139784","910","3.139524","909","3.141692","909","3.143192","911","3.14158","910","3.138544","908","3.142952","909","3.140908","909","3.140516","911","3.142888","878","3.144556","909","3.142616","909","3.141896","908","3.13996","909","3.136664","907","3.143612","907","3.141516","909","3.140616","908","3.144276","907","3.14144","907","3.141036","907","3.145116","907","3.142604","907","3.140476","907","3.143232","891","3.14316","894","3.140176","892","3.143848","893","3.142196","892","3.141508","893","3.139472","894","3.142544","891","3.138788","893","3.139904","891","3.143636","894","3.140608","894","3.143804","890","3.141156","893","3.14376","892","3.140668","891","3.143152","893","3.141036","891","3.141976","890","3.1428","889","3.140752","891","3.142704","888","3.141644","888","3.141576","891","3.143032","889","3.143804","888","3.142052","891","3.143932","889","3.1443","889","3.14382","889","3.139328","889","3.139588","891","3.14126","889","3.141352","890","3.1417711999999978","904","962"
"85","3.142044","543","3.14098","939","3.140832","939","3.138704","940","3.142648","942","3.140884","939","3.14634","939","3.138228","938","3.144136","942","3.140872","905","3.138676","939","3.14012","939","3.144112","939","3.144104","907","3.142124","938","3.142056","939","3.14246","942","3.138296","942","3.141368","939","3.141704","938","3.141756","938","3.139732","942","3.141312","939","3.142076","938","3.140156","942","3.143328","938","3.141496","939","3.147232","939","3.141268","939","3.144548","939","3.1405","913","3.1406","938","3.140588","939","3.143056","938","3.140004","938","3.139968","939","3.139544","938","3.143444","938","3.13888","938","3.13954","938","3.14176","942","3.143444","939","3.140376","938","3.141324","937","3.142808","937","3.141556","939","3.143508","939","3.13894","939","3.141136","939","3.140048","938","3.143992","938","3.141076","932","3.140708","932","3.140352","931","3.140288","932","3.143524","932","3.145392","932","3.140388","933","3.14194","931","3.140664","935","3.141716","932","3.138496","932","3.143264","931","3.141848","932","3.14488","931","3.141876","934","3.141748","931","3.140736","931","3.140076","932","3.140116","932","3.142876","932","3.141972","931","3.145124","934","3.140004","930","3.144088","934","3.140988","932","3.138876","934","3.144416","930","3.140132","934","3.143392","931","3.139724","934","3.141248","934","3.13996","934","3.142864","931","3.141548","931","3.141328","931","3.141204","931","3.142104","931","3.142848","922","3.142264","925","3.145208","921","3.143312","925","3.139892","922","3.139008","925","3.141988","921","3.140308","925","3.141416","925","3.142108","922","3.141376","925","3.139112","921","3.14158384","929","943"
"86","3.141612","38","3.145224","689","3.139512","689","3.14466","688","3.13986","688","3.142536","688","3.140684","477","3.139088","573","3.1405","546","3.141812","688","3.144244","688","3.14122","689","3.13992","571","3.143356","680","3.139896","692","3.141004","685","3.143568","906","3.141852","792","3.141216","906","3.140828","898","3.140452","894","3.139548","904","3.145584","894","3.140628","897","3.141404","904","3.139392","897","3.14134","905","3.141","904","3.137368","903","3.142232","904","3.142564","902","3.139408","891","3.140124","893","3.141384","891","3.137908","895","3.140676","787","3.144044","900","3.142408","900","3.140516","893","3.146636","899","3.139012","901","3.140864","899","3.144208","901","3.1401","894","3.141916","894","3.142388","899","3.141112","890","3.142776","896","3.141544","894","3.142208","886","3.142992","881","3.140884","885","3.141448","886","3.140744","885","3.141868","886","3.142908","887","3.138348","885","3.143184","886","3.141456","841","3.141776","875","3.141908","886","3.140488","858","3.142156","861","3.142204","858","3.14148","863","3.1421","861","3.14014","860","3.141868","853","3.142172","863","3.140396","863","3.141268","862","3.144984","863","3.143684","862","3.138908","845","3.140844","858","3.141964","862","3.14214","860","3.140012","850","3.143548","862","3.140632","857","3.14362","862","3.140748","861","3.141176","863","3.141268","862","3.145076","860","3.140708","860","3.142288","860","3.13928","860","3.13898","859","3.141104","863","3.141376","862","3.142812","858","3.14106","862","3.143844","859","3.142356","862","3.13976","861","3.145464","863","3.139352","862","3.141944","858","3.142508","859","3.14156564","833","938"
"87","3.143636","734","3.141624","734","3.140876","799","3.141304","746","3.140816","746","3.144048","799","3.143544","734","3.140896","799","3.140388","799","3.14088","636","3.140692","734","3.142728","798","3.13954","735","3.140484","734","3.140892","798","3.141804","799","3.142564","733","3.141052","799","3.14222","799","3.141772","734","3.140924","799","3.140428","798","3.140428","622","3.14072","799","3.1433","798","3.139696","798","3.143608","915","3.141676","922","3.142236","921","3.140808","921","3.142088","922","3.139032","922","3.144388","915","3.143128","852","3.142012","921","3.141736","826","3.141848","921","3.143892","809","3.143624","818","3.141392","809","3.141912","915","3.143","922","3.144736","859","3.14136","773","3.140868","916","3.141376","859","3.141224","862","3.141816","921","3.13952","922","3.142328","850","3.141172","922","3.143104","915","3.141824","907","3.14088","900","3.143612","836","3.140428","841","3.14274","836","3.141008","842","3.14044","842","3.144612","835","3.14276","842","3.14348","842","3.13956","843","3.143184","843","3.139256","841","3.141068","841","3.142272","841","3.140884","844","3.142016","841","3.14394","841","3.14158","842","3.140976","843","3.141744","842","3.143904","835","3.143892","835","3.140456","826","3.141408","825","3.138236","829","3.143748","825","3.142156","846","3.138088","828","3.140684","828","3.139628","827","3.140548","828","3.140904","829","3.141712","829","3.14138","828","3.140304","825","3.142508","826","3.141448","825","3.141972","823","3.1379","823","3.141784","825","3.142192","825","3.140696","825","3.141372","823","3.143908","826","3.141608","814","3.13952","810","3.13982","809","3.1416118000000006","829","975"
"88","3.143972","436","3.143896","924","3.141372","909","3.144744","787","3.141164","946","3.143012","947","3.14104","947","3.13972","946","3.13888","946","3.141512","946","3.141948","947","3.142232","946","3.142916","921","3.142424","947","3.142936","924","3.139884","946","3.143004","946","3.140344","911","3.14168","946","3.144996","925","3.140364","916","3.140628","918","3.140052","915","3.144708","946","3.139232","909","3.140752","922","3.14196","937","3.144296","937","3.139768","936","3.139664","937","3.140944","937","3.141404","937","3.146668","937","3.139512","936","3.139132","917","3.14246","937","3.138972","937","3.143192","937","3.143892","904","3.144752","936","3.139044","936","3.139948","936","3.14182","936","3.140508","936","3.141548","936","3.142684","936","3.140872","913","3.140764","936","3.1441","936","3.139892","936","3.13978","936","3.139768","935","3.141872","936","3.142116","902","3.142384","936","3.13866","936","3.14228","909","3.142152","936","3.141476","936","3.14096","894","3.141892","916","3.139904","936","3.143228","935","3.140968","930","3.139276","931","3.142296","930","3.139816","930","3.141916","930","3.143952","930","3.142576","930","3.140532","930","3.141188","910","3.140656","905","3.141284","929","3.142448","930","3.13786","931","3.140564","908","3.138864","930","3.143716","930","3.142288","905","3.14112","905","3.139664","930","3.144244","930","3.139692","930","3.141924","930","3.14204","898","3.141628","926","3.140016","927","3.142276","927","3.138976","926","3.143728","901","3.144608","877","3.1395","869","3.1419","868","3.14224","869","3.141672","864","3.141932","865","3.141456","865","3.140568","865","3.1435","865","3.1415456400000017","917","948"
"89","3.141388","264","3.138852","622","3.137876","622","3.140256","621","3.141988","622","3.140188","621","3.14252","599","3.140444","620","3.141388","621","3.139732","620","3.14068","621","3.14226","621","3.138496","620","3.141308","621","3.141052","928","3.143424","929","3.145136","793","3.141688","766","3.141064","928","3.141","909","3.140832","899","3.142484","928","3.139228","929","3.138608","757","3.142308","906","3.143068","905","3.14298","906","3.144264","903","3.143088","906","3.139008","897","3.142044","906","3.141692","767","3.140068","926","3.142356","925","3.145432","816","3.141628","919","3.144252","918","3.13774","896","3.141444","899","3.141116","898","3.142016","918","3.142084","899","3.146088","918","3.142172","899","3.14336","918","3.142432","918","3.139896","879","3.139108","858","3.141896","879","3.142288","875","3.141384","874","3.141516","850","3.140664","871","3.138164","871","3.140732","870","3.14112","870","3.141896","850","3.142676","870","3.142052","871","3.143768","870","3.143148","870","3.143364","864","3.142196","865","3.142848","869","3.139144","867","3.140968","867","3.141856","866","3.140316","866","3.144336","867","3.140628","867","3.141284","864","3.145004","863","3.141084","856","3.144068","856","3.142864","858","3.14114","857","3.140572","859","3.138732","853","3.143196","857","3.14036","858","3.1412","857","3.141512","859","3.144472","855","3.140196","853","3.141672","852","3.137844","852","3.139668","859","3.141716","857","3.139632","858","3.142316","859","3.141552","858","3.141232","857","3.141576","857","3.141948","857","3.144016","856","3.14382","858","3.141332","857","3.143536","857","3.143024","858","3.139064","858","3.141581279999999","833","946"
"90","3.143756","931","3.142956","935","3.139368","938","3.141316","931","3.142348","935","3.141368","936","3.142212","936","3.143208","935","3.143136","931","3.138852","931","3.143792","932","3.141968","934","3.144812","933","3.14336","938","3.143236","929","3.143016","908","3.142636","930","3.142952","938","3.142632","930","3.141936","937","3.142284","931","3.143844","933","3.142476","932","3.141032","938","3.142356","938","3.1405","936","3.140256","932","3.143456","937","3.142252","936","3.141124","930","3.142388","935","3.143896","931","3.142676","930","3.141292","939","3.142976","904","3.14064","931","3.143272","937","3.142368","931","3.141884","932","3.144732","936","3.141724","939","3.1415","934","3.140724","934","3.143108","938","3.141392","932","3.142088","933","3.1419","934","3.141724","939","3.143076","929","3.142024","939","3.1417","938","3.1424","930","3.13924","929","3.1406","929","3.141412","937","3.142632","909","3.140776","903","3.141796","937","3.1421","932","3.14306","930","3.143884","930","3.142868","934","3.144056","930","3.140696","939","3.14052","936","3.140816","937","3.142716","929","3.143576","930","3.143416","937","3.14164","938","3.14376","938","3.143004","936","3.142528","935","3.142204","937","3.144152","930","3.140652","938","3.142396","936","3.143108","931","3.142104","934","3.143632","930","3.142472","939","3.142048","930","3.141532","931","3.142712","906","3.14348","932","3.142592","930","3.142704","936","3.143096","930","3.143384","929","3.139124","934","3.144128","933","3.143124","934","3.140144","932","3.142412","935","3.141604","938","3.142132","936","3.140096","908","3.140772","930","3.141348","930","3.141948","938","3.1422212000000003","932","940"
"91","3.139436","101","3.13992","871","3.14162","872","3.141636","892","3.14092","892","3.13956","892","3.143236","892","3.142708","892","3.14062","871","3.143708","892","3.139988","872","3.142248","871","3.143244","850","3.140784","830","3.142784","892","3.144688","867","3.144244","867","3.142404","867","3.138616","887","3.138308","887","3.143276","887","3.142268","887","3.144168","887","3.141884","867","3.141056","867","3.139188","887","3.143652","847","3.13858","867","3.140928","887","3.140624","887","3.140656","866","3.140664","887","3.143092","864","3.141516","884","3.141596","876","3.141692","835","3.142808","876","3.141192","835","3.138244","856","3.13988","874","3.143236","854","3.141176","874","3.141156","832","3.142376","833","3.140836","851","3.14176","873","3.14124","851","3.141668","899","3.141436","852","3.14004","899","3.141088","873","3.140096","852","3.142836","872","3.141864","872","3.142724","874","3.140252","872","3.142184","873","3.139068","872","3.138408","829","3.142488","871","3.14238","898","3.142336","898","3.144484","898","3.141244","872","3.14096","848","3.141212","840","3.143472","838","3.142436","817","3.144168","839","3.141408","839","3.140212","839","3.141292","839","3.141176","839","3.142272","839","3.142652","839","3.14136","839","3.142964","839","3.142128","830","3.139008","829","3.140624","829","3.140796","829","3.140716","830","3.142132","829","3.139968","829","3.140936","829","3.141132","821","3.14064","821","3.140776","821","3.141564","820","3.142524","819","3.138296","815","3.143512","818","3.143288","818","3.140072","815","3.141388","812","3.141252","815","3.140808","815","3.140684","815","3.144172","815","3.142124","815","3.141481360000002","848","948"
"92","3.141792","103","3.141848","698","3.140352","697","3.140232","697","3.140244","697","3.140696","697","3.140132","676","3.142748","698","3.14418","697","3.142008","675","3.142708","675","3.142776","676","3.140696","697","3.143184","697","3.1386","697","3.141764","932","3.14554","933","3.141068","908","3.14182","933","3.142204","932","3.139008","932","3.143488","932","3.141792","933","3.143268","911","3.139376","932","3.140748","932","3.140592","932","3.142424","913","3.140368","932","3.144432","933","3.140824","932","3.141344","932","3.14212","930","3.143208","920","3.140776","921","3.139672","920","3.140212","892","3.140456","921","3.141048","921","3.140676","920","3.141004","919","3.14226","919","3.140804","920","3.143612","919","3.14234","920","3.14014","918","3.139744","918","3.143872","919","3.139124","920","3.143016","918","3.139684","915","3.140956","915","3.14204","915","3.14412","916","3.14052","915","3.140348","916","3.139824","914","3.14232","895","3.137252","915","3.142092","916","3.141436","916","3.143216","916","3.138488","915","3.142268","915","3.142196","916","3.139552","914","3.142364","915","3.14308","916","3.143212","915","3.140324","916","3.139724","916","3.141404","915","3.140964","916","3.142048","915","3.142476","916","3.138852","916","3.139496","915","3.145044","915","3.140016","916","3.14298","915","3.141692","914","3.139652","916","3.14548","916","3.140332","914","3.143948","915","3.139596","916","3.142588","915","3.140772","915","3.139844","915","3.14354","915","3.144252","915","3.143608","915","3.140224","914","3.140228","915","3.14042","914","3.141952","914","3.142888","914","3.143732","915","3.141096","916","3.142688","916","3.1415316799999995","878","942"
"93","3.13876","168","3.141448","677","3.13992","579","3.142776","905","3.141472","919","3.140932","676","3.144824","940","3.142816","940","3.1424","939","3.139588","901","3.13864","939","3.143076","940","3.139548","939","3.14184","941","3.13862","920","3.141608","914","3.141068","940","3.141652","940","3.141752","907","3.143568","913","3.138728","940","3.145412","939","3.138692","940","3.143012","940","3.142508","939","3.140076","912","3.13944","938","3.143292","937","3.142544","937","3.142812","937","3.141872","915","3.14216","936","3.14202","937","3.143368","937","3.140688","936","3.142388","938","3.142836","938","3.139656","937","3.144808","937","3.144996","937","3.141436","938","3.141364","936","3.138856","938","3.139696","937","3.140984","936","3.143408","938","3.141052","938","3.143756","936","3.140604","937","3.143004","917","3.142572","938","3.14218","936","3.140376","937","3.139812","936","3.142496","936","3.141536","914","3.138256","910","3.139228","936","3.142344","935","3.141764","936","3.139652","936","3.142024","938","3.139492","937","3.14456","937","3.143228","933","3.141808","934","3.140376","934","3.141756","934","3.141116","933","3.142912","934","3.140976","932","3.140548","932","3.140512","933","3.142412","934","3.143664","932","3.140812","934","3.142172","934","3.14146","933","3.140296","934","3.139968","934","3.141604","933","3.13938","933","3.141028","934","3.142344","933","3.1418","933","3.140248","934","3.142092","932","3.143292","934","3.141044","932","3.142676","933","3.145268","934","3.14206","934","3.144624","934","3.142264","934","3.14012","932","3.139032","932","3.140696","934","3.144","934","3.140988","904","3.140884","903","3.1415752799999996","915","946"
"94","3.143024","478","3.14184","939","3.14342","939","3.140092","940","3.1406","906","3.14288","936","3.144616","936","3.141884","935","3.142824","911","3.141752","938","3.14156","938","3.14404","941","3.139904","941","3.138196","940","3.141676","933","3.143268","933","3.143304","932","3.14032","941","3.143628","933","3.13938","940","3.144392","936","3.142808","940","3.13834","912","3.143032","932","3.143624","933","3.142092","912","3.14126","937","3.143868","937","3.141448","936","3.142368","936","3.141548","933","3.14232","941","3.139004","940","3.141248","937","3.141216","937","3.140592","932","3.14174","933","3.143688","940","3.139716","933","3.141552","937","3.14198","937","3.142564","936","3.137128","932","3.13964","936","3.14316","916","3.141132","909","3.142956","908","3.14088","909","3.142976","916","3.144392","916","3.14088","916","3.142456","908","3.140388","916","3.143288","916","3.142256","916","3.143596","888","3.140292","916","3.144272","915","3.142636","916","3.140548","916","3.142836","908","3.143512","908","3.141688","916","3.144448","916","3.142932","913","3.141748","888","3.14296","905","3.141396","889","3.142116","879","3.141688","886","3.142068","886","3.141824","886","3.142688","878","3.140208","851","3.141668","886","3.143224","868","3.142008","878","3.143432","880","3.14128","878","3.140404","865","3.14376","865","3.140552","876","3.138068","876","3.140108","866","3.142732","877","3.138276","875","3.139288","865","3.140056","873","3.140756","874","3.137792","873","3.140996","865","3.140636","865","3.139724","855","3.140244","865","3.14162","865","3.141848","862","3.13966","865","3.143032","865","3.143304","865","3.142864","860","3.1417092799999993","903","949"
"95","3.14182","280","3.141836","566","3.142572","543","3.140712","917","3.140652","588","3.143928","542","3.140256","588","3.142228","588","3.143976","917","3.140364","509","3.143512","921","3.142188","915","3.14142","914","3.143012","917","3.145136","912","3.14176","912","3.143608","917","3.139472","908","3.14118","901","3.14004","902","3.139704","907","3.141104","907","3.1425","901","3.14262","902","3.142068","907","3.142152","901","3.142572","901","3.141584","906","3.139432","901","3.14138","901","3.139912","906","3.139796","907","3.138824","907","3.144536","908","3.140316","901","3.143236","907","3.14","906","3.142788","907","3.141116","907","3.141324","900","3.141008","905","3.142064","907","3.143448","906","3.139324","900","3.144524","901","3.144032","886","3.14044","893","3.14402","883","3.140728","890","3.14346","913","3.140428","913","3.142132","913","3.143144","890","3.14054","889","3.139148","910","3.142992","910","3.142764","885","3.14146","885","3.140776","879","3.140392","886","3.1397","910","3.142168","886","3.14208","879","3.14206","879","3.14418","878","3.143376","844","3.141332","886","3.143272","879","3.1431","887","3.138936","886","3.139324","900","3.142612","876","3.142572","863","3.141896","880","3.14012","850","3.143784","880","3.142388","857","3.14072","880","3.142312","880","3.137824","880","3.144756","874","3.140296","875","3.142484","855","3.143476","857","3.14558","858","3.141592","875","3.141572","875","3.143904","856","3.14114","857","3.139864","875","3.14228","875","3.141568","875","3.140192","874","3.14472","843","3.14038","874","3.141192","854","3.14146","873","3.1429","874","3.144972","852","3.14052","874","3.1418206399999997","860","950"
"96","3.14192","896","3.141008","1120","3.14194","1155","3.143224","1054","3.141404","1120","3.141648","1120","3.138532","1090","3.143816","1073","3.143256","994","3.140544","1119","3.140664","1033","3.144628","1090","3.143048","1120","3.14296","1090","3.142084","1120","3.139124","1119","3.141444","1155","3.139656","1120","3.140372","1120","3.141836","1090","3.140952","1119","3.14086","1155","3.140896","1119","3.142104","1120","3.14272","1053","3.140416","1089","3.14014","1120","3.137628","1120","3.1414","1155","3.140692","1013","3.136856","1119","3.143772","1090","3.1406","1120","3.137792","1054","3.143448","1155","3.143292","1119","3.14292","1054","3.139976","1119","3.1396","1113","3.142132","1113","3.141652","1148","3.143756","1148","3.137764","1147","3.140124","1109","3.14406","1105","3.140412","1058","3.143136","1059","3.14048","1058","3.138424","1058","3.140268","1042","3.139868","1058","3.144028","1058","3.138844","1012","3.143112","1012","3.139324","1012","3.141452","1012","3.142772","1012","3.142652","1012","3.140536","1012","3.141588","990","3.138712","990","3.143364","990","3.141368","990","3.142308","990","3.143192","990","3.138048","990","3.140592","990","3.1389","990","3.141588","990","3.138664","990","3.139848","990","3.140488","990","3.139928","990","3.143896","990","3.142952","990","3.14174","990","3.141636","990","3.142472","990","3.141128","990","3.143","989","3.13964","990","3.144144","990","3.14148","990","3.1432","990","3.14198","990","3.143476","990","3.139572","989","3.144188","989","3.14048","990","3.141184","990","3.141152","989","3.142408","989","3.14124","990","3.143508","989","3.141608","989","3.14238","989","3.14196","989","3.142384","969","3.143252","969","3.140104","970","3.1413871999999996","1045","1156"
"97","3.142892","768","3.142688","768","3.14308","765","3.13992","803","3.139848","802","3.139972","803","3.14374","844","3.141552","775","3.14114","934","3.139196","849","3.141864","934","3.141776","802","3.141328","873","3.1429","873","3.14066","899","3.140456","931","3.145436","931","3.140504","899","3.141604","931","3.143696","911","3.144732","929","3.140064","864","3.142864","928","3.140548","895","3.142556","862","3.142376","907","3.143488","928","3.143192","865","3.14052","896","3.141824","929","3.14338","906","3.14238","865","3.142392","928","3.139608","929","3.141108","867","3.140932","928","3.14134","870","3.139208","928","3.141608","929","3.143208","908","3.143316","928","3.140704","895","3.143104","896","3.1415","895","3.142216","866","3.14212","875","3.143576","928","3.136148","907","3.141928","907","3.143812","888","3.14162","908","3.139692","908","3.1442","907","3.139152","907","3.140104","907","3.141824","886","3.143028","908","3.139468","907","3.142708","907","3.140156","876","3.141372","907","3.139712","879","3.142116","885","3.142124","908","3.141812","907","3.139132","904","3.141152","904","3.141656","904","3.140748","904","3.14262","904","3.1403","903","3.13724","897","3.141208","883","3.143464","883","3.141192","884","3.142536","883","3.139288","884","3.139388","884","3.13718","884","3.14232","884","3.140544","884","3.142772","884","3.143924","883","3.141116","883","3.142576","883","3.142624","884","3.140144","884","3.140644","884","3.142096","884","3.142216","880","3.140816","865","3.138316","864","3.141924","864","3.142672","859","3.139368","860","3.14402","859","3.139224","859","3.142064","860","3.143164","860","3.141896","859","3.14150636","884","936"
"98","3.140388","276","3.139764","576","3.142208","574","3.142424","576","3.141892","575","3.142704","552","3.142068","574","3.142128","575","3.141012","876","3.14068","877","3.14128","874","3.142064","898","3.141072","897","3.142088","898","3.140548","898","3.142968","898","3.142044","898","3.143844","898","3.141524","898","3.142016","898","3.142296","898","3.142892","898","3.14022","898","3.139564","898","3.142028","898","3.141496","898","3.139324","898","3.141676","898","3.14058","897","3.141712","898","3.140316","898","3.140704","897","3.14134","898","3.141732","897","3.142104","897","3.138768","897","3.14474","897","3.139988","898","3.141916","897","3.14004","898","3.142024","875","3.142852","898","3.142584","897","3.142808","889","3.14304","884","3.141312","877","3.143508","877","3.142568","880","3.143196","876","3.142372","878","3.141748","876","3.142556","874","3.142856","881","3.142472","875","3.14318","880","3.143192","879","3.144584","872","3.1437","876","3.141432","880","3.142348","878","3.143664","880","3.141172","881","3.141508","875","3.14124","880","3.140128","872","3.140596","879","3.139872","878","3.140944","881","3.142456","876","3.139692","881","3.14006","879","3.14178","873","3.139868","877","3.139956","880","3.143544","879","3.14256","878","3.141724","879","3.140864","876","3.140848","878","3.141328","877","3.142284","880","3.140724","872","3.140004","875","3.142272","880","3.141496","876","3.145024","880","3.143508","880","3.141084","879","3.143852","879","3.138172","867","3.142656","880","3.14138","881","3.140508","874","3.14204","879","3.1408","880","3.143052","875","3.141316","877","3.142124","880","3.139384","875","3.14434","876","3.1417230800000002","856","925"
"99","3.142216","937","3.137052","937","3.142536","907","3.14178","908","3.14062","906","3.140144","937","3.143336","913","3.142336","937","3.14432","908","3.14134","907","3.140312","907","3.140464","871","3.142164","842","3.143452","877","3.140128","914","3.143452","937","3.140436","938","3.143052","909","3.139536","906","3.140328","907","3.14158","915","3.14226","908","3.145348","937","3.143088","911","3.139824","910","3.139436","906","3.143464","907","3.142728","911","3.142792","937","3.142444","876","3.145008","937","3.141728","916","3.144272","907","3.142692","937","3.142128","905","3.143584","872","3.142372","908","3.141508","916","3.143368","908","3.140172","915","3.140336","877","3.141912","905","3.140224","937","3.143152","937","3.139692","937","3.140708","937","3.143536","937","3.142468","909","3.143824","937","3.13976","911","3.140168","937","3.143904","927","3.141048","924","3.144504","924","3.142688","922","3.140052","923","3.14034","924","3.141524","921","3.138512","923","3.13886","922","3.140084","912","3.142864","914","3.1361","893","3.137884","916","3.141108","912","3.14394","912","3.140844","915","3.140528","915","3.142032","916","3.139212","913","3.141492","913","3.143384","913","3.143824","912","3.140848","906","3.142404","902","3.141596","903","3.142172","905","3.142","902","3.14248","903","3.139368","906","3.142552","906","3.143828","903","3.140572","902","3.142488","906","3.139692","906","3.143248","904","3.141788","904","3.141444","903","3.141616","904","3.142192","901","3.141908","894","3.143208","895","3.139936","892","3.140844","895","3.138628","895","3.14404","892","3.142156","894","3.143412","895","3.139624","895","3.143624","891","3.1416697600000005","910","942"
"100","3.14014","459","3.142628","459","3.142856","457","3.141088","457","3.138068","457","3.140756","610","3.141748","610","3.140716","456","3.142772","584","3.14","608","3.141328","610","3.143884","611","3.141088","584","3.14116","963","3.141608","963","3.13846","960","3.140224","961","3.143172","960","3.139672","960","3.142372","960","3.141416","960","3.140764","960","3.1402","961","3.143348","961","3.1418","961","3.138892","960","3.139996","960","3.14386","960","3.142972","960","3.143272","955","3.143332","955","3.140896","955","3.14226","954","3.138456","955","3.14076","954","3.141464","954","3.14008","954","3.14244","955","3.137964","954","3.140828","955","3.142448","955","3.142848","954","3.142056","954","3.14204","954","3.1427","955","3.142772","955","3.142328","954","3.140528","953","3.141044","930","3.14096","954","3.138076","954","3.140284","954","3.142852","954","3.144416","954","3.139252","954","3.143124","954","3.140548","954","3.141396","954","3.144116","955","3.141932","954","3.144788","954","3.139272","953","3.140012","954","3.141516","953","3.141884","954","3.142016","954","3.139256","954","3.141972","944","3.140688","944","3.143036","944","3.140488","944","3.144424","944","3.140024","945","3.140564","945","3.142032","914","3.140532","938","3.142336","938","3.141916","938","3.138924","923","3.14024","923","3.14082","923","3.139824","911","3.141504","910","3.139688","910","3.14058","910","3.143036","909","3.139452","909","3.142988","909","3.141156","910","3.139324","896","3.140992","895","3.143188","896","3.146004","895","3.14392","895","3.1389","895","3.143108","895","3.140748","891","3.14154","891","3.141296","891","3.141836","892","3.14140284","887","976"
"Averages","3.1414379199999996","393","3.1415991599999997","684","3.141401999999999","729","3.141685880000001","751","3.1414216800000014","770","3.14154024","780","3.1417301199999996","808","3.14145076","823","3.1418882000000004","844","3.141391359999998","847","3.1414278400000017","850","3.14145464","842","3.1416746400000006","860","3.14164404","869","3.1415044000000036","871","3.1419229599999996","884","3.14173388","889","3.14172176","901","3.1414759999999995","905","3.141633840000001","910","3.1417209999999987","913","3.1416268","912","3.141393560000001","906","3.141611039999999","907","3.1415067199999998","915","3.1414333200000004","912","3.1414703599999996","913","3.1417910400000006","911","3.1413333999999997","919","3.1416531199999995","917","3.141565479999999","926","3.1416281600000007","920","3.1417652400000002","925","3.141577480000002","924","3.1418290799999995","922","3.1416150800000002","922","3.1418788000000006","923","3.1415410799999988","924","3.14177564","922","3.141750479999999","923","3.1414886799999993","926","3.1419001999999994","923","3.1413951200000003","925","3.1415885199999996","923","3.1413983599999993","923","3.1417041600000006","924","3.1415684000000024","921","3.1414821600000007","924","3.14160568","924","3.1416841600000005","922","3.141547599999998","925","3.1416806800000012","923","3.1414567200000003","923","3.1414454799999993","924","3.141691199999999","920","3.141473280000001","921","3.1417150799999995","917","3.1416984400000008","918","3.1412849200000004","918","3.1416350000000017","917","3.141467359999999","918","3.1414907999999984","917","3.141333119999999","917","3.14143452","918","3.1416065599999996","919","3.14181748","918","3.14184252","918","3.141548399999999","917","3.1419003199999995","917","3.14134076","916","3.1415676400000008","916","3.141807560000002","916","3.1416768399999997","913","3.1413049199999987","914","3.1416131199999997","912","3.1416047599999986","911","3.1416962400000013","910","3.1416325999999994","910","3.1414407199999994","910","3.1415625200000012","909","3.1416097199999995","909","3.1415266399999986","907","3.1415128000000005","907","3.1414974400000006","904","3.141697640000002","905","3.1417249599999995","904","3.141231760000002","904","3.1417321599999997","904","3.14147552","903","3.141494679999999","902","3.1417637599999995","901","3.141753359999999","900","3.1415261599999997","898","3.14154864","898","3.1414827600000006","897","3.141630360000001","895","3.1417091999999998","895","3.1417938000000003","894","3.1416383999999997","894","3.141514720000001","893","3.1415920528000005","893","1011"
