"Iteration Count","Job[1] Result","Job[1] Runtime (ms)","Job[2] Result","Job[2] Runtime (ms)","Job[3] Result","Job[3] Runtime (ms)","Job[4] Result","Job[4] Runtime (ms)","Job[5] Result","Job[5] Runtime (ms)","Job[6] Result","Job[6] Runtime (ms)","Job[7] Result","Job[7] Runtime (ms)","Job[8] Result","Job[8] Runtime (ms)","Job[9] Result","Job[9] Runtime (ms)","Job[10] Result","Job[10] Runtime (ms)","Job[11] Result","Job[11] Runtime (ms)","Job[12] Result","Job[12] Runtime (ms)","Job[13] Result","Job[13] Runtime (ms)","Job[14] Result","Job[14] Runtime (ms)","Job[15] Result","Job[15] Runtime (ms)","Job[16] Result","Job[16] Runtime (ms)","Job[17] Result","Job[17] Runtime (ms)","Job[18] Result","Job[18] Runtime (ms)","Job[19] Result","Job[19] Runtime (ms)","Job[20] Result","Job[20] Runtime (ms)","Job[21] Result","Job[21] Runtime (ms)","Job[22] Result","Job[22] Runtime (ms)","Job[23] Result","Job[23] Runtime (ms)","Job[24] Result","Job[24] Runtime (ms)","Job[25] Result","Job[25] Runtime (ms)","Job[26] Result","Job[26] Runtime (ms)","Job[27] Result","Job[27] Runtime (ms)","Job[28] Result","Job[28] Runtime (ms)","Job[29] Result","Job[29] Runtime (ms)","Job[30] Result","Job[30] Runtime (ms)","Job[31] Result","Job[31] Runtime (ms)","Job[32] Result","Job[32] Runtime (ms)","Job[33] Result","Job[33] Runtime (ms)","Job[34] Result","Job[34] Runtime (ms)","Job[35] Result","Job[35] Runtime (ms)","Job[36] Result","Job[36] Runtime (ms)","Job[37] Result","Job[37] Runtime (ms)","Job[38] Result","Job[38] Runtime (ms)","Job[39] Result","Job[39] Runtime (ms)","Job[40] Result","Job[40] Runtime (ms)","Job[41] Result","Job[41] Runtime (ms)","Job[42] Result","Job[42] Runtime (ms)","Job[43] Result","Job[43] Runtime (ms)","Job[44] Result","Job[44] Runtime (ms)","Job[45] Result","Job[45] Runtime (ms)","Job[46] Result","Job[46] Runtime (ms)","Job[47] Result","Job[47] Runtime (ms)","Job[48] Result","Job[48] Runtime (ms)","Job[49] Result","Job[49] Runtime (ms)","Job[50] Result","Job[50] Runtime (ms)","Job[51] Result","Job[51] Runtime (ms)","Job[52] Result","Job[52] Runtime (ms)","Job[53] Result","Job[53] Runtime (ms)","Job[54] Result","Job[54] Runtime (ms)","Job[55] Result","Job[55] Runtime (ms)","Job[56] Result","Job[56] Runtime (ms)","Job[57] Result","Job[57] Runtime (ms)","Job[58] Result","Job[58] Runtime (ms)","Job[59] Result","Job[59] Runtime (ms)","Job[60] Result","Job[60] Runtime (ms)","Job[61] Result","Job[61] Runtime (ms)","Job[62] Result","Job[62] Runtime (ms)","Job[63] Result","Job[63] Runtime (ms)","Job[64] Result","Job[64] Runtime (ms)","Job[65] Result","Job[65] Runtime (ms)","Job[66] Result","Job[66] Runtime (ms)","Job[67] Result","Job[67] Runtime (ms)","Job[68] Result","Job[68] Runtime (ms)","Job[69] Result","Job[69] Runtime (ms)","Job[70] Result","Job[70] Runtime (ms)","Job[71] Result","Job[71] Runtime (ms)","Job[72] Result","Job[72] Runtime (ms)","Job[73] Result","Job[73] Runtime (ms)","Job[74] Result","Job[74] Runtime (ms)","Job[75] Result","Job[75] Runtime (ms)","Job[76] Result","Job[76] Runtime (ms)","Job[77] Result","Job[77] Runtime (ms)","Job[78] Result","Job[78] Runtime (ms)","Job[79] Result","Job[79] Runtime (ms)","Job[80] Result","Job[80] Runtime (ms)","Job[81] Result","Job[81] Runtime (ms)","Job[82] Result","Job[82] Runtime (ms)","Job[83] Result","Job[83] Runtime (ms)","Job[84] Result","Job[84] Runtime (ms)","Job[85] Result","Job[85] Runtime (ms)","Job[86] Result","Job[86] Runtime (ms)","Job[87] Result","Job[87] Runtime (ms)","Job[88] Result","Job[88] Runtime (ms)","Job[89] Result","Job[89] Runtime (ms)","Job[90] Result","Job[90] Runtime (ms)","Job[91] Result","Job[91] Runtime (ms)","Job[92] Result","Job[92] Runtime (ms)","Job[93] Result","Job[93] Runtime (ms)","Job[94] Result","Job[94] Runtime (ms)","Job[95] Result","Job[95] Runtime (ms)","Job[96] Result","Job[96] Runtime (ms)","Job[97] Result","Job[97] Runtime (ms)","Job[98] Result","Job[98] Runtime (ms)","Job[99] Result","Job[99] Runtime (ms)","Job[100] Result","Job[100] Runtime (ms)","Average Result","Average Runtime (ms)","Total Runtime (ms)"
"1","3.142936","2048","3.141424","2087","3.139204","2012","3.142876","2086","3.14026","2138","3.140824","2004","3.141876","2089","3.141396","2001","3.139468","2001","3.140664","2001","3.142452","2067","3.13908","2001","3.141372","2031","3.1418","2030","3.13974","1964","3.143008","2030","3.140356","1964","3.143188","1963","3.141628","1889","3.138608","2029","3.140448","1963","3.140724","1964","3.13776","2029","3.142912","1963","3.142632","2028","3.142368","1963","3.14294","1964","3.14328","2028","3.140424","1956","3.144048","1891","3.14044","1956","3.139092","1955","3.141652","1954","3.140236","1955","3.141368","1833","3.139284","1852","3.140724","1851","3.144548","1851","3.140156","1850","3.139176","1851","3.13764","1852","3.139616","1850","3.142908","1851","3.143876","1851","3.140364","1851","3.140656","1784","3.144664","1850","3.140932","1850","3.14088","1850","3.140632","1851","3.144356","1850","3.140488","1849","3.142564","1850","3.140024","1849","3.141352","1848","3.14218","1849","3.142188","1882","3.14434","1850","3.139364","1850","3.140868","1849","3.13982","1849","3.141848","1837","3.141512","1834","3.141176","1813","3.139176","1779","3.141788","1778","3.140612","1812","3.140656","1812","3.142552","1779","3.14218","1778","3.143432","1811","3.140976","1812","3.139792","1811","3.142344","1751","3.142928","1751","3.144508","1750","3.139656","1744","3.14004","1744","3.14336","1745","3.141816","1744","3.142288","1744","3.144504","1744","3.13894","1744","3.140576","1744","3.143968","1744","3.141852","1731","3.142388","1719","3.14468","1719","3.141376","1718","3.138868","1684","3.142796","1684","3.144144","1718","3.141948","1718","3.141568","1718","3.13924","1717","3.14244","1718","3.139276","1718","3.142376","1717","3.142536","1717","3.142256","1717","3.14144456","1862","5311"
"2","3.143504","139","3.141492","166","3.140652","139","3.141296","166","3.141208","904","3.141564","862","3.14228","862","3.141344","815","3.145004","904","3.142608","904","3.1441","862","3.143868","1110","3.1433","1109","3.143908","899","3.14416","1109","3.141608","1107","3.141116","1043","3.14004","1003","3.144036","1043","3.14134","1079","3.142264","1113","3.141512","1112","3.1401","1074","3.140908","1075","3.145048","1111","3.140012","1111","3.141948","1111","3.141248","1111","3.14358","1073","3.142832","1073","3.144984","1111","3.140012","1073","3.141048","1074","3.140464","1073","3.14182","1073","3.140868","1110","3.144164","1110","3.143156","1073","3.138584","1110","3.143184","1109","3.14074","1072","3.138716","1109","3.143532","1072","3.14202","1109","3.142996","1109","3.141248","1068","3.1419","1106","3.13852","1106","3.139912","1105","3.142284","1105","3.1396","1106","3.141452","1105","3.141204","1106","3.142072","1105","3.140428","1105","3.140472","1106","3.142724","1106","3.138796","1105","3.144812","1106","3.144488","1106","3.142216","1103","3.139952","1087","3.14228","1086","3.141592","1086","3.139564","1086","3.141388","1086","3.141704","1087","3.14556","1049","3.140636","1086","3.13914","1084","3.142888","1041","3.14308","1040","3.14174","1036","3.140548","1035","3.142768","1036","3.142852","1036","3.142648","1036","3.14028","1036","3.143144","1036","3.137448","1036","3.139548","1036","3.14094","1036","3.143648","1035","3.142952","1036","3.143744","1036","3.139724","1035","3.139588","1036","3.141752","1036","3.140244","1036","3.142512","1035","3.14062","1036","3.142712","1036","3.142848","1035","3.14112","1035","3.1432","1035","3.144308","1035","3.14028","1035","3.13948","1016","3.141256","1017","3.143532","1016","3.1417951599999996","1019","1158"
"3","3.144444","253","3.140948","591","3.139788","620","3.142248","691","3.14372","1194","3.140348","1164","3.142664","1194","3.141124","1110","3.14254","1110","3.140132","1194","3.140732","1162","3.142184","1193","3.141632","1193","3.143172","1162","3.143492","1136","3.140644","1193","3.140548","1110","3.138116","1162","3.141876","1135","3.14112","1110","3.142076","1136","3.141812","1193","3.138876","1193","3.140176","1193","3.14118","1163","3.14358","1193","3.142376","1162","3.140864","1214","3.141736","1137","3.141576","1135","3.140576","1162","3.143956","1193","3.138288","1207","3.142968","1180","3.14334","1186","3.141132","1154","3.144764","1204","3.14182","1183","3.139824","1203","3.136312","1203","3.142772","1199","3.1419","1177","3.14378","1173","3.14168","1166","3.141472","1166","3.141404","1164","3.14144","1165","3.140256","1162","3.140244","1162","3.141892","1163","3.1426","1162","3.142052","1162","3.14264","1162","3.143556","1162","3.140516","1161","3.141192","1160","3.141076","1162","3.140248","1162","3.139952","1162","3.143904","1161","3.1416","1162","3.144156","1162","3.14096","1162","3.140968","1162","3.14014","1161","3.14264","1161","3.141392","1162","3.14028","1163","3.141864","1162","3.143596","1162","3.141016","1162","3.141636","1162","3.142612","1161","3.13992","1162","3.144668","1162","3.141592","1162","3.142016","1162","3.139884","1161","3.142336","1162","3.139512","1161","3.141816","1150","3.140468","1149","3.143236","1149","3.138376","1150","3.135816","1149","3.143896","1150","3.14116","1149","3.144236","1145","3.14184","1141","3.141352","1141","3.141336","1141","3.142684","1141","3.142736","1141","3.144408","1134","3.139972","1134","3.136404","1134","3.141204","1134","3.14462","1134","3.141204","1134","3.143332","1134","3.1415616399999995","1136","1222"
"4","3.14388","106","3.139736","154","3.141552","138","3.139616","106","3.143732","373","3.13968","884","3.143012","407","3.141068","406","3.14182","406","3.14256","925","3.14176","925","3.144512","926","3.14052","871","3.139064","889","3.141824","925","3.141396","925","3.140164","926","3.139184","926","3.141324","926","3.144384","925","3.140736","889","3.141452","925","3.140912","924","3.142744","925","3.143404","925","3.141516","925","3.142652","925","3.141268","924","3.143232","925","3.143692","926","3.140684","870","3.141736","925","3.141712","925","3.141572","924","3.142712","925","3.138804","925","3.143508","871","3.141896","889","3.141556","924","3.144032","925","3.141124","924","3.140592","925","3.140564","924","3.139996","923","3.141272","925","3.141584","925","3.143144","925","3.140932","889","3.142856","925","3.140728","888","3.140572","924","3.142408","924","3.13916","924","3.141984","870","3.14226","841","3.140308","841","3.139336","824","3.141748","831","3.13928","831","3.140072","814","3.139516","814","3.142996","814","3.14132","814","3.141104","814","3.142048","813","3.141872","831","3.1438","831","3.140216","813","3.142456","831","3.139736","813","3.143144","831","3.139848","814","3.141404","831","3.141768","814","3.13824","831","3.142552","831","3.143412","814","3.143008","814","3.141648","814","3.141824","813","3.139276","814","3.142612","813","3.143344","831","3.141544","831","3.143708","813","3.141616","813","3.139808","814","3.141128","812","3.141764","808","3.140736","807","3.139792","825","3.140284","825","3.142464","808","3.142844","807","3.141364","825","3.142424","807","3.139876","825","3.144652","807","3.142632","825","3.139968","824","3.1415427600000014","819","999"
"5","3.139524","701","3.140632","725","3.143776","675","3.14306","724","3.141172","700","3.142184","823","3.138088","700","3.144728","823","3.144288","724","3.1417","724","3.141216","724","3.140804","716","3.142524","815","3.13886","813","3.14082","872","3.139556","872","3.142456","809","3.142448","868","3.14068","809","3.14066","710","3.13856","868","3.14056","868","3.142876","805","3.142888","865","3.141204","864","3.138044","865","3.139352","862","3.140004","803","3.13996","940","3.14076","940","3.14104","940","3.142044","1001","3.14148","940","3.140212","998","3.140336","937","3.142004","998","3.144496","998","3.14062","936","3.13854","978","3.14156","978","3.144904","978","3.1383","917","3.141376","936","3.139376","978","3.142572","955","3.14048","954","3.141968","954","3.139672","954","3.143568","954","3.143048","953","3.143264","953","3.144108","932","3.142432","933","3.144652","933","3.140992","933","3.14336","890","3.1453","933","3.141632","933","3.142408","931","3.142688","931","3.143412","929","3.142688","928","3.138316","929","3.13832","928","3.143556","929","3.142716","928","3.142364","929","3.139544","928","3.14462","929","3.14118","929","3.140464","929","3.138604","928","3.142112","928","3.143784","928","3.141956","928","3.141332","928","3.141716","929","3.14336","929","3.141436","928","3.140136","928","3.141168","928","3.14038","928","3.140616","928","3.143292","927","3.141504","928","3.142216","929","3.144348","928","3.138528","928","3.140976","929","3.138412","928","3.143316","928","3.141032","928","3.141504","928","3.143396","928","3.141532","928","3.143464","928","3.141008","927","3.142448","927","3.143236","924","3.138344","924","3.14154152","896","1032"
"6","3.14638","119","3.142408","696","3.139416","667","3.139604","744","3.141956","667","3.139692","667","3.14198","950","3.142456","925","3.141724","951","3.140748","857","3.139208","928","3.140256","925","3.14238","857","3.14504","763","3.141216","924","3.139616","924","3.140408","924","3.140668","740","3.140268","928","3.140904","922","3.14126","763","3.141392","763","3.1412","924","3.14418","857","3.140364","924","3.141732","857","3.140072","924","3.141988","950","3.145028","791","3.14142","924","3.14204","791","3.144324","791","3.143008","735","3.142428","942","3.141808","942","3.142896","941","3.14386","941","3.14058","941","3.143688","915","3.138504","941","3.141024","941","3.140324","940","3.139172","937","3.139904","937","3.140632","938","3.146092","938","3.140788","937","3.141852","937","3.140808","938","3.139292","938","3.142428","943","3.142268","937","3.1405","937","3.139988","934","3.14226","930","3.1388","930","3.13762","932","3.140808","932","3.140416","930","3.13986","928","3.141952","914","3.140332","918","3.141408","913","3.142964","915","3.141796","916","3.142508","916","3.140504","915","3.14314","916","3.145148","915","3.14112","913","3.143732","912","3.141816","909","3.142892","891","3.1396","890","3.140332","891","3.139276","891","3.14374","890","3.140912","890","3.140588","889","3.140864","891","3.140348","891","3.143632","887","3.145","890","3.14202","890","3.140272","890","3.140144","890","3.1394","890","3.14048","888","3.141316","888","3.142712","890","3.142392","841","3.142528","840","3.14282","841","3.141372","840","3.136988","840","3.143976","841","3.141444","840","3.142328","840","3.140868","824","3.142552","822","3.14150152","877","962"
"7","3.139912","157","3.137788","351","3.142016","367","3.140904","367","3.140276","629","3.139384","488","3.140576","557","3.140436","627","3.142348","926","3.144272","899","3.141704","986","3.140484","947","3.14614","986","3.140716","899","3.142068","987","3.14104","951","3.142148","986","3.140712","927","3.142668","948","3.140564","899","3.143644","898","3.13994","878","3.143048","926","3.1436","949","3.140456","986","3.142008","927","3.142672","925","3.138072","986","3.143","899","3.14018","949","3.141744","968","3.142328","986","3.139208","947","3.143108","986","3.141268","949","3.139092","986","3.142912","926","3.1443","986","3.140908","986","3.142148","948","3.14204","951","3.138936","951","3.1405","925","3.139344","986","3.145836","948","3.142596","986","3.1412","948","3.142208","925","3.14286","986","3.14252","966","3.142172","923","3.139388","896","3.143464","948","3.140468","983","3.141168","923","3.140408","876","3.141544","983","3.141216","945","3.142684","923","3.14262","945","3.140796","983","3.141956","978","3.140792","978","3.141592","978","3.140136","978","3.14296","978","3.141052","978","3.141808","940","3.141764","978","3.142292","978","3.140136","917","3.14116","917","3.1434","917","3.14182","917","3.141664","917","3.137792","917","3.143124","917","3.140232","917","3.1422","917","3.138312","916","3.141448","917","3.138832","917","3.142356","917","3.143824","917","3.140128","917","3.142192","917","3.14084","916","3.140584","917","3.142628","917","3.13938","917","3.141236","917","3.140796","917","3.14584","917","3.14288","916","3.142876","916","3.139736","916","3.143008","917","3.142232","892","3.145352","892","3.141636","888","3.141557560000001","899","997"
"8","3.14392","258","3.142368","810","3.14016","810","3.139468","810","3.141788","765","3.142276","810","3.142264","833","3.14126","833","3.142144","810","3.14076","833","3.141084","766","3.144284","810","3.1398","810","3.141832","810","3.142808","765","3.142604","742","3.138804","668","3.141756","822","3.141384","820","3.140552","1009","3.144376","1029","3.141864","1009","3.136624","926","3.139944","1009","3.14142","1050","3.139484","1009","3.143096","840","3.139152","1009","3.140872","957","3.144924","973","3.142168","1006","3.13906","1006","3.14084","1006","3.140852","1006","3.147832","1006","3.141044","1047","3.144252","1023","3.143092","1045","3.138968","999","3.140592","998","3.14294","998","3.142428","998","3.144116","998","3.139108","998","3.14058","998","3.145748","998","3.142064","998","3.142616","998","3.142988","977","3.143876","998","3.141224","998","3.141236","997","3.140504","998","3.140676","998","3.139504","998","3.142384","998","3.140476","998","3.13916","998","3.13928","998","3.141724","998","3.14142","998","3.140924","998","3.14102","998","3.142436","998","3.141896","998","3.142188","998","3.139816","998","3.140988","998","3.141808","998","3.14008","998","3.140928","998","3.141444","998","3.141376","998","3.143312","992","3.140756","992","3.142896","991","3.143544","992","3.144048","992","3.1412","992","3.140536","992","3.142936","992","3.140564","991","3.142708","991","3.142504","973","3.142372","973","3.144624","972","3.142788","973","3.141052","973","3.13908","973","3.14008","973","3.14488","973","3.14364","973","3.139452","973","3.14134","972","3.142896","971","3.141092","971","3.141368","971","3.138604","971","3.1416","970","3.142716","971","3.1416331600000005","949","1066"
"9","3.143704","581","3.140812","656","3.1426","630","3.14238","607","3.140136","607","3.1404","654","3.141244","654","3.138936","654","3.14662","939","3.143764","920","3.142896","921","3.140528","939","3.143912","939","3.142528","921","3.139612","939","3.14122","939","3.140464","920","3.139744","921","3.14052","920","3.141","938","3.141096","939","3.142952","921","3.142348","921","3.14328","921","3.142416","938","3.141088","938","3.141684","921","3.142208","939","3.143548","939","3.141544","921","3.143256","920","3.140112","921","3.141992","939","3.141144","938","3.140228","920","3.143064","938","3.141868","921","3.138868","921","3.140568","921","3.139832","921","3.142804","921","3.137492","938","3.140144","920","3.141576","939","3.140096","939","3.14146","920","3.142076","920","3.141852","939","3.140476","932","3.142636","914","3.14164","915","3.143452","932","3.138056","932","3.141196","933","3.141756","932","3.14054","915","3.141424","933","3.141984","914","3.139964","914","3.140856","932","3.14356","932","3.141284","933","3.143024","933","3.140364","915","3.141568","932","3.142324","932","3.142964","915","3.141792","932","3.1421","915","3.14222","915","3.142744","932","3.141076","915","3.141512","932","3.141868","915","3.140136","932","3.142216","915","3.140264","932","3.143084","915","3.140416","932","3.143456","932","3.138944","932","3.144412","932","3.13906","933","3.14234","932","3.142212","932","3.141316","932","3.142076","915","3.143884","932","3.144748","932","3.140048","932","3.142752","914","3.14424","932","3.140636","932","3.13858","932","3.141308","932","3.141752","914","3.138564","918","3.142948","918","3.140708","918","3.139988","914","3.1415608399999986","903","947"
"10","3.14256","467","3.141732","944","3.142952","944","3.14054","913","3.140864","962","3.14262","944","3.141948","913","3.142416","962","3.143208","961","3.139604","913","3.139708","943","3.140252","943","3.14356","961","3.141108","943","3.13982","913","3.143488","944","3.13946","961","3.139024","961","3.143188","961","3.142464","943","3.142232","913","3.139168","913","3.136632","913","3.141392","961","3.141364","943","3.139036","913","3.141844","962","3.140272","961","3.141868","969","3.14214","950","3.141588","950","3.14214","950","3.13934","925","3.141924","925","3.143748","943","3.142264","924","3.141624","943","3.139024","943","3.141756","943","3.140236","943","3.13898","943","3.139312","943","3.14186","925","3.144088","943","3.14002","961","3.141196","943","3.141076","943","3.139856","943","3.139348","943","3.139244","943","3.1422","925","3.14272","943","3.141424","962","3.140856","943","3.141608","920","3.142004","918","3.14356","918","3.141316","936","3.14116","918","3.143268","936","3.141616","899","3.142052","936","3.139604","935","3.142872","935","3.140904","928","3.141124","924","3.14048","924","3.142192","921","3.141608","918","3.1398","899","3.142924","918","3.13972","899","3.140792","918","3.142928","917","3.143512","918","3.142436","917","3.141256","918","3.142188","917","3.14478","918","3.141576","917","3.141724","918","3.142716","917","3.141268","904","3.14284","904","3.142868","903","3.142404","903","3.144036","902","3.140636","901","3.142476","901","3.14078","900","3.144176","900","3.144548","897","3.140544","897","3.142488","897","3.140312","897","3.139824","896","3.143052","896","3.141256","896","3.139532","896","3.144472","896","3.1415152","923","982"
"11","3.144284","361","3.1412","898","3.140264","869","3.140068","869","3.141496","851","3.14134","898","3.141948","869","3.141704","899","3.142368","898","3.140764","899","3.14364","869","3.141428","869","3.141888","898","3.140088","869","3.144204","898","3.142508","898","3.14246","869","3.139768","851","3.14256","868","3.142408","898","3.139832","898","3.139536","898","3.143392","869","3.141656","898","3.139684","898","3.142356","868","3.142196","898","3.139712","868","3.141376","869","3.144088","898","3.141732","898","3.141184","898","3.140152","868","3.143256","868","3.140804","898","3.141952","898","3.13906","898","3.14166","898","3.139804","898","3.142688","898","3.142896","898","3.144896","898","3.1438","897","3.14384","898","3.140528","897","3.141644","897","3.143956","897","3.143992","898","3.138596","897","3.141964","897","3.141436","897","3.144032","897","3.14152","897","3.140104","897","3.142092","897","3.143588","897","3.142708","867","3.141292","897","3.14304","897","3.143296","897","3.143292","868","3.13936","897","3.142496","867","3.142476","898","3.141736","897","3.14282","897","3.141756","897","3.142216","897","3.140784","868","3.139604","897","3.141748","897","3.141744","897","3.1407","897","3.141104","897","3.143952","868","3.141876","897","3.140428","884","3.138828","876","3.140932","876","3.141652","876","3.143124","876","3.14448","876","3.141472","876","3.142388","876","3.1405","876","3.139876","876","3.1415","876","3.14496","876","3.142712","876","3.144072","876","3.141464","876","3.142808","875","3.139712","876","3.142624","876","3.144276","875","3.1421","876","3.142636","876","3.142224","876","3.144272","876","3.14316","847","3.14191592","880","900"
"12","3.1438","451","3.140164","391","3.139436","493","3.14156","918","3.14136","782","3.143128","918","3.142224","918","3.139088","754","3.142056","918","3.1411","918","3.142888","918","3.141452","918","3.14132","835","3.14194","810","3.14396","918","3.140916","811","3.141488","919","3.139036","918","3.141036","835","3.143808","782","3.141744","781","3.141976","812","3.138664","917","3.144044","918","3.143012","875","3.140452","906","3.142108","905","3.142068","906","3.141268","905","3.140124","905","3.139752","905","3.144512","875","3.139856","905","3.14014","906","3.143264","905","3.143024","904","3.143008","905","3.14098","906","3.141176","906","3.1412","903","3.140604","903","3.13868","903","3.1437","904","3.142452","904","3.140548","904","3.140664","903","3.1402","903","3.144672","902","3.141072","904","3.14036","873","3.138364","903","3.143892","902","3.14162","902","3.142504","903","3.139016","903","3.142308","901","3.142892","903","3.142372","901","3.137892","903","3.143252","903","3.142632","902","3.14138","903","3.142584","877","3.144772","901","3.140232","902","3.139168","901","3.139236","873","3.141924","874","3.141976","859","3.142136","846","3.141464","846","3.142444","841","3.145056","841","3.1417","841","3.143784","841","3.14056","838","3.139848","832","3.140036","832","3.14178","834","3.140152","831","3.140688","833","3.138376","831","3.140508","830","3.14088","830","3.142228","825","3.14116","828","3.141368","825","3.139704","826","3.1404","825","3.141912","826","3.14126","825","3.140436","826","3.144212","826","3.1403","825","3.141584","820","3.140564","826","3.14152","825","3.141944","825","3.142064","826","3.14124","824","3.1414640799999995","857","932"
"13","3.142728","404","3.142368","431","3.140376","932","3.142264","889","3.142524","910","3.139332","840","3.141192","963","3.14026","963","3.1422","818","3.139184","794","3.140416","932","3.140996","702","3.140592","839","3.1413","932","3.138832","931","3.142416","888","3.141116","888","3.141992","888","3.145676","962","3.14166","888","3.140392","839","3.141156","939","3.142204","813","3.143944","935","3.14444","861","3.13926","934","3.140404","934","3.141","861","3.141628","861","3.140008","904","3.13828","813","3.14046","934","3.141948","934","3.141644","927","3.142172","897","3.140132","918","3.141092","918","3.144688","918","3.14398","918","3.141252","918","3.140248","887","3.13782","918","3.140224","918","3.139676","918","3.142468","918","3.140708","918","3.141804","887","3.141244","918","3.141652","918","3.142064","918","3.142712","887","3.142036","918","3.143528","917","3.140728","917","3.1421","934","3.143112","887","3.143156","918","3.14086","887","3.140004","918","3.139044","918","3.142152","918","3.141056","917","3.140188","917","3.140992","918","3.140152","918","3.140836","918","3.140184","917","3.139968","918","3.140436","917","3.142376","917","3.14054","918","3.141468","908","3.14254","905","3.13966","905","3.140716","878","3.142516","877","3.139796","878","3.143624","878","3.142896","878","3.140632","878","3.1405","877","3.139628","894","3.141032","894","3.14288","878","3.140176","877","3.1386","894","3.142804","877","3.142396","878","3.141564","875","3.141112","874","3.140256","875","3.139312","861","3.142128","861","3.14116","861","3.142672","845","3.141972","861","3.141956","861","3.140044","861","3.14032","845","3.141608","861","3.141275440000001","884","982"
"14","3.14046","362","3.141352","514","3.143892","490","3.140396","362","3.143272","362","3.137792","668","3.140552","691","3.141792","732","3.140464","691","3.143804","754","3.142568","732","3.141968","668","3.141916","755","3.142416","754","3.14342","690","3.13884","643","3.14138","667","3.140208","732","3.143956","731","3.143432","848","3.141544","822","3.141792","795","3.144168","752","3.141224","849","3.14348","774","3.143144","849","3.139892","852","3.143664","917","3.141028","919","3.14206","919","3.143096","880","3.136472","856","3.143904","919","3.142064","880","3.144076","914","3.142384","877","3.143108","914","3.140528","914","3.141912","911","3.141232","915","3.13934","915","3.141796","915","3.140996","915","3.140536","910","3.141644","915","3.14066","911","3.143156","915","3.142216","915","3.143124","884","3.142172","911","3.140812","913","3.141492","914","3.142188","913","3.14314","913","3.141524","914","3.141964","914","3.138968","888","3.143672","914","3.142264","883","3.142556","914","3.139392","913","3.142684","914","3.142436","910","3.14352","910","3.141324","878","3.142084","912","3.14352","887","3.142124","890","3.143688","890","3.143236","889","3.142988","890","3.143708","889","3.141932","889","3.141512","889","3.141656","810","3.144488","810","3.13986","810","3.141172","810","3.141212","809","3.13928","810","3.144452","806","3.14362","807","3.145284","806","3.144468","805","3.142204","803","3.141364","803","3.141256","802","3.141536","803","3.143164","800","3.140424","799","3.14188","799","3.142832","799","3.143512","799","3.142764","792","3.13972","792","3.141856","792","3.143516","791","3.140568","792","3.141756","792","3.142372","791","3.1419923600000006","818","946"
"15","3.14082","774","3.141476","683","3.14176","811","3.143144","774","3.141556","774","3.142676","774","3.143848","811","3.141736","771","3.142436","770","3.1427","770","3.143156","909","3.141488","934","3.142672","915","3.14198","910","3.143492","934","3.14182","914","3.143272","909","3.137812","934","3.140644","882","3.142868","909","3.142164","911","3.139384","912","3.141448","909","3.140524","934","3.14082","934","3.142304","911","3.138984","912","3.143852","934","3.140644","909","3.143164","910","3.142076","909","3.142352","910","3.141692","910","3.142428","912","3.1452","934","3.141016","934","3.144572","910","3.141156","934","3.141816","909","3.139132","934","3.14396","934","3.143784","909","3.142696","934","3.144324","934","3.143216","934","3.138572","909","3.138552","909","3.13936","887","3.142076","909","3.141144","909","3.141576","910","3.142724","884","3.140828","933","3.141744","924","3.14082","890","3.141528","915","3.143616","914","3.142044","914","3.141188","914","3.143424","914","3.140884","914","3.143164","914","3.139188","914","3.14108","914","3.140116","894","3.141824","914","3.139768","914","3.138124","914","3.142952","914","3.140348","914","3.14236","914","3.1382","914","3.142156","914","3.14166","913","3.140316","913","3.141664","914","3.142764","895","3.141028","913","3.141428","913","3.143056","913","3.143048","913","3.142248","913","3.140444","913","3.140508","914","3.142292","913","3.14472","913","3.143612","913","3.13878","891","3.140196","911","3.142632","887","3.139812","911","3.140892","911","3.139872","911","3.141396","906","3.142156","906","3.14174","906","3.141512","906","3.139144","906","3.141392","906","3.143236","906","3.141649720000001","899","948"
"16","3.141876","492","3.1408","699","3.14108","724","3.14222","672","3.139488","722","3.141048","722","3.140376","580","3.14256","721","3.139324","721","3.141844","721","3.143016","717","3.140408","715","3.137016","715","3.143452","714","3.139884","714","3.147124","797","3.141852","712","3.142668","711","3.144536","660","3.143828","712","3.141192","737","3.139972","737","3.140612","711","3.1449","711","3.143804","686","3.141124","711","3.139692","712","3.143296","660","3.1388","712","3.142532","657","3.140108","803","3.140096","740","3.14342","874","3.140964","821","3.14276","739","3.141892","801","3.140344","779","3.138784","850","3.141356","850","3.141012","796","3.14076","846","3.140088","846","3.140092","845","3.142272","844","3.143264","844","3.139084","844","3.13986","810","3.140144","838","3.141124","839","3.14278","843","3.13992","838","3.139348","841","3.141792","843","3.146068","838","3.140132","839","3.14216","838","3.144692","838","3.138748","843","3.142136","838","3.138916","840","3.143948","840","3.138292","838","3.141972","843","3.13996","840","3.142456","840","3.141736","840","3.1442","837","3.143756","837","3.139512","838","3.13938","843","3.1417","837","3.141512","840","3.142204","840","3.14118","840","3.141044","843","3.140584","838","3.14124","837","3.143904","843","3.141368","839","3.14188","839","3.1427","837","3.142548","835","3.14062","835","3.14118","839","3.1418","833","3.14304","838","3.139256","833","3.142684","838","3.142872","835","3.141308","838","3.1414","835","3.140656","834","3.143684","834","3.142652","829","3.142968","834","3.142356","828","3.143792","834","3.143956","832","3.141928","831","3.142252","828","3.141599199999998","792","912"
"17","3.1405","26","3.141364","55","3.140392","114","3.140776","353","3.140912","353","3.143816","271","3.14204","271","3.139484","294","3.140648","353","3.140132","271","3.144056","248","3.142528","247","3.143856","353","3.142268","247","3.142992","768","3.142508","791","3.142928","790","3.141316","822","3.143052","790","3.141584","791","3.141968","821","3.138272","822","3.139736","765","3.142136","765","3.14276","703","3.14364","790","3.14012","791","3.141896","821","3.140132","821","3.140856","790","3.141896","756","3.140792","790","3.140664","768","3.141492","821","3.14116","821","3.142336","846","3.137756","846","3.139284","846","3.144004","845","3.141104","846","3.14096","827","3.140092","845","3.143296","846","3.14154","846","3.143264","846","3.142904","845","3.14114","846","3.142276","846","3.139856","822","3.140412","826","3.141112","846","3.142804","846","3.1413","845","3.139544","846","3.140852","845","3.138656","845","3.142988","846","3.141348","845","3.142508","845","3.141724","845","3.139684","846","3.145036","845","3.141636","845","3.141684","824","3.141588","845","3.141776","845","3.143584","845","3.139616","845","3.14134","846","3.144284","845","3.13996","845","3.141828","845","3.14264","821","3.139348","845","3.141628","845","3.1405","845","3.140744","845","3.1414","845","3.141204","845","3.135508","845","3.140544","821","3.1436","845","3.142712","817","3.141184","845","3.138404","845","3.142072","826","3.141048","845","3.139952","845","3.14266","845","3.138436","845","3.139476","845","3.145688","845","3.142788","845","3.14144","845","3.141168","845","3.141008","845","3.139932","845","3.142568","845","3.139636","845","3.141032","827","3.1413806799999997","747","915"
"18","3.14346","320","3.14196","738","3.141148","843","3.141916","843","3.1406","840","3.14248","839","3.140672","839","3.142336","839","3.141828","839","3.140928","836","3.142132","690","3.141756","836","3.144544","887","3.144092","884","3.139628","883","3.142836","883","3.142516","884","3.13926","884","3.139676","884","3.14072","884","3.142824","884","3.13916","882","3.142688","884","3.14094","884","3.1401","884","3.139092","884","3.140692","882","3.14054","884","3.141732","882","3.142368","880","3.143272","851","3.139972","875","3.141908","876","3.141132","870","3.14136","875","3.14276","878","3.141528","879","3.14144","872","3.14076","871","3.140288","870","3.142708","877","3.142784","877","3.137372","879","3.141244","870","3.140596","879","3.137808","876","3.139576","875","3.143168","877","3.139552","878","3.141684","879","3.143952","876","3.14146","875","3.1414","875","3.141392","875","3.14642","874","3.141076","876","3.141572","877","3.141488","879","3.143192","874","3.140296","877","3.140448","877","3.1422","879","3.140404","872","3.143412","878","3.13968","875","3.144888","879","3.140304","877","3.138372","871","3.145076","879","3.142472","878","3.142972","878","3.140528","875","3.1404","879","3.140684","878","3.141556","879","3.144652","879","3.142032","876","3.142964","878","3.14348","876","3.142604","879","3.139912","875","3.139592","877","3.141064","874","3.143944","871","3.141564","876","3.143492","872","3.143588","878","3.138436","869","3.13844","877","3.140824","871","3.141756","876","3.141404","869","3.141112","876","3.141228","845","3.142404","846","3.139852","844","3.138712","840","3.142624","839","3.14364","856","3.141512","833","3.141520120000002","862","927"
"19","3.141356","460","3.141504","773","3.138684","795","3.140752","725","3.139476","772","3.141708","795","3.140416","925","3.142304","926","3.141064","945","3.14384","945","3.143376","819","3.141188","747","3.141956","906","3.143264","925","3.141236","940","3.14258","940","3.139468","837","3.142956","900","3.140868","900","3.13768","900","3.14226","921","3.144048","940","3.140256","901","3.141808","926","3.143896","927","3.141896","927","3.140364","927","3.140888","927","3.142372","889","3.140364","889","3.14096","889","3.141376","926","3.143904","927","3.13816","926","3.143488","946","3.141016","889","3.14064","926","3.142936","927","3.140064","888","3.144188","908","3.141456","926","3.141908","888","3.140872","926","3.139564","926","3.1419","926","3.141116","889","3.143068","888","3.1427","926","3.14296","926","3.142624","926","3.143584","926","3.1417","926","3.138288","870","3.14012","926","3.14272","870","3.14106","926","3.140712","926","3.144572","912","3.141564","911","3.145208","927","3.14236","927","3.141144","911","3.1413","927","3.140752","911","3.138628","927","3.141952","911","3.142272","926","3.141168","922","3.14422","906","3.145984","922","3.1425","922","3.140712","906","3.141512","906","3.141072","906","3.142652","922","3.141568","922","3.14292","922","3.143264","922","3.14602","922","3.14192","922","3.142524","921","3.140704","906","3.1441","906","3.14224","922","3.141312","921","3.14164","906","3.1424","921","3.14398","921","3.141884","906","3.141604","906","3.139092","906","3.143692","921","3.144428","906","3.142288","921","3.143096","921","3.142184","906","3.141992","921","3.14136","921","3.142324","906","3.141676","921","3.14186696","901","1020"
"20","3.140224","543","3.141092","663","3.141712","744","3.142396","744","3.140712","743","3.1418","740","3.143768","763","3.142052","762","3.141412","762","3.143116","718","3.143512","758","3.140572","758","3.143048","759","3.14108","736","3.141448","759","3.140372","759","3.141432","758","3.142788","758","3.14292","758","3.14582","715","3.14066","802","3.144572","759","3.138212","736","3.144492","758","3.142836","758","3.140392","736","3.144616","916","3.14186","884","3.142988","908","3.138984","911","3.140228","913","3.139672","882","3.14308","908","3.141148","913","3.14534","910","3.140012","908","3.142624","912","3.142368","908","3.144376","909","3.141588","912","3.13868","908","3.141544","909","3.144064","913","3.141056","890","3.139388","911","3.141724","908","3.140788","908","3.140432","912","3.141172","909","3.143276","882","3.14126","913","3.142708","913","3.137504","908","3.140532","889","3.140992","909","3.141556","911","3.141592","908","3.138268","913","3.141364","908","3.139216","913","3.14012","909","3.140356","908","3.139056","905","3.141704","903","3.139952","907","3.140964","906","3.143848","906","3.14078","907","3.143108","906","3.144056","907","3.142464","901","3.142464","897","3.140932","898","3.143216","896","3.14102","898","3.141056","895","3.140568","896","3.142784","896","3.142804","899","3.141456","901","3.141348","899","3.143512","896","3.13894","900","3.141448","899","3.1406","897","3.142544","888","3.14186","889","3.139488","885","3.142912","890","3.142984","890","3.141204","889","3.142472","890","3.141912","885","3.14086","891","3.14298","891","3.1411","889","3.144024","837","3.143252","840","3.14126","841","3.1367","838","3.1416254800000014","857","934"
"21","3.139584","35","3.143624","76","3.142676","60","3.13984","425","3.14348","337","3.139764","313","3.141192","501","3.143412","425","3.145356","312","3.14246","593","3.142684","552","3.138876","561","3.140884","538","3.139036","561","3.141804","582","3.14424","560","3.14034","536","3.143192","533","3.143396","555","3.139272","579","3.140156","578","3.139668","529","3.145752","845","3.143852","713","3.140532","845","3.144004","736","3.14018","843","3.143348","843","3.140904","843","3.141332","815","3.142788","842","3.14166","842","3.14164","842","3.141656","843","3.140904","783","3.14088","843","3.141244","842","3.138112","843","3.141636","843","3.141316","842","3.142144","843","3.143604","842","3.142016","815","3.141956","842","3.141648","783","3.143408","842","3.142084","842","3.141636","842","3.143176","842","3.141004","842","3.142976","833","3.143516","809","3.142252","809","3.143252","809","3.140672","809","3.13992","802","3.141264","802","3.139116","802","3.1424","774","3.139224","802","3.142436","802","3.144924","802","3.1399","802","3.138736","802","3.140856","802","3.138124","802","3.13928","802","3.143196","802","3.142588","802","3.143364","791","3.138952","791","3.140972","791","3.143048","791","3.139884","790","3.142292","791","3.140312","785","3.141244","763","3.138112","785","3.141216","785","3.144372","785","3.143064","785","3.140328","785","3.141008","783","3.14266","778","3.14302","778","3.14346","778","3.140828","778","3.139748","778","3.141632","778","3.141132","778","3.140548","778","3.1406","778","3.140064","778","3.142432","778","3.143044","778","3.14246","768","3.14034","768","3.142852","768","3.14154","768","3.143296","768","3.1416180800000006","723","895"
"22","3.138836","616","3.141392","782","3.138908","782","3.141556","761","3.144132","616","3.142292","737","3.142556","761","3.141352","616","3.14246","616","3.141684","782","3.142912","615","3.143392","782","3.142132","782","3.1434","782","3.142896","761","3.138288","782","3.141624","722","3.14016","869","3.14036","884","3.142828","884","3.141296","858","3.139164","895","3.138824","934","3.140056","857","3.143312","857","3.140924","894","3.1425","857","3.13966","894","3.14278","857","3.143696","894","3.141872","930","3.141116","924","3.142324","924","3.13844","922","3.141728","922","3.139148","923","3.140928","918","3.141184","901","3.1414","918","3.140876","918","3.137672","918","3.138444","918","3.141636","918","3.140552","901","3.142036","918","3.13928","918","3.13836","918","3.1418","917","3.141312","898","3.140532","916","3.140436","915","3.141228","898","3.142952","908","3.140588","909","3.140776","909","3.141444","909","3.142088","909","3.1434","899","3.141488","899","3.14514","899","3.139324","899","3.141436","899","3.142284","915","3.141456","899","3.140908","899","3.141468","882","3.141772","899","3.142888","899","3.146044","896","3.13814","893","3.139436","883","3.144876","883","3.139744","882","3.142652","882","3.142416","882","3.1401","882","3.140612","898","3.144764","894","3.139964","878","3.143252","893","3.143324","889","3.143032","889","3.143504","889","3.140988","889","3.142312","889","3.141116","889","3.1411","889","3.138652","873","3.142912","884","3.144936","880","3.141516","880","3.143308","880","3.14102","880","3.138932","880","3.141176","880","3.139332","864","3.138016","880","3.143996","880","3.14058","877","3.143028","877","3.141418680000001","865","996"
"23","3.141536","414","3.142828","717","3.143912","694","3.142596","737","3.144408","716","3.142368","642","3.139656","613","3.14182","694","3.144008","694","3.139624","736","3.140416","737","3.143284","715","3.137172","715","3.141136","737","3.142308","737","3.143312","737","3.141832","736","3.143644","736","3.143432","694","3.142504","736","3.144296","736","3.140628","716","3.142476","736","3.1425","642","3.1434","736","3.137256","737","3.140836","839","3.140812","820","3.142452","779","3.141092","839","3.139916","781","3.140484","740","3.139668","781","3.141912","781","3.144032","837","3.142868","817","3.141856","836","3.140344","885","3.142324","885","3.14344","836","3.142644","885","3.142396","835","3.141684","858","3.142544","858","3.142644","873","3.141164","872","3.143576","858","3.141184","830","3.141572","829","3.140692","858","3.142076","872","3.144136","873","3.139732","858","3.141856","873","3.140464","809","3.142464","858","3.141436","872","3.140032","857","3.14052","858","3.140952","857","3.142968","857","3.141112","856","3.13998","847","3.142468","846","3.141948","858","3.142448","844","3.141648","844","3.142596","844","3.142088","858","3.139144","858","3.141844","858","3.138376","858","3.140116","858","3.1407","858","3.139924","858","3.13888","844","3.140372","841","3.14434","851","3.141644","851","3.1418","845","3.143216","846","3.13864","845","3.141988","845","3.143104","845","3.142836","845","3.140784","845","3.143676","846","3.137924","845","3.141932","845","3.142728","831","3.140624","845","3.141068","824","3.142264","824","3.142872","824","3.142488","824","3.140704","824","3.141488","824","3.143512","824","3.140944","824","3.139","824","3.141643440000001","805","925"
"24","3.137464","716","3.141536","810","3.140452","855","3.14394","809","3.140972","689","3.141356","1009","3.142172","969","3.14046","969","3.1423","969","3.142836","990","3.14092","990","3.139768","1009","3.142032","1009","3.142408","1010","3.145352","948","3.14302","990","3.143704","870","3.143436","990","3.141676","947","3.14398","947","3.143912","1009","3.141356","1009","3.141656","1009","3.141632","969","3.146936","1009","3.141856","1009","3.1384","1004","3.138272","924","3.141652","964","3.14204","1004","3.142144","1004","3.141952","1004","3.143128","985","3.138452","964","3.140564","1004","3.138132","1004","3.1401","964","3.138592","984","3.141568","981","3.13966","941","3.142904","981","3.140696","981","3.1391","981","3.14252","981","3.144552","981","3.144828","978","3.139268","978","3.142756","957","3.139256","954","3.141448","934","3.143444","952","3.14104","953","3.143544","950","3.143036","949","3.140732","949","3.138716","949","3.14328","947","3.141096","947","3.140928","946","3.141652","946","3.138812","941","3.143104","941","3.141256","942","3.141504","942","3.142052","941","3.142832","942","3.142268","941","3.14152","942","3.138908","942","3.139428","942","3.142976","941","3.140912","941","3.141296","942","3.142476","941","3.142844","942","3.142292","942","3.14046","942","3.140656","942","3.141584","942","3.142084","942","3.139388","942","3.140244","942","3.144544","941","3.14174","942","3.140452","942","3.140192","942","3.141388","942","3.143276","941","3.142244","941","3.141616","942","3.144184","942","3.139232","942","3.144668","941","3.139484","941","3.142108","942","3.140452","942","3.143064","941","3.143268","942","3.143432","941","3.139328","941","3.141601519999999","950","1015"
"25","3.141532","20","3.144016","915","3.139072","910","3.13936","913","3.141596","910","3.140016","913","3.142088","912","3.14004","910","3.143168","910","3.13932","910","3.141428","910","3.140224","911","3.140884","910","3.145248","936","3.142332","910","3.145216","915","3.139688","910","3.141188","911","3.142808","897","3.142424","917","3.14046","917","3.141456","892","3.142692","918","3.140896","899","3.141832","893","3.14146","891","3.14062","892","3.140708","896","3.144636","891","3.144564","898","3.1429","893","3.140244","918","3.14086","893","3.141948","918","3.144428","890","3.141688","917","3.139568","899","3.13928","897","3.143916","900","3.1437","918","3.14196","892","3.1411","891","3.139172","900","3.138696","892","3.143436","867","3.14334","917","3.143956","894","3.142184","894","3.139896","899","3.143344","893","3.141696","898","3.144232","917","3.140328","917","3.14032","890","3.140424","861","3.142936","896","3.145096","893","3.1431","897","3.140592","916","3.141568","916","3.1398","892","3.142988","916","3.145672","897","3.142348","905","3.137612","905","3.141424","887","3.142864","906","3.141496","906","3.142828","888","3.141832","881","3.141192","882","3.142288","879","3.14118","906","3.141976","882","3.142448","880","3.140416","905","3.142596","906","3.142348","905","3.141832","905","3.139288","905","3.141532","905","3.140064","880","3.141332","905","3.14168","905","3.14498","905","3.140572","905","3.14254","905","3.14082","880","3.138832","905","3.140052","905","3.144352","884","3.141892","905","3.141452","905","3.141284","885","3.144144","887","3.14098","905","3.13928","905","3.142176","886","3.140472","905","3.140848","905","3.1417059199999993","892","938"
"26","3.139876","112","3.137556","492","3.140456","360","3.141444","392","3.14188","413","3.140776","392","3.14442","392","3.142192","392","3.141148","413","3.140784","412","3.140408","392","3.142944","643","3.1417","619","3.140004","642","3.139684","597","3.144064","642","3.140984","643","3.140856","642","3.141088","642","3.143628","642","3.141924","618","3.139724","642","3.144196","620","3.141012","642","3.143116","664","3.140212","619","3.14256","642","3.142008","619","3.14118","618","3.138364","663","3.141964","642","3.142636","596","3.144196","596","3.138784","619","3.140264","642","3.142336","643","3.13858","619","3.140536","642","3.140728","643","3.138956","647","3.144136","602","3.14234","621","3.141444","601","3.140032","621","3.145044","578","3.14418","600","3.141632","801","3.141144","722","3.139564","752","3.142336","753","3.140608","717","3.141556","753","3.141588","754","3.139332","753","3.144112","754","3.139416","752","3.140868","751","3.14262","754","3.14278","770","3.142432","770","3.13776","755","3.139852","753","3.141316","752","3.141812","770","3.142408","770","3.142892","754","3.143924","753","3.14056","770","3.13994","752","3.141708","752","3.142276","753","3.142884","751","3.142496","754","3.141972","751","3.14082","755","3.141964","753","3.140888","751","3.144056","768","3.139508","751","3.142148","748","3.139568","749","3.142688","746","3.14358","750","3.142892","750","3.14342","750","3.142972","748","3.13854","750","3.139228","750","3.139724","748","3.142572","747","3.141688","748","3.139848","747","3.141692","748","3.140964","748","3.1442","747","3.139904","765","3.144672","765","3.14068","748","3.1408","764","3.14084","748","3.141479879999999","668","908"
"27","3.142024","516","3.140028","836","3.142436","669","3.142228","987","3.142964","649","3.141656","669","3.139208","1002","3.142852","1002","3.142564","1003","3.140616","1003","3.142204","983","3.142436","984","3.142736","984","3.143408","984","3.141268","1003","3.142488","1002","3.140352","1002","3.140768","1003","3.143092","1003","3.141564","1003","3.140904","1002","3.139416","1002","3.139968","1003","3.14366","1003","3.143372","1002","3.141256","1003","3.14128","1002","3.139732","984","3.140924","1003","3.141308","1004","3.1407","1003","3.142744","983","3.14056","1003","3.143096","1003","3.141416","983","3.141576","1002","3.14152","983","3.140832","1002","3.142616","983","3.139952","983","3.141912","1003","3.144344","983","3.143268","986","3.140808","977","3.14308","976","3.138056","977","3.141552","976","3.140232","976","3.141648","976","3.138692","976","3.140528","977","3.143948","977","3.142772","977","3.141336","976","3.140204","976","3.142288","976","3.143764","977","3.141104","977","3.140424","956","3.13966","976","3.139144","972","3.141648","970","3.145168","967","3.14256","968","3.143824","967","3.140568","967","3.139744","964","3.143672","963","3.141176","963","3.142588","962","3.142008","963","3.140416","964","3.141676","963","3.139936","962","3.142804","952","3.140804","954","3.139648","944","3.140436","943","3.142332","944","3.141616","944","3.14486","944","3.14258","944","3.141376","929","3.141952","928","3.142272","927","3.14022","928","3.142104","921","3.142544","921","3.139812","921","3.143024","920","3.142964","921","3.142548","921","3.142792","920","3.145688","920","3.142296","921","3.143108","921","3.141368","921","3.14208","921","3.14014","920","3.141968","916","3.141708079999999","954","1008"
"28","3.139272","391","3.141516","392","3.14004","390","3.143788","389","3.143112","390","3.143872","389","3.142192","778","3.140432","691","3.140732","597","3.143736","691","3.143608","667","3.143148","778","3.140264","778","3.143536","778","3.14304","778","3.13936","778","3.14102","762","3.14604","675","3.142892","714","3.140872","760","3.140648","760","3.143056","673","3.1403","673","3.141884","754","3.143052","750","3.14154","751","3.14112","750","3.14262","663","3.143848","663","3.140064","663","3.140436","919","3.140024","919","3.140488","898","3.144824","862","3.140916","879","3.141328","919","3.141128","918","3.141488","918","3.140308","919","3.14138","919","3.141952","919","3.14242","898","3.143644","919","3.141796","919","3.137432","918","3.142116","919","3.139468","919","3.140944","918","3.142456","898","3.143456","919","3.141788","918","3.140616","919","3.138172","919","3.140048","918","3.1405","918","3.142752","918","3.146916","918","3.144072","918","3.140236","918","3.140184","918","3.142872","914","3.142112","913","3.143456","913","3.144764","904","3.140916","903","3.142432","843","3.139956","842","3.138208","843","3.142248","843","3.141312","842","3.140216","843","3.14096","843","3.142928","843","3.14272","843","3.141296","843","3.141132","843","3.143292","842","3.143192","843","3.1427","843","3.140876","843","3.139736","843","3.138448","842","3.142284","843","3.141012","843","3.140848","842","3.144756","843","3.143284","843","3.142508","827","3.142348","827","3.142544","827","3.141032","827","3.142052","826","3.142296","827","3.138112","827","3.141236","827","3.1409","827","3.14284","827","3.14162","827","3.139984","827","3.142588","827","3.1417190799999988","809","958"
"29","3.141892","318","3.14226","905","3.141856","905","3.14136","842","3.141104","905","3.14222","883","3.140236","905","3.141624","905","3.142284","905","3.143552","904","3.139408","886","3.142532","863","3.145652","727","3.142152","905","3.141784","886","3.140436","904","3.141216","815","3.13982","905","3.140392","841","3.139108","886","3.144452","904","3.143096","904","3.143208","841","3.140408","883","3.140112","900","3.14286","900","3.140572","900","3.138624","858","3.139476","900","3.141156","900","3.14334","873","3.141852","853","3.142352","871","3.142284","852","3.14534","851","3.143036","850","3.14016","850","3.141532","850","3.141972","829","3.144784","845","3.14128","846","3.142476","844","3.139956","842","3.140036","842","3.142148","842","3.141144","842","3.141752","842","3.144248","842","3.146832","839","3.139872","838","3.139644","838","3.1416","838","3.140572","838","3.139548","838","3.141888","839","3.14042","837","3.141444","838","3.139784","838","3.139896","839","3.14306","839","3.14266","837","3.14106","839","3.14338","837","3.14188","837","3.142288","839","3.138556","838","3.141228","837","3.14068","838","3.143072","837","3.141428","835","3.13956","834","3.142632","835","3.141252","834","3.139732","835","3.142356","834","3.141936","834","3.14374","834","3.14158","836","3.141224","834","3.140152","835","3.144196","833","3.142972","835","3.142088","836","3.141232","835","3.140236","835","3.142976","834","3.141388","834","3.139296","835","3.141876","834","3.142188","831","3.142796","830","3.143476","830","3.142168","830","3.142468","828","3.140028","816","3.143508","816","3.141584","814","3.1407","816","3.141664","816","3.142636","816","3.1416897599999993","844","908"
"30","3.141676","348","3.139672","510","3.139432","386","3.141816","386","3.141308","510","3.139176","510","3.142084","594","3.141136","746","3.14206","808","3.13824","829","3.1402","776","3.140616","829","3.143804","779","3.142336","807","3.1379","912","3.140176","887","3.139948","912","3.140612","889","3.1405","896","3.141","887","3.139688","893","3.143464","888","3.13808","893","3.140192","893","3.141476","828","3.14178","912","3.140236","912","3.141428","836","3.141696","896","3.14266","911","3.138096","838","3.143032","896","3.14402","911","3.14236","830","3.14044","889","3.142908","887","3.138416","886","3.142168","879","3.1408","903","3.14038","887","3.140208","903","3.143044","903","3.140608","887","3.141328","886","3.142524","903","3.142576","903","3.140644","903","3.14442","881","3.142008","886","3.142232","903","3.141924","879","3.14242","880","3.141344","887","3.14552","879","3.144824","853","3.14128","879","3.143376","881","3.140788","903","3.14012","886","3.142204","884","3.142884","887","3.14128","900","3.1417","901","3.141496","876","3.138512","882","3.142284","885","3.140956","900","3.140268","881","3.140892","883","3.14364","884","3.138844","901","3.140024","876","3.14344","876","3.140568","893","3.142836","894","3.136596","871","3.14182","893","3.144108","893","3.142932","893","3.139848","893","3.141476","892","3.144096","893","3.141856","893","3.140508","875","3.141092","893","3.141788","893","3.142292","893","3.13896","892","3.140408","869","3.14264","893","3.13944","870","3.138436","893","3.142728","893","3.14428","893","3.140904","893","3.139584","874","3.14228","870","3.141224","893","3.142112","893","3.141968","870","3.1413340399999994","851","924"
"31","3.140428","912","3.144808","892","3.1428","912","3.141732","851","3.14166","912","3.139524","932","3.140684","893","3.141388","892","3.14092","875","3.140316","892","3.14312","875","3.139084","892","3.14026","932","3.141424","892","3.140928","932","3.138288","932","3.138708","892","3.143844","874","3.137272","892","3.140288","892","3.143684","892","3.14084","892","3.142192","932","3.141768","892","3.138184","932","3.14034","875","3.140012","874","3.139792","892","3.143012","892","3.142768","811","3.142456","932","3.14352","932","3.141452","874","3.142484","925","3.143772","920","3.14054","920","3.144232","920","3.142796","920","3.141324","920","3.140868","921","3.14258","902","3.138732","903","3.140792","902","3.1406","902","3.1408","902","3.142952","902","3.143056","902","3.139556","903","3.144412","903","3.141164","902","3.139924","901","3.139536","902","3.140932","902","3.140864","886","3.14302","887","3.138192","887","3.140948","887","3.142184","867","3.141188","887","3.143488","887","3.144864","886","3.13924","887","3.143356","886","3.14286","887","3.142036","887","3.140732","887","3.140772","887","3.142084","887","3.141444","887","3.140264","886","3.139244","886","3.140856","887","3.141008","887","3.141692","887","3.140812","886","3.14264","886","3.143228","887","3.140516","886","3.141336","886","3.141592","887","3.143008","887","3.140604","887","3.140788","887","3.142932","886","3.13986","886","3.141248","887","3.142572","886","3.142892","887","3.141804","886","3.141064","887","3.139704","886","3.139716","887","3.138264","886","3.143876","886","3.142072","887","3.137456","867","3.14274","865","3.141164","865","3.1395","855","3.143328","821","3.1413359999999995","892","934"
"32","3.1407","318","3.144044","294","3.139868","537","3.140084","710","3.141464","710","3.14132","585","3.144132","585","3.141592","585","3.140176","561","3.145544","585","3.142392","711","3.140876","574","3.141108","550","3.143624","549","3.139476","549","3.142328","840","3.14218","840","3.140092","820","3.141784","840","3.141732","840","3.141328","820","3.142828","840","3.14142","840","3.142908","840","3.139048","840","3.139812","840","3.142228","840","3.140576","816","3.13838","813","3.139468","812","3.144136","812","3.140712","812","3.14288","812","3.141272","812","3.141232","813","3.140652","812","3.141332","812","3.140316","803","3.141044","802","3.144084","802","3.14316","801","3.139576","801","3.1442","800","3.141304","798","3.142532","816","3.140776","815","3.140308","816","3.141484","816","3.141312","816","3.141432","816","3.139352","816","3.141848","815","3.140392","816","3.14358","816","3.14104","815","3.138704","816","3.142652","816","3.141268","816","3.139512","815","3.140808","815","3.14196","816","3.141068","815","3.142152","815","3.141164","816","3.139544","815","3.147128","815","3.14242","816","3.141284","815","3.139732","797","3.144752","815","3.139248","815","3.141568","816","3.142592","815","3.141792","816","3.143808","816","3.139564","815","3.14294","815","3.14302","815","3.14038","815","3.141404","816","3.141888","807","3.142776","807","3.144012","804","3.142252","804","3.1428","784","3.14196","774","3.137248","774","3.141512","774","3.140192","774","3.142088","774","3.142472","774","3.141784","774","3.13998","774","3.143936","774","3.141704","774","3.14272","774","3.142532","772","3.144664","772","3.143548","772","3.14334","772","3.1416634000000005","771","875"
"33","3.14018","207","3.139356","912","3.141316","952","3.14","990","3.141","1032","3.141152","1031","3.141196","1032","3.141016","1031","3.143076","1032","3.139744","1032","3.138948","952","3.142516","1032","3.139296","1032","3.14458","1031","3.14422","1031","3.139268","1025","3.14242","1025","3.1386","1003","3.141776","1025","3.141168","1012","3.144152","1012","3.140068","1010","3.141868","1010","3.1406","1008","3.142796","1010","3.141636","1010","3.143592","1010","3.142348","1010","3.14442","1010","3.139892","1010","3.144004","988","3.14366","996","3.142836","996","3.140376","993","3.139016","994","3.139648","994","3.140732","992","3.141508","991","3.143224","1007","3.142288","1007","3.14316","986","3.142092","998","3.14026","997","3.146908","998","3.142068","998","3.1412","998","3.14438","998","3.14344","982","3.138948","987","3.140968","972","3.144356","972","3.144136","987","3.141832","971","3.143616","986","3.141372","986","3.143252","984","3.142224","968","3.140728","968","3.142408","981","3.14314","966","3.140456","981","3.139588","978","3.140292","962","3.143336","978","3.145692","941","3.137372","963","3.14166","978","3.140148","974","3.138964","974","3.144008","959","3.13854","974","3.141788","970","3.143888","968","3.1397","968","3.140056","952","3.140124","952","3.1427","948","3.143664","964","3.143188","964","3.140208","949","3.141768","964","3.1416","964","3.143148","964","3.140848","963","3.141808","964","3.142136","949","3.14058","949","3.140612","964","3.144328","964","3.141156","964","3.142244","964","3.140436","948","3.138976","964","3.139956","964","3.13952","956","3.142924","956","3.142116","957","3.141884","957","3.141196","957","3.140488","957","3.1416307599999995","976","1049"
"34","3.139376","325","3.140784","324","3.141412","324","3.145848","698","3.142388","698","3.139588","698","3.14328","698","3.1428","695","3.14292","693","3.142124","741","3.14246","741","3.1439","810","3.139328","693","3.14224","693","3.137544","693","3.14492","693","3.14086","693","3.1419","718","3.13844","693","3.138928","740","3.139668","693","3.138244","692","3.144448","692","3.138568","717","3.142592","759","3.141308","760","3.139516","897","3.14198","714","3.142","759","3.140356","759","3.1408","759","3.140364","759","3.142044","760","3.138804","880","3.142352","805","3.140228","897","3.1431","736","3.142644","880","3.141036","758","3.139808","841","3.14044","842","3.138204","714","3.142092","759","3.143712","805","3.141332","886","3.141716","854","3.144512","854","3.142788","854","3.138916","853","3.144892","853","3.141376","853","3.14394","853","3.13944","853","3.139632","853","3.140548","853","3.141956","853","3.139604","853","3.139636","853","3.141416","853","3.140992","853","3.143256","853","3.142896","853","3.140916","853","3.137972","854","3.140332","854","3.142316","854","3.140548","854","3.143808","854","3.140876","853","3.140904","853","3.143492","853","3.138008","853","3.14","852","3.143672","854","3.14316","853","3.140212","852","3.142172","853","3.142764","853","3.142636","853","3.139696","852","3.14404","853","3.141592","854","3.141012","834","3.14102","853","3.142976","854","3.1398","854","3.139116","854","3.13902","836","3.14292","836","3.141004","835","3.141704","835","3.139592","836","3.142112","836","3.143696","835","3.13974","834","3.142056","836","3.144876","834","3.14162","835","3.14336","835","3.141432","836","3.141403679999999","792","911"
"35","3.140412","424","3.143164","808","3.143068","996","3.143056","993","3.142244","896","3.14264","831","3.140984","935","3.14002","853","3.141296","854","3.13928","976","3.1395","935","3.141804","896","3.143252","853","3.14388","896","3.142848","935","3.140712","896","3.139652","896","3.141584","896","3.140272","853","3.141272","896","3.139272","953","3.142864","889","3.140844","948","3.141212","928","3.138404","947","3.1435","944","3.14242","922","3.14152","904","3.139752","962","3.139592","962","3.139596","962","3.14178","922","3.141696","964","3.140556","962","3.143692","962","3.139768","973","3.141368","957","3.140356","917","3.139428","973","3.140332","916","3.142952","970","3.142732","970","3.142804","954","3.141272","970","3.142052","970","3.140964","970","3.1414","970","3.142508","953","3.140616","970","3.141304","970","3.146072","970","3.14088","947","3.14484","963","3.143376","963","3.142252","959","3.137436","959","3.137836","955","3.142484","956","3.13926","939","3.142476","956","3.141076","939","3.140164","956","3.14316","956","3.14298","956","3.14078","955","3.142744","956","3.137672","950","3.141928","950","3.139776","949","3.141852","949","3.141424","949","3.140128","944","3.141868","944","3.141624","944","3.142636","944","3.14202","944","3.142348","944","3.137608","944","3.14038","943","3.14162","944","3.139796","944","3.137384","944","3.141212","944","3.142516","944","3.145108","944","3.143796","944","3.14362","944","3.138604","944","3.140416","944","3.14274","944","3.142008","944","3.14114","943","3.141344","944","3.14252","944","3.143784","944","3.143172","943","3.142544","944","3.138844","944","3.144968","944","3.140564","944","3.1414427599999994","934","997"
"36","3.143004","541","3.139132","894","3.140096","895","3.141084","894","3.140896","894","3.141308","895","3.139316","895","3.143348","895","3.140764","894","3.140188","894","3.142092","916","3.142924","894","3.1413","916","3.141744","895","3.1423","894","3.141292","895","3.140584","894","3.142488","890","3.144084","891","3.140016","912","3.14168","891","3.143592","890","3.142716","891","3.142488","912","3.143188","912","3.145228","891","3.141608","891","3.139384","890","3.142904","891","3.141832","890","3.142832","890","3.140724","890","3.14194","912","3.14154","890","3.141344","890","3.1425","890","3.1419","890","3.142576","890","3.14392","890","3.142204","869","3.142568","890","3.13948","868","3.14206","869","3.14374","889","3.143512","890","3.14068","889","3.138916","876","3.143128","864","3.140704","864","3.141556","864","3.14084","863","3.141372","861","3.144284","861","3.14096","861","3.140008","862","3.14266","862","3.141716","861","3.14116","862","3.142048","862","3.141712","862","3.139972","862","3.144052","861","3.14186","861","3.141652","862","3.143816","861","3.141628","860","3.141912","860","3.142848","861","3.14238","861","3.141208","861","3.140328","861","3.142892","860","3.14394","860","3.14368","861","3.141896","861","3.140832","861","3.145208","861","3.140276","860","3.14142","860","3.140892","861","3.14158","856","3.142284","857","3.145068","856","3.1407","856","3.143952","835","3.14254","856","3.141536","856","3.144388","856","3.141668","857","3.140976","857","3.140728","856","3.14082","856","3.1414","857","3.139704","856","3.141328","857","3.1436","856","3.14164","857","3.14312","856","3.139092","857","3.139404","857","3.1418538399999996","871","917"
"37","3.142604","589","3.139548","784","3.143392","806","3.142368","832","3.138552","806","3.142144","806","3.14","806","3.142716","761","3.138608","723","3.143176","761","3.141076","798","3.144804","823","3.142332","907","3.140764","823","3.140884","907","3.140004","865","3.141","907","3.14172","823","3.143392","843","3.144156","907","3.141252","907","3.142516","823","3.139992","797","3.142708","843","3.142248","822","3.14172","797","3.140444","842","3.140372","907","3.139832","842","3.141128","823","3.141564","843","3.144068","843","3.1424","865","3.143444","888","3.140632","843","3.141788","823","3.141696","822","3.141112","842","3.141912","822","3.139304","841","3.139556","882","3.14148","919","3.145948","914","3.141868","914","3.14028","914","3.141096","913","3.139372","895","3.139264","895","3.141076","895","3.14226","914","3.14066","896","3.139708","913","3.138944","914","3.143304","913","3.141044","890","3.141524","870","3.14128","889","3.14104","871","3.140964","886","3.142144","886","3.143272","885","3.142776","885","3.139412","886","3.140412","885","3.142636","885","3.144504","885","3.138956","886","3.142228","885","3.140444","875","3.142316","875","3.143192","875","3.14326","875","3.14242","875","3.142972","875","3.144524","875","3.138116","875","3.142188","875","3.144592","875","3.138152","876","3.141428","875","3.139404","875","3.14124","876","3.142116","866","3.141764","866","3.140848","857","3.141392","857","3.140596","857","3.140552","852","3.14198","852","3.1398","851","3.146","851","3.143284","851","3.143516","851","3.141524","851","3.14052","851","3.141624","851","3.140628","851","3.140568","850","3.142088","851","3.139936","851","3.1415336399999982","857","955"
"38","3.142608","76","3.141016","143","3.143748","143","3.140904","141","3.141896","307","3.14194","307","3.141436","329","3.143632","306","3.140748","306","3.14278","292","3.140276","432","3.14036","609","3.142876","609","3.140544","588","3.142568","610","3.139496","610","3.141476","588","3.141","610","3.141068","594","3.142172","587","3.140824","631","3.142204","657","3.14012","656","3.140992","586","3.141372","656","3.142276","656","3.145604","631","3.145052","623","3.142068","660","3.142056","660","3.143932","653","3.139696","653","3.140828","653","3.141256","673","3.144408","673","3.141092","652","3.140272","777","3.145092","792","3.139268","792","3.14142","792","3.141616","792","3.139516","792","3.141636","777","3.13888","793","3.140804","758","3.140656","755","3.14144","755","3.141076","754","3.141696","754","3.140968","754","3.141848","754","3.143364","754","3.140484","754","3.145112","754","3.14242","754","3.14266","754","3.139904","755","3.142572","755","3.142712","754","3.143956","689","3.139968","754","3.144184","754","3.140708","737","3.140228","720","3.139004","737","3.14222","737","3.141664","737","3.139996","737","3.14548","737","3.143348","737","3.142124","732","3.143816","732","3.143516","732","3.140052","732","3.141492","732","3.141928","732","3.142604","732","3.141812","732","3.143804","732","3.14076","732","3.1421","732","3.142124","732","3.142176","732","3.140452","732","3.139908","732","3.139892","732","3.14028","732","3.141396","732","3.137104","732","3.140616","732","3.142704","732","3.140564","732","3.142244","732","3.141124","732","3.138856","732","3.141984","732","3.138772","732","3.142648","732","3.141004","732","3.141776","731","3.141621279999999","662","903"
"39","3.145644","204","3.1434","531","3.139432","791","3.138572","958","3.142176","958","3.139312","958","3.140052","958","3.142536","958","3.139968","958","3.143192","939","3.140448","977","3.138392","939","3.138352","958","3.143816","916","3.1414","957","3.14232","957","3.1393","791","3.142936","957","3.14078","954","3.140828","949","3.1431","930","3.144132","948","3.140908","930","3.140032","947","3.144372","948","3.140032","943","3.141212","943","3.142208","942","3.141508","942","3.14066","937","3.140672","936","3.139976","937","3.142244","934","3.140296","934","3.142676","952","3.140796","934","3.141312","934","3.143616","934","3.139876","934","3.14064","915","3.143388","934","3.143496","922","3.141516","940","3.141516","918","3.1419","935","3.140284","898","3.141644","935","3.144548","934","3.142932","917","3.139888","917","3.143344","934","3.14018","911","3.140872","891","3.144672","929","3.140836","924","3.141608","924","3.139924","924","3.143724","923","3.14222","924","3.143624","924","3.139272","924","3.141548","924","3.144496","924","3.140236","924","3.137748","924","3.141816","924","3.140704","924","3.142644","924","3.141152","924","3.139416","924","3.14326","923","3.14264","923","3.141384","904","3.143176","924","3.140264","924","3.141644","923","3.144804","924","3.141992","924","3.139096","924","3.141208","924","3.14274","923","3.14064","923","3.14454","924","3.139276","923","3.142416","924","3.141172","924","3.140036","923","3.142008","923","3.141984","923","3.14286","923","3.141452","923","3.14088","907","3.142392","907","3.142532","907","3.142496","907","3.141768","907","3.140748","907","3.143956","907","3.144168","907","3.142888","907","3.1416469199999995","915","999"
"40","3.142484","61","3.14406","435","3.14028","375","3.140596","375","3.141232","435","3.142984","375","3.144156","356","3.141624","455","3.138712","356","3.139732","356","3.141668","356","3.14184","356","3.143364","375","3.140232","409","3.141684","435","3.137692","356","3.145824","375","3.141688","375","3.14292","480","3.137964","375","3.142568","375","3.14506","842","3.139596","847","3.144052","842","3.143136","847","3.140204","849","3.14372","847","3.142148","848","3.1418","842","3.143268","821","3.141964","848","3.141492","842","3.14366","842","3.142836","818","3.139444","848","3.143064","818","3.139804","842","3.141624","842","3.143352","842","3.142592","849","3.139812","842","3.144508","848","3.142348","842","3.143276","848","3.139848","764","3.14116","764","3.140308","759","3.14364","766","3.139632","766","3.144828","760","3.144844","759","3.141984","767","3.140728","766","3.143568","760","3.140456","784","3.141128","764","3.139612","765","3.140292","750","3.14218","728","3.141048","748","3.142156","748","3.138972","748","3.142128","727","3.1426","731","3.138076","730","3.13994","748","3.14226","728","3.140316","730","3.141176","748","3.140524","748","3.144764","731","3.143048","748","3.142832","748","3.138992","728","3.14502","748","3.141304","729","3.140584","748","3.141732","730","3.145176","748","3.143648","748","3.143268","728","3.146284","748","3.14404","723","3.140092","748","3.142876","726","3.138128","748","3.139136","748","3.141404","748","3.141776","748","3.14132","728","3.139832","731","3.140348","726","3.143776","727","3.142192","747","3.143368","748","3.142676","728","3.141668","731","3.1416","729","3.14502","747","3.139152","739","3.1418452400000008","689","912"
"41","3.1415","843","3.14262","843","3.141168","800","3.142864","800","3.139368","800","3.142656","800","3.14094","800","3.139388","800","3.138804","799","3.13966","794","3.142228","772","3.142308","793","3.142584","791","3.143172","770","3.141708","769","3.141384","770","3.14196","791","3.141688","791","3.1431","791","3.142388","790","3.14484","790","3.140388","810","3.140824","802","3.140696","782","3.140124","802","3.141884","802","3.142568","782","3.143084","802","3.1405","802","3.143308","802","3.142808","802","3.142256","792","3.142016","792","3.139312","867","3.139724","844","3.140776","896","3.142952","899","3.141808","867","3.14148","867","3.141664","896","3.141696","895","3.140552","899","3.140888","841","3.143604","896","3.140496","899","3.141532","866","3.140144","864","3.140804","894","3.143024","895","3.142212","894","3.140984","862","3.137744","894","3.142116","894","3.14032","894","3.142876","894","3.141496","858","3.139936","855","3.143712","851","3.140332","849","3.1371","852","3.139504","852","3.14054","852","3.137848","851","3.140672","845","3.140524","848","3.13974","851","3.140408","869","3.14274","869","3.14278","849","3.14094","869","3.145548","867","3.139556","847","3.141772","860","3.140356","860","3.141816","860","3.142884","837","3.138568","857","3.139496","852","3.142528","852","3.141948","852","3.141228","852","3.141204","852","3.143664","852","3.140212","852","3.142036","852","3.143788","852","3.139312","852","3.14528","852","3.1409","852","3.143288","830","3.141904","852","3.143028","852","3.139552","852","3.140204","852","3.141612","852","3.139256","852","3.138688","833","3.141316","852","3.141948","852","3.141036","852","3.1413569200000007","840","954"
"42","3.142516","613","3.1428","663","3.14584","587","3.142564","636","3.14042","587","3.141092","562","3.143344","612","3.13954","846","3.142128","799","3.140432","905","3.14268","905","3.140708","905","3.141304","904","3.141272","905","3.140924","886","3.139872","905","3.141688","797","3.138632","841","3.141968","886","3.142512","842","3.141688","904","3.141904","819","3.140172","904","3.139964","885","3.141876","841","3.139168","904","3.140764","796","3.140256","841","3.142096","904","3.142792","904","3.143936","904","3.14204","884","3.14046","904","3.14314","840","3.141924","904","3.140332","904","3.141624","904","3.142972","903","3.142016","904","3.140604","904","3.142952","904","3.142624","904","3.140324","904","3.142348","884","3.14316","904","3.140904","841","3.142948","904","3.1418","904","3.140208","822","3.141736","841","3.140836","838","3.141216","837","3.143424","856","3.14172","856","3.140404","831","3.141012","850","3.140516","864","3.143456","850","3.142204","850","3.139164","850","3.142076","850","3.139824","848","3.139532","850","3.14194","850","3.140324","849","3.141484","850","3.141148","864","3.141312","849","3.141","850","3.141704","850","3.143976","864","3.144528","850","3.142256","849","3.140456","849","3.139764","849","3.14032","850","3.140568","850","3.142244","850","3.139324","864","3.142188","849","3.143536","850","3.142764","850","3.140336","864","3.138348","843","3.144748","843","3.139328","843","3.14148","843","3.144456","843","3.139532","843","3.142324","858","3.140256","843","3.139092","843","3.140204","858","3.141556","843","3.144304","858","3.141492","843","3.140764","857","3.1424","858","3.14142","858","3.139232","849","3.1414845999999987","845","931"
"43","3.139432","296","3.139448","703","3.139888","656","3.140888","811","3.141476","768","3.141676","812","3.140212","811","3.142028","812","3.14406","902","3.143824","790","3.141988","791","3.1421","858","3.144488","811","3.1451","902","3.140144","919","3.142384","812","3.140868","812","3.141636","902","3.13996","902","3.14198","810","3.141096","811","3.141648","790","3.1418","811","3.139424","811","3.141544","791","3.138248","919","3.143512","811","3.14418","879","3.140856","790","3.142244","742","3.143212","809","3.141232","899","3.142176","788","3.14352","876","3.140412","916","3.139104","765","3.138696","809","3.1405","877","3.14168","895","3.141368","786","3.143816","868","3.140464","827","3.143008","851","3.142844","868","3.14476","847","3.144992","847","3.140628","861","3.138536","842","3.141824","861","3.14422","861","3.141032","860","3.143448","860","3.140368","860","3.138056","861","3.140612","860","3.14318","842","3.140872","860","3.14254","858","3.142572","857","3.144528","845","3.142096","845","3.140004","845","3.140316","844","3.144004","844","3.14318","841","3.140996","824","3.13984","841","3.142352","842","3.140044","842","3.139464","841","3.140472","841","3.139912","841","3.14256","841","3.140464","832","3.141104","830","3.142892","830","3.14192","829","3.140544","829","3.142696","828","3.141872","829","3.142572","825","3.142916","824","3.139456","824","3.1409","824","3.142136","824","3.14094","824","3.1399","825","3.140848","825","3.142124","824","3.142536","824","3.142572","815","3.139308","814","3.139832","814","3.140864","814","3.140612","811","3.13768","811","3.140068","811","3.140188","811","3.144228","810","3.141464","811","3.141502080000001","826","922"
"44","3.142164","205","3.139332","620","3.138912","521","3.141656","704","3.140108","619","3.143608","520","3.14144","521","3.144292","619","3.141088","875","3.141164","875","3.13976","875","3.140076","875","3.140772","875","3.143496","718","3.142656","875","3.142576","776","3.140592","875","3.143136","875","3.141448","875","3.142424","875","3.144612","875","3.143888","875","3.141996","718","3.14122","875","3.141808","775","3.142012","875","3.139716","875","3.142708","846","3.14158","822","3.141336","846","3.141132","846","3.14268","845","3.14068","845","3.142448","846","3.141048","845","3.139912","846","3.140888","846","3.140248","845","3.142272","861","3.140976","846","3.144856","821","3.138008","822","3.14216","845","3.142892","845","3.146668","845","3.141056","846","3.14226","846","3.140832","845","3.142956","846","3.140608","845","3.14138","846","3.140184","846","3.139316","846","3.144832","845","3.14228","844","3.137744","845","3.138184","845","3.141784","820","3.142048","820","3.144144","845","3.141024","845","3.13986","845","3.139372","845","3.140972","832","3.144124","833","3.140056","833","3.140848","847","3.14266","833","3.142096","832","3.142412","833","3.1424","832","3.141684","832","3.144688","832","3.140476","824","3.140424","818","3.13958","831","3.140892","802","3.144424","807","3.140208","792","3.140296","792","3.14236","807","3.142392","807","3.144152","807","3.140684","807","3.140892","792","3.13988","792","3.140464","807","3.139532","807","3.141004","807","3.142356","807","3.143112","807","3.140692","807","3.140224","807","3.140184","807","3.139372","798","3.142872","778","3.141192","791","3.14112","790","3.140336","787","3.143196","787","3.1415256399999993","807","901"
"45","3.143236","820","3.142688","632","3.140004","463","3.141804","463","3.140284","632","3.144624","491","3.140416","463","3.139916","896","3.14134","896","3.14118","876","3.14034","897","3.143056","876","3.14122","896","3.143496","896","3.141304","896","3.14242","896","3.14074","896","3.144248","876","3.142136","896","3.14086","876","3.140316","876","3.142264","876","3.14314","896","3.142328","896","3.141636","876","3.142004","896","3.145624","896","3.1432","876","3.138732","896","3.142424","876","3.142204","896","3.141116","876","3.141188","896","3.14226","896","3.139984","896","3.142008","893","3.1423","854","3.139264","873","3.139588","893","3.14004","870","3.142988","870","3.141728","870","3.140336","870","3.14196","870","3.140864","849","3.14198","849","3.143464","848","3.14014","849","3.143396","849","3.141772","843","3.145372","843","3.143552","823","3.141808","843","3.140704","833","3.140628","833","3.139824","812","3.14346","832","3.138728","832","3.14392","829","3.14144","829","3.139924","829","3.142084","829","3.14146","829","3.14134","829","3.141168","829","3.14116","821","3.141152","820","3.1424","821","3.141904","821","3.140504","821","3.141456","821","3.140308","817","3.139664","817","3.143616","817","3.141","817","3.141744","817","3.143316","817","3.140464","817","3.14216","817","3.143788","817","3.141068","817","3.1397","817","3.140844","815","3.140732","815","3.140616","814","3.139756","814","3.145104","814","3.14184","814","3.144288","814","3.144124","814","3.140448","813","3.142316","813","3.142888","814","3.141624","814","3.139192","802","3.141552","793","3.145136","793","3.141136","793","3.140948","793","3.140124","793","3.1416904399999996","827","903"
"46","3.14092","68","3.13972","728","3.142944","728","3.141248","783","3.13846","512","3.14296","757","3.14286","779","3.142996","779","3.142724","776","3.140524","775","3.140872","747","3.143444","773","3.141476","797","3.142008","773","3.142824","773","3.140472","773","3.142016","904","3.142472","820","3.142924","797","3.143708","747","3.145692","864","3.140328","904","3.140876","796","3.14052","747","3.14162","773","3.140492","864","3.143192","904","3.144716","747","3.140064","811","3.139824","896","3.1404","896","3.142412","914","3.142856","888","3.139816","886","3.139308","905","3.141728","904","3.14258","904","3.142016","904","3.13948","904","3.139584","905","3.14268","904","3.142636","905","3.144184","904","3.14058","904","3.139452","904","3.14306","904","3.14174","904","3.14418","886","3.143772","904","3.140384","904","3.13904","876","3.141972","894","3.139892","893","3.143744","894","3.144244","894","3.140684","893","3.141216","893","3.143852","893","3.141616","893","3.140756","893","3.139288","909","3.143292","893","3.143336","893","3.140052","894","3.143012","894","3.138664","892","3.142468","893","3.139184","893","3.139748","893","3.140444","876","3.144532","893","3.140328","893","3.143036","893","3.144056","892","3.142184","893","3.139776","893","3.13918","893","3.144224","884","3.1421","861","3.139424","877","3.141768","862","3.1398","862","3.140284","862","3.142652","846","3.144176","862","3.139576","847","3.138188","846","3.140452","862","3.141048","846","3.141596","862","3.139772","858","3.141132","859","3.142916","843","3.140876","859","3.139816","828","3.138928","844","3.143244","844","3.139964","843","3.138116","844","3.142696","843","3.141500880000001","846","950"
"47","3.141984","312","3.140844","918","3.138532","922","3.143288","921","3.143564","918","3.137532","917","3.141308","922","3.142924","922","3.140152","922","3.144584","918","3.141108","921","3.144592","920","3.14008","917","3.142408","921","3.142852","920","3.138872","920","3.142064","921","3.142784","918","3.139004","918","3.141444","918","3.141648","917","3.141852","921","3.1423","921","3.140292","920","3.142052","921","3.141976","922","3.141404","918","3.145116","918","3.14286","921","3.139192","918","3.142172","921","3.140912","921","3.14128","921","3.141284","920","3.141924","917","3.141284","916","3.142328","917","3.13878","922","3.141424","917","3.14148","897","3.13906","921","3.142344","917","3.142612","920","3.144984","917","3.14288","921","3.139008","918","3.142028","922","3.14212","916","3.141016","921","3.138924","917","3.14092","916","3.140828","919","3.139344","922","3.141876","918","3.14362","921","3.14234","922","3.142744","920","3.140652","921","3.1433","922","3.14176","922","3.138104","920","3.14058","920","3.1439","920","3.141884","921","3.142264","918","3.140896","922","3.14314","917","3.146712","920","3.140116","922","3.143088","920","3.14298","921","3.142328","920","3.14464","921","3.13898","920","3.138292","917","3.142904","920","3.143672","917","3.145012","922","3.14102","916","3.141032","920","3.143464","920","3.141832","921","3.14182","920","3.143336","898","3.140976","916","3.142816","922","3.142524","920","3.143384","917","3.142356","917","3.140812","917","3.142036","920","3.138928","921","3.141948","921","3.14136","921","3.142656","917","3.140928","921","3.138348","920","3.142516","921","3.141612","920","3.139708","921","3.1416874400000006","913","923"
"48","3.140608","283","3.145436","551","3.141964","548","3.14042","574","3.14104","574","3.14058","693","3.14272","548","3.140912","574","3.14168","916","3.138972","916","3.139976","753","3.140612","775","3.1405","914","3.14012","916","3.142176","916","3.140712","818","3.142624","916","3.141948","916","3.139316","916","3.139312","916","3.140108","916","3.140016","916","3.1415","775","3.143096","933","3.143128","916","3.143644","905","3.142768","896","3.142308","896","3.139724","822","3.14148","822","3.14164","895","3.138696","895","3.139308","822","3.144992","895","3.140864","902","3.14108","902","3.144616","883","3.1439","901","3.1415","902","3.143928","900","3.141904","902","3.143296","901","3.14066","900","3.1422","901","3.141468","882","3.142704","902","3.140696","884","3.144616","900","3.142416","902","3.138208","901","3.142984","901","3.142548","901","3.139376","901","3.1403","901","3.140512","901","3.142348","901","3.140536","902","3.141916","902","3.143088","901","3.141076","901","3.144148","888","3.139308","887","3.140928","888","3.136752","888","3.141676","888","3.14248","888","3.142024","888","3.140384","888","3.13966","888","3.13854","888","3.139308","888","3.142952","888","3.140552","888","3.144356","888","3.141008","888","3.140668","888","3.143304","888","3.14194","888","3.141412","887","3.138828","888","3.14198","888","3.141404","888","3.143524","887","3.139696","888","3.137788","888","3.14304","846","3.138788","846","3.1435","841","3.144152","841","3.140496","840","3.14116","840","3.141596","840","3.140744","840","3.144988","840","3.139832","840","3.14196","837","3.143788","836","3.141492","837","3.143596","837","3.1428","830","3.1414932800000006","854","943"
"49","3.142732","17","3.143852","66","3.142284","72","3.139724","519","3.141896","520","3.14086","571","3.139184","665","3.139896","754","3.14128","665","3.141696","820","3.14148","731","3.140476","620","3.138688","724","3.140512","724","3.138616","724","3.141204","724","3.1429","658","3.142224","694","3.143296","654","3.14056","720","3.137884","742","3.140984","809","3.14244","871","3.14688","850","3.144332","889","3.142156","871","3.140116","871","3.14144","826","3.141248","871","3.140764","871","3.14244","871","3.140116","871","3.140628","870","3.140916","871","3.144344","871","3.140356","870","3.139448","871","3.146952","870","3.140904","870","3.140676","870","3.142028","851","3.140612","852","3.144172","851","3.142984","851","3.141508","871","3.140328","871","3.142512","851","3.140924","851","3.142932","851","3.1393","851","3.141472","851","3.141924","832","3.141416","872","3.141232","851","3.139864","851","3.141316","851","3.13972","851","3.139544","851","3.138036","851","3.141112","832","3.140308","851","3.140468","851","3.141932","851","3.142272","851","3.140544","860","3.142272","838","3.144136","838","3.141984","835","3.140804","851","3.144228","851","3.141296","845","3.139152","844","3.139528","844","3.143048","841","3.141636","841","3.138512","841","3.143072","838","3.142976","838","3.140476","837","3.1412","837","3.140424","835","3.14186","835","3.142272","835","3.142724","835","3.142904","835","3.142052","830","3.139836","830","3.144712","830","3.137716","830","3.143336","830","3.141544","826","3.14158","825","3.140532","825","3.14584","824","3.139684","821","3.140016","821","3.14238","821","3.1412","821","3.138852","821","3.141276","815","3.14141904","792","945"
"50","3.140804","290","3.141704","891","3.141372","577","3.142556","891","3.14442","691","3.14292","846","3.138944","890","3.140948","891","3.14088","890","3.141816","890","3.142564","891","3.142108","691","3.14392","870","3.143104","881","3.141052","881","3.139144","832","3.14074","877","3.141964","856","3.138088","897","3.140924","876","3.14274","897","3.14068","832","3.141364","873","3.14108","873","3.143832","873","3.139184","873","3.143924","873","3.142112","870","3.142484","869","3.141976","909","3.14482","869","3.141228","865","3.140528","864","3.14304","864","3.142032","864","3.141424","903","3.139472","883","3.141468","884","3.144712","884","3.138436","883","3.140416","903","3.14194","883","3.140872","883","3.141908","863","3.142144","884","3.142196","883","3.139736","883","3.140248","883","3.1427","883","3.14128","883","3.140156","903","3.142024","883","3.139112","898","3.142272","866","3.143064","885","3.1393","885","3.13958","882","3.14164","882","3.143628","900","3.140652","881","3.142512","878","3.143368","879","3.142612","875","3.140608","875","3.139912","890","3.143684","890","3.141016","890","3.140644","890","3.139668","890","3.142172","891","3.143716","882","3.143052","882","3.141284","881","3.142816","880","3.140432","877","3.143536","877","3.14032","877","3.141412","876","3.139484","877","3.142216","877","3.143364","877","3.140324","877","3.139076","877","3.141644","877","3.142788","876","3.144488","877","3.138304","877","3.14506","876","3.140272","877","3.141652","876","3.140696","876","3.138664","876","3.139808","876","3.138984","876","3.139132","877","3.142428","876","3.139304","877","3.140084","876","3.143652","876","3.140772","877","3.141463360000001","866","951"
"51","3.139396","759","3.143388","832","3.140188","899","3.14348","899","3.142128","832","3.13926","872","3.13966","917","3.141308","893","3.142548","915","3.143168","915","3.140348","914","3.141696","914","3.144032","914","3.14228","866","3.143208","933","3.140608","912","3.140172","912","3.14004","930","3.142268","908","3.138512","907","3.1419","973","3.14264","973","3.140888","907","3.1401","931","3.14022","929","3.143032","973","3.144084","908","3.144756","907","3.141676","973","3.142268","931","3.139712","907","3.141552","908","3.141944","929","3.140072","973","3.14234","931","3.14404","923","3.144812","966","3.138496","985","3.140912","967","3.14202","924","3.142328","965","3.143392","966","3.141076","965","3.14054","966","3.139092","965","3.140928","965","3.139468","923","3.140304","1001","3.139468","1001","3.140652","1002","3.143724","1001","3.142212","974","3.139884","1001","3.139916","1001","3.143664","974","3.142936","1002","3.142024","1001","3.142572","1001","3.139608","1001","3.13976","1001","3.141016","1001","3.14186","998","3.142664","998","3.14138","998","3.140508","998","3.142468","995","3.140864","995","3.14082","995","3.142084","994","3.141692","995","3.143028","994","3.142304","994","3.141348","994","3.139316","992","3.140844","993","3.141728","993","3.139264","986","3.142716","986","3.1398","986","3.13916","986","3.142472","986","3.14034","986","3.140756","986","3.141348","986","3.14224","986","3.142072","977","3.142572","977","3.139548","977","3.140972","976","3.140604","973","3.142124","973","3.14024","973","3.140704","973","3.14584","972","3.140132","926","3.14156","926","3.142636","926","3.141872","926","3.141536","926","3.143416","926","3.14146548","954","1036"
"52","3.141324","677","3.14368","789","3.139944","958","3.143164","651","3.140308","955","3.14378","961","3.143748","986","3.14132","768","3.141808","721","3.142696","745","3.137228","955","3.143544","985","3.139368","953","3.14474","979","3.141268","985","3.141308","980","3.141872","978","3.14056","981","3.14156","982","3.13916","986","3.14","982","3.143556","985","3.143312","985","3.139528","984","3.139056","977","3.144116","982","3.143724","980","3.143296","985","3.144488","984","3.138936","986","3.140628","977","3.140428","982","3.141816","984","3.141788","984","3.142248","985","3.142464","985","3.142836","984","3.140676","980","3.144108","984","3.139372","978","3.139912","983","3.1396","983","3.144944","983","3.140396","983","3.14286","974","3.142192","974","3.140164","980","3.143376","972","3.143356","972","3.141644","979","3.14502","980","3.142212","979","3.143468","979","3.14316","974","3.142288","976","3.141844","974","3.1426","979","3.141968","973","3.1401","973","3.141952","979","3.142868","979","3.141408","979","3.142068","978","3.140064","978","3.141584","976","3.140824","974","3.142956","979","3.143316","979","3.143472","979","3.142464","978","3.136296","979","3.140444","979","3.139576","971","3.142132","979","3.143568","979","3.1408","979","3.1419","979","3.141796","979","3.140296","979","3.13808","975","3.140256","975","3.1385","979","3.14298","978","3.142044","978","3.138936","977","3.141324","973","3.142216","975","3.143176","978","3.14094","979","3.142436","974","3.143068","979","3.143304","971","3.143344","978","3.142092","978","3.139792","976","3.140336","974","3.14084","976","3.143284","972","3.141916","972","3.141616","975","3.1417012400000006","962","996"
"53","3.138544","201","3.13886","443","3.142388","931","3.140016","884","3.14174","861","3.143124","908","3.13946","885","3.143272","907","3.142572","931","3.141128","931","3.14044","884","3.139792","777","3.140464","931","3.140288","931","3.140152","931","3.141644","884","3.1424","907","3.1356","861","3.142916","884","3.143012","884","3.140952","924","3.14392","924","3.14","904","3.142044","901","3.141644","923","3.14232","924","3.142832","924","3.143232","924","3.140236","919","3.140416","890","3.14454","914","3.138512","914","3.13988","891","3.142488","914","3.142032","914","3.14286","914","3.14344","914","3.142192","914","3.139724","914","3.139856","914","3.14176","914","3.142104","913","3.143004","914","3.13904","914","3.138216","913","3.144044","891","3.141676","914","3.141372","914","3.142248","912","3.141876","913","3.140332","913","3.141148","913","3.141648","912","3.14474","913","3.141472","913","3.142888","913","3.138116","913","3.143144","913","3.139764","913","3.145864","913","3.145392","913","3.140744","912","3.141908","913","3.143916","913","3.142764","909","3.142412","910","3.143404","909","3.138488","910","3.140768","909","3.143908","910","3.145524","909","3.14264","910","3.138824","910","3.14178","909","3.140864","909","3.14188","909","3.14088","910","3.140676","909","3.14256","909","3.141296","909","3.1405","910","3.139212","909","3.141768","909","3.142784","909","3.143112","909","3.14112","909","3.14296","910","3.144132","910","3.142784","909","3.14164","909","3.14412","909","3.144032","909","3.140344","909","3.14048","909","3.13944","909","3.140156","909","3.141072","908","3.146044","909","3.142208","909","3.142632","908","3.1416655600000003","896","936"
"54","3.142372","273","3.14334","892","3.140208","893","3.139332","710","3.141332","892","3.144416","913","3.1423","913","3.143588","913","3.141348","679","3.140036","711","3.139532","913","3.140288","893","3.144584","913","3.13974","892","3.145008","731","3.141004","892","3.139356","893","3.142608","913","3.144372","913","3.144152","891","3.14008","892","3.138608","913","3.142412","892","3.142248","634","3.141836","913","3.14048","912","3.140544","634","3.139996","892","3.145612","891","3.140712","749","3.140016","746","3.140164","883","3.14376","883","3.143564","882","3.139864","882","3.141312","862","3.141388","882","3.139432","882","3.141516","882","3.143212","881","3.139096","882","3.137464","881","3.143088","850","3.14296","882","3.143864","883","3.13932","882","3.139532","882","3.142248","882","3.141688","882","3.143072","882","3.140008","881","3.143088","882","3.140576","882","3.14202","881","3.143564","882","3.143336","881","3.142264","850","3.139528","862","3.143896","882","3.14226","881","3.1414","873","3.142028","874","3.14118","874","3.138112","873","3.142088","875","3.142396","874","3.143476","869","3.140348","868","3.141664","868","3.140576","869","3.142704","841","3.142904","869","3.142024","869","3.140752","867","3.138196","869","3.145556","869","3.143836","868","3.145196","867","3.143448","869","3.142516","868","3.140612","868","3.138756","864","3.140776","864","3.140936","836","3.141712","864","3.138128","863","3.144092","864","3.142772","863","3.139756","855","3.14532","855","3.14118","853","3.13974","854","3.142696","854","3.140736","853","3.140168","853","3.13986","853","3.141632","854","3.140868","854","3.141128","854","3.1413","835","3.14161112","856","915"
"55","3.141584","252","3.141936","564","3.141668","690","3.14206","563","3.144512","563","3.143448","605","3.140664","953","3.142908","953","3.14268","951","3.143664","951","3.141552","950","3.145144","950","3.143556","950","3.139784","950","3.141316","951","3.14208","890","3.141328","951","3.143408","928","3.143132","953","3.140556","927","3.142024","950","3.140028","953","3.140704","950","3.141272","950","3.142448","950","3.141688","950","3.14","950","3.140632","951","3.143912","950","3.143624","950","3.140208","930","3.140572","950","3.140252","950","3.141952","922","3.142524","809","3.140424","953","3.139696","929","3.141028","953","3.140672","936","3.138668","932","3.143028","909","3.142312","936","3.140408","932","3.141024","935","3.142664","931","3.142076","932","3.138188","935","3.14196","935","3.140756","934","3.141864","934","3.13918","932","3.141984","872","3.139348","932","3.141056","934","3.14074","934","3.138804","931","3.144784","934","3.142536","934","3.142328","934","3.140752","931","3.140288","935","3.142244","936","3.14342","934","3.139292","887","3.14412","889","3.143212","887","3.14098","886","3.142444","890","3.14394","890","3.142528","890","3.142924","890","3.140176","862","3.140996","862","3.138992","861","3.143464","862","3.140776","858","3.142944","862","3.140088","862","3.144608","862","3.143376","857","3.14388","855","3.140808","854","3.142796","855","3.140756","851","3.142332","850","3.142684","850","3.14252","848","3.139704","848","3.140648","842","3.13952","848","3.142656","848","3.143732","842","3.141396","848","3.138572","842","3.143292","848","3.141052","848","3.139576","848","3.1416","848","3.143016","848","3.142492","848","3.141689439999999","884","962"
"56","3.139192","346","3.139696","910","3.14146","910","3.141308","911","3.142016","911","3.139884","910","3.1448","910","3.141912","910","3.141368","882","3.140588","910","3.142444","910","3.141768","910","3.142216","861","3.140728","910","3.142008","882","3.141148","884","3.142712","910","3.139848","882","3.144012","883","3.142496","910","3.141212","884","3.140912","882","3.145552","854","3.14512","861","3.141168","853","3.140428","910","3.1409","884","3.143132","910","3.140236","913","3.141576","875","3.142032","847","3.14014","904","3.140228","904","3.141632","904","3.140616","874","3.140716","888","3.141176","888","3.138688","888","3.14354","888","3.142004","860","3.13946","883","3.143108","879","3.142228","878","3.141088","874","3.141516","876","3.142428","873","3.141076","877","3.140496","873","3.139472","874","3.141388","876","3.141252","877","3.141916","874","3.142012","876","3.14364","854","3.1385","874","3.144064","874","3.143348","874","3.142","874","3.141616","878","3.140012","878","3.140036","878","3.141784","874","3.140172","877","3.143552","874","3.141552","876","3.13934","878","3.140744","846","3.14462","874","3.14098","873","3.143488","874","3.142632","874","3.142524","876","3.1406","874","3.145188","874","3.143156","873","3.142612","853","3.145396","876","3.143068","876","3.140564","877","3.142392","874","3.14192","873","3.147236","864","3.14386","863","3.142376","799","3.142392","799","3.142216","799","3.13946","798","3.14026","799","3.140896","798","3.141468","796","3.141576","799","3.14244","798","3.142156","799","3.14016","797","3.137772","798","3.143536","797","3.142928","798","3.142592","797","3.14402","797","3.14584","799","3.14182736","862","917"
"57","3.141836","576","3.143752","985","3.144716","985","3.138432","985","3.142184","985","3.141048","963","3.143668","985","3.141596","962","3.138296","898","3.138616","963","3.140508","984","3.142472","961","3.139552","813","3.141284","985","3.13944","962","3.139508","984","3.146676","984","3.14254","984","3.141548","985","3.141736","984","3.139888","962","3.145292","962","3.142832","962","3.141304","962","3.140604","813","3.14366","984","3.140044","813","3.141852","962","3.138308","984","3.139936","980","3.140168","956","3.14032","956","3.143524","956","3.143796","955","3.140748","868","3.139356","868","3.139776","955","3.141636","954","3.141556","932","3.141372","954","3.1424","951","3.141192","928","3.139512","951","3.138228","950","3.143124","950","3.141216","951","3.13778","950","3.142412","947","3.142964","945","3.142028","947","3.140276","947","3.141036","945","3.140876","945","3.13898","947","3.1416","945","3.142504","914","3.142768","936","3.144376","934","3.142332","935","3.138232","935","3.141564","935","3.14142","930","3.141864","929","3.142984","927","3.144936","929","3.141484","929","3.143256","927","3.139932","927","3.141296","929","3.140392","928","3.142324","927","3.141804","927","3.141172","927","3.142456","926","3.141312","928","3.141972","928","3.139736","928","3.142556","928","3.145052","925","3.140392","913","3.140056","912","3.142392","905","3.140912","903","3.143312","900","3.1399","901","3.142604","900","3.141752","901","3.13964","901","3.13846","901","3.141744","900","3.140364","899","3.136836","901","3.140664","900","3.140456","901","3.140204","901","3.142272","901","3.142136","901","3.143748","899","3.141824","899","3.139504","901","3.141359","930","987"
"58","3.138352","453","3.141208","452","3.141372","582","3.14052","854","3.143828","854","3.13878","833","3.142684","832","3.137844","832","3.142892","833","3.1392","854","3.140536","854","3.142536","854","3.139904","853","3.142356","854","3.142444","832","3.141044","854","3.141672","853","3.141588","854","3.139884","853","3.14478","832","3.141784","832","3.141204","853","3.14168","831","3.140424","854","3.138144","853","3.143492","853","3.142372","832","3.145088","854","3.14192","854","3.14398","832","3.142544","853","3.144084","853","3.143572","845","3.140416","844","3.141996","846","3.139372","845","3.145536","864","3.143452","845","3.14148","845","3.142712","821","3.141672","840","3.141696","918","3.141572","821","3.14178","840","3.143256","840","3.143016","821","3.14248","839","3.140904","919","3.143032","821","3.139576","839","3.14124","918","3.14282","918","3.139348","840","3.143344","840","3.14348","821","3.142644","840","3.144136","821","3.143884","821","3.143312","826","3.138848","813","3.141208","891","3.139504","865","3.141896","890","3.13992","890","3.141904","865","3.1411","891","3.144772","891","3.141856","891","3.139432","891","3.143628","891","3.140316","891","3.141076","891","3.138212","891","3.139712","891","3.140704","890","3.141872","891","3.140764","890","3.141128","890","3.14194","890","3.141076","890","3.140448","890","3.141536","890","3.1393","890","3.140564","890","3.143424","890","3.14046","890","3.141228","890","3.141232","886","3.13924","886","3.142048","886","3.140636","872","3.141828","872","3.14108","873","3.141056","873","3.141384","732","3.142196","732","3.141712","732","3.142048","731","3.1431","731","3.142508","731","3.141597639999999","842","960"
"59","3.142044","333","3.142876","977","3.142404","898","3.13924","623","3.139236","898","3.139164","875","3.140844","875","3.143008","875","3.143516","787","3.139148","898","3.140968","898","3.14224","898","3.141168","875","3.14064","898","3.142348","910","3.14266","910","3.14092","865","3.14292","910","3.143092","910","3.14232","909","3.138052","910","3.144852","872","3.140916","894","3.142584","894","3.143308","894","3.140532","893","3.140124","827","3.1406","894","3.142768","894","3.141564","894","3.13872","894","3.140672","894","3.141456","893","3.14196","894","3.141732","894","3.141448","847","3.143076","892","3.140608","892","3.140904","892","3.144944","891","3.140148","892","3.139112","870","3.142292","868","3.142284","868","3.142868","905","3.143356","905","3.140348","919","3.140324","919","3.139972","918","3.140288","919","3.142836","918","3.140316","918","3.140852","919","3.142476","900","3.139624","919","3.142208","919","3.140496","900","3.141544","918","3.142876","918","3.141704","919","3.140984","918","3.141172","918","3.142792","918","3.141092","900","3.139636","918","3.142252","918","3.140864","918","3.142688","900","3.140748","918","3.14214","918","3.140756","918","3.141928","918","3.141128","918","3.143284","916","3.142448","916","3.140572","916","3.14344","916","3.141732","916","3.140324","916","3.139876","916","3.139936","916","3.139864","916","3.141372","916","3.145376","898","3.140612","915","3.13986","915","3.143408","895","3.142184","895","3.14184","895","3.14158","913","3.142872","913","3.1407","913","3.141256","913","3.142636","910","3.143676","910","3.140688","910","3.142552","892","3.139204","910","3.142844","909","3.141688","909","3.1415150400000003","893","978"
"60","3.142028","130","3.142436","293","3.142172","219","3.140996","188","3.140732","217","3.143208","680","3.141172","561","3.145052","681","3.142216","606","3.142912","681","3.143656","584","3.14056","656","3.141996","583","3.141752","681","3.140396","680","3.141328","680","3.141704","681","3.140072","680","3.141808","681","3.143208","681","3.140352","680","3.142576","681","3.138676","680","3.14344","606","3.140372","681","3.142616","680","3.144652","656","3.144608","656","3.141952","680","3.138364","680","3.137988","680","3.141648","583","3.13894","680","3.1424","630","3.140972","630","3.144384","681","3.139788","671","3.142508","674","3.140504","738","3.142416","738","3.141312","736","3.13948","725","3.140836","734","3.141084","763","3.14052","736","3.143348","723","3.143144","763","3.143436","732","3.140852","763","3.143552","734","3.142424","765","3.137192","734","3.14176","725","3.141908","765","3.141752","729","3.141636","732","3.14218","762","3.144188","760","3.143784","762","3.14336","760","3.142644","761","3.14146","733","3.143824","732","3.142496","759","3.14162","759","3.145128","761","3.140628","733","3.142472","761","3.140088","761","3.14248","729","3.141768","723","3.140452","725","3.138988","733","3.140864","759","3.141236","760","3.139664","761","3.141072","671","3.140184","690","3.142008","690","3.141484","690","3.141728","689","3.143296","690","3.141856","691","3.138872","671","3.138352","690","3.142092","672","3.14098","667","3.141816","691","3.14212","617","3.138948","616","3.141632","610","3.140836","610","3.140512","610","3.143172","610","3.140476","610","3.13976","610","3.139628","610","3.138044","609","3.142428","609","3.139204","610","3.141526200000001","666","935"
"61","3.1434","287","3.140884","287","3.140888","455","3.140016","652","3.14002","603","3.140584","650","3.141356","650","3.13806","650","3.143584","650","3.14398","602","3.140608","650","3.141096","650","3.13982","645","3.141604","645","3.142336","645","3.14088","645","3.14176","645","3.140664","645","3.141848","645","3.14516","645","3.14264","900","3.141092","900","3.141832","899","3.142356","892","3.1382","892","3.1418","784","3.140788","897","3.142704","892","3.140168","919","3.140288","911","3.14134","911","3.141828","891","3.143692","891","3.143424","912","3.141708","912","3.140656","911","3.142332","890","3.143676","912","3.142232","887","3.142592","912","3.143232","912","3.139208","891","3.14344","911","3.141388","890","3.14042","912","3.141524","911","3.14184","911","3.140616","886","3.140828","912","3.141404","912","3.145376","912","3.143372","891","3.1412","911","3.142432","911","3.141568","911","3.143884","891","3.138436","911","3.14344","890","3.141144","911","3.141","911","3.141432","911","3.141384","888","3.14208","866","3.140508","887","3.141876","888","3.140276","888","3.14252","888","3.141056","887","3.14038","887","3.145184","888","3.142276","882","3.1416","883","3.141676","879","3.140436","869","3.140676","854","3.1433","853","3.13958","853","3.139568","853","3.141336","852","3.14342","853","3.143584","852","3.141936","852","3.140824","852","3.138088","853","3.140368","853","3.141756","853","3.139472","853","3.14142","852","3.145748","853","3.143836","852","3.142828","853","3.141304","853","3.140224","853","3.141436","853","3.143276","853","3.139816","853","3.140528","853","3.143868","852","3.141428","852","3.141376","853","3.14163328","825","943"
"62","3.1418","425","3.145084","520","3.139676","520","3.140096","520","3.140276","520","3.140436","424","3.139948","520","3.144196","513","3.143164","417","3.140528","513","3.142208","536","3.1409","636","3.144016","660","3.14256","604","3.14522","579","3.14234","579","3.142752","924","3.141492","924","3.14062","924","3.14394","924","3.140756","901","3.137568","924","3.14346","924","3.143908","896","3.138764","924","3.143116","924","3.140948","897","3.142028","920","3.141764","919","3.141024","919","3.142912","902","3.140672","902","3.139404","902","3.141916","903","3.140348","902","3.142476","902","3.141024","902","3.1423","902","3.140752","902","3.1425","902","3.142208","902","3.139984","902","3.142864","902","3.142268","902","3.139832","902","3.142144","902","3.140416","901","3.141772","902","3.142212","902","3.141352","883","3.141888","883","3.140904","882","3.141936","883","3.140924","883","3.140912","883","3.139712","871","3.142884","873","3.143264","866","3.14148","870","3.141032","866","3.142608","865","3.142592","869","3.140956","869","3.14276","866","3.142184","866","3.1394","870","3.14118","869","3.139068","866","3.139964","870","3.144604","870","3.143832","866","3.14072","866","3.141796","866","3.139416","866","3.137464","866","3.143568","866","3.141508","862","3.14346","865","3.139784","862","3.141196","866","3.139808","866","3.145312","865","3.141772","864","3.140836","866","3.1418","866","3.14108","862","3.143092","865","3.144196","862","3.145112","865","3.139388","866","3.14372","866","3.141556","864","3.140768","865","3.139036","866","3.140444","866","3.142328","861","3.143892","866","3.142756","866","3.140444","866","3.141572","862","3.141658519999999","827","949"
"63","3.141808","72","3.143176","440","3.13974","414","3.145388","440","3.144296","413","3.139948","410","3.140564","717","3.143576","717","3.139988","716","3.141708","716","3.143612","716","3.1415","740","3.141912","718","3.140752","740","3.143592","739","3.143852","739","3.142804","606","3.141144","716","3.141508","739","3.143264","716","3.138484","716","3.142256","716","3.13982","716","3.141668","739","3.143856","739","3.14126","739","3.138408","716","3.14006","716","3.141412","664","3.142516","739","3.139564","681","3.140268","712","3.145184","681","3.140868","681","3.13994","712","3.14366","681","3.139052","912","3.140252","890","3.143956","892","3.142992","884","3.14328","887","3.139608","911","3.143252","912","3.14078","892","3.141728","911","3.141076","911","3.141144","911","3.142052","911","3.141476","883","3.140056","911","3.142068","911","3.142308","885","3.143464","884","3.14162","889","3.142468","911","3.138412","911","3.139816","891","3.140628","889","3.143112","911","3.144516","911","3.139868","911","3.146592","911","3.142112","911","3.141432","884","3.140632","891","3.14174","911","3.143464","911","3.138992","888","3.143452","911","3.140852","889","3.14238","911","3.140668","910","3.144416","883","3.139924","891","3.13922","911","3.141384","909","3.144496","909","3.139428","909","3.14144","909","3.144308","909","3.138048","909","3.140404","899","3.145344","899","3.144948","898","3.142328","899","3.140792","899","3.14036","898","3.144464","899","3.141404","879","3.139512","898","3.141192","898","3.144464","879","3.138772","879","3.13932","879","3.140292","879","3.139392","879","3.141308","773","3.142056","773","3.145372","773","3.139568","773","3.141686120000001","806","989"
"64","3.143052","578","3.144368","577","3.140388","577","3.140624","577","3.142992","577","3.142188","574","3.136852","573","3.14052","573","3.142744","573","3.142584","573","3.13894","884","3.145068","840","3.143732","884","3.141352","841","3.141132","884","3.142952","841","3.140356","841","3.142644","862","3.1431","943","3.140568","943","3.138044","841","3.141768","817","3.141724","841","3.140904","943","3.142964","818","3.141624","862","3.140496","841","3.13894","943","3.140244","943","3.1386","862","3.145004","884","3.141412","884","3.13974","884","3.138164","884","3.14058","817","3.144884","884","3.143256","884","3.1402","884","3.146212","840","3.14108","841","3.141328","884","3.138764","812","3.140032","915","3.142408","915","3.1403","827","3.140088","891","3.143124","908","3.14382","924","3.14072","924","3.142352","908","3.142812","908","3.141016","924","3.13988","908","3.139436","924","3.140256","908","3.142336","923","3.144032","891","3.145424","923","3.14172","891","3.138956","923","3.139792","923","3.143632","923","3.138888","891","3.141148","923","3.142684","907","3.139028","907","3.141552","923","3.13956","922","3.14004","907","3.14236","922","3.140164","871","3.141192","870","3.141384","866","3.139964","866","3.141016","865","3.1405","865","3.140368","866","3.142616","866","3.143768","865","3.1428","866","3.141064","865","3.142824","865","3.141688","865","3.143232","866","3.142004","865","3.141032","865","3.141084","865","3.1419","865","3.143656","865","3.141268","865","3.141024","865","3.140408","865","3.140772","865","3.140904","865","3.143","865","3.145324","865","3.142604","865","3.143228","865","3.138572","865","3.140572","865","3.1414941599999997","850","986"
"65","3.139136","23","3.141288","657","3.143008","657","3.137668","628","3.142704","780","3.14184","823","3.140232","905","3.142352","779","3.142156","905","3.14216","823","3.140604","905","3.139944","780","3.143212","755","3.140572","801","3.140136","904","3.145956","754","3.140904","802","3.14118","904","3.140448","802","3.138456","780","3.141516","755","3.14268","904","3.1463","801","3.142816","801","3.139104","896","3.144148","896","3.14008","867","3.14046","896","3.144076","895","3.141648","895","3.143716","889","3.140528","895","3.140148","896","3.140644","864","3.144468","895","3.14182","864","3.141292","895","3.143704","895","3.143172","895","3.14422","896","3.142324","892","3.141572","892","3.140584","896","3.13932","867","3.143272","892","3.143064","890","3.140796","884","3.142684","880","3.14232","887","3.140852","883","3.1411","881","3.140952","880","3.143144","886","3.140168","887","3.142164","887","3.143328","887","3.142396","887","3.142808","887","3.14052","887","3.144012","887","3.14416","886","3.1408","887","3.14262","886","3.14106","885","3.14152","887","3.140968","887","3.139772","883","3.140796","880","3.141668","880","3.141204","880","3.13952","877","3.139292","877","3.142676","877","3.137932","877","3.14344","877","3.141724","873","3.142812","872","3.144396","877","3.142576","876","3.141856","877","3.140676","877","3.144712","877","3.140924","877","3.141884","877","3.138816","877","3.139976","871","3.141152","870","3.140932","870","3.143004","871","3.1396","870","3.14184","870","3.141212","871","3.142032","870","3.141696","870","3.141064","870","3.139176","870","3.14268","865","3.143724","870","3.142192","870","3.139568","870","3.14165528","854","915"
"66","3.143728","503","3.13962","643","3.141336","735","3.142996","477","3.140012","683","3.14152","730","3.142596","914","3.141264","815","3.144004","497","3.14452","730","3.1441","683","3.137364","638","3.141124","914","3.141168","815","3.142216","730","3.140872","914","3.13882","730","3.143724","592","3.144016","907","3.1441","907","3.141616","907","3.14162","907","3.138968","910","3.141184","911","3.142604","911","3.143516","911","3.141748","910","3.138812","910","3.14166","891","3.143232","910","3.143288","911","3.141484","910","3.139056","910","3.1378","910","3.138716","910","3.139932","910","3.14224","910","3.141264","910","3.139652","910","3.143016","910","3.140372","910","3.138568","910","3.142216","910","3.142512","910","3.141676","910","3.1425","910","3.140916","910","3.143524","910","3.141288","910","3.140856","910","3.144172","910","3.141388","910","3.143352","910","3.137344","910","3.138592","910","3.143068","910","3.140372","910","3.142808","910","3.13888","885","3.140688","886","3.141884","886","3.143948","885","3.141984","885","3.140656","885","3.142032","885","3.139552","885","3.144264","885","3.141896","885","3.141348","885","3.13864","885","3.139988","885","3.142324","885","3.140892","885","3.13912","885","3.144592","885","3.141964","885","3.141232","885","3.142364","884","3.14218","867","3.140544","867","3.141532","866","3.140872","866","3.137908","863","3.143432","862","3.141244","840","3.14086","839","3.138404","855","3.141336","834","3.145044","834","3.140528","850","3.141692","843","3.14002","843","3.144288","843","3.140452","843","3.140932","827","3.142056","843","3.144028","827","3.141436","839","3.142676","823","3.141528","839","3.1414727200000003","854","955"
"67","3.141648","365","3.14166","920","3.142844","920","3.141364","835","3.141284","942","3.1439","879","3.138376","856","3.141568","900","3.142976","920","3.141656","878","3.140932","942","3.141592","879","3.140648","968","3.142016","856","3.143404","856","3.139412","879","3.13934","809","3.142868","878","3.141936","941","3.141348","878","3.141048","941","3.14158","857","3.143712","878","3.1405","937","3.140708","938","3.143544","951","3.138616","951","3.143136","925","3.14098","951","3.140456","951","3.141024","904","3.144308","951","3.140612","951","3.14084","951","3.140772","944","3.140328","945","3.14144","944","3.140652","945","3.143904","944","3.140464","944","3.141184","944","3.143256","944","3.14324","945","3.139944","944","3.141932","944","3.140216","944","3.143004","944","3.141788","944","3.141564","943","3.142972","944","3.141284","944","3.140668","944","3.14162","943","3.140236","944","3.140664","945","3.141804","945","3.144604","945","3.142272","945","3.139636","938","3.13944","939","3.138816","938","3.143244","911","3.14166","938","3.140472","938","3.140408","938","3.141592","938","3.143896","938","3.140084","938","3.143184","931","3.142192","931","3.142232","931","3.140244","931","3.14272","931","3.140768","931","3.143196","931","3.141284","931","3.136712","931","3.141632","931","3.14418","929","3.142644","929","3.142136","929","3.142856","929","3.145184","929","3.141628","928","3.13946","928","3.145992","929","3.14368","928","3.143236","929","3.142844","929","3.141528","929","3.13922","928","3.142928","929","3.142396","929","3.141304","929","3.141176","929","3.14302","928","3.137364","929","3.14306","929","3.141808","929","3.143176","928","3.1416587999999983","920","970"
"68","3.1415","280","3.141584","279","3.14228","277","3.143788","277","3.1412","562","3.141084","797","3.139812","533","3.143056","626","3.140152","672","3.138952","613","3.139996","944","3.143848","900","3.143016","945","3.138544","919","3.141916","945","3.139764","919","3.14008","919","3.14366","945","3.139164","919","3.140232","920","3.142616","920","3.140112","919","3.1433","920","3.140872","919","3.14314","919","3.142188","920","3.142852","919","3.14258","920","3.140616","920","3.141832","900","3.141908","900","3.141704","920","3.141016","944","3.14126","919","3.143104","919","3.140212","919","3.140428","944","3.1421","900","3.140636","945","3.14302","919","3.140084","919","3.141196","918","3.142468","919","3.140688","919","3.14166","919","3.143984","919","3.142584","919","3.1401","919","3.14198","919","3.141496","919","3.140512","919","3.137816","919","3.138588","919","3.140488","919","3.143684","919","3.141372","928","3.14354","928","3.143132","904","3.14318","904","3.144512","885","3.137016","904","3.13988","891","3.140156","890","3.140896","889","3.139988","914","3.140404","907","3.140836","907","3.145576","907","3.142524","907","3.1425","907","3.144768","907","3.142832","908","3.139604","907","3.14048","907","3.139852","906","3.144776","906","3.142676","906","3.142624","906","3.142092","906","3.141896","906","3.141088","906","3.139024","898","3.138888","898","3.1409","898","3.140664","898","3.140836","898","3.143404","898","3.140752","898","3.140488","898","3.143984","897","3.140268","898","3.140864","897","3.139532","898","3.141224","898","3.145916","897","3.143404","898","3.138288","898","3.143176","898","3.14148","898","3.142152","898","3.141498959999999","869","966"
"69","3.142992","394","3.1465","825","3.14042","866","3.13902","901","3.144172","901","3.142732","954","3.14442","954","3.14124","954","3.139516","954","3.142212","954","3.141576","954","3.140908","936","3.14254","954","3.138776","935","3.141868","954","3.141316","954","3.142784","954","3.142428","936","3.141092","953","3.143416","954","3.1413","954","3.14002","954","3.145028","954","3.142532","954","3.143836","953","3.141572","936","3.140416","954","3.14326","954","3.145676","953","3.142204","953","3.139276","953","3.1385","936","3.145344","953","3.141556","935","3.138948","954","3.141184","953","3.14394","953","3.1423","953","3.13984","953","3.144176","953","3.14032","953","3.142396","953","3.141808","954","3.140988","953","3.136576","953","3.142512","953","3.140908","936","3.139484","954","3.140992","953","3.142948","953","3.14018","953","3.141112","953","3.140192","935","3.14244","953","3.139748","935","3.139108","953","3.146312","935","3.144056","953","3.14338","953","3.140448","953","3.140996","953","3.14224","953","3.14058","953","3.140592","953","3.141904","935","3.143096","953","3.14264","935","3.1406","953","3.14208","953","3.1446","953","3.140132","953","3.14228","953","3.144588","953","3.139612","953","3.13968","953","3.142536","953","3.138136","953","3.138296","953","3.1418","953","3.140212","953","3.140952","953","3.142128","953","3.140164","916","3.14456","953","3.144944","953","3.138072","953","3.142608","953","3.145492","935","3.144064","953","3.140692","953","3.141496","953","3.139448","935","3.142476","953","3.142396","952","3.139584","916","3.142256","953","3.14074","952","3.142352","953","3.142112","953","3.142524","952","3.14172404","941","958"
"70","3.140976","451","3.1426","947","3.143028","926","3.1403","923","3.142476","902","3.141816","926","3.142292","970","3.142144","947","3.140104","946","3.144692","947","3.140272","947","3.14088","945","3.141044","947","3.141108","946","3.14418","947","3.141152","945","3.140944","947","3.140816","947","3.142264","947","3.146188","939","3.140832","981","3.141044","981","3.143108","980","3.141108","980","3.142472","979","3.142444","978","3.1439","959","3.139652","978","3.142884","978","3.14026","972","3.140456","972","3.142876","972","3.141776","954","3.140676","954","3.141548","972","3.142564","972","3.141416","954","3.141284","954","3.14088","954","3.14238","971","3.141432","972","3.13942","972","3.138656","952","3.141608","971","3.143164","971","3.141676","972","3.140248","954","3.143224","972","3.139768","972","3.142824","972","3.141744","972","3.142868","971","3.142104","972","3.142428","967","3.141024","968","3.140232","967","3.139884","968","3.13862","967","3.139012","967","3.143272","968","3.141996","968","3.140732","968","3.142068","949","3.142624","968","3.141432","968","3.1387","968","3.143204","950","3.141508","967","3.140752","967","3.139548","968","3.144068","968","3.140688","967","3.144008","967","3.14242","960","3.144116","960","3.142356","960","3.142568","960","3.140948","960","3.140612","960","3.143216","960","3.14222","960","3.139764","960","3.14556","960","3.142644","960","3.140512","960","3.1406","959","3.143132","959","3.141444","958","3.141396","959","3.143196","959","3.137416","959","3.14016","959","3.141436","959","3.14182","958","3.140532","959","3.14154","959","3.142076","959","3.14172","954","3.143012","953","3.140868","953","3.1416465599999994","955","990"
"71","3.143","486","3.14284","511","3.140588","511","3.141312","508","3.141312","508","3.142152","536","3.141724","869","3.142752","907","3.14092","889","3.14062","889","3.137632","889","3.139312","889","3.144188","889","3.141432","868","3.142048","889","3.141332","868","3.141724","889","3.138996","656","3.140268","868","3.143836","865","3.140908","866","3.139216","866","3.140952","886","3.13912","903","3.140216","863","3.140432","919","3.141176","843","3.14212","876","3.143988","872","3.142536","872","3.13872","872","3.142708","891","3.141872","872","3.144948","855","3.139776","872","3.141784","872","3.140348","855","3.141752","855","3.144428","869","3.14044","869","3.141496","857","3.138976","840","3.141184","857","3.14082","857","3.142184","854","3.14494","854","3.141372","854","3.143952","872","3.141672","872","3.140912","872","3.143076","871","3.141936","872","3.143712","854","3.13764","853","3.141368","871","3.13948","872","3.14052","871","3.141136","872","3.143204","872","3.1433","870","3.1427","869","3.145504","870","3.141312","870","3.142804","870","3.143044","869","3.144132","869","3.143104","869","3.142176","869","3.140784","869","3.140272","869","3.142984","869","3.14214","868","3.143168","869","3.142548","869","3.142856","869","3.141756","868","3.144068","869","3.140456","869","3.142028","869","3.140756","869","3.143624","869","3.140804","868","3.140152","869","3.143996","869","3.1394","869","3.142764","869","3.142244","850","3.141308","869","3.139868","869","3.140132","869","3.140912","868","3.143884","869","3.141356","868","3.141964","868","3.139112","868","3.14196","869","3.145692","868","3.140236","868","3.139444","868","3.141016","867","3.1416676800000003","846","930"
"72","3.144196","431","3.142376","452","3.14312","451","3.139616","851","3.143444","871","3.14416","871","3.140332","873","3.142616","891","3.139196","873","3.143636","891","3.14242","891","3.139956","891","3.142924","870","3.141928","870","3.144328","872","3.142964","850","3.143268","891","3.140512","891","3.141624","850","3.145068","891","3.141596","870","3.140964","891","3.142872","887","3.14028","887","3.142292","866","3.143544","887","3.14026","886","3.143572","886","3.141248","865","3.146572","865","3.144248","887","3.141812","886","3.137428","886","3.142168","886","3.142376","887","3.143304","887","3.141484","866","3.143136","868","3.141236","886","3.139864","886","3.141088","886","3.14172","886","3.143456","886","3.142516","886","3.141492","886","3.140412","886","3.142852","868","3.140472","886","3.143392","886","3.14254","886","3.142624","866","3.141292","886","3.143696","886","3.139652","886","3.143904","886","3.139752","886","3.145244","886","3.140904","886","3.14354","886","3.143996","886","3.137752","886","3.140456","886","3.142996","868","3.141904","886","3.140656","886","3.141592","865","3.142508","886","3.14196","885","3.137952","886","3.140256","868","3.14152","886","3.140912","866","3.141172","886","3.142008","886","3.14336","886","3.142388","886","3.137764","866","3.14078","886","3.1429","886","3.142964","885","3.142284","868","3.14124","886","3.142464","883","3.139796","882","3.139292","863","3.142","882","3.141316","882","3.145636","882","3.144316","861","3.139328","882","3.143368","882","3.144252","864","3.140368","882","3.139764","882","3.13884","882","3.138764","882","3.144012","864","3.14192","882","3.14016","882","3.141596","882","3.1418700000000017","866","895"
"73","3.141672","1013","3.141928","921","3.14154","1013","3.142572","951","3.142364","951","3.140136","1018","3.143296","921","3.144248","1023","3.142876","1014","3.141884","1013","3.1421","1018","3.139412","1013","3.141996","1007","3.14038","1018","3.142244","951","3.14262","1012","3.13816","1018","3.142712","1007","3.140196","951","3.139788","988","3.143152","1018","3.1449","829","3.139816","989","3.14376","1007","3.143116","1023","3.14228","1007","3.142528","1018","3.142076","951","3.140484","1018","3.141364","1023","3.141276","1022","3.143328","1007","3.142216","991","3.142192","995","3.141692","995","3.144008","973","3.143076","995","3.14444","995","3.14006","995","3.140412","967","3.143072","994","3.141496","976","3.142248","968","3.138992","973","3.142028","972","3.13974","995","3.140292","995","3.144316","995","3.14176","967","3.139868","972","3.140836","994","3.139308","976","3.14","967","3.141936","995","3.141216","975","3.143016","994","3.14506","975","3.140904","976","3.142152","994","3.142624","994","3.142076","970","3.138368","970","3.145604","970","3.14352","970","3.140744","970","3.140464","970","3.140792","970","3.1418","970","3.140848","970","3.14064","970","3.14056","970","3.13984","970","3.14106","970","3.143084","970","3.142728","970","3.14494","970","3.140744","969","3.141588","970","3.143324","970","3.142772","970","3.142524","921","3.140396","951","3.142932","946","3.14112","946","3.140464","946","3.145164","943","3.141532","942","3.138936","942","3.141268","942","3.143","942","3.143036","941","3.141324","942","3.14078","939","3.143356","939","3.14374","938","3.141076","939","3.141376","935","3.142456","933","3.142224","933","3.14194","932","3.14183304","974","1042"
"74","3.141648","551","3.142716","655","3.141528","780","3.140344","829","3.14226","829","3.141664","955","3.144092","853","3.13862","853","3.142184","851","3.137712","851","3.14266","828","3.14368","851","3.140144","851","3.140484","828","3.142716","851","3.139072","828","3.141796","880","3.140756","852","3.142048","911","3.143288","851","3.138112","880","3.142172","864","3.141332","863","3.142928","862","3.14184","975","3.142152","975","3.140896","957","3.14136","974","3.142108","975","3.138744","975","3.143932","975","3.14136","957","3.142008","975","3.14218","957","3.14194","974","3.139704","957","3.142948","957","3.140024","975","3.1422","974","3.14234","974","3.14048","975","3.14286","957","3.141568","974","3.139724","957","3.140916","974","3.140268","956","3.143084","974","3.142236","957","3.137908","974","3.139616","974","3.138872","956","3.138896","957","3.141848","974","3.142504","974","3.143328","957","3.141352","957","3.141024","957","3.141856","974","3.142428","956","3.141972","957","3.141896","956","3.142528","974","3.143604","974","3.14306","974","3.141284","956","3.139996","971","3.141652","971","3.143736","971","3.140356","971","3.142612","970","3.14342","965","3.141896","964","3.142492","964","3.139372","964","3.140896","964","3.1413","964","3.141812","952","3.140728","952","3.140624","952","3.1433","952","3.141656","952","3.13858","952","3.143352","952","3.141348","952","3.145212","952","3.142736","952","3.139736","906","3.1443","906","3.142816","906","3.14176","906","3.14452","906","3.14032","906","3.14082","906","3.143052","906","3.143712","906","3.143188","906","3.141568","906","3.141904","906","3.142668","906","3.142364","906","3.1416460800000006","924","997"
"75","3.144188","184","3.139968","639","3.143208","639","3.142276","640","3.143652","639","3.1417","639","3.1426","639","3.141796","639","3.142736","639","3.140212","639","3.143592","639","3.14288","754","3.141652","625","3.138224","625","3.140764","626","3.142868","949","3.141236","949","3.14014","948","3.14342","949","3.140292","949","3.141772","949","3.14032","949","3.140752","949","3.141936","949","3.14062","949","3.137828","949","3.141984","948","3.14014","949","3.14288","948","3.14016","949","3.137384","948","3.139976","949","3.143524","949","3.142992","949","3.14344","949","3.140244","949","3.140228","949","3.143676","948","3.14126","948","3.141044","949","3.139608","949","3.141284","949","3.140888","949","3.14326","949","3.141744","948","3.140512","948","3.14026","948","3.141072","948","3.141388","949","3.141992","949","3.139228","965","3.139452","949","3.1411","949","3.142708","949","3.14116","949","3.142796","948","3.143116","949","3.1398","949","3.142716","948","3.139752","949","3.140064","949","3.140472","948","3.14132","949","3.143908","948","3.139948","949","3.142732","948","3.14346","948","3.142084","949","3.141652","949","3.138932","948","3.143436","948","3.143616","948","3.143416","949","3.140296","948","3.142988","948","3.13954","948","3.144544","923","3.140748","923","3.143376","923","3.140636","922","3.144676","923","3.141156","923","3.141524","923","3.141204","923","3.138836","923","3.143792","923","3.14198","923","3.139968","923","3.14364","923","3.141952","923","3.140844","922","3.141668","923","3.140704","923","3.140644","923","3.141708","939","3.14112","923","3.140976","923","3.13796","923","3.139924","923","3.139332","923","3.1414417600000024","892","984"
"76","3.13968","626","3.141856","769","3.141864","675","3.142436","674","3.140416","625","3.14188","674","3.14058","602","3.14426","670","3.140744","649","3.1434","685","3.142716","662","3.141924","662","3.14006","662","3.140572","662","3.138936","657","3.140504","879","3.14244","657","3.142272","636","3.143004","657","3.142684","885","3.1404","901","3.1404","901","3.139592","901","3.135996","901","3.139824","871","3.140936","901","3.142788","900","3.139032","871","3.139112","901","3.1419","901","3.144764","876","3.140076","871","3.136792","900","3.142244","893","3.141904","893","3.14204","892","3.1433","893","3.140548","854","3.143196","884","3.139376","884","3.142832","863","3.143864","860","3.140112","862","3.144092","883","3.141704","883","3.139296","859","3.141724","858","3.141824","880","3.141672","880","3.141328","859","3.142372","859","3.140036","879","3.142144","879","3.14102","879","3.141864","855","3.140408","880","3.142356","879","3.142368","857","3.143744","879","3.140492","880","3.14228","879","3.142784","858","3.140108","851","3.141472","871","3.142228","849","3.141136","858","3.142916","858","3.14014","858","3.143224","857","3.139976","857","3.141124","857","3.13974","857","3.141672","858","3.141996","857","3.143932","857","3.142584","857","3.143164","857","3.142532","857","3.141956","857","3.141796","857","3.143132","857","3.141336","858","3.142416","857","3.140876","858","3.144132","857","3.139088","857","3.141876","857","3.142796","857","3.141488","857","3.139584","857","3.1417","832","3.138652","857","3.141452","858","3.14258","857","3.140816","857","3.142628","857","3.140616","857","3.140652","855","3.142196","854","3.141792","850","3.141482680000001","831","929"
"77","3.141484","61","3.142532","740","3.140132","767","3.13998","767","3.142344","767","3.140632","768","3.144404","767","3.143776","715","3.140084","646","3.141416","645","3.141868","767","3.144044","740","3.145064","768","3.144672","597","3.14118","526","3.139768","755","3.142864","755","3.142956","702","3.141248","728","3.138944","823","3.139404","881","3.14348","822","3.140424","787","3.140848","903","3.141592","883","3.140296","881","3.144632","903","3.141288","882","3.142692","787","3.141452","881","3.142048","881","3.139352","903","3.141844","822","3.138328","883","3.140776","822","3.140112","903","3.143484","881","3.143508","903","3.1423","903","3.141848","883","3.141292","822","3.141284","883","3.142092","829","3.139412","903","3.142304","903","3.14062","850","3.139612","883","3.138992","882","3.144704","897","3.143212","898","3.140572","897","3.139036","897","3.141892","877","3.140812","848","3.143576","827","3.142316","848","3.139124","848","3.14142","826","3.13686","827","3.142668","848","3.144104","826","3.142404","848","3.142552","848","3.139508","826","3.142104","848","3.141796","826","3.141748","827","3.143588","848","3.141256","840","3.139032","827","3.140884","827","3.142208","828","3.140564","828","3.14248","828","3.140612","822","3.13842","822","3.1414","823","3.13866","823","3.141156","820","3.14076","819","3.13984","817","3.142816","817","3.14092","816","3.14346","817","3.144428","817","3.141644","817","3.14044","816","3.14122","816","3.143672","817","3.140932","816","3.1372","814","3.14126","806","3.140956","806","3.139848","806","3.140528","806","3.141244","805","3.141968","803","3.144872","802","3.145672","802","3.140116","803","3.1414917200000003","813","941"
"78","3.14074","161","3.143072","394","3.139408","228","3.14476","227","3.142248","227","3.14196","206","3.140336","394","3.141464","394","3.143864","890","3.140276","890","3.141648","892","3.141896","891","3.141672","890","3.143636","889","3.14252","889","3.142096","891","3.141424","891","3.140476","890","3.138724","890","3.141952","890","3.14232","891","3.142224","889","3.141828","889","3.140864","889","3.139616","890","3.141356","890","3.141432","889","3.142952","889","3.139224","889","3.141008","860","3.140296","889","3.144008","890","3.140908","889","3.139088","891","3.142204","889","3.140404","890","3.141076","887","3.139516","888","3.140076","888","3.14196","888","3.142408","889","3.14196","888","3.141296","888","3.141004","837","3.1402","889","3.141856","888","3.143628","887","3.140772","887","3.142484","888","3.143668","887","3.142336","887","3.14056","889","3.142636","887","3.139412","886","3.1415","888","3.143244","887","3.139956","886","3.142916","887","3.141044","889","3.141764","887","3.140536","887","3.14018","887","3.14386","858","3.140584","886","3.139816","888","3.142744","888","3.142652","887","3.142136","887","3.141624","887","3.140988","888","3.144912","889","3.139464","887","3.138456","887","3.139212","887","3.143564","888","3.141656","887","3.143672","887","3.141708","888","3.140568","887","3.139236","888","3.140252","886","3.143076","886","3.141036","887","3.142224","888","3.144768","887","3.1443","889","3.14204","887","3.14054","886","3.139448","888","3.139216","887","3.142496","887","3.141644","886","3.143496","887","3.14162","862","3.141548","888","3.138872","886","3.139476","887","3.143048","886","3.141696","886","3.141852","887","3.14151392","838","904"
"79","3.143704","798","3.140984","798","3.142284","773","3.141068","773","3.139588","798","3.14374","773","3.142016","798","3.14222","798","3.1398","773","3.142424","798","3.143048","774","3.144812","798","3.140352","774","3.141624","798","3.138748","774","3.141","798","3.139628","774","3.142668","774","3.14154","774","3.14256","798","3.141132","773","3.143084","798","3.142732","798","3.142824","845","3.139976","774","3.143136","821","3.140916","818","3.142536","818","3.13894","798","3.141628","818","3.145384","818","3.143524","813","3.139688","812","3.139684","812","3.143944","810","3.143","810","3.141892","830","3.140528","790","3.143","810","3.145124","810","3.14148","810","3.142496","810","3.140108","810","3.13914","807","3.141588","802","3.141516","864","3.14084","862","3.141824","858","3.142136","858","3.1406","858","3.140052","817","3.142128","832","3.143024","810","3.141728","832","3.14412","830","3.14076","850","3.142764","850","3.13942","850","3.142184","850","3.139504","831","3.140532","832","3.142212","850","3.14162","830","3.141708","829","3.141536","831","3.141532","830","3.14258","850","3.141108","850","3.13964","830","3.140232","831","3.146068","830","3.143348","832","3.143224","831","3.140752","850","3.139752","832","3.141176","850","3.140124","850","3.139912","832","3.142104","830","3.141552","831","3.142196","850","3.1438","831","3.144852","831","3.142236","849","3.140644","809","3.140324","821","3.142716","821","3.142004","820","3.141836","801","3.140024","820","3.141868","820","3.138828","820","3.139648","820","3.140324","820","3.143688","801","3.14116","815","3.140648","811","3.139904","811","3.140608","811","3.139856","811","3.1416176800000013","817","928"
"80","3.141684","407","3.140592","865","3.141152","864","3.142276","720","3.142004","740","3.141416","763","3.141696","739","3.141052","762","3.138108","712","3.14508","758","3.142104","757","3.139796","711","3.141892","757","3.143616","757","3.141184","688","3.140032","757","3.141524","757","3.14196","757","3.14438","757","3.142372","757","3.141272","757","3.145192","711","3.140396","757","3.14138","883","3.13834","883","3.137824","884","3.143692","845","3.142092","884","3.143176","883","3.139156","908","3.143292","908","3.141964","806","3.141108","908","3.143092","908","3.139608","908","3.1425","908","3.138464","908","3.143476","908","3.143276","883","3.140936","846","3.141284","908","3.140892","883","3.145016","883","3.141832","908","3.141596","883","3.142652","908","3.140188","908","3.140892","908","3.139972","908","3.13914","845","3.140364","908","3.142768","908","3.141368","908","3.14272","908","3.14282","884","3.138692","883","3.1405","883","3.143088","883","3.14318","883","3.141012","883","3.143652","859","3.139436","883","3.142672","859","3.1417","883","3.142668","883","3.141852","859","3.1413","883","3.141932","884","3.140152","883","3.142884","883","3.143212","883","3.141956","883","3.142308","855","3.140244","842","3.141992","840","3.142236","841","3.141572","841","3.140696","841","3.139996","841","3.142212","841","3.142","841","3.141012","841","3.143028","841","3.141256","841","3.142236","840","3.140068","841","3.143344","841","3.142368","840","3.142988","841","3.142784","841","3.141976","841","3.141352","840","3.141616","841","3.1424","841","3.143256","841","3.139876","841","3.141976","841","3.143872","841","3.14104","841","3.14058","841","3.141678319999999","840","930"
"81","3.141636","929","3.13756","911","3.141848","893","3.14246","911","3.144624","928","3.139472","911","3.143168","911","3.14016","893","3.145436","893","3.141392","893","3.14002","929","3.14176","911","3.141636","893","3.1398","911","3.141504","911","3.141884","853","3.13944","893","3.1419","893","3.141516","882","3.138608","899","3.141784","899","3.1413","917","3.14138","917","3.14176","917","3.140676","882","3.142028","917","3.14184","917","3.141132","882","3.14442","899","3.13792","882","3.142152","900","3.14356","917","3.143792","882","3.14198","917","3.143036","917","3.142456","911","3.142088","899","3.143904","899","3.140012","898","3.141456","898","3.140288","898","3.143044","881","3.141604","898","3.142992","895","3.141948","895","3.141208","895","3.142664","877","3.143184","895","3.140768","887","3.14154","887","3.143088","887","3.1442","883","3.140668","883","3.142844","882","3.141956","882","3.141992","882","3.142148","882","3.136492","882","3.141376","881","3.140068","882","3.14224","881","3.142016","882","3.143004","881","3.139048","882","3.142904","871","3.141504","871","3.142536","872","3.138904","872","3.140572","872","3.139156","871","3.143244","872","3.141984","872","3.14214","857","3.142984","856","3.141532","856","3.143256","856","3.141372","854","3.141656","854","3.142696","854","3.145232","853","3.138208","853","3.14152","851","3.14242","847","3.141492","847","3.141448","847","3.142784","847","3.14228","846","3.140636","846","3.141384","846","3.144268","847","3.138612","846","3.139312","847","3.140656","847","3.142008","847","3.142064","847","3.142688","847","3.142676","846","3.141652","846","3.144236","846","3.143192","847","3.1417008800000015","881","930"
"82","3.14088","683","3.143052","604","3.138112","504","3.139492","557","3.142692","557","3.139628","557","3.145792","557","3.14212","557","3.138996","557","3.138964","629","3.142364","557","3.141492","557","3.14388","931","3.141772","932","3.140656","932","3.144296","932","3.141972","930","3.139384","896","3.140168","931","3.139984","932","3.141288","931","3.141548","931","3.143092","932","3.139572","930","3.138724","931","3.142736","932","3.142568","932","3.141964","931","3.141576","931","3.14166","931","3.141264","931","3.140484","914","3.142232","914","3.14148","913","3.142976","912","3.141768","913","3.137504","914","3.141608","914","3.140792","912","3.141872","911","3.142516","910","3.14058","911","3.140564","911","3.13896","911","3.140896","911","3.142468","911","3.141196","911","3.142248","907","3.140536","907","3.142028","907","3.143004","907","3.144476","907","3.145764","904","3.145604","907","3.141656","905","3.142372","907","3.141912","907","3.141996","906","3.141072","907","3.142428","907","3.1397","907","3.142024","925","3.141416","906","3.138328","907","3.143988","907","3.1434","906","3.141132","907","3.14254","906","3.140704","907","3.14126","916","3.143112","898","3.139728","898","3.14042","899","3.142052","899","3.143596","897","3.141864","916","3.13902","916","3.141564","898","3.141068","916","3.140016","897","3.141528","898","3.140788","897","3.142696","897","3.138988","898","3.1406","898","3.140344","916","3.14316","888","3.139584","898","3.142892","898","3.142144","890","3.143976","872","3.142276","872","3.141544","872","3.142208","889","3.14344","890","3.140512","882","3.139068","863","3.143472","881","3.1411","881","3.142872","881","3.14154804","868","963"
"83","3.144732","938","3.141736","934","3.138592","966","3.1414","966","3.14188","969","3.14318","969","3.139768","940","3.143432","966","3.14086","937","3.141996","966","3.142556","968","3.140628","966","3.14136","970","3.14274","968","3.141708","969","3.140684","939","3.1411","965","3.139748","970","3.141364","970","3.142244","966","3.138928","966","3.143472","969","3.140796","970","3.142724","813","3.141124","969","3.139436","934","3.143036","968","3.137476","967","3.143496","965","3.1396","955","3.143548","973","3.142056","950","3.142104","955","3.14158","955","3.138988","973","3.140928","953","3.14314","951","3.1396","954","3.140768","948","3.138372","950","3.14064","944","3.140224","968","3.140592","950","3.14188","948","3.138256","969","3.142224","948","3.14238","968","3.1417","950","3.142672","949","3.141424","968","3.142428","948","3.139664","968","3.142704","968","3.140692","946","3.143848","968","3.142164","968","3.139716","968","3.141976","968","3.141948","947","3.140168","950","3.138984","944","3.1439","968","3.137944","945","3.141248","944","3.140524","944","3.143864","946","3.14236","945","3.143324","968","3.1428","945","3.139472","968","3.143832","944","3.142208","943","3.138696","968","3.141276","968","3.143768","944","3.142208","950","3.143864","950","3.141604","968","3.13964","968","3.139796","968","3.141132","949","3.142368","950","3.14302","968","3.141724","968","3.140632","968","3.141924","945","3.1433","949","3.141444","968","3.142968","948","3.142432","968","3.141496","968","3.143716","944","3.142028","948","3.143544","944","3.140748","968","3.140636","943","3.142372","968","3.141044","948","3.140476","968","3.140228","950","3.1414872399999996","956","992"
"84","3.140356","504","3.143188","537","3.140244","438","3.142812","788","3.138772","1023","3.140904","988","3.144096","1025","3.142416","1018","3.142484","1020","3.140548","1024","3.140192","1021","3.140624","1022","3.140324","1020","3.141928","1022","3.14094","1023","3.140896","1022","3.141864","987","3.141924","1020","3.142012","980","3.139676","1021","3.139852","1022","3.139836","1027","3.143772","1018","3.143408","990","3.140188","1017","3.143124","1023","3.139432","1027","3.1422","1019","3.141196","1027","3.140568","1022","3.141816","1024","3.140676","1024","3.142316","1020","3.142464","1022","3.143584","1016","3.142616","1023","3.143836","1023","3.14196","1026","3.141976","1026","3.143124","1021","3.142648","1022","3.140612","1024","3.14272","1026","3.139488","1024","3.139056","1026","3.143012","1021","3.140832","1024","3.142244","1019","3.144864","1025","3.141612","1017","3.141948","1019","3.144144","1020","3.13992","1024","3.14132","1024","3.14332","1023","3.140928","981","3.142488","1015","3.141372","1015","3.138736","1017","3.14176","1021","3.14238","1020","3.1397","1016","3.140884","1018","3.14076","1015","3.14214","1021","3.142","1019","3.136332","1020","3.145044","1022","3.1429","1012","3.139676","1020","3.140764","1018","3.139932","1021","3.142384","1013","3.142696","1021","3.141892","1021","3.145128","1019","3.140324","1017","3.139536","1021","3.141684","1015","3.14282","1017","3.141612","1011","3.142036","1016","3.142632","1013","3.142932","1008","3.13852","1009","3.14004","1014","3.14496","1011","3.141092","1015","3.141764","1011","3.141088","1007","3.139344","1005","3.141084","1008","3.139104","1008","3.14222","1007","3.139136","1007","3.14052","1006","3.140128","998","3.142296","1008","3.140244","1008","3.141244","999","3.1414814","998","1032"
"85","3.145196","318","3.141232","923","3.139344","916","3.1421","924","3.142072","924","3.144316","883","3.141364","919","3.141188","924","3.140596","916","3.142192","920","3.141032","911","3.140176","918","3.1443","914","3.141196","913","3.143816","910","3.14126","914","3.14288","914","3.141344","910","3.141276","922","3.141224","939","3.141892","938","3.143156","921","3.144948","938","3.140084","918","3.141884","911","3.14074","912","3.142648","913","3.1426","910","3.138604","915","3.14444","920","3.143416","918","3.143364","938","3.143412","938","3.139468","915","3.14016","920","3.142536","918","3.14078","890","3.141684","911","3.142392","914","3.139464","938","3.141048","917","3.1416","881","3.14312","911","3.14178","919","3.14078","938","3.14214","916","3.140508","912","3.141836","921","3.141632","912","3.144608","911","3.142744","921","3.141848","913","3.139544","915","3.141988","921","3.140564","918","3.140496","915","3.140464","887","3.140068","916","3.143548","916","3.137972","938","3.139416","910","3.141712","921","3.138996","910","3.138748","905","3.142116","926","3.138632","926","3.140748","906","3.142432","927","3.142568","926","3.141908","899","3.144376","925","3.140888","925","3.139812","917","3.142448","897","3.144652","917","3.14004","897","3.140068","894","3.14244","917","3.141996","917","3.142268","917","3.14236","917","3.144436","899","3.142288","897","3.142328","917","3.141632","917","3.141628","917","3.144668","917","3.141092","898","3.146616","917","3.140056","917","3.141272","917","3.142232","917","3.144032","895","3.144424","912","3.14116","889","3.140056","904","3.138992","904","3.140104","903","3.141004","885","3.139944","903","3.141706520000003","908","942"
"86","3.142028","884","3.138744","883","3.142876","883","3.143384","883","3.142068","883","3.142852","884","3.142524","884","3.14442","883","3.140388","883","3.140032","884","3.142584","883","3.138064","884","3.143672","883","3.13998","883","3.146388","883","3.142924","883","3.14052","863","3.141796","883","3.139672","883","3.139704","884","3.141636","883","3.141624","864","3.140376","883","3.140864","883","3.141996","883","3.140872","883","3.1432","883","3.142648","883","3.141064","883","3.140644","883","3.144204","883","3.143076","883","3.144544","883","3.1419","883","3.141352","883","3.142252","884","3.141808","883","3.14006","883","3.139512","883","3.141036","884","3.143188","883","3.140972","883","3.141952","883","3.139572","883","3.140912","883","3.14082","883","3.14146","883","3.143048","863","3.140664","883","3.143784","883","3.1395","883","3.142448","883","3.142312","883","3.1429","883","3.14346","883","3.14208","883","3.138816","883","3.142408","883","3.137468","883","3.143544","883","3.141448","883","3.140072","883","3.14134","883","3.142844","883","3.14244","883","3.1438","883","3.139944","883","3.141312","883","3.1425","883","3.141868","883","3.138844","863","3.144004","883","3.142984","883","3.141976","883","3.140316","883","3.142356","883","3.140824","883","3.1405","883","3.142928","883","3.142044","838","3.141872","879","3.141768","879","3.14044","879","3.13998","879","3.141532","879","3.14126","879","3.144328","878","3.144532","879","3.145572","878","3.142528","879","3.14112","879","3.141716","879","3.140948","878","3.14268","878","3.141892","879","3.139632","878","3.139332","879","3.139596","879","3.14332","878","3.143664","878","3.1417265199999997","880","884"
"87","3.142428","370","3.13922","841","3.14346","746","3.138684","746","3.145236","724","3.14002","724","3.140112","816","3.14166","722","3.140504","773","3.139312","773","3.13936","743","3.14262","722","3.14236","816","3.143352","743","3.139152","817","3.140612","773","3.141672","774","3.142852","773","3.14384","773","3.140152","744","3.141624","743","3.141256","773","3.145484","773","3.140592","744","3.1388","743","3.140476","722","3.141124","722","3.140968","743","3.141928","743","3.143696","722","3.13768","743","3.144024","722","3.14232","816","3.142044","816","3.144564","773","3.142772","886","3.137624","862","3.14262","886","3.141568","886","3.140244","862","3.14206","843","3.1416","862","3.143024","886","3.139836","886","3.142032","883","3.140916","860","3.140992","838","3.14528","883","3.142424","884","3.13944","883","3.13898","884","3.141376","859","3.14018","861","3.141872","879","3.141604","879","3.143928","879","3.13982","874","3.143056","874","3.141196","850","3.142152","858","3.146368","851","3.14438","874","3.140704","874","3.137776","874","3.140544","851","3.139844","874","3.139036","874","3.139512","874","3.140128","874","3.1378","874","3.14396","851","3.143112","870","3.141464","847","3.141928","870","3.143324","870","3.143832","869","3.141152","854","3.143852","816","3.141464","816","3.140904","816","3.141492","816","3.143372","815","3.142748","816","3.139616","815","3.140372","814","3.143284","804","3.140744","805","3.140772","805","3.142304","787","3.143432","805","3.139852","805","3.140848","805","3.141928","805","3.139152","805","3.139724","805","3.142496","805","3.143384","804","3.1411","805","3.142044","805","3.14526","805","3.1415479200000025","813","908"
"88","3.142472","898","3.143752","898","3.140356","898","3.143416","901","3.139088","901","3.142516","897","3.141972","897","3.141372","899","3.143116","898","3.142504","900","3.143844","898","3.14214","898","3.143312","898","3.139448","897","3.144988","899","3.138488","897","3.143112","899","3.1434","898","3.141324","898","3.141176","900","3.143716","898","3.141052","896","3.1423","897","3.140336","897","3.141528","901","3.140268","870","3.141772","897","3.141976","897","3.142504","897","3.140444","901","3.138692","896","3.140452","899","3.143724","899","3.140836","901","3.141896","898","3.143296","897","3.142248","897","3.142436","897","3.14156","897","3.140564","897","3.14468","899","3.141344","898","3.141072","897","3.14024","897","3.1422","901","3.14134","868","3.145708","896","3.140268","897","3.142652","898","3.14106","897","3.142344","897","3.139356","901","3.141088","897","3.140064","898","3.142716","899","3.142096","900","3.143188","899","3.13828","896","3.142752","897","3.142024","896","3.140312","897","3.142","917","3.14048","897","3.14264","897","3.14182","896","3.139552","896","3.143692","886","3.14072","886","3.140048","906","3.141744","887","3.14116","889","3.140196","889","3.142636","884","3.140852","887","3.136264","888","3.142656","887","3.141992","888","3.14114","889","3.142248","885","3.139412","887","3.142468","886","3.142416","886","3.14104","886","3.14214","885","3.141824","887","3.140496","886","3.14492","905","3.143044","888","3.142316","889","3.14048","888","3.13896","905","3.141884","887","3.141436","885","3.141176","885","3.143184","905","3.139444","885","3.143876","888","3.143112","905","3.142772","886","3.141008","905","3.1416742799999997","894","918"
"89","3.141396","452","3.145444","430","3.141004","724","3.141352","746","3.138728","746","3.139364","724","3.142968","746","3.140384","584","3.13922","746","3.13986","746","3.142548","746","3.141856","724","3.143772","583","3.139776","746","3.142628","746","3.143396","772","3.144864","892","3.142608","891","3.142616","892","3.141876","908","3.142304","891","3.138652","892","3.14282","908","3.14192","908","3.140384","892","3.141524","907","3.142128","890","3.139688","892","3.140236","908","3.141828","892","3.14454","907","3.139796","907","3.14314","907","3.143756","891","3.142332","907","3.142192","907","3.142204","892","3.144068","891","3.139232","907","3.137924","892","3.143576","892","3.1418","892","3.139968","907","3.140848","873","3.140692","891","3.14128","892","3.139184","907","3.141448","907","3.143412","907","3.143972","891","3.143768","891","3.141688","891","3.138772","907","3.140892","892","3.139828","907","3.140072","892","3.141608","907","3.142784","892","3.14412","891","3.143712","907","3.14244","891","3.140896","892","3.141832","891","3.14118","907","3.139624","907","3.140444","891","3.143336","891","3.143544","907","3.13808","891","3.14258","907","3.141736","907","3.140636","891","3.138788","891","3.140856","907","3.14202","891","3.143856","907","3.139112","907","3.140892","907","3.142948","890","3.142832","907","3.14362","891","3.14474","891","3.143444","891","3.14186","891","3.138592","891","3.143188","891","3.141904","907","3.141048","907","3.142076","907","3.140744","891","3.142884","907","3.14286","891","3.1395","907","3.145096","891","3.138992","891","3.140172","907","3.14394","901","3.143164","902","3.140628","885","3.142308","885","3.1416814399999993","863","925"
"90","3.140924","610","3.141368","785","3.141756","485","3.14148","739","3.140876","739","3.139504","711","3.138756","734","3.14118","755","3.141064","776","3.139824","777","3.138668","753","3.13972","752","3.14056","776","3.142108","776","3.141544","752","3.143316","731","3.141076","752","3.1423","777","3.14314","752","3.140576","731","3.139132","753","3.141988","776","3.143044","776","3.140592","753","3.142136","776","3.140832","776","3.14386","752","3.14018","751","3.141916","775","3.141752","751","3.142832","776","3.14514","775","3.142332","776","3.140068","752","3.139324","751","3.14244","751","3.141348","775","3.142324","775","3.14182","730","3.143076","751","3.142376","775","3.14152","729","3.142672","748","3.14216","748","3.142412","750","3.141996","704","3.1406","821","3.142796","793","3.139956","792","3.144128","847","3.143004","792","3.14052","768","3.137392","825","3.141244","768","3.139448","847","3.139624","839","3.143408","840","3.142976","839","3.144464","839","3.142056","839","3.1422","837","3.141988","839","3.13942","838","3.143992","798","3.139068","800","3.141968","800","3.14032","801","3.144344","801","3.142772","800","3.139772","801","3.143068","801","3.14414","800","3.143004","799","3.14114","777","3.140864","779","3.142384","777","3.14298","779","3.140004","778","3.141632","777","3.138804","779","3.141236","779","3.138496","778","3.139272","779","3.143756","777","3.142004","779","3.142556","779","3.140952","779","3.144044","779","3.139112","779","3.141964","779","3.138244","779","3.144472","779","3.144868","778","3.140948","779","3.139892","779","3.144604","779","3.141548","779","3.140376","777","3.139532","779","3.142816","779","3.1415518399999978","773","892"
"91","3.141104","782","3.14164","549","3.14274","923","3.14098","900","3.14084","859","3.147584","877","3.144296","860","3.142536","923","3.142112","900","3.140676","923","3.143","899","3.13974","878","3.139508","900","3.143496","878","3.143784","869","3.143396","891","3.1405","889","3.142044","888","3.144052","911","3.143924","911","3.143664","911","3.145844","911","3.139732","906","3.140104","905","3.141416","904","3.139496","904","3.140696","926","3.140836","901","3.139964","902","3.139416","923","3.13922","923","3.139672","923","3.144608","902","3.138892","923","3.141508","923","3.137424","902","3.143656","923","3.141748","923","3.142524","901","3.141276","923","3.140388","923","3.14342","923","3.142852","923","3.139612","923","3.141952","923","3.142036","923","3.140024","922","3.140876","923","3.141648","901","3.142812","923","3.140572","923","3.139964","901","3.141036","923","3.139288","901","3.141432","901","3.145468","901","3.140948","922","3.144472","923","3.141916","923","3.140244","901","3.139844","901","3.141724","913","3.141596","913","3.14134","913","3.141072","913","3.141996","914","3.14192","913","3.14144","914","3.139748","914","3.14304","913","3.140156","913","3.140536","913","3.143368","914","3.142944","914","3.1419","913","3.141224","913","3.140892","913","3.141036","913","3.143512","913","3.138056","913","3.141288","913","3.14124","913","3.139892","913","3.141776","914","3.142652","913","3.140064","913","3.141348","913","3.14138","913","3.143988","913","3.13956","913","3.141056","913","3.13806","913","3.143792","913","3.144356","913","3.142812","913","3.14136","913","3.144104","913","3.142432","913","3.142528","913","3.1416","913","3.1416324000000007","905","949"
"92","3.142476","221","3.144","221","3.14028","885","3.141192","885","3.141568","860","3.140248","884","3.14206","885","3.143056","884","3.14118","884","3.141048","885","3.142896","884","3.14368","884","3.14078","885","3.14152","884","3.14178","885","3.140632","885","3.140752","885","3.141536","884","3.14408","885","3.141596","884","3.142148","885","3.13962","885","3.142248","884","3.143036","885","3.14286","903","3.14098","903","3.143496","884","3.143092","885","3.139188","884","3.141888","885","3.141304","859","3.143","884","3.143228","903","3.139344","885","3.139256","859","3.141536","884","3.143132","884","3.138372","884","3.141112","884","3.147928","885","3.143776","903","3.1421","884","3.140892","903","3.1408","885","3.139576","903","3.140764","884","3.141324","884","3.140412","884","3.13944","884","3.14288","884","3.14276","859","3.141924","903","3.142188","884","3.143204","884","3.143228","884","3.141272","884","3.138644","884","3.140276","858","3.143116","884","3.144784","884","3.139748","884","3.140492","885","3.140528","884","3.141592","884","3.141352","810","3.14024","810","3.139956","810","3.139316","810","3.139376","810","3.142972","792","3.139336","810","3.14108","810","3.14102","810","3.138484","809","3.140344","809","3.144568","809","3.138936","809","3.141132","809","3.139964","809","3.141112","791","3.140396","809","3.138792","800","3.138972","792","3.141416","774","3.141092","792","3.14006","792","3.143872","792","3.14278","792","3.142132","792","3.145196","792","3.141308","784","3.141164","784","3.138912","784","3.142416","784","3.14272","784","3.141828","784","3.139872","784","3.14262","784","3.142664","782","3.139716","782","3.1414596400000003","839","905"
"93","3.140436","271","3.139816","1017","3.1417","1016","3.14006","1017","3.140236","994","3.14082","1017","3.140572","1059","3.140888","1039","3.140016","1016","3.142396","994","3.140524","994","3.14138","1017","3.14174","1011","3.14358","1011","3.139888","1011","3.138928","1010","3.14264","1008","3.14494","1007","3.140256","1007","3.1402","1007","3.140052","1007","3.140348","1007","3.142272","1028","3.13854","1029","3.142144","1007","3.143456","1007","3.14162","1007","3.142204","1007","3.143768","1000","3.141384","1022","3.139072","1016","3.142276","995","3.142004","1017","3.141896","1036","3.144868","1012","3.143692","1011","3.141684","1011","3.14134","1032","3.14214","1011","3.139624","1011","3.142816","1032","3.14046","1012","3.14102","1012","3.14076","1032","3.139048","1012","3.14226","1005","3.142876","1005","3.143552","1005","3.140804","1004","3.141064","983","3.143524","1004","3.139464","1004","3.1395","1004","3.141444","1024","3.13976","1003","3.144268","995","3.139604","994","3.142852","994","3.143656","994","3.139212","994","3.144632","1014","3.143056","994","3.140596","994","3.142852","994","3.140156","990","3.140932","990","3.141284","990","3.14324","985","3.139772","999","3.142456","978","3.143188","998","3.14336","998","3.139056","978","3.142732","978","3.14256","992","3.141724","992","3.145648","992","3.142624","992","3.141828","992","3.14476","992","3.141308","972","3.143236","972","3.143528","972","3.141044","992","3.138964","992","3.140028","992","3.14244","992","3.141808","992","3.142288","972","3.14222","972","3.140988","992","3.141144","992","3.14202","992","3.141788","992","3.140984","992","3.139392","992","3.14144","992","3.140024","992","3.1391","992","3.142608","972","3.14156152","994","1060"
"94","3.143944","160","3.139784","160","3.140988","184","3.139768","546","3.139892","919","3.138204","911","3.142828","911","3.142","918","3.140208","911","3.141452","915","3.14056","911","3.140148","917","3.141312","911","3.14244","914","3.138584","915","3.140988","911","3.143664","914","3.141592","919","3.14334","917","3.141488","921","3.143104","921","3.142972","920","3.142736","919","3.141208","921","3.141368","916","3.140996","920","3.14334","918","3.139784","921","3.138024","920","3.140476","914","3.14024","910","3.14138","917","3.141224","921","3.140768","917","3.13886","917","3.141504","916","3.141692","915","3.140508","917","3.141392","917","3.14278","920","3.140928","920","3.142548","917","3.141724","921","3.143124","910","3.142344","921","3.139844","920","3.140788","920","3.1395","917","3.139912","919","3.142692","912","3.143132","913","3.144192","914","3.139808","918","3.143832","908","3.142308","912","3.142076","914","3.140412","918","3.141572","918","3.141468","919","3.146124","915","3.139868","918","3.14256","919","3.140948","915","3.140416","908","3.139524","911","3.143072","908","3.14212","916","3.142256","908","3.139124","908","3.142604","919","3.139488","910","3.142108","916","3.140992","918","3.141536","908","3.143748","916","3.140676","917","3.13974","914","3.140972","910","3.140136","914","3.142304","909","3.143196","919","3.140852","915","3.142144","918","3.142016","910","3.141672","911","3.139784","910","3.140888","906","3.143072","911","3.144544","910","3.142456","901","3.142572","912","3.1417","903","3.142624","909","3.140108","909","3.141112","908","3.138484","909","3.142672","900","3.142328","902","3.142272","899","3.141524","909","3.141460800000001","888","937"
"95","3.141312","476","3.141208","523","3.143948","476","3.14194","523","3.143076","519","3.136664","519","3.14294","516","3.141528","617","3.140368","897","3.140984","893","3.140516","888","3.139648","870","3.142332","897","3.142136","897","3.143068","893","3.14378","893","3.13904","885","3.141032","893","3.143844","893","3.143032","881","3.142316","873","3.142436","872","3.14386","882","3.141136","882","3.142876","882","3.143412","877","3.139884","878","3.138484","882","3.140536","881","3.139112","881","3.140416","872","3.142984","878","3.139908","868","3.139172","864","3.141888","867","3.137496","865","3.142112","868","3.140696","868","3.14064","864","3.144276","859","3.142264","859","3.142012","868","3.14064","859","3.142212","865","3.142756","854","3.141532","853","3.140992","853","3.142232","856","3.143172","856","3.140676","853","3.14126","853","3.140672","854","3.142432","853","3.140948","850","3.142836","851","3.1419","853","3.143768","840","3.14068","830","3.14092","835","3.141648","833","3.139532","824","3.140976","832","3.141152","829","3.142168","829","3.137628","829","3.141468","829","3.1447","829","3.1419","829","3.140096","826","3.140348","829","3.143072","828","3.141452","845","3.143072","828","3.141532","827","3.14128","822","3.138436","798","3.144572","827","3.142196","828","3.14472","826","3.142404","822","3.14208","823","3.141968","828","3.14136","832","3.141064","832","3.141988","832","3.138324","832","3.1395","832","3.144376","821","3.138608","821","3.138932","821","3.138968","821","3.141436","821","3.142856","821","3.14116","814","3.138684","814","3.143428","814","3.140284","814","3.142084","814","3.142608","814","3.143692","814","3.141476920000001","823","926"
"96","3.14334","472","3.142216","703","3.141172","596","3.14106","842","3.142084","641","3.142356","641","3.143172","765","3.143444","702","3.140108","619","3.14306","886","3.143036","629","3.143108","690","3.140244","830","3.142956","830","3.142092","625","3.140552","844","3.14106","844","3.142136","844","3.140548","844","3.141736","876","3.140292","872","3.140556","896","3.141096","876","3.14318","876","3.142304","896","3.14242","877","3.141944","896","3.140504","896","3.141424","896","3.144452","896","3.142236","874","3.14154","896","3.139836","896","3.139256","895","3.141184","895","3.14128","877","3.141496","895","3.13874","872","3.139084","895","3.142128","877","3.144172","876","3.139104","872","3.14184","896","3.14138","876","3.143052","895","3.143704","895","3.14004","871","3.143168","872","3.141988","895","3.142048","895","3.14006","893","3.142352","893","3.141988","819","3.142112","840","3.142664","840","3.13944","840","3.143768","840","3.141672","840","3.141","840","3.137772","840","3.140284","840","3.141008","840","3.140316","840","3.140408","840","3.14224","840","3.140356","840","3.141456","840","3.139836","840","3.141316","837","3.141704","836","3.141128","837","3.141056","837","3.142852","837","3.137876","837","3.1423","837","3.138824","837","3.14034","837","3.141804","837","3.139044","836","3.139776","837","3.139068","837","3.140828","836","3.142852","837","3.137244","837","3.1414","837","3.1425","837","3.141588","836","3.13996","837","3.14498","836","3.142808","837","3.141904","836","3.140164","836","3.141968","837","3.14158","836","3.140288","837","3.138476","837","3.144056","837","3.139528","833","3.13868","833","3.141324","833","3.141328760000001","832","923"
"97","3.139836","444","3.142448","472","3.143048","471","3.142388","470","3.143372","469","3.140828","524","3.141108","467","3.140656","852","3.141368","874","3.141636","931","3.141268","874","3.140204","874","3.1417","852","3.138488","931","3.143552","874","3.141064","874","3.139036","874","3.141472","930","3.143412","874","3.140132","931","3.14176","931","3.141472","931","3.142732","874","3.145616","851","3.140024","931","3.139956","984","3.142724","968","3.140304","941","3.141552","985","3.141456","985","3.142908","984","3.140084","985","3.140712","984","3.141312","985","3.141196","968","3.14344","985","3.140236","971","3.141528","971","3.140904","971","3.142268","970","3.143004","954","3.144928","970","3.141096","971","3.144508","967","3.141496","967","3.142056","967","3.138904","967","3.142276","967","3.142352","967","3.14664","968","3.14012","967","3.139828","966","3.144052","966","3.141976","966","3.138244","967","3.139604","967","3.142712","967","3.143544","967","3.1424","967","3.141592","966","3.141964","967","3.140116","967","3.14352","967","3.140432","966","3.143984","966","3.139212","966","3.143316","967","3.139528","966","3.142992","966","3.143072","950","3.143796","966","3.143","966","3.143492","966","3.139672","966","3.14016","964","3.139756","964","3.139168","964","3.141512","963","3.145208","963","3.141232","963","3.139064","964","3.141096","964","3.142448","963","3.141384","964","3.1417","964","3.14022","964","3.140964","963","3.140904","964","3.141736","964","3.145908","948","3.141128","948","3.141468","948","3.139756","947","3.140604","948","3.142716","947","3.141264","947","3.140844","948","3.140248","921","3.141624","920","3.14","921","3.141607399999998","916","1002"
"98","3.140452","46","3.138796","912","3.142168","912","3.140152","912","3.1441","911","3.141592","915","3.143704","911","3.142992","912","3.14036","912","3.140384","914","3.142288","911","3.14058","915","3.14128","911","3.143024","911","3.142716","912","3.140272","912","3.142216","911","3.140944","912","3.141668","915","3.143164","912","3.141756","915","3.140216","893","3.140504","912","3.140728","914","3.14204","889","3.140532","912","3.141236","912","3.144324","912","3.141052","915","3.144052","912","3.1434","912","3.142612","914","3.137912","914","3.142128","889","3.140684","892","3.139232","912","3.142432","911","3.14154","912","3.14112","912","3.142536","911","3.141908","912","3.141728","884","3.144208","914","3.139952","914","3.141676","915","3.1436","911","3.143472","911","3.141144","911","3.143632","892","3.13962","911","3.14216","911","3.142068","914","3.141652","912","3.14438","915","3.142436","911","3.143228","911","3.143924","914","3.141036","912","3.142632","911","3.142456","914","3.140804","911","3.140904","908","3.14262","909","3.143768","911","3.138424","908","3.140252","911","3.139924","907","3.140372","908","3.142068","911","3.14308","907","3.140524","908","3.141504","911","3.140472","908","3.14002","908","3.143536","908","3.138288","907","3.142028","908","3.139844","911","3.144256","908","3.143012","885","3.140384","908","3.141076","911","3.142888","908","3.141556","911","3.14144","907","3.140504","910","3.141748","834","3.141436","834","3.138872","837","3.142576","799","3.144608","796","3.14204","796","3.143004","798","3.141224","795","3.139884","799","3.14206","799","3.142044","799","3.14014","798","3.141056","798","3.1439","798","3.1416794000000006","886","916"
"99","3.140916","462","3.142752","483","3.141024","461","3.1431","483","3.139212","483","3.13916","581","3.142236","920","3.141488","895","3.143248","920","3.139896","920","3.14274","738","3.14092","738","3.140896","920","3.142048","920","3.140308","893","3.142344","895","3.141704","739","3.139416","920","3.141908","895","3.142196","895","3.140152","920","3.141716","920","3.144016","893","3.143216","738","3.13946","738","3.143468","906","3.139064","907","3.139944","906","3.142304","906","3.14134","906","3.140004","906","3.140832","906","3.142592","906","3.141476","890","3.141516","890","3.141292","889","3.140656","906","3.144748","890","3.141948","891","3.142144","891","3.143516","890","3.141316","906","3.140084","890","3.141212","890","3.142112","906","3.140168","890","3.139808","906","3.142796","906","3.142444","906","3.144716","890","3.140388","890","3.142888","891","3.14284","890","3.140744","906","3.142492","906","3.140844","890","3.138992","906","3.142224","906","3.14176","890","3.14","890","3.140228","906","3.140104","906","3.14256","906","3.141196","906","3.139884","906","3.142092","906","3.141228","906","3.141464","906","3.139496","890","3.143196","906","3.145932","889","3.141516","906","3.138892","905","3.142756","890","3.141616","905","3.143868","906","3.143264","890","3.140616","890","3.142328","906","3.142628","890","3.146864","906","3.14192","905","3.142488","906","3.141948","906","3.13962","906","3.139528","890","3.140164","889","3.140984","890","3.14","905","3.143536","906","3.140628","890","3.141168","890","3.139564","906","3.138708","906","3.143884","906","3.138088","905","3.14256","905","3.14306","890","3.142172","905","3.14246","890","3.14154952","868","943"
"100","3.142536","332","3.142064","726","3.140592","840","3.143532","936","3.141216","726","3.141704","979","3.139576","816","3.143652","818","3.142504","705","3.139024","817","3.145536","978","3.142492","935","3.143956","978","3.142264","973","3.142724","840","3.142048","974","3.143016","789","3.140292","766","3.145408","767","3.142236","978","3.139356","973","3.140612","974","3.140504","969","3.14234","969","3.139308","763","3.141748","931","3.142136","970","3.1397","932","3.14216","872","3.141128","836","3.139472","974","3.141044","931","3.142364","961","3.143968","922","3.141948","964","3.13962","964","3.140292","922","3.140572","925","3.142748","964","3.1434","964","3.139436","964","3.141132","862","3.143908","926","3.143292","950","3.141204","945","3.142316","945","3.139608","922","3.143488","927","3.142048","925","3.141916","919","3.14028","919","3.141296","925","3.141784","925","3.14096","921","3.142968","924","3.144336","923","3.143344","923","3.14182","919","3.141148","890","3.141748","894","3.139444","887","3.142732","894","3.140044","887","3.141168","894","3.141624","891","3.137704","887","3.142716","893","3.13986","887","3.140196","891","3.14036","888","3.138896","891","3.141596","893","3.140992","887","3.144468","890","3.142436","890","3.137568","888","3.14236","887","3.143144","890","3.142612","891","3.14132","892","3.140068","890","3.141968","893","3.142376","886","3.139024","893","3.140252","888","3.138316","886","3.143536","886","3.14348","891","3.139292","891","3.142272","891","3.14014","892","3.141288","884","3.142656","892","3.1413","891","3.143296","891","3.140456","890","3.142628","886","3.144708","892","3.141836","890","3.144044","861","3.1416299999999997","893","983"
"Averages","3.1417440799999996","422","3.1417162399999996","655","3.141286240000001","676","3.1414386800000007","716","3.1416472000000004","740","3.1414052399999997","765","3.1416491200000003","791","3.1418047200000014","800","3.1416264800000007","807","3.141449920000001","832","3.1415816399999996","835","3.1415506800000004","839","3.1418448000000008","855","3.1418277200000007","850","3.1418120800000002","858","3.1414690399999987","868","3.14138288","859","3.141448959999999","865","3.1418764400000003","871","3.141695320000001","879","3.1413908000000004","886","3.141535279999999","887","3.1416205600000007","888","3.1417141600000007","889","3.1416187200000003","893","3.1414836000000004","902","3.1416553200000004","897","3.1415484400000007","899","3.1416193599999995","899","3.141455119999998","898","3.1416560000000002","902","3.1414394800000003","904","3.1416446800000006","905","3.141426039999999","909","3.1417823199999986","905","3.1413991999999995","910","3.1416426800000004","911","3.14152452","915","3.14150932","915","3.1414785199999993","911","3.1417216800000007","914","3.141182000000001","909","3.141815040000001","911","3.1414284799999983","914","3.1416442400000006","914","3.141648880000001","910","3.1413225199999992","914","3.141808240000001","914","3.141583960000001","913","3.1417073199999983","913","3.1416952000000005","913","3.1416455600000006","911","3.1412638799999995","912","3.1416711999999993","911","3.1416359599999995","908","3.141447799999999","907","3.141744800000002","909","3.1417149599999994","908","3.14157936","907","3.1416764399999995","908","3.1412811199999995","907","3.14161564","908","3.1415576400000003","905","3.1414372800000008","905","3.1412481999999993","903","3.1415009599999992","903","3.141677879999999","903","3.14154632","903","3.1414128399999997","902","3.14158764","901","3.141940720000002","900","3.1414736","899","3.1416900400000003","898","3.1413438800000004","897","3.141764799999999","896","3.1415188","895","3.14165676","893","3.1417069200000003","894","3.1418645599999993","893","3.1413275999999994","892","3.1416439599999997","891","3.1416208800000005","891","3.1419970799999994","890","3.1416326","889","3.14153252","888","3.1414732400000003","887","3.141629480000002","886","3.1416946400000016","885","3.14177736","883","3.1416191600000007","883","3.1415029199999975","882","3.141434279999999","881","3.141591879999999","882","3.1416780400000017","881","3.14140048","878","3.141233879999999","877","3.1415712800000004","876","3.141888119999998","875","3.1417648000000007","875","3.141606479999999","873","3.1415878539999995","876","999"
