"Iteration Count","Job[1] Result","Job[1] Runtime (ms)","Job[2] Result","Job[2] Runtime (ms)","Job[3] Result","Job[3] Runtime (ms)","Job[4] Result","Job[4] Runtime (ms)","Job[5] Result","Job[5] Runtime (ms)","Job[6] Result","Job[6] Runtime (ms)","Job[7] Result","Job[7] Runtime (ms)","Job[8] Result","Job[8] Runtime (ms)","Job[9] Result","Job[9] Runtime (ms)","Job[10] Result","Job[10] Runtime (ms)","Job[11] Result","Job[11] Runtime (ms)","Job[12] Result","Job[12] Runtime (ms)","Job[13] Result","Job[13] Runtime (ms)","Job[14] Result","Job[14] Runtime (ms)","Job[15] Result","Job[15] Runtime (ms)","Job[16] Result","Job[16] Runtime (ms)","Job[17] Result","Job[17] Runtime (ms)","Job[18] Result","Job[18] Runtime (ms)","Job[19] Result","Job[19] Runtime (ms)","Job[20] Result","Job[20] Runtime (ms)","Job[21] Result","Job[21] Runtime (ms)","Job[22] Result","Job[22] Runtime (ms)","Job[23] Result","Job[23] Runtime (ms)","Job[24] Result","Job[24] Runtime (ms)","Job[25] Result","Job[25] Runtime (ms)","Job[26] Result","Job[26] Runtime (ms)","Job[27] Result","Job[27] Runtime (ms)","Job[28] Result","Job[28] Runtime (ms)","Job[29] Result","Job[29] Runtime (ms)","Job[30] Result","Job[30] Runtime (ms)","Job[31] Result","Job[31] Runtime (ms)","Job[32] Result","Job[32] Runtime (ms)","Job[33] Result","Job[33] Runtime (ms)","Job[34] Result","Job[34] Runtime (ms)","Job[35] Result","Job[35] Runtime (ms)","Job[36] Result","Job[36] Runtime (ms)","Job[37] Result","Job[37] Runtime (ms)","Job[38] Result","Job[38] Runtime (ms)","Job[39] Result","Job[39] Runtime (ms)","Job[40] Result","Job[40] Runtime (ms)","Job[41] Result","Job[41] Runtime (ms)","Job[42] Result","Job[42] Runtime (ms)","Job[43] Result","Job[43] Runtime (ms)","Job[44] Result","Job[44] Runtime (ms)","Job[45] Result","Job[45] Runtime (ms)","Job[46] Result","Job[46] Runtime (ms)","Job[47] Result","Job[47] Runtime (ms)","Job[48] Result","Job[48] Runtime (ms)","Job[49] Result","Job[49] Runtime (ms)","Job[50] Result","Job[50] Runtime (ms)","Job[51] Result","Job[51] Runtime (ms)","Job[52] Result","Job[52] Runtime (ms)","Job[53] Result","Job[53] Runtime (ms)","Job[54] Result","Job[54] Runtime (ms)","Job[55] Result","Job[55] Runtime (ms)","Job[56] Result","Job[56] Runtime (ms)","Job[57] Result","Job[57] Runtime (ms)","Job[58] Result","Job[58] Runtime (ms)","Job[59] Result","Job[59] Runtime (ms)","Job[60] Result","Job[60] Runtime (ms)","Job[61] Result","Job[61] Runtime (ms)","Job[62] Result","Job[62] Runtime (ms)","Job[63] Result","Job[63] Runtime (ms)","Job[64] Result","Job[64] Runtime (ms)","Job[65] Result","Job[65] Runtime (ms)","Job[66] Result","Job[66] Runtime (ms)","Job[67] Result","Job[67] Runtime (ms)","Job[68] Result","Job[68] Runtime (ms)","Job[69] Result","Job[69] Runtime (ms)","Job[70] Result","Job[70] Runtime (ms)","Job[71] Result","Job[71] Runtime (ms)","Job[72] Result","Job[72] Runtime (ms)","Job[73] Result","Job[73] Runtime (ms)","Job[74] Result","Job[74] Runtime (ms)","Job[75] Result","Job[75] Runtime (ms)","Job[76] Result","Job[76] Runtime (ms)","Job[77] Result","Job[77] Runtime (ms)","Job[78] Result","Job[78] Runtime (ms)","Job[79] Result","Job[79] Runtime (ms)","Job[80] Result","Job[80] Runtime (ms)","Job[81] Result","Job[81] Runtime (ms)","Job[82] Result","Job[82] Runtime (ms)","Job[83] Result","Job[83] Runtime (ms)","Job[84] Result","Job[84] Runtime (ms)","Job[85] Result","Job[85] Runtime (ms)","Job[86] Result","Job[86] Runtime (ms)","Job[87] Result","Job[87] Runtime (ms)","Job[88] Result","Job[88] Runtime (ms)","Job[89] Result","Job[89] Runtime (ms)","Job[90] Result","Job[90] Runtime (ms)","Job[91] Result","Job[91] Runtime (ms)","Job[92] Result","Job[92] Runtime (ms)","Job[93] Result","Job[93] Runtime (ms)","Job[94] Result","Job[94] Runtime (ms)","Job[95] Result","Job[95] Runtime (ms)","Job[96] Result","Job[96] Runtime (ms)","Job[97] Result","Job[97] Runtime (ms)","Job[98] Result","Job[98] Runtime (ms)","Job[99] Result","Job[99] Runtime (ms)","Job[100] Result","Job[100] Runtime (ms)","Average Result","Average Runtime (ms)","Total Runtime (ms)"
"1","3.141","2138","3.142848","2100","3.142784","2279","3.14194","2278","3.14126","2212","3.141108","2277","3.13832","2247","3.140468","2187","3.142376","2252","3.140352","2252","3.139652","2228","3.141368","2163","3.141328","2252","3.140228","2251","3.13906","2227","3.138364","2251","3.140592","2226","3.142308","2226","3.142868","2226","3.13944","2162","3.14068","2251","3.141576","2185","3.14152","2224","3.140248","2184","3.141876","2208","3.139452","2250","3.140184","2250","3.141252","2249","3.137436","2249","3.140484","2208","3.13944","2248","3.141204","2248","3.143228","2183","3.143044","2183","3.139076","2164","3.144396","2098","3.14192","2164","3.13752","2163","3.141168","2164","3.141096","2164","3.140744","2163","3.142024","2163","3.14094","2163","3.13902","2138","3.14146","2163","3.140032","2137","3.138396","2138","3.141932","2163","3.142096","2162","3.141948","2162","3.143644","2137","3.143776","2137","3.14306","2162","3.143116","2162","3.142804","2163","3.14084","2162","3.142708","2162","3.143368","2162","3.139136","2136","3.142768","2136","3.139648","2161","3.141144","2161","3.139948","2136","3.138564","2136","3.141204","2056","3.141452","2122","3.13852","2121","3.13976","2097","3.141424","2122","3.13792","2121","3.13968","2096","3.14102","2122","3.142156","2121","3.141896","2121","3.142416","2032","3.141316","1950","3.14008","1947","3.138632","1947","3.140084","1924","3.141348","1898","3.14128","1922","3.14112","1924","3.141396","1923","3.141608","1922","3.14088","1897","3.140464","1923","3.147052","1922","3.1423","1922","3.140012","1923","3.143212","1922","3.14524","1923","3.13986","1922","3.140612","1922","3.140368","1922","3.142768","1921","3.143396","1921","3.145868","1922","3.1382","1921","3.141728","1890","3.139976","1915","3.1411382799999985","2113","5844"
"2","3.144376","39","3.139292","534","3.138516","342","3.142488","532","3.142384","532","3.141728","570","3.140808","512","3.139488","507","3.141456","588","3.140132","546","3.145476","959","3.138556","890","3.144112","1040","3.141924","890","3.14082","958","3.143388","856","3.143584","913","3.142028","959","3.142632","951","3.13906","993","3.140496","992","3.143336","992","3.141388","1032","3.142336","993","3.141328","973","3.142032","951","3.140376","992","3.139632","966","3.140548","1005","3.14278","985","3.143832","1025","3.143664","1004","3.14078","1025","3.140756","1024","3.140068","1004","3.142344","1025","3.143244","1041","3.140408","1004","3.1413","985","3.143776","1005","3.137384","1004","3.14384","984","3.14432","1004","3.142128","1024","3.141996","1024","3.144092","1041","3.13966","1003","3.1389","1024","3.143956","1002","3.143152","1021","3.141004","1021","3.14108","1001","3.142916","1021","3.143576","1036","3.141752","1019","3.140812","1036","3.1451","1016","3.141392","1013","3.142492","1012","3.140588","1008","3.14278","1022","3.140392","970","3.141944","970","3.139788","981","3.139184","964","3.141452","965","3.14072","979","3.140104","978","3.141256","978","3.142964","964","3.14194","954","3.14228","950","3.141004","950","3.144272","933","3.143892","946","3.140484","930","3.142044","945","3.143036","945","3.145212","945","3.142828","941","3.141332","941","3.139784","941","3.142648","940","3.141812","938","3.141292","936","3.144408","936","3.13802","935","3.142924","935","3.137924","935","3.141424","935","3.143636","931","3.143548","931","3.143464","928","3.140912","927","3.146184","927","3.142044","926","3.142904","926","3.143724","926","3.14368","923","3.140544","924","3.1418659600000005","922","1091"
"3","3.140336","276","3.141968","537","3.14156","890","3.141472","614","3.140328","886","3.141444","886","3.143492","886","3.142276","885","3.1429","884","3.14154","884","3.142712","884","3.14446","884","3.143004","888","3.141944","884","3.137788","883","3.142916","881","3.142452","876","3.143632","1013","3.139816","1038","3.142968","1153","3.141812","1154","3.142592","1091","3.143372","1090","3.144396","1154","3.137672","1023","3.140968","1109","3.141088","1148","3.13962","993","3.141036","1084","3.14134","1107","3.143896","1106","3.141396","1106","3.141864","1103","3.141424","1100","3.14356","1100","3.143256","1099","3.140524","1138","3.1404","1098","3.143936","1098","3.1396","1075","3.143956","1133","3.142832","1133","3.1423","1133","3.142016","1114","3.139856","1130","3.145136","1128","3.139064","1127","3.142536","1127","3.139612","1126","3.142088","1125","3.140364","1123","3.14014","1060","3.140016","1122","3.138996","1124","3.141548","1077","3.136992","1056","3.14306","1116","3.141632","1113","3.140452","1112","3.13854","1113","3.14218","1074","3.141784","1110","3.139308","1110","3.14248","1110","3.141892","1110","3.14348","1103","3.143348","1102","3.141944","1102","3.141528","1101","3.142256","1098","3.142236","1097","3.142448","1097","3.1398","1095","3.139704","1094","3.141332","1094","3.143208","1093","3.139996","1093","3.142944","1089","3.14206","1089","3.143084","1089","3.140164","1088","3.141412","1089","3.141996","1085","3.147004","1085","3.14186","1085","3.141828","1085","3.140244","1085","3.142296","1085","3.144004","1084","3.142116","1085","3.141448","1085","3.1434","1084","3.141996","1084","3.144256","1085","3.143016","1085","3.143064","1085","3.140072","1084","3.141228","1084","3.142192","1085","3.139548","1084","3.1417405199999986","1049","1187"
"4","3.142656","1107","3.143868","1053","3.140976","1090","3.142772","1053","3.141812","1052","3.144256","1089","3.14104","1052","3.14156","1107","3.142436","1090","3.140124","1090","3.143028","1053","3.141216","1107","3.144304","1071","3.140016","1107","3.140528","1090","3.14314","1090","3.139556","1090","3.141764","1052","3.14104","1107","3.140316","1090","3.139424","1090","3.140656","1090","3.142332","1106","3.1432","1090","3.141964","1053","3.13838","1053","3.139916","1107","3.142524","1090","3.143816","1090","3.139876","1051","3.142484","1090","3.14298","1090","3.141436","1106","3.141352","1089","3.139232","1053","3.14228","1090","3.140236","1090","3.14014","1071","3.14264","1089","3.144748","1071","3.14214","1052","3.14312","1052","3.142528","1106","3.138632","1089","3.143512","1089","3.143008","1090","3.141396","1107","3.143708","1090","3.141912","1106","3.142396","1089","3.140628","1090","3.141164","1022","3.140684","1090","3.144676","1052","3.141736","1090","3.138984","1052","3.139784","1089","3.142008","1091","3.144432","1087","3.144804","1085","3.13988","1086","3.142496","1085","3.142656","1086","3.14128","1086","3.142008","1086","3.141416","1085","3.139768","1085","3.139204","1068","3.142812","1085","3.141584","1069","3.142868","1068","3.142792","1086","3.141348","1064","3.140504","1081","3.142704","1064","3.142992","1081","3.138928","1081","3.144188","1081","3.143504","1081","3.143648","1081","3.140836","1081","3.139936","1081","3.141924","1081","3.139856","1081","3.139368","1081","3.139788","1059","3.14022","1058","3.138772","1058","3.14398","1058","3.142976","1058","3.141056","1058","3.143116","1058","3.140632","1058","3.142432","1058","3.142992","1059","3.143268","1058","3.140488","1058","3.142448","1058","3.142044","1058","3.14246","1058","3.1417244799999993","1077","1108"
"5","3.141264","296","3.14282","385","3.14178","579","3.14144","636","3.143432","579","3.141176","636","3.140432","579","3.1408","632","3.14256","630","3.138244","573","3.141596","1005","3.141328","1006","3.140984","1005","3.14294","1005","3.13888","1005","3.1409","1005","3.143076","1005","3.14174","1005","3.143032","1004","3.143784","1005","3.140912","1005","3.145184","1005","3.14178","1006","3.13984","1005","3.139552","1005","3.142828","1005","3.1418","1005","3.140412","1005","3.141328","1005","3.141504","1005","3.141748","1004","3.140268","1005","3.142852","1005","3.143744","1005","3.141468","1005","3.140036","1005","3.14136","1004","3.145024","1004","3.139444","1005","3.142996","1005","3.141088","1004","3.142832","1004","3.139708","1004","3.143064","1004","3.14432","1019","3.141796","1005","3.14466","1004","3.141032","1005","3.142132","1005","3.141324","1004","3.14146","1005","3.136892","1005","3.144084","1004","3.141564","1004","3.14112","1005","3.141044","1004","3.141064","1004","3.141488","1003","3.142852","1004","3.141516","1004","3.14388","1005","3.1435","1004","3.14292","1004","3.143876","1004","3.14104","1004","3.140056","1005","3.1406","1004","3.14032","1004","3.143012","1005","3.142492","981","3.141532","981","3.139244","962","3.141188","962","3.139764","962","3.140476","962","3.141836","960","3.14268","961","3.142592","975","3.140588","960","3.143252","961","3.142356","975","3.139248","961","3.142604","960","3.140836","960","3.14056","938","3.141244","938","3.14134","952","3.141832","938","3.142004","938","3.141676","938","3.141752","938","3.143096","938","3.14276","938","3.141588","937","3.142676","938","3.140932","952","3.13862","938","3.138596","938","3.143592","937","3.14056","952","3.141640480000001","943","1028"
"6","3.142464","329","3.142736","615","3.140624","641","3.138952","592","3.142064","641","3.141572","615","3.140772","592","3.143772","665","3.141188","729","3.14082","663","3.14164","640","3.141464","633","3.14086","656","3.135552","909","3.139908","909","3.141396","880","3.141588","909","3.143152","909","3.143656","909","3.143212","854","3.143552","862","3.142236","861","3.143044","885","3.139612","894","3.139328","891","3.144248","872","3.1422","892","3.14232","892","3.142224","894","3.14112","893","3.142268","894","3.141852","892","3.141084","887","3.142576","887","3.14272","890","3.144572","891","3.1394","891","3.138436","890","3.140008","887","3.14326","888","3.139796","889","3.142192","889","3.143116","887","3.14318","890","3.14032","889","3.138908","887","3.140876","887","3.142352","889","3.14066","890","3.144172","886","3.140352","890","3.14212","890","3.14438","888","3.139128","887","3.144976","889","3.1419","890","3.140704","887","3.14182","887","3.140456","890","3.144732","890","3.142508","888","3.142596","888","3.1419","889","3.138336","890","3.141216","888","3.14478","890","3.140316","887","3.140488","890","3.14274","886","3.142824","888","3.143116","889","3.141616","886","3.139672","890","3.142592","887","3.140028","889","3.140416","890","3.140032","890","3.14062","888","3.139168","889","3.14422","887","3.142408","888","3.14118","889","3.14408","887","3.139308","889","3.14286","888","3.138416","888","3.142608","886","3.138872","885","3.138808","889","3.140548","887","3.142844","886","3.140676","889","3.139444","886","3.140216","888","3.144868","888","3.139488","888","3.142576","886","3.143704","879","3.140712","882","3.143448","882","3.1415583999999996","852","924"
"7","3.142764","58","3.142044","782","3.140788","930","3.14168","753","3.140184","728","3.141896","781","3.143864","679","3.143524","679","3.14332","679","3.143232","679","3.14046","781","3.141988","680","3.140612","679","3.140416","702","3.1427","930","3.144192","810","3.141748","678","3.143204","930","3.144276","727","3.14226","679","3.144656","935","3.140864","916","3.143152","880","3.13946","914","3.14218","917","3.138636","911","3.144068","880","3.14164","855","3.140616","854","3.143004","911","3.143368","910","3.14196","880","3.141152","935","3.14142","935","3.143364","881","3.137268","884","3.143104","911","3.142304","914","3.139544","916","3.141196","911","3.141424","914","3.142096","920","3.142204","921","3.141748","919","3.14168","919","3.140104","920","3.139492","920","3.142924","920","3.137888","919","3.142524","920","3.144328","920","3.139112","920","3.139312","919","3.143224","919","3.14244","921","3.14218","919","3.13944","920","3.144172","919","3.143212","919","3.143344","919","3.14274","920","3.14122","920","3.144","919","3.143728","920","3.139252","919","3.139856","919","3.143576","919","3.137512","920","3.143488","919","3.141776","920","3.144568","919","3.13894","920","3.144592","919","3.14274","919","3.139944","919","3.14478","919","3.14474","918","3.139828","918","3.141964","919","3.141076","919","3.144008","920","3.142132","920","3.141372","919","3.139812","900","3.14136","919","3.1404","898","3.142748","919","3.144456","919","3.138376","919","3.14176","920","3.141736","919","3.13938","919","3.138196","894","3.143908","893","3.14172","895","3.143084","894","3.140524","893","3.142136","894","3.14254","893","3.138588","893","3.14179512","873","954"
"8","3.143148","125","3.140696","378","3.141196","378","3.14228","756","3.143884","756","3.141468","734","3.140068","755","3.142252","755","3.141548","755","3.142448","755","3.139912","734","3.140668","779","3.140692","779","3.141076","779","3.139592","779","3.139828","734","3.146412","779","3.143372","779","3.139692","755","3.141064","779","3.142796","712","3.141876","755","3.141108","779","3.139896","779","3.142492","779","3.141768","779","3.140392","779","3.140692","779","3.139684","779","3.140696","761","3.139332","762","3.139984","910","3.140616","762","3.140048","906","3.144044","891","3.140956","891","3.143028","743","3.142","891","3.139984","891","3.139196","892","3.139992","897","3.139232","896","3.141172","897","3.139348","896","3.142736","896","3.141428","886","3.139704","896","3.14126","897","3.139528","886","3.141444","886","3.138376","897","3.139288","885","3.142688","890","3.142056","897","3.142308","885","3.142176","874","3.13958","879","3.140736","884","3.138336","884","3.14082","884","3.142692","884","3.138404","884","3.140012","883","3.140992","883","3.145404","902","3.143168","884","3.14306","878","3.140256","884","3.143684","884","3.143244","896","3.140368","894","3.143148","894","3.142996","893","3.140016","894","3.140396","893","3.136868","893","3.142004","894","3.140752","893","3.140596","893","3.143668","893","3.140792","872","3.142208","893","3.14442","893","3.140872","893","3.14092","893","3.140552","893","3.145264","893","3.138712","893","3.143012","893","3.145516","893","3.145032","893","3.140564","893","3.143032","893","3.143236","893","3.142312","893","3.14444","893","3.142212","893","3.139808","893","3.13724","893","3.142268","893","3.14138232","834","962"
"9","3.144168","844","3.139876","866","3.14222","866","3.14112","866","3.14174","866","3.141428","866","3.142108","866","3.140468","866","3.140248","866","3.143356","866","3.140308","866","3.13882","866","3.143588","866","3.14286","865","3.14154","736","3.140904","822","3.139428","845","3.14194","846","3.142408","845","3.143512","846","3.142604","845","3.141192","845","3.142216","846","3.141296","846","3.138248","846","3.143636","846","3.14128","846","3.142576","716","3.142684","846","3.138612","846","3.142128","846","3.144616","845","3.14114","846","3.139376","892","3.141448","846","3.142488","911","3.144396","847","3.140668","847","3.141868","847","3.142092","911","3.142232","847","3.14006","868","3.140212","847","3.139404","868","3.143476","845","3.138508","847","3.140804","846","3.14296","892","3.141228","845","3.142628","846","3.142764","847","3.140484","845","3.142056","845","3.142804","846","3.141804","911","3.143532","820","3.141532","868","3.141924","891","3.141152","818","3.138436","868","3.141912","868","3.143516","891","3.14104","846","3.140344","827","3.142808","869","3.14116","869","3.1432","869","3.143288","871","3.140512","870","3.139472","798","3.142912","797","3.13988","796","3.142204","797","3.140556","812","3.138708","812","3.141944","796","3.14334","812","3.140168","795","3.139988","812","3.142308","812","3.13998","788","3.141364","804","3.140032","787","3.143944","804","3.140752","804","3.142964","804","3.141588","804","3.140248","794","3.139536","794","3.139684","794","3.139352","791","3.14392","775","3.144732","775","3.14094","775","3.14034","791","3.141136","791","3.142028","791","3.141828","791","3.141536","791","3.140344","791","3.1415011199999996","835","976"
"10","3.138444","383","3.137176","753","3.142152","792","3.14128","832","3.146604","792","3.143556","786","3.14274","785","3.136872","826","3.141864","747","3.140004","826","3.13984","785","3.142536","825","3.139724","825","3.143108","870","3.14188","785","3.142936","746","3.141532","825","3.14538","870","3.144368","746","3.141324","825","3.143056","826","3.142064","887","3.142752","746","3.141364","848","3.14044","825","3.14016","870","3.145892","785","3.142764","825","3.14064","785","3.14002","816","3.139972","860","3.140932","878","3.142844","816","3.141828","803","3.141116","865","3.142376","865","3.139204","865","3.141276","865","3.143092","826","3.1418","885","3.142192","865","3.139608","886","3.144208","865","3.140964","878","3.1407","880","3.141404","901","3.141588","907","3.140376","907","3.141284","877","3.139932","905","3.14122","900","3.142464","875","3.142424","875","3.137956","906","3.140236","905","3.142056","900","3.144452","900","3.141872","899","3.14408","905","3.142056","899","3.142976","906","3.141276","890","3.143368","870","3.140864","870","3.142852","855","3.140696","854","3.141524","855","3.143464","855","3.141052","869","3.142452","855","3.142388","869","3.144296","869","3.137048","854","3.140912","848","3.13972","869","3.139884","869","3.143164","869","3.14394","848","3.14076","857","3.14164","856","3.141336","854","3.13882","837","3.14236","850","3.142492","850","3.140428","850","3.142056","850","3.142612","832","3.141844","835","3.141276","850","3.143144","845","3.145652","838","3.142248","837","3.141352","833","3.141752","833","3.138636","834","3.140776","834","3.143032","832","3.144976","830","3.142976","830","3.139376","830","3.14169404","842","962"
"11","3.143576","88","3.142668","889","3.139328","869","3.141044","869","3.142252","869","3.140876","869","3.140296","869","3.144964","869","3.140776","869","3.14582","889","3.141108","868","3.142004","889","3.14178","869","3.139512","889","3.14388","869","3.144128","869","3.139884","868","3.141652","889","3.14036","869","3.142148","869","3.139304","868","3.14104","869","3.14136","869","3.142856","869","3.142136","869","3.141588","869","3.141656","869","3.14142","868","3.14096","868","3.140268","889","3.142472","868","3.142216","869","3.139676","869","3.141768","869","3.144884","869","3.141828","839","3.145636","889","3.140972","888","3.1416","889","3.144816","889","3.140252","888","3.139876","877","3.1427","935","3.1396","872","3.143608","915","3.143784","897","3.140916","898","3.138844","898","3.139744","911","3.140628","919","3.141276","919","3.142408","919","3.14202","919","3.139436","919","3.141336","900","3.14082","919","3.140604","916","3.142324","916","3.139728","896","3.144408","897","3.141428","915","3.142332","879","3.142044","915","3.141032","915","3.143352","897","3.14158","895","3.142676","912","3.14448","908","3.139588","906","3.140232","905","3.1401","899","3.142436","896","3.141464","862","3.145408","854","3.143492","853","3.14004","853","3.140876","853","3.144228","853","3.140868","853","3.141292","854","3.141784","853","3.138924","854","3.142364","854","3.141048","853","3.142916","853","3.143136","853","3.141552","853","3.140872","853","3.143052","853","3.1407","853","3.144136","850","3.141176","850","3.14274","849","3.141168","850","3.14114","850","3.143132","850","3.139412","850","3.141108","849","3.142516","849","3.140716","850","3.1417336399999987","869","954"
"12","3.143552","919","3.138476","919","3.14342","896","3.141496","919","3.14138","918","3.140776","896","3.139276","919","3.142196","920","3.142668","919","3.14262","894","3.14216","920","3.142896","918","3.143992","921","3.138196","918","3.140312","920","3.142772","918","3.139276","891","3.140484","918","3.139916","919","3.140488","918","3.140424","918","3.139636","891","3.14348","918","3.141892","918","3.142188","917","3.145016","884","3.140308","919","3.140872","918","3.141368","920","3.142412","919","3.13906","919","3.140156","921","3.142128","919","3.143924","918","3.141588","921","3.143076","918","3.13994","919","3.138568","920","3.141728","920","3.142348","918","3.138792","918","3.142856","919","3.139864","918","3.140632","920","3.141876","918","3.139584","895","3.142804","918","3.14292","920","3.143808","918","3.141356","919","3.140676","892","3.142444","918","3.14238","917","3.141","918","3.1466","918","3.142236","917","3.140964","918","3.141428","919","3.143052","918","3.138864","918","3.141984","920","3.140716","918","3.141068","892","3.14192","920","3.145004","918","3.13978","918","3.142188","917","3.14532","918","3.138936","917","3.140016","919","3.141192","919","3.140904","918","3.14014","920","3.1413","918","3.140812","892","3.143804","919","3.141164","920","3.14438","917","3.143252","918","3.141392","918","3.141868","919","3.140996","918","3.142132","920","3.139212","919","3.13802","918","3.14318","918","3.139996","917","3.143192","918","3.141344","918","3.141748","917","3.142588","918","3.14268","886","3.140052","919","3.1461","918","3.144704","917","3.143136","920","3.139468","918","3.139588","919","3.140548","917","3.139752","893","3.14156176","915","921"
"13","3.140448","284","3.143088","956","3.140396","956","3.14056","783","3.138944","783","3.14422","956","3.142612","789","3.142612","956","3.144024","682","3.1396","958","3.141776","958","3.141872","843","3.141968","774","3.140816","842","3.139996","956","3.1427","776","3.13882","812","3.140488","812","3.145444","743","3.14166","843","3.143036","957","3.142364","957","3.14398","850","3.13906","956","3.144004","748","3.140528","957","3.140416","957","3.140156","958","3.14246","911","3.141312","912","3.141268","911","3.142288","913","3.141564","912","3.142564","913","3.145068","913","3.143632","913","3.143316","912","3.143528","912","3.143672","910","3.142552","913","3.141944","909","3.141328","913","3.143524","911","3.140956","912","3.139916","912","3.142044","913","3.14244","880","3.142016","912","3.140408","885","3.14312","907","3.140584","910","3.140792","913","3.141076","906","3.142716","913","3.141508","913","3.141288","909","3.141484","913","3.13856","885","3.142512","912","3.141808","913","3.143472","911","3.141516","912","3.138588","911","3.145444","906","3.142336","912","3.139752","884","3.140904","913","3.141568","912","3.144528","910","3.143892","897","3.1422","893","3.142536","892","3.140704","893","3.138432","893","3.145236","890","3.141668","889","3.140912","890","3.141368","887","3.141","890","3.14234","888","3.139948","889","3.142476","889","3.141192","888","3.14132","887","3.14386","883","3.13872","889","3.142492","887","3.142104","889","3.141748","889","3.14106","889","3.140632","889","3.144536","889","3.140768","885","3.140124","886","3.142452","889","3.143512","889","3.140164","887","3.145104","888","3.13936","889","3.140908","887","3.1417971200000006","886","960"
"14","3.143264","263","3.141828","856","3.140664","856","3.138668","696","3.14358","488","3.13954","696","3.139176","856","3.140696","610","3.140684","856","3.143104","462","3.140608","462","3.144064","856","3.142924","585","3.141768","831","3.14198","711","3.140436","885","3.14074","885","3.142536","862","3.142908","885","3.142608","885","3.140668","884","3.14086","884","3.1406","866","3.14094","885","3.139692","885","3.140896","885","3.14242","884","3.142192","884","3.139556","884","3.141144","885","3.142132","876","3.144576","857","3.141228","875","3.144288","857","3.140976","875","3.142692","875","3.142408","853","3.143988","857","3.139552","875","3.143436","857","3.139964","869","3.142812","869","3.138872","851","3.14278","868","3.141256","868","3.14214","868","3.141144","814","3.139476","868","3.141888","867","3.140764","863","3.140576","862","3.140704","863","3.142576","862","3.14172","862","3.143828","862","3.140376","806","3.143148","859","3.139188","854","3.142216","854","3.142172","832","3.145012","853","3.1416","849","3.1415","849","3.139184","849","3.142368","846","3.141724","841","3.142892","821","3.141956","842","3.143176","841","3.141832","820","3.142472","841","3.14124","841","3.1422","841","3.14012","842","3.139708","840","3.139808","842","3.145576","841","3.141264","841","3.142072","841","3.142436","841","3.14234","821","3.141548","841","3.143516","821","3.140692","841","3.141736","819","3.140616","841","3.13912","822","3.139836","819","3.141956","841","3.142392","841","3.1401","841","3.143112","841","3.141432","841","3.1425","841","3.142992","840","3.141944","821","3.1429","820","3.143376","841","3.138644","840","3.139308","840","3.141618199999999","825","912"
"15","3.142184","838","3.141732","929","3.142528","838","3.141316","906","3.141904","947","3.14064","947","3.1403","947","3.142","947","3.141968","941","3.141592","919","3.14068","941","3.138648","981","3.140812","941","3.141596","940","3.143484","941","3.13848","940","3.139648","941","3.13974","940","3.144556","940","3.143672","919","3.142916","918","3.141132","940","3.14474","968","3.14062","965","3.140212","964","3.141608","964","3.142172","964","3.138248","964","3.142452","960","3.14102","898","3.142564","959","3.141784","958","3.141932","918","3.139484","978","3.14226","958","3.141252","958","3.140736","896","3.140848","957","3.140808","977","3.141904","977","3.140952","957","3.1416","918","3.13932","972","3.142664","972","3.142004","967","3.143448","967","3.138668","967","3.143624","967","3.139836","967","3.143516","967","3.144672","967","3.1444","967","3.14178","958","3.141216","957","3.139848","958","3.139352","958","3.141104","958","3.141712","957","3.14278","958","3.14048","958","3.141544","958","3.142776","958","3.144004","957","3.13992","958","3.14056","957","3.144724","957","3.141468","958","3.140392","957","3.142184","957","3.141984","957","3.14178","957","3.140676","937","3.14042","957","3.142544","957","3.139496","951","3.140208","930","3.141376","950","3.145292","950","3.138944","950","3.140004","950","3.141556","950","3.141","950","3.144684","950","3.141424","950","3.141796","950","3.1421","950","3.142252","950","3.141208","950","3.141836","930","3.140192","950","3.144448","950","3.142732","950","3.139844","950","3.141164","950","3.143452","950","3.141396","950","3.141952","950","3.141604","950","3.139448","941","3.14066","939","3.141541920000001","948","1013"
"16","3.142316","634","3.141292","659","3.139636","660","3.143092","634","3.143148","659","3.141068","606","3.141592","565","3.143144","634","3.139872","955","3.141164","955","3.139968","660","3.140244","753","3.141012","951","3.141884","913","3.139652","951","3.140984","951","3.141764","951","3.142944","951","3.144332","951","3.140524","951","3.1398","951","3.1434","951","3.141876","950","3.14126","920","3.140404","939","3.14378","938","3.141112","939","3.140356","939","3.142656","939","3.141532","938","3.142432","938","3.141952","939","3.13934","939","3.14516","938","3.138448","938","3.142636","939","3.141312","938","3.140396","938","3.142484","938","3.137528","939","3.142196","938","3.14096","939","3.141416","938","3.14282","938","3.140272","938","3.140828","939","3.138008","938","3.141604","938","3.14306","939","3.143244","939","3.142608","938","3.141836","939","3.14246","939","3.13738","937","3.145844","938","3.143804","938","3.14236","939","3.142284","939","3.141972","938","3.14094","938","3.141948","938","3.143148","938","3.139912","938","3.143348","938","3.142472","938","3.143816","915","3.144088","914","3.14042","914","3.142308","915","3.139032","915","3.1402","915","3.143272","915","3.139196","915","3.140112","915","3.144476","915","3.141012","915","3.144644","915","3.142452","915","3.142836","915","3.14128","915","3.141596","915","3.141988","915","3.141676","915","3.14316","915","3.142128","915","3.139844","915","3.139316","915","3.142868","910","3.139832","910","3.141816","910","3.14076","909","3.142172","910","3.141864","901","3.143124","920","3.141296","901","3.140276","901","3.14426","901","3.142688","920","3.14308","901","3.141764","894","3.141688720000001","901","975"
"17","3.141936","360","3.14406","757","3.140804","757","3.1415","757","3.141604","757","3.13958","757","3.143724","757","3.140388","757","3.142928","780","3.14328","711","3.144912","757","3.14054","757","3.139624","757","3.141516","756","3.14078","757","3.140068","756","3.145628","757","3.142984","757","3.138948","756","3.141032","756","3.139904","780","3.141232","923","3.140716","797","3.144848","923","3.140968","774","3.142004","774","3.142212","797","3.139704","909","3.143512","906","3.1426","907","3.142284","933","3.14356","910","3.1413","911","3.142656","911","3.14348","914","3.139428","877","3.139048","911","3.139876","908","3.140124","910","3.139124","910","3.140376","907","3.137016","914","3.141404","912","3.142168","914","3.139272","877","3.143244","914","3.143484","933","3.14146","911","3.142244","907","3.142912","911","3.14242","910","3.14032","910","3.141724","906","3.141284","914","3.138384","911","3.139904","911","3.140364","878","3.14202","912","3.140912","877","3.141356","906","3.144612","911","3.138272","910","3.141724","907","3.143252","884","3.138248","907","3.1388","911","3.143108","905","3.141596","926","3.145348","926","3.14358","926","3.143252","905","3.140524","907","3.138612","906","3.142684","906","3.141456","837","3.140544","828","3.140152","828","3.141912","828","3.137152","828","3.142968","828","3.140804","828","3.142616","828","3.14008","828","3.145624","828","3.143588","828","3.140296","828","3.143088","828","3.143148","819","3.139744","819","3.141164","819","3.142608","819","3.137336","819","3.143132","819","3.141092","819","3.138568","819","3.144028","819","3.139636","819","3.144828","819","3.143348","819","3.142104","819","3.1415131200000004","845","954"
"18","3.142608","59","3.143032","852","3.14464","904","3.146232","905","3.142488","879","3.137764","902","3.14086","902","3.142148","902","3.142772","844","3.14146","901","3.141436","904","3.140952","873","3.143704","905","3.142632","905","3.142608","881","3.141156","879","3.140344","901","3.140524","904","3.142812","905","3.143196","901","3.145044","901","3.141976","905","3.138924","905","3.141284","904","3.139824","904","3.139348","903","3.142044","904","3.14224","898","3.140376","901","3.141064","902","3.140768","876","3.145492","899","3.143564","901","3.142084","901","3.140948","898","3.1418","898","3.140976","877","3.14212","898","3.140564","899","3.140372","901","3.141516","872","3.140104","898","3.139304","898","3.142552","898","3.142452","901","3.142928","902","3.141792","873","3.139528","902","3.138324","898","3.137124","898","3.140024","899","3.140132","901","3.14028","902","3.1426","877","3.13834","902","3.143868","877","3.142336","900","3.139652","898","3.141348","899","3.141528","902","3.142536","901","3.141564","898","3.143772","902","3.140528","899","3.142736","899","3.14066","901","3.14272","901","3.143656","901","3.142016","898","3.141956","901","3.140972","841","3.143296","842","3.14352","841","3.14252","841","3.14396","840","3.144124","841","3.1421","841","3.14344","807","3.14232","810","3.140716","809","3.141348","809","3.140944","810","3.14464","809","3.144096","785","3.141576","806","3.145548","807","3.139708","807","3.140092","804","3.142412","806","3.14478","807","3.142876","805","3.144316","805","3.140432","807","3.140996","807","3.138924","806","3.140528","807","3.142756","807","3.142244","806","3.142956","806","3.14084","807","3.14181036","863","906"
"19","3.143004","916","3.140428","917","3.142372","938","3.140676","938","3.140436","916","3.141976","882","3.139392","917","3.14212","876","3.139988","939","3.1399","939","3.1433","916","3.142352","939","3.141672","917","3.141416","938","3.140992","882","3.142692","938","3.14078","939","3.141808","916","3.142768","916","3.1437","938","3.142544","916","3.141728","873","3.142768","916","3.14218","873","3.143044","937","3.144364","879","3.142968","917","3.144032","917","3.143944","938","3.1432","938","3.141048","916","3.142996","938","3.14238","916","3.14254","849","3.143092","938","3.138792","916","3.142652","938","3.1406","938","3.141692","916","3.143736","883","3.141512","938","3.143512","938","3.143372","938","3.140416","938","3.1409","938","3.14058","917","3.138744","937","3.1401","938","3.142468","889","3.142128","917","3.140756","938","3.142252","938","3.141052","915","3.141928","926","3.139752","903","3.141812","925","3.142544","904","3.145304","925","3.142544","926","3.140668","924","3.141688","925","3.14586","924","3.13964","924","3.140536","925","3.143672","897","3.14126","920","3.14088","919","3.142472","919","3.141652","897","3.141696","920","3.14186","894","3.142656","893","3.14124","894","3.14496","893","3.140132","893","3.140392","894","3.142528","893","3.141408","893","3.142372","893","3.142256","894","3.142488","894","3.140908","893","3.140328","891","3.142772","891","3.14212","890","3.140408","890","3.141164","890","3.141188","890","3.144308","885","3.140092","876","3.141096","876","3.141616","876","3.139148","859","3.141536","859","3.14588","859","3.142376","858","3.140424","858","3.140664","859","3.14112","858","3.14054","847","3.1418375199999984","907","939"
"20","3.140888","330","3.1434","330","3.141704","675","3.140964","621","3.139812","671","3.139992","647","3.139944","671","3.144608","618","3.14452","647","3.14196","671","3.140588","646","3.143404","640","3.1424","709","3.141148","665","3.141388","664","3.14126","886","3.142276","886","3.13994","664","3.140992","920","3.142108","914","3.140332","915","3.144256","921","3.144632","915","3.140696","909","3.14232","908","3.142676","906","3.13798","906","3.14004","905","3.14108","872","3.142404","905","3.138976","899","3.143176","900","3.143128","905","3.142072","905","3.141384","905","3.142572","899","3.140928","899","3.139252","905","3.139776","896","3.14262","902","3.140912","892","3.141676","892","3.143236","892","3.1381","886","3.142492","886","3.14164","892","3.142076","892","3.1417","892","3.141","886","3.144404","892","3.140532","892","3.141836","892","3.140944","888","3.1423","892","3.140224","885","3.141552","892","3.142008","892","3.143128","892","3.13978","886","3.141552","866","3.140932","870","3.142584","874","3.143392","892","3.140596","874","3.144724","872","3.141168","870","3.145292","891","3.139036","892","3.139984","870","3.1435","870","3.140072","889","3.142756","889","3.142184","889","3.14076","889","3.141464","870","3.140192","872","3.1438","889","3.141344","889","3.139016","889","3.14074","889","3.141768","889","3.141068","888","3.14042","882","3.141884","882","3.141108","882","3.142344","882","3.142284","864","3.139748","882","3.143204","865","3.140132","882","3.140304","882","3.140652","855","3.13964","855","3.140808","855","3.139968","855","3.142588","854","3.140492","848","3.143396","847","3.140824","847","3.142536","829","3.14153392","842","957"
"21","3.142628","308","3.142124","523","3.143036","576","3.141816","576","3.13874","574","3.140328","573","3.142892","671","3.142156","547","3.139048","670","3.141824","670","3.141564","907","3.14212","907","3.142012","869","3.14164","907","3.137232","880","3.144192","907","3.141052","880","3.13958","902","3.141388","869","3.1447","904","3.14496","903","3.13904","903","3.14272","894","3.14102","902","3.14316","895","3.140552","886","3.142908","879","3.14074","884","3.138868","878","3.142024","883","3.139776","877","3.143772","880","3.140752","880","3.14242","874","3.142872","880","3.141984","880","3.14238","881","3.14112","881","3.141108","880","3.140792","873","3.143008","867","3.142672","874","3.138864","873","3.140812","874","3.139228","874","3.139912","874","3.1406","873","3.142816","874","3.141292","867","3.142396","863","3.141056","861","3.143036","861","3.1381","858","3.140244","852","3.141824","851","3.1393","857","3.14478","854","3.142452","855","3.142064","855","3.140536","847","3.138932","846","3.142976","855","3.136528","842","3.143272","870","3.140756","870","3.14144","869","3.142016","866","3.140988","867","3.142008","867","3.141432","866","3.143264","866","3.14278","867","3.13894","866","3.140752","866","3.138628","866","3.140112","866","3.143352","866","3.14282","866","3.139308","854","3.141724","854","3.143432","854","3.140324","854","3.14328","854","3.141496","854","3.1389","854","3.142144","854","3.140524","854","3.1406","854","3.14184","854","3.139588","854","3.140948","854","3.13866","854","3.14384","854","3.142824","854","3.142832","854","3.142468","854","3.14372","854","3.14178","854","3.143344","854","3.139564","854","3.14142168","839","941"
"22","3.142392","630","3.143532","630","3.141552","654","3.141236","630","3.142992","630","3.1418","606","3.1394","630","3.139928","630","3.143236","626","3.140632","622","3.141584","646","3.139892","622","3.14114","622","3.141544","642","3.141884","641","3.141636","641","3.142576","881","3.144964","879","3.144384","700","3.139908","726","3.141548","899","3.143236","899","3.14152","878","3.140692","878","3.141588","896","3.141608","896","3.143296","876","3.141148","889","3.14326","889","3.142156","887","3.141508","886","3.143772","885","3.143732","866","3.141252","885","3.140412","885","3.140072","885","3.146108","885","3.142552","885","3.142376","885","3.141324","866","3.141676","885","3.143996","865","3.142012","866","3.14252","885","3.141572","866","3.140784","814","3.14298","885","3.143236","885","3.139144","885","3.143408","885","3.140944","837","3.140148","860","3.142232","855","3.142784","855","3.141988","835","3.141092","855","3.142508","879","3.142064","879","3.139704","879","3.143924","846","3.1428","842","3.142704","842","3.141256","865","3.138884","865","3.140396","865","3.140356","865","3.13734","846","3.14336","865","3.141236","862","3.142528","862","3.141604","861","3.139136","861","3.13956","847","3.140912","847","3.142224","846","3.137692","847","3.141592","846","3.141636","846","3.1399","846","3.140908","844","3.139924","844","3.142816","840","3.142516","840","3.1451","840","3.14012","840","3.14302","839","3.141992","837","3.142088","836","3.140316","836","3.140072","834","3.142136","835","3.141388","831","3.14222","832","3.141556","832","3.142352","825","3.140484","826","3.137896","826","3.14212","825","3.14258","826","3.140696","819","3.141655039999999","820","917"
"23","3.140448","526","3.142448","526","3.142404","666","3.141628","523","3.142872","665","3.141952","689","3.14156","665","3.14222","686","3.143504","730","3.141064","931","3.140924","730","3.139516","934","3.140356","910","3.143332","931","3.14264","931","3.139368","934","3.141968","934","3.138588","910","3.141792","934","3.142956","913","3.143172","913","3.14104","912","3.13992","910","3.145064","913","3.14","912","3.14072","910","3.137656","913","3.141828","910","3.143456","910","3.141352","913","3.13938","913","3.140352","913","3.140772","910","3.14556","913","3.141584","913","3.144444","912","3.14402","909","3.14042","909","3.140624","908","3.143112","909","3.141772","909","3.141748","909","3.139368","908","3.142728","909","3.142608","906","3.142568","909","3.140852","906","3.141944","906","3.14134","906","3.13996","908","3.140688","909","3.142344","906","3.142316","907","3.140988","885","3.138356","889","3.140688","878","3.142636","878","3.140868","875","3.139312","877","3.13962","878","3.143144","878","3.140704","875","3.139484","874","3.141788","877","3.142924","878","3.14396","878","3.139968","862","3.142548","866","3.14326","867","3.143356","862","3.142096","867","3.140324","867","3.140056","862","3.139696","863","3.14082","862","3.139572","861","3.144084","861","3.139232","858","3.139956","860","3.139712","858","3.141","859","3.140976","861","3.14032","861","3.14164","856","3.142068","851","3.142416","845","3.14232","853","3.141156","854","3.141816","848","3.140904","850","3.141452","850","3.14102","846","3.138236","846","3.140388","850","3.135484","848","3.141804","850","3.14336","843","3.139876","844","3.142276","844","3.14174","845","3.14135656","861","949"
"24","3.13996","65","3.14286","65","3.144116","101","3.137948","101","3.14064","65","3.140592","101","3.143196","88","3.138636","832","3.138404","786","3.141556","798","3.141904","830","3.140116","854","3.141568","853","3.139756","853","3.143792","852","3.1397","852","3.135888","823","3.14112","841","3.140072","842","3.1401","842","3.136492","841","3.14414","843","3.14192","841","3.143996","842","3.14282","842","3.143748","841","3.139672","841","3.140484","842","3.138684","842","3.142704","821","3.142736","842","3.142296","841","3.142596","841","3.141548","841","3.141444","842","3.143224","841","3.138072","842","3.142788","841","3.141972","842","3.141896","841","3.142768","841","3.143164","841","3.1411","841","3.141724","816","3.14418","841","3.140984","841","3.14222","841","3.1396","841","3.143216","841","3.142164","841","3.14424","841","3.141344","841","3.14126","841","3.143516","841","3.141352","842","3.143272","842","3.144052","840","3.143224","841","3.143608","841","3.139312","841","3.143824","841","3.140648","840","3.141484","841","3.141372","822","3.14362","841","3.141772","841","3.140024","841","3.143948","840","3.140088","840","3.14386","841","3.142268","840","3.14086","842","3.142092","841","3.138668","841","3.140672","841","3.145208","818","3.142164","840","3.139856","841","3.141692","841","3.141436","840","3.141544","841","3.14358","840","3.141308","841","3.1438","842","3.140692","841","3.14002","841","3.138836","840","3.140972","841","3.138104","841","3.141848","840","3.141332","841","3.142468","841","3.142728","840","3.1412","842","3.140268","840","3.141052","840","3.1413","841","3.14172","841","3.145712","840","3.140608","840","3.141561039999999","786","871"
"25","3.142288","194","3.143488","528","3.140852","528","3.1394","553","3.140936","681","3.143744","634","3.142104","583","3.140532","634","3.143532","583","3.143132","657","3.143184","634","3.144368","681","3.141284","634","3.139956","679","3.13958","943","3.138476","604","3.140644","939","3.141528","922","3.14036","922","3.141476","922","3.144292","803","3.14414","922","3.142856","922","3.140036","894","3.141916","803","3.1415","922","3.141072","922","3.140252","922","3.14256","922","3.139476","922","3.141364","922","3.14158","922","3.145372","910","3.142272","878","3.1417","905","3.146288","904","3.143728","904","3.14104","904","3.14014","904","3.14272","905","3.141364","905","3.14038","904","3.142852","905","3.142516","904","3.143288","905","3.142232","904","3.142368","873","3.139552","904","3.145356","904","3.139232","904","3.14084","905","3.139512","882","3.139304","904","3.143588","904","3.141096","904","3.140044","904","3.14118","904","3.138504","905","3.14104","904","3.14064","904","3.142336","904","3.141472","904","3.1405","905","3.141848","904","3.14286","904","3.14062","904","3.140968","903","3.140488","905","3.14002","904","3.141304","904","3.141924","903","3.141668","904","3.141084","904","3.14032","904","3.140788","904","3.142092","904","3.144464","904","3.144536","904","3.143012","903","3.141456","903","3.142012","891","3.142644","892","3.142384","893","3.143552","892","3.139544","892","3.142232","893","3.141448","892","3.143804","892","3.144668","892","3.144236","891","3.141308","892","3.141932","892","3.141128","892","3.14164","892","3.141832","893","3.141112","892","3.143388","892","3.143396","892","3.138008","893","3.142712","891","3.1417679599999997","854","954"
"26","3.13944","222","3.140444","620","3.139944","570","3.142116","567","3.142572","911","3.140984","935","3.143228","935","3.141044","912","3.142728","935","3.142292","890","3.142412","910","3.139984","935","3.138604","935","3.138148","930","3.143356","930","3.142756","907","3.14116","905","3.141892","930","3.13886","930","3.14134","930","3.143104","929","3.140756","930","3.141276","929","3.140744","929","3.138216","930","3.139172","930","3.144048","929","3.139916","929","3.142436","929","3.140424","929","3.13814","929","3.140972","948","3.139388","948","3.143288","929","3.14348","930","3.140744","929","3.14198","929","3.142072","930","3.143312","929","3.1386","929","3.137756","930","3.141808","930","3.14128","929","3.140528","906","3.143716","929","3.139696","894","3.145244","894","3.141476","893","3.143796","893","3.1426","894","3.142308","891","3.142224","891","3.141308","891","3.14314","890","3.139944","891","3.141668","903","3.142728","903","3.139644","903","3.143632","903","3.139284","885","3.14014","899","3.14128","899","3.142308","899","3.140528","881","3.13896","880","3.141544","896","3.141892","896","3.141332","892","3.14042","892","3.139092","891","3.139852","888","3.139636","888","3.14318","885","3.140468","884","3.142108","885","3.141836","884","3.142904","884","3.139412","884","3.141936","884","3.139312","884","3.140676","881","3.143328","878","3.143768","877","3.1396","877","3.142584","877","3.136168","875","3.141976","874","3.140624","875","3.140552","873","3.14366","873","3.140672","871","3.138672","871","3.140872","868","3.141072","867","3.138844","865","3.14174","865","3.140704","865","3.14282","865","3.141452","860","3.141724","860","3.141188000000001","885","959"
"27","3.141712","929","3.142568","929","3.142076","929","3.140476","904","3.142956","904","3.143224","909","3.143572","903","3.138648","903","3.14102","930","3.138412","929","3.140944","909","3.142388","904","3.142892","904","3.144232","904","3.144536","904","3.142808","929","3.143832","908","3.140252","929","3.142668","930","3.140972","929","3.142388","908","3.141612","908","3.143252","929","3.141512","904","3.144868","909","3.14","907","3.140992","929","3.14298","929","3.14032","929","3.143116","909","3.13896","906","3.142528","906","3.143268","929","3.141312","910","3.141236","909","3.141864","903","3.144196","909","3.139664","929","3.141536","903","3.142848","929","3.142276","909","3.14272","929","3.140812","929","3.143216","904","3.13786","902","3.143248","903","3.140788","909","3.142752","929","3.141456","905","3.141896","905","3.141256","904","3.14068","907","3.138652","903","3.142252","928","3.141984","929","3.14112","929","3.142724","908","3.14084","929","3.143036","928","3.141164","928","3.140656","906","3.14152","929","3.140496","909","3.142068","929","3.142736","928","3.14184","907","3.141112","929","3.14168","903","3.14048","909","3.141512","904","3.1394","928","3.142128","905","3.142468","907","3.139288","905","3.14054","903","3.139352","929","3.142276","929","3.141944","903","3.140392","903","3.142764","929","3.142196","928","3.143108","911","3.141228","903","3.13938","904","3.14172","903","3.140864","891","3.141144","891","3.140748","891","3.145936","891","3.141376","885","3.140892","852","3.142492","853","3.14082","852","3.141376","852","3.141896","852","3.139548","842","3.14174","842","3.143272","842","3.139724","842","3.140308","842","3.1416379200000013","906","930"
"28","3.142584","148","3.14134","783","3.14286","783","3.140072","783","3.14286","727","3.14042","783","3.140936","752","3.140628","783","3.142052","753","3.140812","782","3.142796","782","3.138948","782","3.140508","777","3.139524","778","3.138816","778","3.14356","778","3.14148","777","3.141788","747","3.143432","777","3.139748","748","3.14138","777","3.14306","777","3.138636","777","3.141868","778","3.141404","778","3.140428","747","3.140664","747","3.138716","777","3.142152","747","3.140244","747","3.144136","748","3.142532","778","3.140704","777","3.142112","777","3.14166","777","3.139668","777","3.141688","778","3.141884","777","3.140112","777","3.141","747","3.142816","777","3.140812","747","3.140464","747","3.14284","765","3.14138","765","3.13986","734","3.14114","765","3.13982","775","3.143808","894","3.140648","837","3.141992","889","3.14168","888","3.13982","889","3.142516","839","3.140668","889","3.141104","871","3.14106","822","3.141328","884","3.144916","884","3.141688","884","3.145244","854","3.142288","853","3.140112","855","3.140796","855","3.141184","852","3.14098","854","3.139976","853","3.14124","855","3.14016","853","3.1439","855","3.14408","852","3.142","852","3.143084","855","3.139676","855","3.142368","855","3.139892","852","3.140404","852","3.140676","854","3.143064","854","3.138924","854","3.1419","854","3.14076","854","3.139128","852","3.142092","854","3.141796","852","3.141564","852","3.143508","852","3.14216","854","3.142088","854","3.142996","852","3.140044","854","3.142816","815","3.141444","815","3.141888","813","3.140868","815","3.142556","759","3.144228","759","3.142316","759","3.142068","759","3.142696","759","3.1414853600000003","802","940"
"29","3.143856","75","3.140584","857","3.14162","885","3.139072","879","3.141744","880","3.142588","880","3.139756","884","3.141676","884","3.1427","880","3.141332","880","3.144188","885","3.1431","880","3.1396","881","3.141624","881","3.141292","885","3.14298","879","3.141184","879","3.142608","879","3.14288","881","3.145536","884","3.138032","881","3.139496","879","3.1416","813","3.140944","881","3.141556","903","3.14166","878","3.143476","881","3.14102","899","3.1418","873","3.142284","895","3.141276","895","3.14156","874","3.143492","877","3.142632","877","3.141456","873","3.141268","845","3.137804","895","3.141512","874","3.14102","874","3.142292","874","3.141168","895","3.141732","895","3.13964","872","3.139416","871","3.140208","877","3.13928","895","3.140772","873","3.14092","871","3.141612","877","3.138484","872","3.143976","873","3.142684","845","3.14104","895","3.140412","895","3.142152","895","3.140172","895","3.139384","895","3.140596","874","3.141296","873","3.138724","874","3.142588","765","3.141168","746","3.140168","764","3.1399","764","3.145084","765","3.142876","764","3.14334","764","3.141608","764","3.13782","758","3.142036","758","3.138","736","3.141968","758","3.142808","758","3.14096","758","3.144148","757","3.142248","758","3.14144","755","3.14032","754","3.142684","755","3.146756","754","3.14118","755","3.141464","754","3.140232","755","3.13986","732","3.143664","754","3.142624","754","3.142844","754","3.140296","754","3.141688","755","3.14156","755","3.142864","754","3.143608","755","3.142748","754","3.143688","753","3.142332","732","3.140896","753","3.140796","754","3.141784","754","3.141396","741","3.143556","740","3.14156768","821","904"
"30","3.13842","461","3.144444","667","3.14172","691","3.140104","691","3.140644","596","3.140976","667","3.140368","488","3.140908","886","3.141088","917","3.14142","916","3.140952","916","3.141156","917","3.142256","883","3.143304","861","3.138704","914","3.142568","884","3.141248","914","3.142328","884","3.14172","914","3.143524","914","3.144504","914","3.140696","914","3.144432","914","3.143184","914","3.14064","884","3.141384","914","3.141668","914","3.145684","884","3.142868","884","3.141704","914","3.141344","913","3.14116","860","3.140164","915","3.143484","913","3.140156","914","3.140272","914","3.142676","914","3.141196","884","3.144732","914","3.139448","914","3.140064","914","3.139344","914","3.138804","933","3.13908","884","3.14108","883","3.13982","884","3.144496","914","3.141688","914","3.141312","884","3.141804","884","3.141792","883","3.14158","914","3.142272","860","3.141796","913","3.141044","883","3.140692","883","3.1414","913","3.138532","913","3.143936","913","3.143152","909","3.142312","916","3.146236","916","3.142856","897","3.140696","915","3.14446","896","3.141172","915","3.14158","894","3.142472","894","3.1395","894","3.141984","912","3.139416","912","3.14256","911","3.140216","911","3.14","911","3.140124","911","3.141608","911","3.14088","892","3.14162","911","3.139504","892","3.139692","892","3.141352","892","3.140276","911","3.139268","911","3.137908","911","3.139276","911","3.140796","911","3.142628","911","3.142488","911","3.14224","911","3.143848","911","3.141224","911","3.139828","892","3.145716","911","3.138752","911","3.13934","880","3.141416","879","3.14028","866","3.142116","866","3.143632","866","3.141572","866","3.1414578000000004","881","941"
"31","3.142388","389","3.141404","389","3.141036","610","3.1402","744","3.139816","804","3.141604","741","3.141256","741","3.143088","804","3.140308","803","3.142892","804","3.139648","803","3.143684","804","3.141264","740","3.141444","804","3.139016","803","3.14162","804","3.142944","803","3.139524","804","3.141296","803","3.141988","800","3.138824","801","3.144032","800","3.144668","800","3.143424","801","3.142836","802","3.14128","800","3.143092","801","3.14268","793","3.141296","730","3.141676","784","3.14206","760","3.142948","784","3.143176","784","3.140796","783","3.139748","847","3.140088","784","3.1416","760","3.140604","783","3.141052","783","3.144064","784","3.141832","784","3.139652","783","3.136932","889","3.139868","835","3.142532","888","3.14336","835","3.142252","835","3.142892","889","3.141036","880","3.142732","880","3.138072","880","3.14164","881","3.144552","880","3.141256","863","3.138112","863","3.141376","863","3.138852","863","3.145092","863","3.144","836","3.138308","857","3.141644","857","3.139516","855","3.141744","857","3.13994","857","3.144088","858","3.14234","858","3.141808","855","3.14216","857","3.14376","856","3.14104","858","3.138116","858","3.14226","857","3.138656","856","3.141516","858","3.138972","856","3.139236","856","3.142252","857","3.136648","858","3.14094","858","3.143236","858","3.14182","856","3.138204","858","3.141208","856","3.140776","855","3.143568","856","3.1421","855","3.139948","856","3.143036","858","3.139868","856","3.141072","847","3.139168","846","3.140008","847","3.141012","847","3.14132","847","3.142108","845","3.141556","846","3.139832","845","3.143436","845","3.14082","839","3.14108","838","3.1413252400000005","818","929"
"32","3.143644","457","3.140052","953","3.142476","935","3.141388","935","3.143764","954","3.144416","914","3.139912","953","3.13878","953","3.140708","935","3.138952","936","3.139432","954","3.140364","935","3.141064","935","3.1431","935","3.141272","953","3.142632","953","3.143264","954","3.14064","953","3.140228","935","3.139852","953","3.145964","935","3.140644","935","3.142552","953","3.140572","935","3.141636","934","3.14328","935","3.14204","934","3.142816","914","3.142224","953","3.140136","934","3.140724","915","3.143296","935","3.143268","953","3.142788","953","3.142388","953","3.14132","935","3.140104","935","3.139444","935","3.142572","934","3.13918","935","3.141432","934","3.138132","953","3.142768","915","3.137204","952","3.14362","953","3.139156","935","3.14216","952","3.140448","935","3.141572","915","3.144676","934","3.141024","952","3.140808","935","3.140928","953","3.141368","934","3.14308","935","3.139216","953","3.14306","935","3.141528","953","3.141448","935","3.140168","953","3.140632","952","3.139244","952","3.143664","935","3.139788","935","3.142272","935","3.13936","935","3.140424","935","3.14216","952","3.143552","935","3.139976","915","3.139272","935","3.141884","934","3.144948","935","3.14206","935","3.14154","935","3.141656","935","3.143544","915","3.14492","935","3.143532","952","3.143608","935","3.141432","923","3.139172","911","3.14206","908","3.143552","907","3.140408","907","3.143152","906","3.140356","898","3.14098","898","3.141244","898","3.142288","899","3.143388","897","3.140944","898","3.140752","898","3.143668","898","3.143804","898","3.138956","898","3.14066","898","3.14236","898","3.140776","898","3.144024","898","3.1415869599999997","927","955"
"33","3.142456","731","3.140776","913","3.14188","933","3.143708","909","3.143344","908","3.141236","905","3.137208","933","3.139912","933","3.14274","933","3.143668","905","3.142628","905","3.141652","877","3.14434","908","3.139068","905","3.139632","933","3.143736","933","3.142432","933","3.141824","933","3.144756","932","3.145216","905","3.143012","909","3.14128","933","3.142296","905","3.143296","912","3.1415","933","3.140888","912","3.142228","905","3.141584","933","3.141392","911","3.140808","917","3.143848","916","3.142728","897","3.140948","916","3.1419","917","3.140608","917","3.141908","917","3.142804","917","3.141684","916","3.14256","917","3.14006","916","3.14022","917","3.141324","892","3.141788","917","3.140396","897","3.141852","917","3.142916","889","3.143172","917","3.14336","916","3.143408","897","3.139752","897","3.140744","916","3.139328","917","3.140376","917","3.143088","895","3.14094","916","3.140708","916","3.143064","917","3.138548","917","3.139188","888","3.141532","916","3.139944","895","3.140572","916","3.142136","916","3.145008","916","3.142856","917","3.140692","916","3.140696","916","3.14138","892","3.143164","916","3.143028","913","3.14286","882","3.143568","896","3.140452","856","3.140764","860","3.143708","875","3.142388","864","3.14262","863","3.14054","863","3.143416","863","3.142904","863","3.142216","863","3.139352","855","3.140144","854","3.14002","853","3.139944","854","3.14234","854","3.14232","851","3.144372","852","3.145004","852","3.142224","851","3.140396","849","3.139452","848","3.139448","847","3.14086","848","3.144496","848","3.143376","843","3.14218","843","3.141464","842","3.142364","841","3.141952","839","3.1418186799999983","894","935"
"34","3.141932","488","3.141752","507","3.144888","507","3.142476","657","3.142492","982","3.137368","982","3.140836","925","3.140396","982","3.142524","960","3.143376","982","3.139884","960","3.138868","697","3.142424","960","3.140388","982","3.141568","982","3.142112","960","3.139008","949","3.138616","871","3.143404","911","3.1442","967","3.144864","966","3.140884","966","3.144932","966","3.139588","965","3.139028","966","3.13978","961","3.138888","940","3.141392","903","3.14228","938","3.140884","959","3.140436","938","3.141872","903","3.140872","959","3.141892","959","3.143544","953","3.140544","932","3.141816","953","3.14068","897","3.137284","897","3.142168","932","3.139488","893","3.144764","893","3.141012","949","3.140812","927","3.14108","945","3.143252","943","3.142752","945","3.140608","944","3.142324","945","3.13952","945","3.1426","924","3.141728","942","3.142488","943","3.139616","943","3.140712","959","3.144912","942","3.14198","941","3.14272","941","3.142084","942","3.142004","942","3.142776","928","3.14136","928","3.140588","927","3.14208","928","3.144064","944","3.142572","944","3.140196","944","3.14142","926","3.141868","944","3.141216","927","3.139872","928","3.143004","944","3.141556","925","3.14114","907","3.139884","924","3.14218","907","3.143552","924","3.142052","924","3.140484","907","3.144428","924","3.139316","921","3.140972","904","3.141668","921","3.1446","920","3.14272","920","3.141412","920","3.143576","895","3.139192","912","3.14088","895","3.143072","912","3.142576","912","3.142512","895","3.143132","895","3.14208","895","3.14024","895","3.14044","895","3.143172","895","3.14262","895","3.14024","895","3.143364","912","3.1416267200000005","914","1004"
"35","3.142208","489","3.137296","489","3.140676","511","3.14316","511","3.14266","511","3.14076","511","3.139604","507","3.14368","849","3.142012","907","3.142264","907","3.14504","907","3.142728","849","3.142668","907","3.141164","904","3.141896","849","3.143236","895","3.142544","898","3.137948","897","3.142016","897","3.140412","898","3.14024","899","3.140512","840","3.144208","898","3.140496","894","3.141164","898","3.139596","899","3.13858","898","3.143316","899","3.139296","898","3.140592","892","3.14222","883","3.13858","881","3.143216","876","3.140472","880","3.142516","876","3.141608","880","3.1445","880","3.143088","765","3.142072","875","3.140228","875","3.142332","875","3.141676","871","3.143512","876","3.1404","871","3.140928","875","3.139752","871","3.141872","870","3.141852","870","3.137924","875","3.140552","870","3.14148","874","3.142644","875","3.140872","870","3.144984","875","3.143748","875","3.140188","870","3.140756","848","3.141396","843","3.139964","873","3.139048","869","3.143264","872","3.143044","869","3.14492","868","3.140528","868","3.140212","873","3.141072","868","3.140644","868","3.141612","872","3.1405","872","3.142452","868","3.142516","873","3.140132","868","3.143232","841","3.139892","841","3.139472","847","3.142612","846","3.140784","841","3.143572","841","3.14032","846","3.147112","846","3.141796","846","3.137252","847","3.140724","841","3.142252","847","3.139092","840","3.138864","846","3.14124","847","3.141968","845","3.140504","846","3.143128","846","3.140288","847","3.141808","847","3.140592","845","3.139804","820","3.140784","839","3.139636","844","3.14188","825","3.14172","830","3.140576","832","3.139412","831","3.141375640000001","840","918"
"36","3.138792","833","3.139084","833","3.139708","834","3.139592","833","3.141968","833","3.142556","833","3.143484","753","3.142776","833","3.142204","777","3.141212","832","3.142468","833","3.143788","833","3.136716","752","3.14306","833","3.141836","833","3.141528","804","3.1424","832","3.14074","833","3.142008","833","3.145308","833","3.139872","833","3.142784","832","3.142416","833","3.141152","804","3.140652","832","3.141812","776","3.13854","832","3.143632","828","3.14398","829","3.14098","829","3.139536","829","3.141612","828","3.139788","829","3.14082","829","3.143368","829","3.142188","829","3.142448","828","3.143616","829","3.14226","829","3.140912","856","3.140176","887","3.14302","861","3.140256","856","3.139592","888","3.142656","887","3.141552","888","3.142424","887","3.142392","888","3.140964","888","3.140104","861","3.142752","856","3.13748","887","3.142632","856","3.141636","888","3.142512","888","3.140788","888","3.141552","843","3.143156","872","3.141416","840","3.140308","873","3.14316","872","3.14346","879","3.140436","879","3.140072","872","3.140384","872","3.140244","872","3.142368","879","3.142336","817","3.140856","823","3.140892","823","3.141684","823","3.143552","823","3.13692","814","3.144012","835","3.142356","835","3.142628","835","3.14294","835","3.143536","835","3.143688","813","3.144816","835","3.142332","812","3.143904","835","3.141588","810","3.142992","801","3.143036","808","3.143192","824","3.13876","824","3.139136","824","3.144104","824","3.141732","824","3.138832","824","3.1433","824","3.14026","824","3.142924","796","3.139724","801","3.14356","824","3.13958","824","3.140196","824","3.14296","824","3.141152","808","3.1416456800000008","836","947"
"37","3.142504","306","3.14614","497","3.143284","522","3.141244","497","3.140244","497","3.141744","641","3.142552","497","3.140348","641","3.143752","636","3.14188","590","3.140908","491","3.14086","635","3.142508","491","3.140244","632","3.141108","562","3.1435","489","3.14428","583","3.141784","678","3.143168","654","3.141992","743","3.140208","627","3.140568","678","3.142244","654","3.142096","890","3.139688","913","3.142552","892","3.1384","913","3.140088","889","3.14184","913","3.143536","894","3.140664","913","3.145472","874","3.14132","871","3.143088","880","3.139888","880","3.1415","880","3.13934","877","3.138548","899","3.1429","898","3.144324","899","3.145104","871","3.1427","899","3.141024","870","3.141648","879","3.140852","899","3.145696","869","3.142592","868","3.14478","898","3.142204","877","3.140292","873","3.1421","899","3.143848","868","3.13904","880","3.144452","899","3.14302","879","3.143968","899","3.141668","899","3.140548","899","3.143092","870","3.141012","898","3.140952","899","3.143212","898","3.137496","878","3.14214","875","3.142516","898","3.14592","870","3.139776","877","3.144552","869","3.142244","871","3.142152","877","3.141316","898","3.141288","867","3.143212","878","3.140732","876","3.142504","880","3.14286","878","3.140004","873","3.137652","879","3.139748","872","3.139468","879","3.141804","879","3.14128","898","3.14206","877","3.139256","898","3.142748","898","3.138888","878","3.141636","898","3.14172","898","3.142256","879","3.141192","898","3.141184","875","3.14226","875","3.142592","878","3.141192","878","3.144224","878","3.142176","878","3.141872","876","3.141628","876","3.1438","898","3.140984","898","3.1418644400000004","814","932"
"38","3.143812","720","3.142244","721","3.140568","721","3.141204","721","3.143928","670","3.147072","622","3.142584","670","3.143256","721","3.139916","622","3.143452","713","3.140904","713","3.141992","713","3.144672","713","3.1407","610","3.139636","709","3.140052","729","3.142796","920","3.143716","920","3.138304","920","3.143108","781","3.141164","899","3.141572","828","3.143144","899","3.141432","917","3.142744","917","3.141168","896","3.141736","917","3.139764","917","3.14138","917","3.140964","917","3.13994","916","3.142896","917","3.142556","916","3.141668","917","3.141736","896","3.141632","917","3.14322","916","3.138984","891","3.140172","890","3.14168","890","3.142272","811","3.140928","810","3.140132","884","3.14346","884","3.143124","877","3.143356","876","3.13818","877","3.139068","878","3.139632","878","3.140924","876","3.141668","876","3.143864","876","3.1434","878","3.14402","878","3.138964","875","3.141644","879","3.13892","876","3.141","876","3.141096","877","3.143124","878","3.142732","876","3.141128","878","3.139924","878","3.14002","878","3.14014","877","3.14042","878","3.144156","878","3.140632","876","3.142248","879","3.142468","876","3.140624","878","3.141428","878","3.13868","877","3.142132","878","3.13976","878","3.139904","879","3.143132","877","3.14162","876","3.141744","877","3.140236","876","3.14216","879","3.138492","876","3.140192","876","3.142224","878","3.143816","876","3.140876","873","3.139756","871","3.141832","872","3.139592","870","3.142348","872","3.140556","872","3.141708","874","3.141584","871","3.143076","865","3.138076","863","3.144264","865","3.142044","863","3.142732","863","3.142596","863","3.140312","864","3.141536080000002","850","940"
"39","3.141432","191","3.14176","913","3.143812","685","3.14172","934","3.139904","684","3.140968","684","3.141428","685","3.141228","684","3.138612","895","3.140624","684","3.143816","933","3.141472","932","3.143232","934","3.142636","895","3.14106","927","3.143984","909","3.144388","927","3.140432","927","3.144028","927","3.140192","909","3.144192","926","3.142912","926","3.143288","927","3.142348","927","3.145164","927","3.13968","909","3.142064","926","3.14344","909","3.143644","927","3.142416","926","3.140284","926","3.143424","927","3.140604","909","3.143456","908","3.141924","927","3.142852","926","3.139296","927","3.141704","926","3.141136","910","3.14276","926","3.139116","927","3.14302","908","3.13958","909","3.141376","924","3.140736","907","3.142704","924","3.140896","924","3.139984","923","3.142176","923","3.140092","923","3.143076","923","3.140688","923","3.139688","923","3.137752","906","3.142924","923","3.141324","923","3.1415","916","3.143648","899","3.14156","901","3.141644","902","3.139988","902","3.141148","902","3.141152","902","3.140784","901","3.14084","898","3.14226","898","3.143176","880","3.139724","896","3.141264","897","3.140796","897","3.144136","897","3.143044","874","3.144512","875","3.14358","874","3.140804","875","3.142532","874","3.14198","875","3.141196","875","3.140936","875","3.143392","875","3.140868","869","3.140952","865","3.139804","865","3.140496","864","3.1403","863","3.139216","862","3.141912","861","3.144268","859","3.141764","859","3.140504","859","3.142196","858","3.142312","859","3.142176","858","3.141432","859","3.14106","859","3.14006","858","3.139848","859","3.140704","859","3.139864","859","3.143304","855","3.1416708400000015","879","953"
"40","3.14134","401","3.144116","700","3.140028","675","3.144","700","3.144044","675","3.142076","700","3.141068","722","3.140896","675","3.142252","675","3.14072","675","3.143096","675","3.142952","803","3.139412","822","3.140564","667","3.137832","667","3.141572","893","3.139464","892","3.142736","819","3.1413","839","3.143864","912","3.141828","840","3.140704","840","3.141024","912","3.141152","839","3.139968","893","3.142192","893","3.143844","893","3.142096","819","3.140408","839","3.141768","893","3.141832","892","3.137052","860","3.13886","893","3.142748","892","3.142376","819","3.13974","893","3.144744","893","3.142208","892","3.137028","839","3.141416","892","3.141664","889","3.141908","889","3.1411","857","3.1423","836","3.13924","908","3.14104","889","3.142032","885","3.14048","904","3.140508","904","3.142876","885","3.141316","885","3.145716","904","3.142272","881","3.141764","880","3.141584","880","3.14016","881","3.143784","861","3.139104","861","3.141868","861","3.140912","828","3.14428","880","3.145588","858","3.142672","858","3.142432","858","3.141312","858","3.143472","858","3.143232","858","3.139872","857","3.141284","858","3.140992","858","3.141092","857","3.139424","858","3.144272","858","3.14458","857","3.141608","858","3.144708","857","3.142432","857","3.143332","857","3.14322","857","3.1422","857","3.1418","857","3.14176","857","3.142696","857","3.142216","857","3.142196","857","3.14362","857","3.141624","857","3.1412","857","3.140176","857","3.141288","857","3.140336","857","3.140792","857","3.140284","846","3.14086","843","3.143812","843","3.139184","843","3.139692","831","3.143796","824","3.144376","824","3.143032","824","3.1417469200000006","837","926"
"41","3.142904","254","3.14372","255","3.141708","253","3.140232","476","3.141596","528","3.141652","919","3.139884","919","3.142944","957","3.140928","908","3.141928","907","3.1435","908","3.140444","907","3.140104","945","3.143476","885","3.14156","945","3.14242","908","3.13894","907","3.139936","864","3.140284","907","3.141944","907","3.138828","838","3.140624","907","3.142856","908","3.142444","945","3.138668","908","3.138596","907","3.140072","908","3.140924","907","3.144332","945","3.140136","907","3.1437","945","3.142992","908","3.1409","907","3.141748","938","3.140912","901","3.140932","938","3.141032","938","3.14374","937","3.141088","938","3.1412","900","3.145016","938","3.14032","938","3.141424","938","3.142712","920","3.1421","900","3.141848","937","3.141428","937","3.141976","937","3.143944","937","3.139968","857","3.142088","895","3.141476","896","3.141948","874","3.141468","875","3.141196","875","3.143112","875","3.1418","875","3.143144","875","3.14196","875","3.140104","875","3.140776","875","3.142056","875","3.144052","875","3.142796","874","3.142164","874","3.137852","875","3.141096","875","3.139872","874","3.1402","875","3.14036","874","3.141568","875","3.142032","875","3.142804","875","3.143524","875","3.144272","874","3.1414","874","3.14108","874","3.14072","849","3.140564","849","3.145964","848","3.143452","848","3.143956","828","3.143572","845","3.14108","845","3.140708","844","3.142772","844","3.137576","845","3.140156","853","3.144428","836","3.14232","836","3.142828","835","3.14274","836","3.142488","836","3.141752","836","3.139776","830","3.136996","830","3.142296","797","3.142256","797","3.141592","797","3.142076","797","3.14164832","858","979"
"42","3.143384","31","3.141124","932","3.14266","934","3.140196","933","3.143068","932","3.139788","933","3.142044","904","3.13856","912","3.142968","933","3.138472","933","3.143836","933","3.139708","933","3.143684","932","3.143128","904","3.141144","932","3.143844","934","3.141488","934","3.14214","932","3.141312","934","3.14204","934","3.1407","932","3.14054","934","3.142044","933","3.139028","932","3.1425","933","3.139632","934","3.140556","932","3.142972","932","3.140016","932","3.141648","932","3.139876","932","3.143752","932","3.138876","910","3.140652","934","3.142396","932","3.1418","932","3.14272","932","3.140436","932","3.142816","911","3.14466","932","3.144752","932","3.142288","932","3.141456","932","3.142108","932","3.141964","907","3.139728","932","3.144112","932","3.14076","932","3.143392","933","3.141668","934","3.14242","932","3.142368","932","3.143356","932","3.142128","932","3.140016","933","3.143528","931","3.140928","932","3.13992","933","3.142436","932","3.1447","933","3.144096","932","3.13936","932","3.140312","910","3.144904","932","3.142088","877","3.1417","932","3.139888","932","3.140928","911","3.140444","932","3.1399","931","3.138536","932","3.140588","933","3.14294","932","3.1429","903","3.138272","931","3.141444","933","3.14316","932","3.138852","932","3.144056","932","3.138748","932","3.1449","931","3.1428","910","3.141688","932","3.140956","932","3.143372","932","3.139152","931","3.142372","932","3.139436","931","3.14222","931","3.140188","902","3.143748","931","3.137964","932","3.143972","933","3.144444","933","3.140928","907","3.144324","931","3.140832","933","3.142344","932","3.141688","931","3.140948","931","3.1416762800000013","919","935"
"43","3.140516","56","3.138992","882","3.14026","565","3.140404","871","3.14526","872","3.144144","871","3.139188","871","3.140596","813","3.1409","565","3.14464","870","3.13968","486","3.14022","870","3.140352","465","3.142844","882","3.142112","870","3.140932","508","3.13986","870","3.142084","537","3.141552","813","3.14006","487","3.144176","870","3.142664","871","3.14228","871","3.142436","537","3.138184","697","3.141476","835","3.1417","872","3.140592","777","3.147316","845","3.142232","872","3.140916","841","3.143328","882","3.142004","850","3.145008","850","3.143696","849","3.13982","880","3.141148","880","3.138392","880","3.143024","874","3.139856","893","3.143096","893","3.141016","892","3.139308","874","3.141044","892","3.14214","893","3.139988","892","3.142492","868","3.141104","842","3.142136","892","3.144692","892","3.139932","892","3.142964","874","3.138352","874","3.139704","892","3.137964","892","3.141236","892","3.141812","874","3.144864","874","3.14008","813","3.141424","868","3.144012","892","3.14272","874","3.140248","839","3.139444","815","3.139648","839","3.139656","839","3.142464","839","3.14178","793","3.13796","792","3.14024","792","3.14132","793","3.140944","792","3.141996","793","3.140788","792","3.142576","754","3.139604","754","3.13918","754","3.141436","726","3.139972","753","3.13966","753","3.1412","725","3.143692","753","3.141408","753","3.141824","753","3.143452","753","3.141908","753","3.140776","754","3.140016","754","3.142876","753","3.141808","753","3.140928","754","3.141716","754","3.141568","753","3.143312","753","3.141124","753","3.146364","753","3.14204","730","3.139936","754","3.139656","730","3.143768","730","3.1414521199999994","792","963"
"44","3.144876","135","3.140776","336","3.14194","336","3.14258","335","3.1371","335","3.137476","335","3.144952","467","3.144704","720","3.144132","561","3.141232","895","3.141748","922","3.13852","895","3.143248","899","3.143012","899","3.141792","922","3.138436","895","3.137336","922","3.141608","922","3.142184","922","3.141828","899","3.141916","922","3.14292","895","3.140944","895","3.14098","922","3.140924","873","3.142468","895","3.140464","899","3.140372","895","3.14236","895","3.14016","873","3.14324","922","3.143508","922","3.138704","922","3.139664","922","3.141484","861","3.141232","895","3.141692","922","3.1409","895","3.139144","873","3.144008","922","3.139708","895","3.143132","895","3.14402","899","3.144456","895","3.137992","896","3.140648","863","3.140836","864","3.142588","864","3.140168","861","3.140212","860","3.140316","836","3.141684","860","3.142744","861","3.140608","860","3.141684","861","3.13878","861","3.14288","838","3.142544","860","3.143968","860","3.14406","860","3.143268","860","3.139736","860","3.142024","860","3.142824","860","3.142192","860","3.141276","860","3.139816","860","3.13984","858","3.141016","858","3.139956","858","3.140228","858","3.14112","858","3.141752","833","3.143456","857","3.138524","857","3.141436","858","3.143288","833","3.140212","858","3.144024","858","3.144368","857","3.14438","837","3.141388","857","3.1409","857","3.140836","858","3.144124","857","3.143216","857","3.139064","858","3.13978","858","3.140624","857","3.142596","855","3.142648","855","3.144276","855","3.138996","855","3.138192","851","3.140348","818","3.14312","837","3.139372","838","3.144692","838","3.1397","837","3.142284","838","3.14150484","830","941"
"45","3.139436","688","3.1417","541","3.143204","589","3.1435","541","3.138172","541","3.14074","914","3.143692","710","3.14064","661","3.140812","610","3.14274","610","3.14086","916","3.142788","637","3.14308","914","3.141488","586","3.143048","660","3.140856","683","3.140944","915","3.140344","905","3.141544","904","3.140284","904","3.143128","904","3.142808","904","3.14236","922","3.143288","903","3.142472","904","3.142652","902","3.141548","922","3.140528","904","3.140656","903","3.140176","903","3.142048","904","3.142688","904","3.142348","904","3.142988","902","3.141008","903","3.140648","902","3.139992","904","3.141904","922","3.142516","904","3.142468","904","3.141512","809","3.141808","901","3.14228","906","3.140932","906","3.145816","887","3.14188","906","3.143576","847","3.140588","886","3.142128","906","3.142356","887","3.144156","906","3.140768","888","3.140308","888","3.140132","848","3.140684","883","3.142504","885","3.144064","875","3.14282","894","3.14464","894","3.1444","894","3.142536","894","3.1397","894","3.14116","894","3.140948","853","3.138592","872","3.139932","872","3.144596","872","3.1416","872","3.142592","872","3.141136","872","3.138996","872","3.140088","863","3.139008","863","3.143036","863","3.141292","862","3.14228","862","3.139664","862","3.142808","862","3.140496","862","3.14376","862","3.142984","862","3.143664","862","3.143724","862","3.141408","862","3.141148","844","3.142272","845","3.143204","844","3.142828","845","3.1414","845","3.141808","844","3.144512","826","3.14222","836","3.144488","836","3.142208","836","3.143752","836","3.140948","831","3.140776","832","3.141444","811","3.140196","830","3.139664","827","3.141843160000001","844","939"
"46","3.14292","416","3.139732","635","3.143288","796","3.14314","587","3.14186","635","3.143592","634","3.139764","635","3.143356","634","3.138928","795","3.141444","634","3.141256","854","3.14076","938","3.138908","939","3.141724","938","3.137176","939","3.140192","909","3.142964","908","3.141","933","3.143564","935","3.142152","938","3.142328","934","3.143276","935","3.14282","934","3.137964","934","3.140284","935","3.141108","934","3.140248","934","3.141956","934","3.139556","934","3.139316","935","3.142392","939","3.13826","934","3.14178","939","3.141752","935","3.143064","934","3.139812","935","3.143636","941","3.139748","934","3.142932","934","3.142196","938","3.140996","937","3.138648","933","3.1414","934","3.140648","933","3.143144","931","3.141688","929","3.141488","927","3.142484","935","3.144204","934","3.138688","933","3.138416","931","3.145128","934","3.14074","933","3.139836","933","3.142396","933","3.141504","927","3.139912","931","3.142036","933","3.141328","933","3.141128","927","3.14228","927","3.14038","928","3.14258","930","3.14188","931","3.13844","928","3.14138","928","3.14296","869","3.1421","863","3.142924","859","3.143132","867","3.142292","866","3.139504","866","3.140844","858","3.142652","865","3.142288","866","3.141336","867","3.140056","866","3.139192","885","3.141532","865","3.140488","863","3.143812","863","3.13876","864","3.14118","861","3.140064","864","3.141576","863","3.13996","864","3.141196","882","3.142572","862","3.14312","863","3.143856","861","3.140372","864","3.140932","861","3.139464","864","3.140228","855","3.143284","863","3.141264","862","3.142248","882","3.140652","856","3.139772","864","3.14038","882","3.141308919999998","879","983"
"47","3.144716","599","3.138788","967","3.140412","934","3.142936","599","3.14164","715","3.143124","986","3.141796","986","3.144704","908","3.144264","986","3.142656","908","3.140436","985","3.144036","908","3.143872","967","3.140176","986","3.141524","967","3.138332","985","3.140444","908","3.143292","985","3.144316","785","3.14056","985","3.140608","908","3.141136","985","3.142816","985","3.142652","966","3.139392","986","3.142832","953","3.140976","972","3.142484","972","3.141732","972","3.143368","953","3.140124","971","3.141948","953","3.142696","972","3.143532","971","3.14234","952","3.142216","972","3.141244","947","3.140364","942","3.141208","942","3.144052","942","3.14138","942","3.140904","923","3.142736","942","3.1425","942","3.1416","942","3.139744","942","3.141284","942","3.141344","942","3.142932","942","3.144276","941","3.139856","942","3.1388","942","3.144416","942","3.141888","942","3.14308","941","3.144724","942","3.142352","941","3.141084","941","3.141636","941","3.141112","941","3.141168","942","3.140032","942","3.14082","921","3.138544","941","3.142256","941","3.142132","941","3.142472","941","3.139024","915","3.141152","915","3.140028","914","3.142292","914","3.142996","914","3.143904","915","3.141584","914","3.139684","914","3.141012","914","3.14148","914","3.137972","914","3.140132","915","3.140896","915","3.143308","914","3.138496","915","3.141128","915","3.138588","915","3.140416","914","3.142432","915","3.141424","914","3.14442","914","3.142668","914","3.142084","914","3.139748","913","3.141336","914","3.145672","914","3.1439","913","3.139748","914","3.140844","914","3.141856","914","3.141772","914","3.140088","913","3.143084","913","3.14169984","928","988"
"48","3.141268","757","3.140312","563","3.142888","754","3.14142","754","3.141604","908","3.139992","908","3.142752","995","3.141456","947","3.141264","908","3.142256","947","3.143468","947","3.140524","908","3.143272","947","3.142516","863","3.139528","946","3.140388","907","3.143532","886","3.14174","946","3.13842","946","3.142948","886","3.141684","946","3.139096","886","3.143304","965","3.139576","965","3.144536","907","3.140472","908","3.1421","947","3.139808","965","3.14364","946","3.143232","908","3.141992","946","3.141396","907","3.145012","908","3.1447","907","3.14008","908","3.141492","907","3.143856","907","3.142336","908","3.139376","908","3.142488","946","3.14258","947","3.142684","885","3.142108","946","3.14272","907","3.140816","907","3.1432","947","3.14192","946","3.13994","946","3.139988","922","3.140788","923","3.140572","924","3.139952","923","3.143364","924","3.143208","923","3.140548","906","3.14032","906","3.141964","923","3.141132","906","3.14222","924","3.143176","954","3.140436","906","3.143672","906","3.143732","954","3.14094","923","3.14306","906","3.144528","923","3.142284","922","3.139196","923","3.140556","954","3.14032","923","3.14308","905","3.1426","906","3.139256","906","3.140912","841","3.141588","857","3.141916","868","3.140404","868","3.14184","867","3.142572","867","3.142708","867","3.140116","867","3.142904","867","3.142644","867","3.139708","867","3.142648","868","3.14462","868","3.141372","867","3.14248","867","3.141464","838","3.139924","867","3.14196","868","3.143408","867","3.13964","868","3.140328","837","3.142816","867","3.140336","867","3.141932","867","3.143204","867","3.146072","867","3.13932","867","3.141774199999999","898","999"
"49","3.13826","305","3.142768","562","3.140384","562","3.140328","513","3.14016","537","3.140856","587","3.140924","561","3.142516","538","3.140432","562","3.141116","562","3.142016","579","3.138336","763","3.142744","920","3.141244","920","3.142532","895","3.14324","916","3.136164","920","3.144648","915","3.142056","920","3.140704","920","3.144548","916","3.141212","920","3.141888","915","3.142344","915","3.144","916","3.141712","920","3.144372","916","3.141684","920","3.142184","920","3.139832","914","3.142456","915","3.143092","892","3.140224","886","3.140252","886","3.142324","888","3.13978","892","3.144136","888","3.140192","887","3.1434","892","3.141836","886","3.139216","883","3.141644","883","3.13862","879","3.142272","883","3.14402","872","3.14314","873","3.143336","872","3.143752","866","3.142824","872","3.13996","866","3.145568","872","3.143188","872","3.138956","872","3.140524","864","3.143808","838","3.142044","867","3.141048","832","3.139884","860","3.140604","861","3.141072","863","3.142008","858","3.1457","864","3.14312","864","3.141272","864","3.14366","861","3.14058","861","3.14078","861","3.143704","861","3.141448","864","3.14178","861","3.1416","861","3.140056","848","3.141452","849","3.140348","845","3.141052","845","3.1387","840","3.142272","841","3.14106","840","3.142268","837","3.142812","840","3.141384","840","3.140636","840","3.141188","840","3.1424","840","3.142204","840","3.141152","834","3.142164","840","3.140768","828","3.139992","828","3.141876","827","3.139176","827","3.144296","825","3.14206","814","3.142308","821","3.140836","821","3.137444","821","3.141324","821","3.14132","821","3.140832","815","3.139816","821","3.1415722400000003","830","937"
"50","3.143404","454","3.141844","535","3.141348","958","3.143832","940","3.139736","855","3.142572","855","3.144236","958","3.144052","910","3.141076","909","3.142264","909","3.143408","909","3.141812","909","3.138656","909","3.137764","902","3.1413","902","3.13934","902","3.144164","902","3.14034","902","3.144524","897","3.141592","897","3.141184","897","3.139356","897","3.140028","894","3.140684","894","3.141276","876","3.144128","894","3.139448","894","3.141688","894","3.142376","890","3.139856","914","3.14312","915","3.143456","890","3.142672","872","3.143624","914","3.140156","915","3.142068","915","3.139124","890","3.140924","890","3.14334","891","3.142012","890","3.142972","891","3.143836","890","3.141808","915","3.141424","891","3.145464","891","3.142052","915","3.137888","890","3.145584","885","3.140428","884","3.143364","885","3.13848","909","3.140136","885","3.141772","909","3.145512","909","3.141428","885","3.140572","884","3.141784","884","3.140948","884","3.13852","885","3.139424","905","3.141828","881","3.146032","881","3.139568","905","3.141336","905","3.14316","881","3.142644","905","3.143356","904","3.141388","862","3.138576","878","3.143884","868","3.143948","888","3.143252","868","3.139128","888","3.14278","888","3.143336","888","3.14292","888","3.143556","888","3.144236","869","3.14336","888","3.141948","882","3.139368","880","3.142116","882","3.140744","878","3.142304","813","3.140504","813","3.14112","813","3.139132","813","3.142424","813","3.141532","813","3.140308","813","3.14118","813","3.142124","813","3.143056","813","3.138844","812","3.141872","790","3.1416","790","3.142608","790","3.13896","790","3.142056","790","3.141552","790","3.1417482000000003","871","962"
"51","3.144328","361","3.141852","361","3.141072","361","3.140964","360","3.143772","461","3.140392","361","3.141816","618","3.140608","613","3.140488","612","3.143916","591","3.143616","569","3.143144","612","3.143092","613","3.143896","613","3.14256","612","3.14248","569","3.142024","633","3.140472","611","3.14036","591","3.139892","591","3.140824","569","3.143764","591","3.144352","870","3.142176","698","3.142088","870","3.142272","852","3.140124","852","3.142608","870","3.13908","870","3.142016","869","3.143052","852","3.13926","851","3.140836","848","3.13942","866","3.141772","866","3.142984","866","3.143948","866","3.143232","849","3.142652","849","3.140376","866","3.142044","848","3.141552","842","3.140716","842","3.139952","797","3.142768","842","3.14308","860","3.146408","860","3.142876","842","3.143292","860","3.141608","860","3.140864","860","3.135792","860","3.141548","860","3.139268","860","3.141228","842","3.142836","860","3.14328","860","3.142892","860","3.141264","842","3.142548","842","3.143008","816","3.141876","793","3.142504","792","3.142784","790","3.141504","807","3.140944","789","3.140208","806","3.138932","807","3.14112","806","3.140912","786","3.142744","801","3.140344","803","3.14254","802","3.143108","802","3.142356","802","3.140396","802","3.14104","802","3.13892","802","3.141532","802","3.14118","801","3.143072","800","3.141668","800","3.1422","801","3.14352","800","3.14014","800","3.13852","801","3.140144","800","3.14238","800","3.142112","800","3.138848","801","3.146288","800","3.141408","800","3.139704","800","3.141448","799","3.141244","801","3.140476","782","3.138948","800","3.140828","800","3.142644","781","3.140516","800","3.141674560000001","761","910"
"52","3.142652","373","3.142136","442","3.140892","442","3.1367","897","3.142904","894","3.144316","894","3.143","895","3.144624","895","3.14004","895","3.141144","895","3.140736","892","3.139808","895","3.142288","892","3.1411","893","3.141828","893","3.141284","892","3.141196","892","3.1392","894","3.139628","892","3.142348","892","3.139388","892","3.14264","894","3.141376","891","3.139404","894","3.14182","895","3.142828","917","3.145324","893","3.1428","893","3.141684","894","3.139444","895","3.14254","893","3.143364","894","3.140388","892","3.14036","898","3.140644","893","3.142732","866","3.140164","894","3.141004","892","3.140388","894","3.141516","895","3.1447","898","3.139568","894","3.141292","893","3.140312","893","3.141836","893","3.14158","895","3.14054","894","3.142916","895","3.141196","892","3.139572","891","3.143024","894","3.14168","898","3.140928","893","3.143248","894","3.141612","895","3.140392","894","3.139268","893","3.14052","893","3.141132","895","3.141364","895","3.143596","892","3.144712","917","3.143216","917","3.141236","893","3.140348","894","3.141584","892","3.143012","894","3.140304","891","3.141316","894","3.143332","892","3.13932","894","3.141256","892","3.140824","894","3.143404","893","3.140472","894","3.140688","891","3.141776","894","3.142212","895","3.140088","892","3.141364","893","3.140316","894","3.140716","894","3.141288","892","3.142352","894","3.141604","894","3.14324","894","3.139752","895","3.14042","890","3.143176","916","3.141076","894","3.139732","894","3.140384","917","3.1441","890","3.142664","859","3.139824","917","3.141508","916","3.140692","892","3.142092","893","3.141108","891","3.144184","893","3.141485999999998","880","921"
"53","3.141848","812","3.143472","668","3.145124","789","3.141672","812","3.14448","854","3.143344","812","3.1422","812","3.13696","737","3.143184","894","3.138188","811","3.141884","811","3.141764","804","3.142376","801","3.142496","902","3.1424","920","3.143744","901","3.137952","920","3.141576","882","3.14236","920","3.143812","919","3.142292","901","3.141284","919","3.141892","919","3.143484","882","3.140312","882","3.139732","863","3.140516","883","3.144128","882","3.13974","882","3.141652","901","3.142428","901","3.143464","901","3.140404","920","3.13784","901","3.140676","882","3.144284","939","3.14152","898","3.139936","916","3.14318","917","3.14408","917","3.14156","898","3.141924","916","3.139088","916","3.142836","916","3.141024","912","3.14028","916","3.1422","934","3.142344","912","3.14058","912","3.140324","914","3.143592","912","3.14048","912","3.14158","916","3.141248","934","3.141952","913","3.1417","934","3.140748","912","3.143812","934","3.1392","912","3.143516","916","3.142728","893","3.142088","934","3.142676","934","3.141572","934","3.139388","934","3.142256","912","3.142476","934","3.141652","912","3.13756","933","3.14052","933","3.145128","893","3.141272","916","3.138996","912","3.14162","925","3.140048","906","3.139944","925","3.13786","903","3.142692","879","3.141972","859","3.138948","879","3.141408","875","3.144136","864","3.141956","864","3.143072","864","3.14396","863","3.140908","864","3.142632","860","3.141824","850","3.140956","850","3.14346","850","3.14332","850","3.13968","850","3.140872","850","3.14234","850","3.140944","848","3.138828","848","3.14284","848","3.143336","848","3.140684","848","3.139692","848","3.141619119999999","884","955"
"54","3.14228","131","3.142704","360","3.141848","360","3.138428","360","3.141916","360","3.14198","451","3.144112","451","3.140316","430","3.1386","451","3.138196","430","3.141876","451","3.142904","451","3.139608","451","3.14276","430","3.144952","417","3.141956","497","3.142604","413","3.140544","670","3.14056","703","3.140756","493","3.141456","641","3.140548","642","3.144196","700","3.140296","665","3.140464","636","3.137848","638","3.142192","700","3.14308","665","3.14118","665","3.141212","700","3.140228","665","3.139796","700","3.141764","665","3.141192","665","3.141304","665","3.144952","641","3.140712","700","3.141444","714","3.143932","831","3.140904","859","3.13928","673","3.143224","794","3.140608","794","3.141408","713","3.142224","848","3.142316","848","3.142844","848","3.143116","848","3.139156","848","3.141076","848","3.13906","848","3.141012","848","3.138568","848","3.141696","848","3.142584","849","3.1415","824","3.143428","848","3.141288","848","3.144632","848","3.143348","848","3.143328","824","3.142948","798","3.142496","798","3.144008","798","3.141732","798","3.144","798","3.142844","798","3.139992","798","3.143664","799","3.144136","791","3.139836","791","3.141792","780","3.142012","779","3.1434","780","3.142544","760","3.14186","779","3.143824","780","3.142432","780","3.143696","779","3.14064","776","3.144956","771","3.138024","771","3.140424","766","3.141664","765","3.144324","765","3.14224","765","3.141092","765","3.1388","766","3.1427","765","3.14168","766","3.138744","765","3.13956","765","3.14174","765","3.141284","765","3.141024","765","3.144612","766","3.141092","766","3.142372","766","3.14056","752","3.139628","752","3.141676720000001","701","933"
"55","3.142028","903","3.139976","903","3.14164","903","3.14284","904","3.139948","904","3.141148","902","3.13876","903","3.141772","901","3.139512","903","3.143148","903","3.140748","903","3.14192","903","3.144644","903","3.1412","902","3.142872","904","3.14392","903","3.14324","903","3.142316","902","3.140664","903","3.143184","902","3.141916","903","3.14158","902","3.141624","902","3.140776","903","3.142264","901","3.140184","903","3.142768","902","3.141616","903","3.142984","903","3.1429","877","3.138484","903","3.142424","904","3.142164","903","3.140848","902","3.140968","903","3.14206","903","3.141024","903","3.141712","875","3.141156","902","3.14028","903","3.14282","902","3.143016","903","3.142176","877","3.139216","903","3.141996","903","3.13936","902","3.144496","901","3.138444","901","3.141272","902","3.139904","903","3.143836","903","3.1431","902","3.141784","903","3.141504","902","3.142964","903","3.143108","902","3.139588","903","3.142548","903","3.13908","901","3.142508","903","3.142284","901","3.141428","902","3.139572","903","3.141964","902","3.140524","903","3.140888","903","3.142456","902","3.142436","902","3.144336","902","3.14156","903","3.141968","902","3.140504","902","3.143212","903","3.141764","903","3.138864","874","3.142512","844","3.141604","903","3.142704","902","3.14088","878","3.140768","903","3.141884","902","3.140572","903","3.139416","902","3.14274","903","3.139236","903","3.141676","902","3.140844","903","3.1406","879","3.140176","902","3.140552","903","3.141728","902","3.13814","902","3.142912","901","3.139376","901","3.141976","902","3.1417","902","3.141156","903","3.139244","901","3.140256","902","3.1401","903","3.1414444400000026","900","904"
"56","3.141152","678","3.140424","749","3.141356","906","3.14114","723","3.142936","799","3.14246","906","3.140848","797","3.140784","906","3.140756","821","3.138584","773","3.141864","906","3.143024","906","3.139276","906","3.140816","772","3.14274","772","3.139528","773","3.14028","906","3.141628","748","3.14058","905","3.141388","905","3.141324","795","3.142264","905","3.141744","905","3.1413","798","3.140024","771","3.140872","890","3.141236","809","3.144132","891","3.14134","891","3.142036","812","3.138996","806","3.141556","891","3.14404","891","3.140356","891","3.139188","834","3.138752","891","3.141284","878","3.14104","877","3.143208","819","3.142976","866","3.142548","866","3.139608","859","3.142616","859","3.141232","831","3.14294","859","3.140556","859","3.138796","831","3.138568","859","3.140168","831","3.139636","831","3.141628","859","3.141816","859","3.141804","862","3.142788","859","3.142244","859","3.143568","860","3.14162","859","3.14108","859","3.141556","859","3.142496","862","3.140988","859","3.139708","856","3.14044","853","3.14124","845","3.14144","849","3.142148","843","3.143024","847","3.142556","846","3.14242","846","3.139408","846","3.14126","846","3.142484","846","3.13996","842","3.144328","846","3.142588","846","3.140724","846","3.140844","842","3.141512","840","3.139136","843","3.142228","844","3.138564","842","3.138916","843","3.142836","843","3.141108","832","3.14116","831","3.142652","823","3.142488","822","3.143504","823","3.141384","823","3.141408","822","3.143632","823","3.140552","823","3.142096","823","3.14458","823","3.138868","823","3.14166","823","3.140172","823","3.139868","821","3.141528","823","3.142484","819","3.141343960000001","842","912"
"57","3.141696","18","3.137428","218","3.142436","219","3.143352","219","3.138088","219","3.142396","485","3.14254","472","3.143416","473","3.13868","472","3.144336","470","3.140492","469","3.143432","469","3.14278","679","3.143936","679","3.145564","468","3.140644","671","3.142212","719","3.140344","915","3.139664","915","3.14128","915","3.141192","915","3.140052","916","3.142136","915","3.140196","915","3.141824","915","3.1414","915","3.14086","848","3.141576","915","3.140064","915","3.141732","858","3.140732","805","3.143336","915","3.1409","915","3.141224","915","3.139828","915","3.142564","915","3.14204","915","3.14148","914","3.142608","914","3.14188","915","3.141072","915","3.142348","915","3.138448","848","3.143484","915","3.140256","822","3.141544","912","3.140916","913","3.13934","874","3.141748","896","3.14338","895","3.141636","895","3.14182","896","3.14012","896","3.14236","896","3.141556","896","3.138672","894","3.14426","896","3.142368","895","3.143568","894","3.140232","896","3.14254","893","3.143972","895","3.142452","894","3.141784","893","3.142356","893","3.141668","892","3.143076","894","3.145232","894","3.142912","892","3.140576","894","3.141444","893","3.14094","873","3.142196","892","3.143336","894","3.139896","894","3.141856","891","3.143724","892","3.142068","894","3.140144","893","3.143836","894","3.143092","894","3.14292","894","3.139464","894","3.14232","894","3.142776","892","3.142132","893","3.142332","894","3.143404","892","3.142024","894","3.143628","892","3.14424","894","3.142084","894","3.140784","893","3.13982","894","3.143064","892","3.139796","894","3.144644","892","3.139384","894","3.140672","892","3.139524","892","3.1417558","817","963"
"58","3.139736","196","3.142116","522","3.139676","469","3.139908","442","3.13838","547","3.14082","521","3.142288","469","3.139436","442","3.140332","442","3.140052","442","3.13976","442","3.139732","442","3.142008","886","3.14086","881","3.140924","888","3.141984","888","3.141012","886","3.140636","738","3.140368","888","3.138412","886","3.140528","886","3.141072","861","3.141152","884","3.141056","877","3.139232","884","3.139252","876","3.141816","881","3.141228","884","3.142764","883","3.140288","885","3.1372","883","3.142784","877","3.139484","884","3.13962","884","3.140072","885","3.145128","881","3.14046","885","3.14182","884","3.142524","885","3.141848","876","3.142352","881","3.142496","884","3.142884","883","3.141236","883","3.140052","885","3.140308","817","3.140448","880","3.140272","883","3.143428","876","3.137888","856","3.143244","854","3.140428","849","3.138732","875","3.140692","849","3.140108","856","3.14058","875","3.140756","856","3.141668","853","3.141868","872","3.144024","853","3.140632","872","3.138784","872","3.141352","872","3.140596","872","3.1414","848","3.139528","872","3.139396","872","3.142084","872","3.13852","872","3.14226","872","3.142556","872","3.1462","848","3.139164","872","3.143736","852","3.139724","872","3.142464","872","3.14206","872","3.138916","872","3.1451","872","3.13896","852","3.142676","872","3.138824","872","3.143532","872","3.142828","851","3.1412","851","3.144568","871","3.141624","872","3.143032","848","3.14206","872","3.140188","872","3.140808","872","3.142976","853","3.144512","872","3.138896","872","3.142908","852","3.141664","871","3.142532","872","3.14072","871","3.140688","872","3.14322","872","3.1411412000000003","819","926"
"59","3.140696","590","3.143696","728","3.142152","822","3.143192","821","3.141076","561","3.1426","728","3.142012","821","3.141428","912","3.142","933","3.139068","933","3.139648","933","3.141872","912","3.141888","933","3.143444","912","3.144764","912","3.14218","912","3.14358","933","3.140968","933","3.143996","933","3.140976","933","3.14048","912","3.140208","933","3.140576","929","3.14362","929","3.13796","907","3.143608","929","3.144648","929","3.13996","929","3.144784","908","3.140872","929","3.142092","929","3.13958","929","3.140956","929","3.139544","929","3.140016","929","3.14018","929","3.141708","908","3.14046","929","3.139176","929","3.142584","929","3.140576","929","3.14428","929","3.140748","929","3.138984","929","3.141128","929","3.138884","929","3.138624","908","3.139708","903","3.143064","903","3.141092","903","3.142672","919","3.140676","919","3.140688","903","3.142724","919","3.14008","903","3.141328","919","3.142416","903","3.140844","919","3.138956","903","3.14084","903","3.139624","903","3.142632","903","3.143896","903","3.141356","903","3.143148","903","3.139812","902","3.143504","919","3.141288","919","3.140584","919","3.143512","903","3.14282","903","3.141664","919","3.139468","919","3.141264","919","3.141148","919","3.142492","919","3.14412","903","3.140516","919","3.143264","903","3.139464","903","3.141364","919","3.141572","903","3.142884","903","3.142204","902","3.143024","903","3.141656","919","3.14116","919","3.1415","919","3.145152","919","3.142372","919","3.141448","903","3.13988","919","3.143556","903","3.1395","903","3.141808","893","3.139936","908","3.143224","909","3.139676","908","3.14104","892","3.143148","909","3.1415424000000005","902","955"
"60","3.144652","445","3.142244","446","3.139648","445","3.143096","864","3.140088","906","3.143292","863","3.141144","886","3.140632","906","3.14112","863","3.142476","838","3.141268","886","3.144644","906","3.1416","906","3.14384","885","3.143116","906","3.141836","864","3.141148","928","3.141876","864","3.1407","886","3.143044","885","3.141612","886","3.14176","886","3.142816","863","3.143848","928","3.142092","906","3.141392","863","3.14326","886","3.140796","906","3.140828","886","3.142756","906","3.13984","885","3.141176","886","3.14234","863","3.1408","886","3.14208","906","3.143008","906","3.144072","863","3.140952","886","3.142668","863","3.141484","885","3.14168","885","3.141808","906","3.143072","863","3.143896","929","3.143848","886","3.140464","906","3.14366","884","3.143012","886","3.14088","886","3.142476","886","3.140936","863","3.141488","876","3.139768","899","3.143344","896","3.140076","903","3.141624","897","3.140752","876","3.142204","897","3.142176","894","3.14372","896","3.144644","875","3.141816","898","3.141052","897","3.142752","896","3.140616","897","3.140376","893","3.142048","886","3.14258","877","3.139584","884","3.14092","884","3.142496","883","3.144384","883","3.142024","880","3.1422","877","3.13944","883","3.139796","883","3.141572","875","3.141236","874","3.141244","878","3.142208","882","3.140956","876","3.140792","877","3.142472","883","3.140076","883","3.142908","876","3.141616","882","3.142652","817","3.140376","816","3.141312","817","3.140904","814","3.141236","816","3.143236","816","3.141884","812","3.141016","815","3.141284","815","3.143232","812","3.142424","816","3.141084","814","3.140468","815","3.140152","815","3.1418499599999996","863","937"
"61","3.140684","596","3.141992","548","3.140428","546","3.142232","546","3.143528","570","3.141244","546","3.143472","545","3.1441","546","3.143188","925","3.143216","893","3.14066","925","3.140488","925","3.141164","894","3.141608","891","3.142484","657","3.141332","903","3.141276","885","3.14116","895","3.142036","915","3.143152","916","3.146052","915","3.14104","915","3.140084","893","3.143288","915","3.138736","915","3.141828","893","3.136524","885","3.143312","908","3.144152","908","3.140468","877","3.141712","907","3.144052","907","3.140224","908","3.140236","877","3.143388","904","3.141172","905","3.145316","903","3.144188","904","3.14156","904","3.141364","904","3.143796","904","3.1411","865","3.13986","904","3.143036","905","3.140964","904","3.143848","904","3.137216","904","3.139728","905","3.140724","904","3.145408","904","3.143632","903","3.14174","904","3.13932","903","3.141136","905","3.13964","903","3.143284","904","3.139484","904","3.142348","905","3.141488","904","3.142188","904","3.141536","904","3.139572","905","3.142008","904","3.14276","904","3.139688","904","3.14178","903","3.141304","904","3.141116","904","3.141592","903","3.142784","904","3.138828","904","3.142768","904","3.141192","902","3.142232","904","3.142848","904","3.141628","904","3.142196","904","3.142688","903","3.140312","904","3.144292","904","3.143164","904","3.143784","903","3.141088","900","3.143972","901","3.141136","901","3.142836","901","3.140024","901","3.141736","900","3.143448","901","3.1442","901","3.145616","901","3.141128","902","3.141568","901","3.140396","900","3.139408","895","3.139416","894","3.143852","893","3.143032","891","3.14302","891","3.140696","892","3.141847239999999","872","934"
"62","3.143668","958","3.140144","957","3.144372","957","3.141692","957","3.142844","889","3.14306","933","3.14268","933","3.141812","957","3.142648","939","3.142064","957","3.1403","939","3.141072","957","3.14054","957","3.142304","957","3.140196","953","3.140844","886","3.140564","953","3.140996","953","3.143052","953","3.141","953","3.140592","935","3.14104","953","3.142396","953","3.139824","953","3.139496","884","3.139588","953","3.140556","929","3.142924","934","3.14252","953","3.14276","892","3.143208","886","3.1418","953","3.141248","953","3.140976","953","3.143516","953","3.139912","930","3.142672","927","3.139476","927","3.141184","952","3.139864","952","3.140232","952","3.144024","952","3.139936","933","3.141536","926","3.140172","949","3.140832","950","3.138756","926","3.140976","949","3.13962","919","3.140524","881","3.142852","919","3.14214","919","3.14228","949","3.144492","925","3.140688","950","3.142648","930","3.140408","949","3.142112","921","3.141228","949","3.137328","950","3.1427","949","3.140128","949","3.140232","925","3.143936","925","3.143124","900","3.139064","924","3.141868","924","3.13908","925","3.141888","906","3.142288","925","3.142252","925","3.142708","911","3.141196","905","3.143452","904","3.141024","880","3.141068","904","3.14288","905","3.14308","904","3.141008","905","3.140508","880","3.14132","904","3.14124","905","3.142948","904","3.143484","905","3.143692","885","3.141772","904","3.142724","885","3.140292","905","3.13912","880","3.142852","904","3.14498","904","3.14384","905","3.144964","904","3.142016","904","3.142604","904","3.141136","881","3.142632","869","3.141356","869","3.140496","869","3.139004","869","3.14160144","924","959"
"63","3.140992","344","3.142568","908","3.13954","911","3.138576","909","3.14266","909","3.140208","905","3.144048","1073","3.1425","1083","3.142776","1103","3.143272","1102","3.142932","1075","3.139716","1007","3.143448","1083","3.14356","1102","3.143084","1073","3.140568","1082","3.14124","1102","3.142156","1083","3.13986","1007","3.140984","1102","3.143912","1007","3.143328","1102","3.140312","1102","3.139988","1076","3.141984","1041","3.143292","1071","3.142492","1071","3.14312","1076","3.143756","1102","3.143652","1072","3.143696","1072","3.144796","1072","3.13952","1083","3.140004","1075","3.144052","1071","3.141708","1102","3.140616","1083","3.142048","1083","3.140528","1082","3.142432","1101","3.13926","1101","3.141512","1041","3.141176","1101","3.145316","1101","3.138736","1047","3.14064","1101","3.14198","1091","3.141008","1091","3.1395","1091","3.140424","1092","3.141904","1091","3.14056","1091","3.14312","1091","3.139436","1091","3.140148","1092","3.139516","1060","3.142176","1092","3.141732","1059","3.142668","1091","3.138684","1091","3.141432","1091","3.141724","1084","3.138972","1084","3.144216","1064","3.141888","1084","3.138076","1084","3.137876","1058","3.141164","1084","3.14144","1045","3.143592","1045","3.138804","1045","3.141452","1045","3.14398","1045","3.140972","1045","3.142096","1045","3.144272","1045","3.140768","1045","3.143892","1045","3.141824","1045","3.143524","1045","3.143788","1045","3.138376","1044","3.138088","1045","3.141884","1045","3.139068","1041","3.138488","1041","3.142392","1041","3.13976","1041","3.145252","1041","3.140412","1041","3.142932","1041","3.138952","1041","3.141952","1041","3.142336","1041","3.141944","1041","3.143348","1041","3.14072","1041","3.143616","1041","3.141436","1041","3.14226","1041","3.141583880000001","1052","1106"
"64","3.14014","73","3.138888","110","3.144896","167","3.14196","145","3.146068","900","3.143016","902","3.142552","902","3.14274","900","3.144008","876","3.140208","901","3.141864","905","3.141656","900","3.140308","902","3.141584","902","3.14062","902","3.14096","901","3.140056","901","3.139916","902","3.141232","899","3.142948","901","3.14006","902","3.140104","900","3.142784","899","3.14016","902","3.140896","903","3.141028","879","3.143852","871","3.141","900","3.143236","879","3.142252","901","3.139904","905","3.141436","901","3.1395","903","3.14028","905","3.1413","901","3.14244","900","3.140872","900","3.141696","901","3.141168","900","3.141744","901","3.138952","901","3.141612","903","3.13942","905","3.140192","901","3.144496","903","3.142424","900","3.14142","899","3.142836","900","3.145384","903","3.141772","903","3.139552","900","3.140884","899","3.139848","902","3.140984","901","3.144132","900","3.142484","902","3.14058","905","3.142904","901","3.143776","902","3.141152","905","3.138648","900","3.14048","905","3.14172","905","3.142564","902","3.139792","878","3.143292","900","3.140056","901","3.13842","901","3.142008","905","3.140536","901","3.140824","869","3.143056","901","3.13986","900","3.138852","902","3.140992","875","3.139912","900","3.141892","900","3.144312","900","3.144356","901","3.144104","870","3.140788","902","3.139956","765","3.142192","764","3.141344","769","3.14204","768","3.142288","764","3.141788","768","3.143612","768","3.142144","763","3.141804","768","3.138592","768","3.141176","768","3.140828","765","3.141964","768","3.139088","764","3.141384","763","3.139204","768","3.142432","764","3.140976","762","3.144848","768","3.1415026000000013","842","911"
"65","3.139872","253","3.141588","297","3.14298","606","3.139284","559","3.141004","489","3.138308","559","3.140736","559","3.139548","415","3.1396","536","3.140292","489","3.14442","604","3.142456","542","3.140532","542","3.141764","542","3.140516","817","3.140468","874","3.142592","900","3.139008","882","3.1435","900","3.143508","900","3.14236","900","3.141424","881","3.142128","899","3.1405","882","3.141888","900","3.138376","874","3.141692","900","3.143368","899","3.143524","869","3.144336","874","3.141484","900","3.140428","881","3.141176","837","3.142364","899","3.141692","900","3.141512","899","3.142068","899","3.141644","870","3.137248","899","3.140604","873","3.141064","900","3.143452","900","3.142764","900","3.141172","842","3.141156","896","3.141852","897","3.141236","877","3.140832","878","3.143284","897","3.140596","896","3.1392","896","3.140968","867","3.142864","897","3.14232","897","3.142384","879","3.141896","864","3.142112","890","3.139532","871","3.139168","890","3.140772","891","3.1434","891","3.141084","891","3.143488","871","3.140084","872","3.142944","827","3.143296","831","3.14418","849","3.14108","849","3.140944","833","3.139544","815","3.140904","824","3.142952","806","3.142792","824","3.140008","789","3.140108","814","3.14152","814","3.139916","814","3.143764","814","3.140836","814","3.139736","807","3.141912","808","3.140848","808","3.142176","807","3.140652","807","3.142172","808","3.139968","807","3.140572","808","3.142608","790","3.145412","808","3.141772","807","3.138264","808","3.141176","808","3.14186","807","3.141368","807","3.139864","807","3.14276","807","3.143592","807","3.142532","808","3.144268","808","3.142016","806","3.14148788","805","922"
"66","3.142812","889","3.138372","890","3.141856","889","3.14132","890","3.143956","889","3.140824","890","3.141696","868","3.141408","889","3.139808","868","3.140604","860","3.143556","890","3.143884","889","3.137788","863","3.142572","863","3.140964","890","3.14186","889","3.143544","889","3.141736","889","3.142896","866","3.143008","889","3.142696","890","3.140136","867","3.142044","869","3.141868","868","3.141372","889","3.142836","889","3.139784","869","3.142024","889","3.139672","862","3.142472","870","3.143756","864","3.144212","869","3.141604","889","3.142944","866","3.139084","867","3.140288","888","3.143012","889","3.140392","868","3.140368","889","3.142664","890","3.14006","889","3.1412","889","3.142416","889","3.139232","889","3.141852","889","3.13948","889","3.14168","866","3.140308","889","3.1383","889","3.142232","889","3.14058","865","3.142356","865","3.143064","889","3.140696","889","3.140832","888","3.14068","888","3.138684","837","3.141712","889","3.141476","867","3.142396","889","3.138988","889","3.138708","869","3.141088","888","3.1417","856","3.14254","889","3.142332","889","3.144484","888","3.142776","889","3.143592","889","3.141816","864","3.13902","864","3.141292","866","3.142812","889","3.139436","889","3.141864","856","3.141264","869","3.140828","888","3.142868","863","3.14316","889","3.141496","888","3.144068","889","3.141808","888","3.14388","868","3.139932","857","3.142276","888","3.139688","865","3.14224","867","3.139668","888","3.141052","888","3.141432","889","3.143176","889","3.142056","889","3.1427","869","3.13866","889","3.140884","864","3.141348","889","3.14038","888","3.140304","888","3.141568","869","3.142848","888","3.1414896","879","890"
"67","3.140704","83","3.141984","334","3.142052","381","3.141476","480","3.142932","711","3.143468","678","3.143796","711","3.141384","398","3.141248","375","3.141992","678","3.144652","472","3.140388","677","3.142728","472","3.142068","677","3.142308","670","3.143352","670","3.139912","627","3.141444","627","3.140484","652","3.138108","653","3.141228","626","3.141156","652","3.140856","626","3.142604","652","3.14292","644","3.144176","643","3.142028","644","3.142608","643","3.143516","640","3.140892","698","3.141944","640","3.142084","698","3.139604","840","3.144124","839","3.13924","777","3.14228","841","3.141112","840","3.141388","841","3.138952","808","3.143368","806","3.143692","814","3.144016","842","3.142076","841","3.143136","814","3.139036","841","3.141152","806","3.140852","841","3.140336","807","3.143932","806","3.141904","840","3.141852","837","3.142932","836","3.143584","836","3.144044","838","3.143336","832","3.142724","809","3.13894","836","3.140312","806","3.140612","836","3.142844","804","3.141052","806","3.143004","806","3.142512","809","3.14182","800","3.140724","802","3.142432","796","3.139388","796","3.14438","792","3.141568","795","3.141876","799","3.138964","798","3.144656","798","3.142804","797","3.139796","797","3.141648","799","3.141552","796","3.142512","797","3.141768","797","3.1381","793","3.140508","798","3.141456","788","3.138532","786","3.140076","791","3.143236","791","3.143016","787","3.14152","791","3.144468","789","3.14394","789","3.141748","791","3.141368","788","3.140584","792","3.140004","792","3.143472","774","3.145208","770","3.140524","771","3.144828","769","3.139636","769","3.14546","768","3.142036","771","3.142964","771","3.1418901200000016","735","895"
"68","3.141368","258","3.142708","551","3.136048","551","3.138712","526","3.13958","908","3.1423","873","3.141924","908","3.14206","908","3.139764","908","3.143268","908","3.143296","908","3.1394","908","3.139396","886","3.139468","908","3.14202","908","3.14274","908","3.14092","908","3.145388","908","3.1421","908","3.144116","907","3.140564","880","3.1425","889","3.13926","908","3.141712","908","3.140536","908","3.141924","883","3.139832","908","3.145056","887","3.140528","879","3.142104","908","3.1413","907","3.140044","908","3.144416","908","3.139656","885","3.142384","908","3.143528","883","3.140724","874","3.140076","907","3.143776","907","3.139992","908","3.143536","881","3.143212","907","3.140232","880","3.141936","907","3.140832","878","3.140944","874","3.139956","888","3.143208","887","3.142652","907","3.144392","907","3.140916","888","3.142792","907","3.142376","907","3.141836","907","3.142316","907","3.138736","907","3.13886","885","3.13946","907","3.140836","907","3.142628","886","3.140472","907","3.141236","907","3.144248","888","3.144244","907","3.14018","907","3.139988","907","3.139132","888","3.141276","907","3.142668","884","3.1382","880","3.14454","907","3.14384","886","3.141668","907","3.139064","907","3.142468","907","3.143508","907","3.141764","907","3.14274","907","3.14072","907","3.141328","873","3.140928","881","3.139416","874","3.141528","887","3.140944","881","3.14286","907","3.144","907","3.142588","907","3.14188","907","3.139424","886","3.141176","907","3.13994","907","3.139244","888","3.140212","907","3.142776","907","3.140328","876","3.141392","907","3.142368","906","3.139416","884","3.14038","907","3.137104","887","3.14139332","881","912"
"69","3.143424","369","3.141028","815","3.141872","792","3.142444","816","3.141272","792","3.137136","956","3.14256","816","3.140984","956","3.138564","791","3.142384","791","3.14342","815","3.143352","815","3.141488","757","3.141536","956","3.143584","815","3.143164","815","3.14318","952","3.139308","812","3.1405","851","3.142508","894","3.14","931","3.141908","931","3.140112","892","3.141968","931","3.14298","931","3.141944","931","3.142044","931","3.13864","894","3.138488","931","3.142956","860","3.140532","882","3.1386","920","3.140216","919","3.14162","919","3.140992","919","3.142","882","3.144092","918","3.138128","917","3.13984","917","3.14148","880","3.140288","879","3.1412","917","3.14188","880","3.142128","917","3.140572","880","3.140604","915","3.142204","915","3.142748","878","3.14366","905","3.1428","905","3.144588","905","3.14166","885","3.140644","885","3.142728","884","3.142328","885","3.142148","902","3.140816","902","3.141532","885","3.141248","903","3.138508","885","3.139332","885","3.1406","865","3.140528","902","3.141872","902","3.141212","885","3.139652","903","3.141756","885","3.140908","902","3.14068","902","3.140212","902","3.13942","902","3.143592","902","3.141688","885","3.143084","902","3.142788","902","3.142184","870","3.143384","879","3.14058","879","3.14232","879","3.139284","879","3.139836","877","3.142536","877","3.140292","859","3.138896","876","3.140364","870","3.139824","869","3.142076","852","3.1418","870","3.142504","869","3.14136","869","3.144124","869","3.139896","870","3.139884","868","3.141908","869","3.140588","870","3.143948","870","3.143392","869","3.14034","869","3.14146","869","3.14348","868","3.1414011599999982","877","958"
"70","3.142044","829","3.140616","829","3.140716","828","3.14052","313","3.14104","645","3.141272","826","3.141616","644","3.145968","644","3.139088","645","3.143368","751","3.140292","634","3.143248","751","3.141796","751","3.141712","634","3.142824","608","3.143652","634","3.142216","721","3.140928","746","3.140352","746","3.143212","809","3.14138","720","3.142856","745","3.141084","745","3.14442","745","3.137464","715","3.14074","740","3.140612","714","3.140044","737","3.141816","777","3.14054","734","3.142464","885","3.138348","885","3.142488","774","3.140812","884","3.141188","856","3.139376","883","3.1434","888","3.140312","863","3.144896","865","3.142772","858","3.141312","858","3.139636","865","3.142068","865","3.139064","858","3.141664","866","3.141096","858","3.142464","857","3.142188","858","3.141672","862","3.145728","865","3.141152","863","3.141528","859","3.141972","864","3.14192","869","3.139612","865","3.144744","864","3.13866","865","3.143836","860","3.140888","863","3.141472","861","3.13984","863","3.141376","863","3.142428","865","3.139352","862","3.141716","861","3.140404","859","3.141484","865","3.140404","858","3.14272","858","3.142444","864","3.14086","865","3.140432","862","3.144084","864","3.139692","868","3.140912","864","3.141172","861","3.139516","863","3.145548","868","3.142992","858","3.140564","863","3.142728","863","3.139056","869","3.143908","864","3.141224","868","3.138944","861","3.13998","864","3.14408","861","3.138908","863","3.14262","864","3.14084","859","3.141344","860","3.13898","855","3.141048","859","3.142564","854","3.140988","850","3.140768","853","3.143312","852","3.143068","843","3.140092","843","3.142928","843","3.141514879999999","816","926"
"71","3.140908","879","3.142072","879","3.140748","821","3.14044","821","3.1401","821","3.140124","830","3.1403","830","3.140904","830","3.13898","830","3.141568","821","3.144036","821","3.139344","820","3.140488","820","3.14242","820","3.14134","840","3.140196","840","3.1416","840","3.142764","840","3.143148","806","3.140776","836","3.141748","831","3.143936","802","3.139716","801","3.144612","830","3.142588","801","3.138384","830","3.141668","828","3.141744","828","3.142508","828","3.139472","798","3.140244","827","3.141076","827","3.145136","827","3.142104","827","3.13794","797","3.144928","827","3.143104","827","3.142844","817","3.139596","788","3.144228","817","3.142864","844","3.143284","817","3.143152","817","3.141224","844","3.142144","848","3.140396","788","3.141992","788","3.140944","817","3.140672","817","3.1434","817","3.143544","817","3.139472","872","3.140668","867","3.144052","865","3.140448","870","3.14462","843","3.139212","849","3.14182","841","3.137296","848","3.142428","843","3.140096","848","3.141156","848","3.142076","847","3.142092","859","3.142684","846","3.142812","845","3.145944","859","3.141348","843","3.138264","845","3.14254","846","3.14262","846","3.143664","846","3.140964","846","3.143604","844","3.143004","844","3.13824","845","3.141132","845","3.140008","845","3.141396","859","3.141536","845","3.144832","845","3.143084","846","3.140424","843","3.14022","859","3.142496","842","3.141256","845","3.14236","859","3.142136","845","3.14366","843","3.139016","845","3.141728","842","3.142472","845","3.140824","859","3.141224","859","3.145612","845","3.14112","845","3.144388","845","3.141508","844","3.13934","844","3.14332","842","3.1416966399999984","836","933"
"72","3.142068","419","3.141328","500","3.140816","417","3.141168","417","3.140456","415","3.14026","415","3.14114","786","3.143808","763","3.142552","785","3.138644","808","3.141708","831","3.140216","763","3.139832","786","3.13792","808","3.140452","786","3.140144","828","3.14176","905","3.138128","933","3.142528","871","3.143556","878","3.140132","932","3.143332","849","3.139104","872","3.142512","849","3.143284","931","3.14304","932","3.143064","905","3.14488","933","3.1419","878","3.13972","899","3.139352","931","3.139948","933","3.141484","933","3.141836","828","3.140908","931","3.14308","931","3.144352","933","3.142448","849","3.140964","933","3.141344","848","3.14064","904","3.137928","933","3.142772","888","3.144028","910","3.143004","913","3.138448","913","3.138552","913","3.144228","913","3.142192","892","3.139476","913","3.14266","912","3.139928","912","3.139984","893","3.140008","912","3.139768","913","3.14312","911","3.138384","910","3.139084","888","3.1411","913","3.14006","913","3.140752","911","3.139936","913","3.143132","912","3.141428","909","3.139544","864","3.143004","863","3.140276","862","3.14054","864","3.143064","864","3.140576","864","3.143172","863","3.138848","863","3.14376","863","3.139848","863","3.142364","861","3.14082","859","3.1407","860","3.14096","861","3.142884","861","3.141992","861","3.143584","861","3.14018","858","3.142336","860","3.141956","860","3.143028","860","3.141016","860","3.14144","861","3.142352","861","3.143368","860","3.141808","859","3.142936","861","3.143704","860","3.142824","860","3.141236","860","3.141804","860","3.144532","860","3.141216","861","3.140504","860","3.140976","861","3.141224","860","3.141401560000001","849","942"
"73","3.142308","435","3.143292","436","3.144612","462","3.14352","716","3.141136","945","3.13984","923","3.140504","944","3.140556","944","3.138368","944","3.14178","944","3.143492","944","3.14158","944","3.143008","944","3.140496","913","3.142096","935","3.143992","935","3.140516","932","3.144416","932","3.142736","932","3.140384","930","3.13966","930","3.13936","929","3.144052","930","3.140316","950","3.141804","930","3.141284","929","3.141088","930","3.142616","930","3.140852","930","3.143852","930","3.14212","926","3.139056","926","3.13916","926","3.139732","916","3.14146","916","3.143236","935","3.142648","935","3.1427","914","3.143616","934","3.142748","935","3.1416","934","3.142112","915","3.142956","934","3.140556","915","3.140332","935","3.139104","934","3.140024","935","3.141372","935","3.141096","935","3.14196","935","3.139852","934","3.13952","911","3.143864","920","3.143112","919","3.142848","917","3.141712","917","3.143464","917","3.14148","916","3.1434","917","3.142892","917","3.144156","912","3.14188","907","3.141444","907","3.13944","906","3.144436","904","3.141576","904","3.142104","903","3.141564","903","3.14284","901","3.141124","900","3.145192","900","3.141056","900","3.13904","900","3.1454","896","3.140216","895","3.144984","895","3.14224","893","3.143344","893","3.141144","893","3.141028","892","3.139912","892","3.142068","892","3.140852","892","3.141268","892","3.141656","892","3.139336","892","3.143648","892","3.141396","890","3.141632","890","3.1416","890","3.143664","890","3.14248","890","3.143588","890","3.142132","890","3.141492","890","3.144036","889","3.14624","890","3.140904","890","3.142212","890","3.142824","890","3.14190396","899","969"
"74","3.143672","399","3.139132","558","3.141476","558","3.142152","476","3.140448","558","3.140592","918","3.1414","892","3.141676","897","3.13882","897","3.14294","918","3.140276","918","3.13876","890","3.139172","911","3.140252","911","3.140284","911","3.140096","911","3.143188","912","3.139984","914","3.142336","911","3.143416","911","3.140816","911","3.138096","907","3.14154","907","3.141712","906","3.139892","906","3.143984","886","3.142668","905","3.141548","906","3.143052","906","3.142436","906","3.141204","902","3.14036","902","3.140532","882","3.145328","902","3.142304","902","3.142948","901","3.144612","907","3.140132","898","3.141044","901","3.1411","906","3.141988","906","3.14268","898","3.13966","906","3.144292","900","3.142716","901","3.141268","905","3.137952","906","3.14176","906","3.140936","906","3.140144","898","3.1409","906","3.143692","906","3.14396","905","3.142908","906","3.1404","905","3.138404","905","3.141968","906","3.140988","901","3.142728","906","3.140804","906","3.143416","900","3.1446","898","3.142288","898","3.141588","906","3.138792","905","3.142136","906","3.1415","906","3.138992","905","3.14036","906","3.140316","906","3.143832","905","3.144896","906","3.142848","900","3.141372","906","3.143332","900","3.140196","900","3.142788","905","3.142124","905","3.139784","906","3.141708","899","3.140504","899","3.142124","905","3.142424","900","3.140252","906","3.141536","905","3.14098","906","3.14152","906","3.14652","906","3.141992","900","3.1408","905","3.138812","906","3.142528","900","3.141276","906","3.139496","900","3.141588","906","3.142816","900","3.142388","905","3.14498","906","3.141032","906","3.138184","901","3.1415414799999994","884","931"
"75","3.14256","47","3.14052","196","3.141904","188","3.142628","196","3.1413","200","3.14018","187","3.139848","450","3.140804","733","3.142684","910","3.143096","910","3.145696","889","3.144224","795","3.139032","774","3.139348","732","3.13964","834","3.1427","804","3.141876","834","3.14098","876","3.140824","876","3.140904","782","3.141964","897","3.142228","875","3.143644","897","3.141764","834","3.141092","897","3.142868","897","3.142176","876","3.144448","897","3.142016","782","3.143064","891","3.140788","856","3.142132","866","3.142672","920","3.142116","892","3.143644","857","3.141788","891","3.143236","891","3.14414","895","3.139964","895","3.142824","895","3.140748","895","3.141748","866","3.143028","875","3.139468","895","3.1398","895","3.141572","895","3.142992","895","3.14192","867","3.141796","869","3.139184","895","3.139268","895","3.142428","895","3.14246","895","3.14318","895","3.142404","895","3.139868","895","3.144668","895","3.141996","869","3.139968","895","3.143536","895","3.141132","895","3.141076","895","3.14116","895","3.141188","895","3.142224","894","3.141464","895","3.141672","895","3.14448","895","3.139932","895","3.1434","895","3.144756","874","3.140948","894","3.140428","895","3.141512","895","3.14298","888","3.142372","887","3.141704","887","3.14074","887","3.142464","885","3.139808","885","3.142148","885","3.1411","885","3.144456","886","3.139872","886","3.143416","886","3.141992","885","3.139964","876","3.141784","875","3.14106","876","3.14464","876","3.14036","876","3.140788","876","3.138976","876","3.141976","876","3.140888","875","3.13912","876","3.141672","876","3.139492","876","3.142756","876","3.143608","876","3.14176856","829","949"
"76","3.14346","484","3.14406","581","3.1428","558","3.141796","556","3.139928","482","3.140124","556","3.143072","910","3.141936","910","3.142228","910","3.141208","911","3.14164","910","3.142272","904","3.143292","907","3.141088","903","3.141344","907","3.141604","768","3.139148","907","3.140196","907","3.14094","903","3.142292","907","3.139972","907","3.14218","903","3.141128","907","3.140824","765","3.141476","900","3.140536","904","3.141776","904","3.140648","904","3.141188","904","3.141156","890","3.140148","890","3.144276","889","3.142624","894","3.139756","889","3.141988","810","3.141332","889","3.140072","889","3.140548","893","3.140512","889","3.141932","893","3.14292","890","3.140628","882","3.143292","883","3.138992","883","3.142396","880","3.140444","881","3.14024","880","3.141992","880","3.140576","874","3.145264","873","3.144536","868","3.142972","871","3.145228","871","3.141512","868","3.141744","867","3.144508","871","3.142564","868","3.143832","871","3.142164","871","3.139608","871","3.142356","871","3.140284","867","3.142424","863","3.1414","865","3.14118","867","3.140264","863","3.140596","857","3.143164","863","3.141392","862","3.141404","863","3.142704","862","3.140228","862","3.145036","858","3.141496","876","3.14172","851","3.140324","876","3.14166","873","3.142828","855","3.141564","864","3.141312","844","3.142008","863","3.142104","860","3.144572","860","3.142648","860","3.142296","860","3.143884","860","3.139992","860","3.142832","860","3.141084","860","3.138672","860","3.1426","860","3.138084","860","3.140716","860","3.139344","860","3.141332","860","3.142272","860","3.142564","860","3.1415","859","3.144756","852","3.13904","852","3.141695479999999","854","942"
"77","3.138076","373","3.142524","871","3.143592","851","3.14142","851","3.140148","820","3.142496","868","3.141324","819","3.14232","868","3.142088","868","3.141652","863","3.141444","863","3.138256","863","3.140548","881","3.140088","859","3.14418","859","3.144504","859","3.143024","859","3.14086","856","3.144644","856","3.141404","855","3.142036","855","3.138848","855","3.139336","783","3.13902","855","3.142732","855","3.142704","855","3.142288","760","3.142192","855","3.14116","806","3.141716","801","3.14298","801","3.141136","756","3.141628","850","3.139088","850","3.140264","801","3.14358","843","3.140672","794","3.1395","839","3.142092","791","3.139208","837","3.139976","836","3.143264","836","3.141676","815","3.144112","906","3.141632","906","3.141064","904","3.141312","904","3.138756","869","3.13996","904","3.14198","873","3.142932","902","3.139836","905","3.139712","905","3.140564","902","3.13998","902","3.140152","904","3.143052","905","3.141","901","3.1401","907","3.14368","870","3.138984","904","3.142336","904","3.14304","849","3.142264","850","3.141704","849","3.143016","849","3.142464","849","3.141408","850","3.142744","846","3.1413","847","3.140064","841","3.139548","851","3.145892","847","3.14162","851","3.14192","850","3.142024","850","3.142772","850","3.138888","848","3.144212","842","3.140996","846","3.144088","850","3.140856","849","3.14176","848","3.141352","847","3.141744","837","3.141508","846","3.14088","847","3.14354","847","3.140168","847","3.142964","843","3.14274","844","3.141208","847","3.140868","846","3.141828","845","3.14238","833","3.13996","838","3.142328","838","3.140664","835","3.141472","837","3.140404","854","3.141514199999999","848","968"
"78","3.141564","494","3.14112","465","3.143008","465","3.140108","597","3.143256","718","3.139244","518","3.142244","518","3.141004","595","3.144128","595","3.142352","595","3.142352","540","3.144428","589","3.141388","966","3.141084","955","3.143192","955","3.140324","772","3.1437","954","3.140528","829","3.143464","954","3.141956","875","3.140664","952","3.1442","915","3.139896","893","3.139272","952","3.13962","952","3.142688","952","3.141464","896","3.142076","952","3.140704","893","3.14246","952","3.1448","952","3.140812","951","3.1421","951","3.141488","951","3.140952","952","3.145076","951","3.140488","915","3.143468","948","3.140368","977","3.144212","977","3.137632","977","3.139844","948","3.1417","977","3.140756","946","3.143024","953","3.142304","949","3.14338","919","3.14358","927","3.142704","977","3.141228","947","3.144716","948","3.142824","948","3.141656","948","3.144836","948","3.143892","947","3.140396","956","3.139348","949","3.14058","977","3.142916","977","3.140388","977","3.143908","949","3.139952","943","3.14186","971","3.141424","970","3.140228","970","3.140652","959","3.144128","959","3.138936","959","3.139204","959","3.138116","959","3.140824","938","3.14284","959","3.139844","959","3.143116","959","3.138988","959","3.140944","936","3.143896","959","3.141144","959","3.141392","943","3.13982","943","3.1396","943","3.141256","943","3.144064","943","3.142672","943","3.14134","943","3.142116","923","3.140476","937","3.142988","937","3.140508","937","3.141656","937","3.141968","937","3.143244","938","3.143052","937","3.139356","937","3.138824","937","3.142232","924","3.14356","925","3.139416","905","3.139568","925","3.141252","925","3.1416532000000013","896","1006"
"79","3.14156","910","3.142236","907","3.142852","908","3.143644","880","3.141432","906","3.142424","913","3.143868","909","3.140512","910","3.139452","910","3.14164","909","3.141072","912","3.141376","908","3.142472","867","3.143424","912","3.14008","909","3.144236","905","3.143144","910","3.138852","905","3.142852","912","3.139716","881","3.14166","908","3.14252","908","3.139504","906","3.141036","906","3.139452","908","3.144056","908","3.140852","874","3.142708","912","3.139192","909","3.143704","906","3.14232","906","3.140912","911","3.1409","909","3.1413","906","3.142224","908","3.140964","911","3.14634","910","3.14158","911","3.1391","909","3.14262","912","3.142144","908","3.140084","911","3.140792","908","3.142156","912","3.141416","905","3.14024","908","3.141636","911","3.1406","911","3.1412","908","3.14214","909","3.140896","911","3.140632","911","3.14156","905","3.141788","905","3.142192","906","3.140964","907","3.141488","906","3.142684","907","3.146112","908","3.13958","910","3.13984","906","3.143272","909","3.14078","909","3.139548","905","3.140492","906","3.142368","911","3.142048","881","3.138696","911","3.142512","910","3.139244","906","3.141308","905","3.144312","909","3.142132","906","3.140348","910","3.139348","908","3.144704","907","3.139652","911","3.141236","909","3.144476","909","3.145556","910","3.140464","910","3.141804","909","3.142444","910","3.141028","911","3.139592","910","3.14312","910","3.142984","907","3.140808","908","3.142852","905","3.139128","905","3.13822","901","3.14192","904","3.14288","906","3.143244","906","3.143636","908","3.141832","906","3.144892","903","3.140756","905","3.138624","891","3.143828","893","3.1416602000000013","906","913"
"80","3.140748","209","3.14172","569","3.144104","569","3.141088","542","3.144516","569","3.142068","569","3.138016","542","3.142316","569","3.138388","569","3.14168","542","3.138844","569","3.145052","865","3.142664","856","3.141424","832","3.141664","865","3.140788","856","3.140356","808","3.14082","713","3.13998","808","3.141784","856","3.139988","859","3.14042","859","3.139904","865","3.1408","808","3.140336","856","3.139452","859","3.140076","865","3.139952","828","3.140536","834","3.141728","856","3.142156","834","3.14214","856","3.142784","856","3.144464","856","3.140328","856","3.14134","856","3.14224","856","3.139944","856","3.143776","830","3.139656","830","3.143484","829","3.142912","829","3.142624","829","3.1432","829","3.138756","826","3.14102","826","3.142804","825","3.139744","825","3.142184","824","3.142736","824","3.138616","825","3.143388","824","3.14314","824","3.14438","793","3.138532","824","3.139376","824","3.14286","824","3.142124","824","3.144116","824","3.141992","824","3.140504","824","3.14252","824","3.141616","824","3.14422","824","3.145332","824","3.14214","824","3.141156","824","3.140376","823","3.142592","824","3.139836","823","3.147212","824","3.141832","823","3.138252","824","3.142484","824","3.141368","824","3.140656","824","3.141712","824","3.138888","824","3.143556","824","3.13884","824","3.141888","824","3.141616","824","3.139992","824","3.138884","824","3.141228","824","3.140184","824","3.141836","824","3.142076","824","3.1418","824","3.142036","824","3.139872","824","3.140448","824","3.141328","824","3.14226","824","3.1407","824","3.139988","824","3.14188","823","3.143524","824","3.141736","824","3.13952","824","3.1414591600000006","796","910"
"81","3.14366","527","3.141212","527","3.142016","894","3.140304","893","3.140348","889","3.1441","598","3.14544","893","3.1407","598","3.141804","598","3.141564","886","3.144488","893","3.142096","889","3.137996","889","3.142612","893","3.140392","881","3.1456","881","3.13956","881","3.142528","886","3.144772","881","3.141948","906","3.14262","906","3.14122","906","3.143884","882","3.139684","882","3.140304","886","3.1407","906","3.139696","875","3.143896","875","3.139948","876","3.14124","885","3.142792","886","3.137268","906","3.141572","906","3.141184","885","3.140872","886","3.139364","881","3.14198","906","3.142476","906","3.140496","886","3.140968","877","3.14278","875","3.142192","906","3.142568","880","3.142656","886","3.141268","881","3.140728","880","3.142268","885","3.142532","906","3.142836","906","3.140536","879","3.141952","906","3.142028","885","3.139276","906","3.140428","882","3.143204","906","3.143236","874","3.139928","906","3.141816","886","3.14018","876","3.140792","896","3.140168","892","3.14046","893","3.14246","893","3.145548","871","3.141244","892","3.139776","892","3.141308","892","3.141712","892","3.14332","892","3.142992","892","3.141488","892","3.142616","892","3.144092","892","3.136748","892","3.138488","892","3.143668","892","3.140988","892","3.141004","892","3.140048","892","3.1402","892","3.140044","892","3.14292","892","3.140936","892","3.139936","883","3.142936","883","3.13872","882","3.143372","882","3.139928","862","3.14328","883","3.139744","883","3.143656","883","3.14306","883","3.14266","882","3.140116","882","3.142156","882","3.141688","879","3.140716","879","3.141436","879","3.140336","880","3.13942","879","3.1415389599999988","872","921"
"82","3.143176","234","3.143572","830","3.142996","830","3.142708","831","3.143648","905","3.143632","830","3.140492","899","3.144128","897","3.142328","897","3.14068","901","3.14488","901","3.138512","901","3.14232","899","3.141652","901","3.140664","905","3.139412","874","3.142236","809","3.139992","896","3.144432","897","3.137636","899","3.14082","897","3.141984","905","3.13776","830","3.141716","904","3.144116","901","3.140176","901","3.144292","877","3.140376","897","3.143392","901","3.139476","899","3.140684","901","3.140244","899","3.140668","897","3.141632","901","3.140756","807","3.140156","901","3.141608","913","3.140904","889","3.141772","895","3.14242","884","3.142852","895","3.142564","889","3.142848","913","3.144196","894","3.141828","913","3.140148","913","3.1439","913","3.143748","884","3.143828","889","3.140832","895","3.142468","913","3.140592","913","3.141572","894","3.142604","892","3.141436","913","3.14206","891","3.140856","892","3.142128","894","3.138528","888","3.142308","886","3.145112","902","3.14072","902","3.139036","883","3.143444","882","3.140452","883","3.140216","902","3.1396","883","3.1393","884","3.140972","881","3.1445","881","3.143368","861","3.139128","881","3.143544","856","3.142036","862","3.141588","881","3.142612","881","3.143692","857","3.141036","881","3.141244","854","3.144968","862","3.141092","857","3.14108","834","3.141008","857","3.140836","855","3.1404","854","3.137488","833","3.140788","855","3.143492","855","3.140792","841","3.144868","833","3.144992","833","3.141736","811","3.141316","833","3.142804","833","3.141104","812","3.14108","832","3.142004","832","3.141512","832","3.141868","832","3.14218","832","3.141743519999999","870","927"
"83","3.14082","217","3.141848","578","3.142128","609","3.146224","578","3.142108","635","3.139536","636","3.141976","578","3.143768","523","3.141328","578","3.140356","959","3.142116","956","3.143948","959","3.145228","923","3.143744","924","3.14126","956","3.140572","956","3.140712","956","3.143568","940","3.140016","940","3.143092","936","3.142364","940","3.142616","940","3.14186","940","3.14004","930","3.141712","933","3.142972","930","3.14162","930","3.142852","929","3.141448","930","3.14164","927","3.14026","927","3.140344","926","3.142452","930","3.142228","926","3.141184","930","3.14104","926","3.140644","926","3.143316","926","3.144048","930","3.143488","929","3.140252","918","3.141452","917","3.145096","915","3.143044","915","3.137988","914","3.14276","914","3.140552","911","3.141112","911","3.138652","915","3.141216","914","3.141288","913","3.142832","910","3.139228","910","3.142332","913","3.143264","914","3.147068","910","3.139072","910","3.141952","913","3.139724","914","3.140188","910","3.14204","913","3.141052","914","3.140296","909","3.142332","913","3.141744","898","3.142176","902","3.140992","891","3.140276","888","3.141488","884","3.142188","886","3.139868","881","3.142496","882","3.143216","884","3.14276","886","3.14184","884","3.142724","885","3.143472","885","3.139132","885","3.1401","886","3.14012","882","3.141556","886","3.140636","886","3.138944","882","3.138408","884","3.141048","885","3.139524","886","3.144396","880","3.142412","885","3.142784","884","3.143996","880","3.142536","886","3.140756","884","3.140344","882","3.139216","885","3.143724","885","3.137132","886","3.14356","884","3.14238","885","3.139884","882","3.141856","882","3.14166952","877","968"
"84","3.140336","34","3.139976","884","3.141696","809","3.142124","883","3.144316","939","3.141692","939","3.141424","818","3.140548","940","3.143456","883","3.143052","916","3.14218","939","3.14178","939","3.141496","940","3.140288","842","3.142472","939","3.142864","940","3.143364","939","3.14498","883","3.140096","940","3.140512","849","3.142416","818","3.141088","846","3.14232","939","3.138632","932","3.143308","933","3.140444","932","3.143288","897","3.13962","932","3.139488","932","3.143028","932","3.142228","932","3.142764","932","3.14028","910","3.14056","932","3.142472","909","3.140276","932","3.142796","933","3.141836","931","3.14044","932","3.140232","932","3.141056","932","3.141136","931","3.140396","932","3.138396","932","3.141792","932","3.14066","931","3.141384","932","3.142052","932","3.141032","932","3.14298","931","3.138056","932","3.14158","932","3.140472","932","3.140332","932","3.138944","925","3.140432","915","3.14174","910","3.140192","910","3.139468","910","3.141588","910","3.142832","909","3.141528","910","3.142112","910","3.142692","910","3.143516","910","3.14158","910","3.144696","905","3.139808","905","3.140188","905","3.142276","905","3.142088","905","3.138636","905","3.142804","905","3.142008","905","3.142012","905","3.142784","905","3.142756","905","3.14256","905","3.141604","905","3.140688","905","3.143628","904","3.144","904","3.143656","904","3.142164","905","3.141928","905","3.14142","905","3.141416","905","3.142648","904","3.14298","905","3.13928","905","3.139468","904","3.140196","904","3.14454","905","3.142728","905","3.14222","905","3.140696","905","3.141872","905","3.14028","905","3.14138","905","3.142676","905","3.141582000000001","903","941"
"85","3.143092","507","3.142844","672","3.14098","930","3.141324","930","3.140096","930","3.138616","902","3.138128","925","3.141936","926","3.141308","904","3.142044","925","3.141984","926","3.141344","904","3.14228","925","3.141468","926","3.145072","925","3.143776","926","3.143304","926","3.142328","904","3.144124","925","3.143732","904","3.141016","926","3.144688","904","3.140552","925","3.14434","926","3.141764","925","3.14198","902","3.139552","925","3.143084","904","3.142028","925","3.140692","925","3.141556","926","3.144988","904","3.139404","888","3.141268","925","3.14304","898","3.141072","920","3.140872","920","3.145784","920","3.140552","897","3.138528","900","3.143296","900","3.141248","900","3.143316","899","3.144384","900","3.142824","900","3.140276","900","3.142524","900","3.140576","899","3.141348","900","3.14178","875","3.141472","900","3.141584","900","3.142524","899","3.142468","893","3.14224","895","3.140796","894","3.142256","894","3.140436","895","3.141816","889","3.142356","890","3.14072","890","3.14352","890","3.140604","890","3.142316","890","3.14102","890","3.140836","890","3.14208","890","3.140024","890","3.139964","890","3.143584","890","3.14314","890","3.142472","889","3.141408","890","3.142544","890","3.143916","889","3.145688","888","3.141668","890","3.142624","890","3.141124","890","3.14186","889","3.143464","888","3.14008","888","3.1407","888","3.139372","873","3.140556","873","3.140424","868","3.139944","868","3.143176","868","3.142024","867","3.141048","867","3.14126","866","3.140196","867","3.14226","863","3.140452","864","3.140736","858","3.143428","849","3.139964","849","3.139332","849","3.14234","849","3.141548","845","3.14179476","890","931"
"86","3.139212","15","3.139256","601","3.14562","629","3.140976","629","3.139492","629","3.141336","578","3.142052","479","3.142668","629","3.140148","732","3.142288","904","3.141568","903","3.141124","904","3.140752","905","3.140424","904","3.142164","905","3.141836","794","3.141972","904","3.138088","815","3.142704","904","3.140264","903","3.14114","816","3.145104","778","3.14422","818","3.14148","785","3.141344","903","3.143864","904","3.144172","904","3.142888","903","3.143368","900","3.141948","901","3.137968","901","3.143192","900","3.142588","843","3.145244","900","3.141448","900","3.140716","900","3.139484","901","3.141492","900","3.138488","900","3.14424","900","3.142484","870","3.1412","888","3.142556","890","3.14472","889","3.137952","889","3.140772","866","3.14324","889","3.141552","860","3.140128","888","3.141528","891","3.141664","865","3.14202","890","3.144368","888","3.140964","890","3.140976","889","3.144652","889","3.14084","888","3.141276","892","3.140776","888","3.140128","889","3.143856","891","3.141968","889","3.136932","890","3.143032","890","3.1387","889","3.14156","887","3.142884","875","3.141704","876","3.140912","875","3.140552","873","3.139628","878","3.142408","878","3.139216","878","3.140476","878","3.141624","875","3.140768","867","3.141072","868","3.140936","868","3.140604","866","3.145168","868","3.142168","868","3.140672","868","3.140804","868","3.144204","866","3.137616","868","3.13962","866","3.141196","863","3.139472","867","3.140724","864","3.141584","867","3.141868","863","3.141616","862","3.139988","859","3.140736","856","3.139428","851","3.140504","855","3.14146","854","3.140936","854","3.14166","856","3.141932","855","3.1414431600000006","847","928"
"87","3.139784","57","3.142232","568","3.140864","594","3.142692","568","3.139944","567","3.141236","567","3.143292","567","3.14224","567","3.143768","594","3.141036","567","3.141412","567","3.143544","568","3.141944","594","3.141664","594","3.137244","594","3.141712","766","3.138488","873","3.142236","905","3.143264","905","3.14162","766","3.140396","883","3.144092","905","3.142408","878","3.138412","905","3.141464","883","3.140324","877","3.144348","877","3.141348","904","3.142768","877","3.142276","857","3.142728","853","3.141368","862","3.141616","884","3.144076","863","3.14592","883","3.141656","883","3.142828","879","3.143916","879","3.139916","853","3.143212","852","3.138324","853","3.140692","853","3.142088","852","3.142396","853","3.141188","852","3.141472","853","3.13984","831","3.140232","832","3.140204","832","3.1418","852","3.141132","826","3.145536","828","3.141536","852","3.140432","832","3.141012","852","3.1403","852","3.136976","844","3.142568","844","3.139452","843","3.1403","818","3.141152","843","3.140284","819","3.142184","844","3.14308","822","3.1413","820","3.140644","844","3.143092","843","3.139776","843","3.14144","821","3.13792","843","3.1427","815","3.139412","844","3.140404","844","3.142016","844","3.143452","822","3.142508","823","3.139616","816","3.144328","840","3.143888","835","3.139104","812","3.140324","834","3.14222","834","3.140628","834","3.140496","834","3.140944","834","3.142876","834","3.140584","834","3.14152","810","3.1385","833","3.140748","832","3.143268","831","3.141116","831","3.144836","808","3.144192","831","3.140148","802","3.140732","832","3.141408","831","3.141188","830","3.140912","831","3.141356","813","3.141490639999999","799","914"
"88","3.14116","102","3.142372","655","3.14312","680","3.139956","680","3.141944","678","3.141996","678","3.139832","677","3.140696","677","3.142604","910","3.141388","910","3.139688","847","3.14262","910","3.141832","909","3.143096","909","3.143128","910","3.138304","945","3.140756","847","3.142312","910","3.143188","909","3.142748","804","3.141272","909","3.141168","885","3.141056","945","3.14108","944","3.141392","909","3.140808","847","3.142512","909","3.144116","909","3.139252","909","3.13938","909","3.14212","909","3.140772","909","3.142524","847","3.144964","846","3.141404","847","3.139304","845","3.143048","909","3.143456","847","3.142452","846","3.140684","847","3.140688","831","3.13724","863","3.140244","895","3.141008","860","3.143596","895","3.140176","895","3.140312","896","3.14494","895","3.142288","895","3.136808","895","3.143244","891","3.14254","910","3.140156","891","3.140144","890","3.140268","910","3.142832","910","3.14232","891","3.1409","891","3.141888","873","3.140352","873","3.143944","873","3.141932","873","3.142132","853","3.142228","873","3.140584","853","3.14292","873","3.140236","873","3.13998","873","3.14324","873","3.141152","873","3.143916","873","3.142816","873","3.14208","873","3.144912","873","3.14228","873","3.139156","873","3.142612","873","3.14388","873","3.140264","873","3.14214","873","3.139856","873","3.140532","873","3.141196","873","3.139236","872","3.141624","873","3.139612","873","3.139692","873","3.141564","873","3.14044","873","3.141164","873","3.139748","873","3.141864","873","3.143628","872","3.140976","873","3.138912","873","3.142364","873","3.138888","873","3.14158","873","3.142532","873","3.13736","873","3.1414261999999993","859","973"
"89","3.139196","536","3.140904","611","3.140656","611","3.14278","611","3.144488","588","3.14384","607","3.143436","607","3.14186","584","3.144164","607","3.14206","607","3.141852","918","3.139368","937","3.141884","917","3.142496","917","3.144488","937","3.141364","917","3.14072","937","3.140828","937","3.142964","917","3.142192","937","3.14266","917","3.1428","937","3.142804","937","3.141116","917","3.142524","895","3.141256","911","3.139452","911","3.140412","866","3.141324","891","3.14072","911","3.142196","909","3.142348","909","3.143684","889","3.139956","908","3.141324","908","3.145428","887","3.142348","887","3.144232","886","3.138316","886","3.141532","902","3.142292","887","3.141572","887","3.141188","887","3.14222","887","3.140136","886","3.140536","886","3.1415","886","3.139092","887","3.141336","886","3.141504","887","3.141248","886","3.140508","887","3.141552","862","3.142004","882","3.139688","881","3.142244","881","3.140804","882","3.141272","882","3.140216","867","3.142148","882","3.140984","882","3.139204","882","3.141268","882","3.141244","867","3.141296","882","3.142152","882","3.14108","882","3.139824","882","3.141824","882","3.1408","881","3.141416","881","3.14146","867","3.141756","882","3.142044","882","3.14034","881","3.141204","882","3.142896","882","3.140248","882","3.143844","882","3.14114","866","3.140852","882","3.141276","882","3.1421","882","3.142232","881","3.141156","882","3.140556","882","3.14304","882","3.141288","881","3.141396","882","3.143016","881","3.14206","882","3.138868","881","3.142888","866","3.140396","866","3.14412","881","3.140796","882","3.1426","882","3.141068","866","3.142812","882","3.14126","882","3.1416083600000007","861","960"
"90","3.140632","298","3.141008","297","3.141724","637","3.144184","539","3.142424","659","3.142932","793","3.140892","727","3.143568","681","3.140916","680","3.139632","793","3.142012","793","3.14068","704","3.141828","704","3.145008","793","3.1418","793","3.142092","793","3.138812","790","3.1429","790","3.143788","789","3.141408","790","3.141812","790","3.142748","677","3.141472","789","3.141152","700","3.138772","723","3.140328","789","3.142296","810","3.142608","790","3.144452","700","3.142652","700","3.142196","790","3.14306","778","3.142516","899","3.141936","808","3.141568","806","3.141684","881","3.141756","877","3.143496","877","3.140312","877","3.142152","810","3.143044","874","3.141716","873","3.1431","806","3.143176","873","3.142256","873","3.140316","826","3.140244","825","3.140232","825","3.141532","869","3.1406","868","3.14116","825","3.1396","869","3.141076","863","3.14184","863","3.14128","863","3.142552","863","3.143216","864","3.14082","863","3.138592","864","3.141756","841","3.14432","841","3.144776","863","3.144496","863","3.143024","863","3.140468","863","3.13934","863","3.140104","863","3.141868","863","3.141728","864","3.140768","863","3.140068","860","3.1405","859","3.144688","837","3.140092","860","3.141968","859","3.140532","859","3.142052","857","3.141976","855","3.1388","856","3.142224","856","3.142476","856","3.14106","856","3.140732","834","3.142612","856","3.14024","832","3.141408","830","3.140208","828","3.14216","828","3.139104","828","3.142992","828","3.141148","827","3.140252","824","3.13984","824","3.140536","823","3.140684","823","3.139808","820","3.141752","819","3.139644","820","3.14166","820","3.142132","820","3.1415955599999994","805","931"
"91","3.141688","369","3.139224","613","3.140856","680","3.143044","869","3.139388","636","3.142056","613","3.142488","869","3.143988","869","3.14182","635","3.138752","869","3.139536","635","3.140468","869","3.142328","869","3.143788","894","3.140624","895","3.141048","894","3.14162","890","3.142932","893","3.14362","894","3.140228","894","3.14168","894","3.138348","748","3.141868","894","3.143732","890","3.141708","894","3.14088","890","3.142436","894","3.143592","894","3.139488","893","3.14306","892","3.143048","890","3.141396","889","3.141748","894","3.138708","893","3.139596","856","3.13962","868","3.140648","890","3.140616","889","3.141536","869","3.142924","890","3.138836","889","3.142952","868","3.14148","890","3.142588","890","3.142644","860","3.144512","890","3.140244","889","3.14288","889","3.141876","889","3.142632","890","3.13968","865","3.143356","865","3.144276","889","3.141204","890","3.142672","889","3.14262","890","3.140172","889","3.140752","889","3.144808","889","3.144756","889","3.140832","889","3.140096","890","3.140984","890","3.143252","890","3.14058","864","3.142156","881","3.141412","880","3.140756","881","3.142444","880","3.140396","880","3.142128","880","3.141568","880","3.142988","881","3.140448","864","3.142556","863","3.144024","863","3.139132","863","3.143272","863","3.144076","864","3.141304","864","3.142584","864","3.142288","861","3.140116","860","3.14214","861","3.141264","861","3.142392","856","3.139844","856","3.140492","856","3.145136","855","3.139484","856","3.1429","856","3.142896","855","3.140952","855","3.142852","846","3.141268","846","3.142632","845","3.141364","839","3.141416","834","3.14222","834","3.140728","827","3.1417043999999987","854","932"
"92","3.143292","174","3.144484","174","3.140344","174","3.142584","173","3.142668","910","3.142224","890","3.139896","873","3.142164","890","3.142964","910","3.139072","912","3.13954","912","3.142008","910","3.141644","912","3.143504","852","3.14076","912","3.142144","912","3.142088","910","3.141628","883","3.142064","886","3.143264","883","3.138516","882","3.141348","883","3.14028","883","3.1399","886","3.142576","888","3.141624","885","3.143184","886","3.140216","885","3.142308","883","3.143552","886","3.143032","888","3.137688","884","3.140756","886","3.14178","883","3.142216","886","3.143748","883","3.141532","883","3.140028","886","3.142312","882","3.141072","886","3.141472","884","3.1425","886","3.140856","884","3.14068","883","3.141372","883","3.142052","885","3.142272","885","3.14302","885","3.141976","886","3.143096","882","3.142844","882","3.140036","862","3.1394","882","3.139768","882","3.143276","871","3.13992","869","3.14082","872","3.14198","872","3.138628","856","3.1407","856","3.143136","859","3.141372","838","3.142264","838","3.144156","835","3.141268","840","3.14094","835","3.140636","834","3.139168","827","3.140364","832","3.142008","836","3.141468","833","3.142736","833","3.138648","850","3.140228","847","3.138936","847","3.140996","847","3.14692","827","3.142904","847","3.141576","848","3.140732","847","3.141648","847","3.139532","847","3.140968","847","3.14138","834","3.138632","835","3.142608","835","3.138524","832","3.139456","832","3.141528","832","3.141584","831","3.143184","831","3.140128","831","3.143372","831","3.141248","831","3.142068","825","3.13744","824","3.14244","824","3.142972","822","3.140556","822","3.142644","803","3.141450400000002","837","942"
"93","3.138996","891","3.144676","920","3.141364","919","3.140964","919","3.143664","919","3.14266","918","3.14378","920","3.13908","918","3.142528","918","3.147064","920","3.14356","891","3.141008","917","3.141492","919","3.13704","894","3.140168","918","3.140708","919","3.143064","917","3.14226","919","3.138252","919","3.142196","919","3.140804","918","3.14296","888","3.140772","919","3.140308","884","3.142548","919","3.142248","919","3.140272","919","3.142272","919","3.144288","918","3.140444","919","3.137736","918","3.138412","893","3.145512","918","3.144764","918","3.141636","919","3.142328","919","3.139796","918","3.143644","886","3.141392","918","3.143364","918","3.140544","917","3.143112","918","3.138904","918","3.140168","919","3.136692","917","3.140344","894","3.140612","919","3.142964","918","3.142352","919","3.143588","918","3.13772","918","3.139796","917","3.140148","918","3.141864","894","3.143508","890","3.142748","892","3.1403","918","3.136448","894","3.14034","919","3.13992","917","3.142112","918","3.144804","918","3.141064","882","3.13884","895","3.137376","918","3.142104","917","3.14192","918","3.140416","918","3.139544","917","3.144104","917","3.144068","919","3.141896","919","3.142208","892","3.141408","917","3.138144","917","3.141312","917","3.142704","919","3.140732","918","3.141328","918","3.139428","885","3.141004","918","3.1398","917","3.138888","917","3.141556","917","3.137648","919","3.138596","919","3.140812","918","3.142712","890","3.140748","918","3.142688","918","3.142252","918","3.141904","918","3.140576","918","3.143444","918","3.140356","918","3.144316","919","3.142108","917","3.141496","892","3.139132","918","3.14394","918","3.1413158400000003","913","920"
"94","3.141572","910","3.13918","909","3.146424","910","3.142236","909","3.143192","910","3.14214","909","3.144476","910","3.139344","909","3.139656","910","3.141348","909","3.142156","910","3.142656","910","3.142008","910","3.138988","910","3.141944","909","3.141032","909","3.139728","910","3.141576","910","3.141768","909","3.141196","908","3.142164","910","3.142092","910","3.1429","909","3.141796","910","3.142292","910","3.141712","910","3.143084","910","3.142024","910","3.140492","909","3.141704","909","3.140224","909","3.143476","909","3.140492","910","3.14014","910","3.142928","909","3.141396","909","3.14452","909","3.141196","910","3.142492","909","3.14064","909","3.141548","909","3.14234","909","3.141748","910","3.1404","909","3.144176","909","3.13904","909","3.1396","908","3.142316","909","3.144296","909","3.14054","909","3.140232","909","3.140216","908","3.14044","909","3.139884","909","3.14274","909","3.14012","908","3.144164","909","3.14004","909","3.143636","910","3.144732","908","3.141312","909","3.140728","909","3.142028","909","3.140244","909","3.14036","908","3.138824","909","3.142264","910","3.1416","908","3.139608","908","3.142656","887","3.140732","910","3.140172","910","3.144924","909","3.143436","909","3.142776","909","3.139796","910","3.142104","909","3.144436","908","3.141292","908","3.140692","909","3.142144","909","3.138056","908","3.141384","909","3.140072","909","3.13866","909","3.14292","909","3.143188","908","3.13926","909","3.141728","909","3.141296","909","3.14136","909","3.140088","909","3.141552","908","3.142816","909","3.140632","908","3.142176","895","3.14244","896","3.144348","895","3.142728","895","3.139252","895","3.141586759999999","908","910"
"95","3.142552","156","3.144604","949","3.143908","949","3.143144","949","3.143688","881","3.141188","948","3.140364","948","3.143492","949","3.14036","908","3.140768","949","3.140696","949","3.140568","949","3.141404","949","3.143156","948","3.140872","949","3.143884","949","3.137624","881","3.136968","948","3.143108","949","3.140904","948","3.14002","948","3.138964","948","3.143596","948","3.141876","948","3.141588","948","3.1432","949","3.142364","949","3.141172","908","3.143548","908","3.139604","947","3.14004","949","3.140408","949","3.141608","948","3.1412","948","3.14092","948","3.141552","948","3.139132","948","3.141804","949","3.143984","915","3.139592","915","3.142276","915","3.142108","915","3.140148","914","3.140308","915","3.14336","915","3.142172","915","3.140768","915","3.143396","915","3.141388","914","3.141908","914","3.14324","915","3.1392","914","3.140592","914","3.141788","915","3.141364","915","3.141816","915","3.142316","912","3.14388","912","3.140388","912","3.140908","912","3.139548","909","3.14358","909","3.14168","908","3.14276","908","3.143136","908","3.142592","901","3.142452","901","3.136568","901","3.141456","901","3.141268","878","3.141368","877","3.140992","878","3.142028","874","3.13996","861","3.138804","877","3.141748","877","3.141456","877","3.141196","877","3.140956","858","3.139108","877","3.142472","877","3.140752","877","3.13996","877","3.143924","877","3.141748","877","3.140688","877","3.142656","877","3.14218","877","3.142556","877","3.14338","877","3.136948","877","3.142988","877","3.140556","877","3.140948","877","3.13988","877","3.142552","877","3.143556","877","3.139972","877","3.143504","877","3.142252","877","3.14148876","904","969"
"96","3.139804","160","3.141632","160","3.143944","159","3.143052","933","3.14006","933","3.144444","933","3.142784","933","3.141716","933","3.141796","933","3.145636","897","3.140416","958","3.139488","931","3.142244","928","3.142916","933","3.137616","933","3.142728","898","3.141492","957","3.140964","933","3.141672","931","3.14052","907","3.142524","931","3.141332","907","3.141176","907","3.1404","927","3.145072","926","3.141456","927","3.139228","903","3.141236","927","3.140288","867","3.1399","926","3.145604","926","3.146144","927","3.14016","902","3.143","927","3.143824","927","3.141864","903","3.141592","926","3.141872","928","3.143276","904","3.142264","902","3.141868","926","3.142888","926","3.139452","926","3.139728","902","3.142508","926","3.141172","903","3.139244","927","3.139568","903","3.140356","926","3.138368","926","3.145704","902","3.140696","926","3.140692","902","3.143856","857","3.143168","913","3.141208","910","3.143908","888","3.1427","907","3.141616","907","3.142972","865","3.141948","888","3.141692","888","3.140784","829","3.141232","888","3.13952","883","3.142844","860","3.13738","882","3.14354","880","3.140668","879","3.143008","879","3.140432","879","3.141784","876","3.141556","876","3.142988","853","3.138736","853","3.14164","853","3.142184","873","3.141684","873","3.14096","873","3.141152","873","3.139456","850","3.139476","866","3.143684","867","3.14098","867","3.141728","864","3.142004","864","3.142304","864","3.141384","863","3.142772","863","3.139016","864","3.143008","863","3.14314","864","3.13944","864","3.143384","863","3.143088","864","3.142256","851","3.143028","851","3.139588","851","3.141504","777","3.139324","776","3.1416510400000006","872","961"
"97","3.142112","937","3.141372","936","3.139532","905","3.139108","937","3.138892","958","3.140804","904","3.139272","957","3.13998","937","3.141844","958","3.141676","937","3.143964","937","3.140832","958","3.144976","936","3.138672","937","3.1419","937","3.139924","937","3.141388","957","3.1411","937","3.143972","937","3.143536","957","3.1402","937","3.141704","958","3.143544","936","3.14136","925","3.141076","946","3.142536","946","3.143316","944","3.142172","945","3.143712","946","3.144296","925","3.142164","962","3.141868","945","3.143224","946","3.144616","946","3.143164","946","3.141944","945","3.14094","945","3.140116","946","3.141264","929","3.141544","946","3.14022","929","3.14102","946","3.141756","929","3.140632","945","3.138384","946","3.13786","928","3.144168","928","3.143776","926","3.139676","942","3.143504","926","3.13898","942","3.141416","942","3.140368","926","3.141348","925","3.142264","942","3.13984","942","3.14016","926","3.139668","938","3.14424","922","3.141728","939","3.14502","939","3.13972","939","3.14042","922","3.145288","938","3.144632","920","3.140048","911","3.144412","923","3.144608","923","3.143836","923","3.142912","922","3.14128","922","3.141528","922","3.140612","923","3.141848","923","3.141408","922","3.14186","922","3.13934","923","3.140784","908","3.13914","908","3.142872","908","3.14258","904","3.139092","904","3.143112","904","3.139268","904","3.14434","904","3.140724","903","3.136724","904","3.140848","904","3.140764","899","3.142352","881","3.142416","881","3.142548","881","3.139336","881","3.143368","877","3.141696","876","3.142488","876","3.140288","871","3.142516","870","3.14452","871","3.143252","871","3.141644240000001","925","976"
"98","3.141268","275","3.138404","907","3.14184","907","3.140276","824","3.140372","564","3.141572","876","3.140344","907","3.140284","907","3.141592","876","3.142916","906","3.143076","902","3.142396","902","3.138992","898","3.14066","898","3.139108","898","3.139928","898","3.139572","897","3.142564","897","3.141168","863","3.14076","893","3.141928","893","3.142776","899","3.143128","893","3.140488","900","3.142208","900","3.142776","893","3.140732","898","3.143196","900","3.141484","893","3.140148","894","3.140536","898","3.141876","859","3.142616","895","3.141876","895","3.140784","893","3.143064","893","3.140652","866","3.14318","893","3.141724","893","3.144728","873","3.141028","867","3.141616","893","3.141056","875","3.14022","893","3.14118","893","3.139232","893","3.142076","893","3.141308","872","3.146632","893","3.1404","873","3.13972","872","3.143504","893","3.1413","875","3.143368","893","3.137304","893","3.141704","864","3.13996","871","3.141628","874","3.14112","893","3.141676","867","3.142264","893","3.141048","862","3.139364","864","3.141672","865","3.144108","875","3.142004","893","3.139564","893","3.141616","893","3.142512","868","3.141044","867","3.139388","893","3.14354","893","3.141372","867","3.142444","892","3.142876","874","3.142744","865","3.138924","892","3.14108","865","3.140452","874","3.14266","871","3.141268","892","3.143424","871","3.143944","892","3.141896","863","3.140624","871","3.142104","892","3.143576","892","3.14244","874","3.141224","865","3.142644","892","3.142972","866","3.141384","893","3.140752","892","3.140416","892","3.139948","873","3.141356","892","3.139764","892","3.138632","892","3.13976","873","3.139012","892","3.1414084000000004","875","938"
"99","3.1416","390","3.141208","471","3.143032","501","3.142452","501","3.142272","471","3.140488","522","3.143272","498","3.143564","600","3.143836","549","3.141992","629","3.143232","677","3.14294","521","3.139012","897","3.142436","897","3.142704","897","3.1427","897","3.139704","897","3.14176","897","3.141528","896","3.140464","888","3.14058","888","3.143328","888","3.142956","888","3.142272","888","3.142148","777","3.143088","888","3.141884","889","3.139996","887","3.142748","814","3.142492","888","3.144008","885","3.142596","888","3.142528","888","3.142288","814","3.138072","887","3.142884","814","3.140336","833","3.140092","888","3.140976","887","3.141352","886","3.143064","886","3.141176","887","3.141764","885","3.143264","887","3.139668","888","3.141416","833","3.140508","885","3.141608","882","3.140864","878","3.13988","878","3.141924","877","3.144796","878","3.144136","872","3.140216","858","3.140876","860","3.138912","858","3.143632","860","3.142384","806","3.141716","828","3.140428","860","3.143136","860","3.143984","853","3.142956","852","3.145288","849","3.140892","848","3.140968","847","3.140076","848","3.139444","847","3.144364","847","3.14192","848","3.140232","847","3.142288","847","3.139648","803","3.138368","835","3.141948","833","3.138836","836","3.141384","833","3.13958","836","3.14516","833","3.14208","835","3.142668","833","3.1413","828","3.140592","831","3.140072","827","3.142824","831","3.14348","826","3.142492","826","3.140468","825","3.141932","826","3.138768","826","3.141384","826","3.144464","826","3.141696","826","3.139108","823","3.143812","826","3.141836","823","3.143216","826","3.14196","824","3.139604","826","3.143316","822","3.141765960000001","815","922"
"100","3.141068","126","3.142864","766","3.138908","738","3.143292","739","3.143756","766","3.140156","739","3.14066","742","3.1392","766","3.140392","765","3.139996","687","3.14242","765","3.142104","766","3.14228","765","3.142068","765","3.142708","765","3.141552","740","3.140356","763","3.142644","763","3.143784","707","3.139772","736","3.139324","736","3.145068","740","3.141004","740","3.143692","763","3.143104","740","3.140104","763","3.141616","763","3.143392","764","3.140712","762","3.14342","762","3.139188","736","3.140852","763","3.140132","763","3.143472","740","3.142876","740","3.140452","740","3.140004","763","3.140804","736","3.141748","763","3.140948","739","3.141492","763","3.139956","763","3.144428","763","3.145168","762","3.143844","763","3.143576","728","3.13842","728","3.141416","705","3.142004","699","3.141956","728","3.142204","704","3.144068","704","3.144352","728","3.140456","689","3.137584","812","3.143348","812","3.141956","818","3.141036","814","3.142536","814","3.142288","812","3.140636","812","3.140192","812","3.140964","814","3.140984","814","3.140964","812","3.140016","814","3.142956","814","3.14296","812","3.141816","812","3.143296","813","3.141024","813","3.144424","814","3.14228","814","3.140224","819","3.143768","811","3.139792","814","3.140364","814","3.13828","812","3.140252","812","3.14052","811","3.14168","811","3.144312","812","3.142832","810","3.141608","809","3.142692","732","3.140724","706","3.14134","705","3.142152","706","3.14084","706","3.142312","706","3.14084","706","3.143508","707","3.141128","706","3.142624","704","3.141832","699","3.141548","697","3.141264","705","3.139164","697","3.14098","697","3.141752","704","3.141648240000001","752","919"
"Averages","3.1417903600000003","432","3.1415835199999993","659","3.1418318400000027","693","3.141529960000002","706","3.1417650800000017","739","3.14153992","767","3.1415680800000008","775","3.1416385999999994","796","3.141498440000001","805","3.141606720000001","823","3.1418826399999995","835","3.14149372","847","3.141601200000001","860","3.1414909600000005","866","3.1413785200000017","872","3.141728960000001","867","3.14135136","892","3.1414464399999997","889","3.142032719999999","893","3.141803959999999","890","3.1415585199999994","898","3.1417715199999994","898","3.141962920000001","904","3.1414112800000016","901","3.1413230399999996","900","3.1414858399999996","906","3.1415545599999994","906","3.1417657599999997","905","3.1417198799999992","903","3.141539120000001","904","3.1414351199999992","908","3.141873280000002","910","3.141616719999999","910","3.1418785999999987","911","3.1416118","907","3.1417936799999984","912","3.1418956799999993","912","3.141360599999999","910","3.1413933599999995","910","3.141837640000001","912","3.1414313200000006","909","3.14167308","910","3.141423000000001","912","3.14152884","911","3.1415832799999994","914","3.1412604400000004","911","3.1413512399999997","911","3.1415702","912","3.1416073200000003","913","3.1415659199999997","911","3.1415456400000012","912","3.14149532","911","3.141507080000001","913","3.1417696","911","3.1414429199999994","914","3.1415298400000005","911","3.1414971200000004","910","3.14153348","911","3.1415548400000013","909","3.141476440000001","910","3.14201096","909","3.141729","907","3.1415100800000006","905","3.1417393199999997","904","3.1416529599999996","901","3.1414402","903","3.141698559999999","902","3.1412429200000007","900","3.14149536","900","3.141590840000002","897","3.14158432","896","3.1418041599999986","895","3.1415483999999987","893","3.141574599999998","893","3.1413228800000006","890","3.1414835200000004","889","3.1418874799999994","890","3.141655160000001","889","3.1415447599999995","888","3.1417362799999995","886","3.1417592400000007","886","3.14111092","885","3.14169772","884","3.141507519999999","883","3.14150312","881","3.1413527599999993","881","3.141481639999999","880","3.1415956","878","3.1417648399999996","878","3.1416745200000027","879","3.141770839999999","878","3.1415306400000005","876","3.141669000000001","875","3.1415991199999995","874","3.1414898000000018","872","3.1416254400000003","873","3.1417487600000005","872","3.14164512","870","3.1414804400000005","869","3.1413411599999996","869","3.1415929879999993","877","998"
