"Job Count","Average Result","Average Job Runtime (ms)","Average Total Runtime (ms)"
"100","3.1416110636","1464","1599"
ntime (ms)","Job[4] Result","Job[4] Runtime (ms)","Job[5] Result","Job[5] Runtime (ms)","Job[6] Result","Job[6] Runtime (ms)","Job[7] Result","Job[7] Runtime (ms)","Job[8] Result","Job[8] Runtime (ms)","Job[9] Result","Job[9] Runtime (ms)","Job[10] Result","Job[10] Runtime (ms)","Job[11] Result","Job[11] Runtime (ms)","Job[12] Result","Job[12] Runtime (ms)","Job[13] Result","Job[13] Runtime (ms)","Job[14] Result","Job[14] Runtime (ms)","Job[15] Result","Job[15] Runtime (ms)","Job[16] Result","Job[16] Runtime (ms)","Job[17] Result","Job[17] Runtime (ms)","Job[18] Result","Job[18] Runtime (ms)","Job[19] Result","Job[19] Runtime (ms)","Job[20] Result","Job[20] Runtime (ms)","Job[21] Result","Job[21] Runtime (ms)","Job[22] Result","Job[22] Runtime (ms)","Job[23] Result","Job[23] Runtime (ms)","Job[24] Result","Job[24] Runtime (ms)","Job[25] Result","Job[25] Runtime (ms)","Job[26] Result","Job[26] Runtime (ms)","Job[27] Result","Job[27] Runtime (ms)","Job[28] Result","Job[28] Runtime (ms)","Job[29] Result","Job[29] Runtime (ms)","Job[30] Result","Job[30] Runtime (ms)","Job[31] Result","Job[31] Runtime (ms)","Job[32] Result","Job[32] Runtime (ms)","Job[33] Result","Job[33] Runtime (ms)","Job[34] Result","Job[34] Runtime (ms)","Job[35] Result","Job[35] Runtime (ms)","Job[36] Result","Job[36] Runtime (ms)","Job[37] Result","Job[37] Runtime (ms)","Job[38] Result","Job[38] Runtime (ms)","Job[39] Result","Job[39] Runtime (ms)","Job[40] Result","Job[40] Runtime (ms)","Job[41] Result","Job[41] Runtime (ms)","Job[42] Result","Job[42] Runtime (ms)","Job[43] Result","Job[43] Runtime (ms)","Job[44] Result","Job[44] Runtime (ms)","Job[45] Result","Job[45] Runtime (ms)","Job[46] Result","Job[46] Runtime (ms)","Job[47] Result","Job[47] Runtime (ms)","Job[48] Result","Job[48] Runtime (ms)","Job[49] Result","Job[49] Runtime (ms)","Job[50] Result","Job[50] Runtime (ms)","Job[51] Result","Job[51] Runtime (ms)","Job[52] Result","Job[52] Runtime (ms)","Job[53] Result","Job[53] Runtime (ms)","Job[54] Result","Job[54] Runtime (ms)","Job[55] Result","Job[55] Runtime (ms)","Job[56] Result","Job[56] Runtime (ms)","Job[57] Result","Job[57] Runtime (ms)","Job[58] Result","Job[58] Runtime (ms)","Job[59] Result","Job[59] Runtime (ms)","Job[60] Result","Job[60] Runtime (ms)","Job[61] Result","Job[61] Runtime (ms)","Job[62] Result","Job[62] Runtime (ms)","Job[63] Result","Job[63] Runtime (ms)","Job[64] Result","Job[64] Runtime (ms)","Job[65] Result","Job[65] Runtime (ms)","Job[66] Result","Job[66] Runtime (ms)","Job[67] Result","Job[67] Runtime (ms)","Job[68] Result","Job[68] Runtime (ms)","Job[69] Result","Job[69] Runtime (ms)","Job[70] Result","Job[70] Runtime (ms)","Job[71] Result","Job[71] Runtime (ms)","Job[72] Result","Job[72] Runtime (ms)","Job[73] Result","Job[73] Runtime (ms)","Job[74] Result","Job[74] Runtime (ms)","Job[75] Result","Job[75] Runtime (ms)","Job[76] Result","Job[76] Runtime (ms)","Job[77] Result","Job[77] Runtime (ms)","Job[78] Result","Job[78] Runtime (ms)","Job[79] Result","Job[79] Runtime (ms)","Job[80] Result","Job[80] Runtime (ms)","Job[81] Result","Job[81] Runtime (ms)","Job[82] Result","Job[82] Runtime (ms)","Job[83] Result","Job[83] Runtime (ms)","Job[84] Result","Job[84] Runtime (ms)","Job[85] Result","Job[85] Runtime (ms)","Job[86] Result","Job[86] Runtime (ms)","Job[87] Result","Job[87] Runtime (ms)","Job[88] Result","Job[88] Runtime (ms)","Job[89] Result","Job[89] Runtime (ms)","Job[90] Result","Job[90] Runtime (ms)","Job[91] Result","Job[91] Runtime (ms)","Job[92] Result","Job[92] Runtime (ms)","Job[93] Result","Job[93] Runtime (ms)","Job[94] Result","Job[94] Runtime (ms)","Job[95] Result","Job[95] Runtime (ms)","Job[96] Result","Job[96] Runtime (ms)","Job[97] Result","Job[97] Runtime (ms)","Job[98] Result","Job[98] Runtime (ms)","Job[99] Result","Job[99] Runtime (ms)","Job[100] Result","Job[100] Runtime (ms)","Average Result","Average Runtime (ms)","Total Runtime (ms)"
"1","3.14288","2377","3.142796","2332","3.143176","2373","3.140908","2415","3.142944","2413","3.141908","2416","3.140236","2451","3.141296","2417","3.14474","2453","3.144152","2449","3.141248","2491","3.141824","2450","3.142564","2418","3.140644","2413","3.141252","2417","3.14222","2449","3.138652","2450","3.140328","2449","3.144412","2449","3.14088","2447","3.137768","2408","3.138324","2357","3.140396","2416","3.142788","2446","3.143988","2447","3.140944","2489","3.141456","2414","3.145832","2487","3.1427","2413","3.14392","2434","3.141064","2432","3.142884","2433","3.141684","2401","3.14036","2473","3.139784","2431","3.13756","2340","3.13926","2431","3.141012","2433","3.142416","2400","3.140684","2430","3.144824","2432","3.143312","2432","3.142576","2394","3.140432","2398","3.143576","2429","3.139604","2432","3.141884","2469","3.142316","2396","3.142028","2437","3.141852","2429","3.142524","2472","3.141436","2356","3.141592","1906","3.142344","1905","3.14366","1939","3.144412","1902","3.142412","1904","3.141716","1906","3.140296","1904","3.139944","1912","3.140428","1907","3.137944","1911","3.140632","1875","3.142012","1911","3.140176","1874","3.141848","1872","3.140508","1892","3.143024","1892","3.14374","1930","3.142036","1924","3.14398","1924","3.141548","1924","3.142152","1924","3.141104","1925","3.13928","1890","3.14426","1890","3.141944","1923","3.140548","1926","3.142108","1924","3.141168","1923","3.142172","1923","3.14136","1923","3.144324","1922","3.141328","1922","3.139644","1923","3.142768","1921","3.14184","1924","3.139948","1922","3.142124","1922","3.140356","1922","3.140572","1921","3.142612","1924","3.141352","1924","3.1397","1921","3.138748","1923","3.140736","1924","3.138756","1924","3.14218","1918","3.140436","1919","3.139196","1919","3.141572160000001","2180","5628"
"2","3.1416","69","3.141296","1707","3.14222","1641","3.141124","1729","3.14336","1727","3.141048","1747","3.140544","1728","3.140964","1747","3.139464","1729","3.14436","1747","3.139004","1729","3.141888","1746","3.142032","1729","3.145612","1706","3.139812","1727","3.144072","1727","3.141596","1695","3.143848","1696","3.140736","1714","3.140524","1683","3.140336","1701","3.141216","1683","3.143536","1631","3.139944","1701","3.140992","1701","3.14404","1702","3.143048","1701","3.141256","1701","3.141492","1663","3.141508","1683","3.142556","1702","3.139908","1683","3.141584","1701","3.140376","1702","3.142856","1683","3.141592","1701","3.142016","1683","3.140064","1701","3.141072","1701","3.142744","1685","3.141216","1680","3.143172","1662","3.142372","1680","3.139592","1679","3.140128","1679","3.141968","1662","3.14016","1680","3.139864","1680","3.141856","1680","3.139992","1679","3.14524","1674","3.142628","1674","3.14184","1656","3.144252","1655","3.141424","1655","3.141412","1656","3.140296","1656","3.140836","1655","3.144064","1653","3.145172","1654","3.142856","1652","3.144452","1652","3.139744","1651","3.140948","1652","3.143868","1652","3.14154","1652","3.140928","1633","3.142184","1653","3.14194","1646","3.144612","1647","3.143644","1647","3.142796","1647","3.138152","1639","3.139564","1639","3.14284","1632","3.14196","1631","3.14312","1630","3.143352","1629","3.1392","1601","3.143372","1600","3.141976","1600","3.141524","1599","3.139428","1600","3.140992","1599","3.145528","1600","3.14092","1600","3.14494","1600","3.143656","1600","3.14206","1600","3.140444","1601","3.142176","1600","3.141616","1599","3.143844","1600","3.137616","1600","3.144872","1601","3.142576","1599","3.144028","1599","3.142604","1600","3.141144","1598","3.139716","1600","3.1418745600000006","1646","1750"
"3","3.142748","1262","3.138052","1533","3.140192","1436","3.140556","1510","3.139888","1533","3.141004","1511","3.139544","1533","3.142124","1533","3.138412","1511","3.141772","1511","3.144652","1533","3.140628","1530","3.141344","1516","3.144772","1419","3.143648","1494","3.142324","1494","3.141636","1488","3.142272","1411","3.14112","1482","3.142508","1503","3.14374","1480","3.143044","1480","3.142284","1492","3.142708","1493","3.141676","1492","3.142884","1492","3.140964","1492","3.141024","1471","3.142036","1492","3.141276","1492","3.14116","1492","3.1412","1470","3.141912","1476","3.140676","1476","3.143824","1476","3.141992","1453","3.140512","1475","3.142244","1511","3.139244","1506","3.141368","1489","3.144336","1489","3.141568","1470","3.140028","1506","3.142752","1506","3.143008","1499","3.14306","1482","3.142888","1515","3.140504","1498","3.142088","1515","3.139456","1515","3.140216","1498","3.138572","1515","3.1431","1498","3.142552","1498","3.13952","1514","3.140324","1498","3.14142","1498","3.142108","1498","3.14336","1498","3.14254","1514","3.13996","1498","3.14132","1498","3.140848","1498","3.140936","1498","3.142048","1514","3.142228","1514","3.141348","1498","3.143236","1482","3.140652","1514","3.143468","1514","3.139532","1494","3.141724","1494","3.141648","1510","3.140888","1494","3.14056","1494","3.1415","1494","3.142024","1510","3.1419","1494","3.142456","1494","3.141064","1494","3.141604","1510","3.140108","1494","3.141192","1509","3.14048","1493","3.143872","1493","3.140564","1509","3.141048","1493","3.141412","1509","3.1413","1493","3.14174","1493","3.141564","1492","3.139924","1492","3.142348","1509","3.13904","1509","3.141772","1509","3.141508","1492","3.143496","1504","3.142612","1488","3.140768","1504","3.140556","1504","3.1415461200000014","1494","1587"
"4","3.142864","1177","3.142748","1181","3.143312","1298","3.13998","1145","3.139","1178","3.143084","1180","3.143968","1138","3.140404","1261","3.142084","1132","3.14","1262","3.140456","1388","3.14346","1376","3.144156","1375","3.143548","1324","3.139712","1428","3.14146","1464","3.142388","1503","3.141444","1465","3.139072","1382","3.143288","1474","3.141844","1465","3.140992","1474","3.141716","1464","3.142804","1477","3.142488","1544","3.143176","1423","3.14072","1512","3.139304","1507","3.141372","1504","3.142216","1551","3.14412","1545","3.143872","1461","3.141736","1491","3.13954","1570","3.141808","1523","3.144132","1495","3.141688","1570","3.139728","1483","3.143676","1480","3.140268","1536","3.139356","1521","3.142992","1528","3.142112","1482","3.1433","1531","3.141252","1525","3.14136","1538","3.14124","1534","3.140056","1543","3.142848","1476","3.139568","1515","3.141444","1523","3.140916","1520","3.142848","1526","3.14308","1560","3.141684","1593","3.139696","1549","3.142604","1560","3.144712","1547","3.140148","1560","3.141492","1562","3.143936","1547","3.13844","1551","3.143828","1548","3.142596","1574","3.140988","1541","3.140284","1575","3.145432","1507","3.140916","1575","3.142024","1536","3.14178","1544","3.141924","1574","3.139644","1574","3.145328","1574","3.143072","1540","3.144312","1574","3.140992","1574","3.1403","1574","3.1413","1538","3.142148","1536","3.141488","1535","3.1408","1559","3.14154","1555","3.1416","1559","3.143672","1559","3.14022","1532","3.141148","1555","3.141312","1555","3.140004","1559","3.141168","1559","3.143056","1531","3.14346","1554","3.141124","1555","3.140636","1550","3.143552","1549","3.143556","1546","3.142208","1545","3.142596","1550","3.142708","1550","3.142844","1545","3.143508","1546","3.1418777999999996","1490","1651"
"5","3.140532","706","3.142536","1149","3.140436","1179","3.14402","1189","3.141556","1147","3.139804","1181","3.140848","1224","3.14086","1224","3.143448","1180","3.140384","1182","3.137232","1179","3.143936","1224","3.144344","1181","3.141332","1182","3.139908","1224","3.141668","1189","3.13856","1188","3.139856","1182","3.143028","1189","3.140868","1224","3.140824","1061","3.13966","1180","3.1453","1181","3.14654","1181","3.141672","1249","3.1423","1242","3.139988","1281","3.143396","1211","3.1403","1242","3.143432","1292","3.1438","1250","3.142892","1314","3.142384","1314","3.14296","1234","3.14028","1314","3.143084","1274","3.143104","1195","3.145084","1234","3.139504","1264","3.142552","1220","3.141876","1268","3.141856","1266","3.142884","1304","3.139476","1345","3.143296","1349","3.13754","1347","3.142352","1346","3.141676","1346","3.146676","1339","3.142308","1339","3.139132","1351","3.138992","1347","3.140788","1304","3.13866","1344","3.138872","1346","3.139076","1345","3.146412","1351","3.14204","1302","3.143428","1312","3.142124","1349","3.14262","1337","3.142348","1351","3.140908","1348","3.141104","1347","3.141164","1348","3.142168","1345","3.140704","1336","3.139052","1342","3.139456","1343","3.142816","1349","3.141228","1345","3.141088","1336","3.144016","1347","3.1429","1336","3.144868","1335","3.141256","1344","3.139396","1343","3.139384","1343","3.139956","1342","3.143536","1335","3.141008","1343","3.139432","1341","3.1424","1349","3.1417","1345","3.143748","1343","3.143168","1346","3.142448","1310","3.143596","1344","3.14506","1336","3.140604","1308","3.141332","1348","3.141828","1334","3.140028","1334","3.140788","1348","3.141412","1341","3.139364","1308","3.142652","1307","3.142616","1335","3.139692","1345","3.138644","1342","3.1416516399999996","1282","1434"
"6","3.141808","1604","3.140764","1519","3.140672","1604","3.14008","1603","3.142808","1511","3.139032","1596","3.142288","1596","3.1409","1512","3.143712","1511","3.14078","1511","3.139136","1587","3.140108","1549","3.14254","1568","3.140524","1548","3.140084","1548","3.144296","1548","3.143008","1503","3.144608","1548","3.1413","1502","3.14044","1547","3.143408","1547","3.144292","1547","3.139496","1548","3.139796","1547","3.141672","1503","3.144024","1568","3.142856","1532","3.142396","1571","3.141088","1552","3.143256","1570","3.142256","1571","3.140952","1551","3.138236","1552","3.140572","1552","3.141192","1552","3.141952","1572","3.14426","1549","3.13882","1567","3.141816","1549","3.1412","1567","3.140508","1568","3.145464","1568","3.140208","1567","3.14084","1567","3.140904","1567","3.141184","1568","3.14364","1558","3.139756","1539","3.141164","1518","3.143144","1559","3.141604","1559","3.142956","1559","3.144644","1558","3.143048","1547","3.142692","1546","3.141708","1546","3.143496","1547","3.142512","1547","3.144452","1547","3.141","1546","3.141264","1546","3.141624","1547","3.142648","1546","3.144208","1546","3.140276","1546","3.141404","1546","3.142288","1527","3.141268","1547","3.142168","1546","3.14518","1546","3.144004","1546","3.138604","1546","3.140932","1547","3.142612","1547","3.143196","1547","3.140576","1547","3.139508","1546","3.14156","1546","3.138868","1545","3.140516","1546","3.142996","1546","3.14072","1547","3.139808","1527","3.139236","1546","3.142512","1516","3.143476","1513","3.13996","1513","3.143064","1513","3.140272","1512","3.138696","1513","3.141348","1513","3.137396","1512","3.142248","1513","3.140772","1512","3.138992","1512","3.143556","1513","3.141392","1512","3.143652","1512","3.14088","1512","3.141992","1512","3.1416302399999996","1544","1605"
"7","3.144016","1278","3.140452","1613","3.140368","1595","3.141188","1651","3.143604","1614","3.14262","1569","3.144508","1612","3.140188","1613","3.143672","1605","3.140912","1578","3.14404","1620","3.139592","1599","3.142352","1599","3.143128","1616","3.14106","1616","3.141236","1615","3.142904","1615","3.144292","1616","3.140984","1616","3.13956","1616","3.1428","1615","3.142024","1616","3.140356","1616","3.142824","1595","3.141596","1615","3.145056","1595","3.140208","1615","3.145624","1615","3.141288","1615","3.143544","1615","3.141348","1593","3.141792","1615","3.14196","1615","3.141176","1594","3.14314","1615","3.1414","1614","3.142836","1615","3.139828","1614","3.140352","1594","3.140872","1594","3.139912","1594","3.143308","1614","3.142784","1614","3.139788","1614","3.143064","1599","3.142124","1589","3.146128","1573","3.139908","1589","3.136092","1572","3.138556","1588","3.140528","1588","3.140764","1589","3.144788","1572","3.139784","1571","3.139212","1588","3.138764","1589","3.139828","1588","3.142064","1572","3.142956","1588","3.142048","1588","3.140228","1589","3.141144","1588","3.141304","1589","3.1443","1588","3.144744","1581","3.143976","1563","3.1431","1571","3.140532","1571","3.141252","1571","3.144044","1571","3.14364","1571","3.141976","1571","3.143028","1566","3.14082","1550","3.142352","1564","3.140828","1564","3.142004","1564","3.14276","1564","3.142744","1565","3.142604","1564","3.142992","1564","3.141984","1564","3.142716","1564","3.141668","1564","3.143704","1564","3.140416","1563","3.141776","1564","3.14006","1564","3.142604","1564","3.144848","1683","3.13906","1564","3.142916","1564","3.141708","1563","3.139512","1560","3.141148","1546","3.141532","1546","3.1437","1546","3.14386","1545","3.144228","1545","3.141796","1546","3.1419270800000003","1585","1771"
"8","3.14268","1183","3.141692","1367","3.145472","1438","3.14014","1396","3.138496","1372","3.14026","1438","3.142652","1410","3.141124","1438","3.142752","1416","3.13978","1438","3.142832","1402","3.140992","1399","3.139032","1402","3.143","1438","3.140684","1399","3.1405","1398","3.14074","1396","3.138144","1437","3.140996","1438","3.141712","1416","3.141264","1368","3.140788","1438","3.14352","1396","3.13978","1437","3.142468","1373","3.141372","1415","3.139756","1438","3.141248","1437","3.143924","1407","3.139064","1396","3.140596","1396","3.142356","1416","3.142504","1396","3.142464","1367","3.142248","1396","3.139608","1407","3.140412","1352","3.140288","1396","3.140716","1437","3.141472","1415","3.141532","1437","3.14198","1437","3.141152","1398","3.14018","1395","3.14334","1437","3.142872","1373","3.140148","1395","3.141152","1408","3.141412","1437","3.14394","1401","3.140348","1437","3.142432","1355","3.141164","1437","3.143636","1416","3.13964","1398","3.142404","1414","3.139972","1411","3.139592","1437","3.143504","1407","3.13992","1414","3.142056","1401","3.140252","1437","3.141484","1437","3.142264","1407","3.141296","1396","3.140808","1397","3.14102","1395","3.141528","1437","3.13904","1437","3.139592","1367","3.138088","1437","3.142484","1392","3.138704","1392","3.142996","1433","3.143464","1391","3.141084","1433","3.140864","1362","3.141216","1363","3.14164","1410","3.142216","1412","3.142888","1403","3.140944","1407","3.141304","1433","3.142944","1391","3.140828","1362","3.144432","1391","3.14066","1408","3.143068","1355","3.138888","1433","3.138796","1432","3.141912","1365","3.139824","1432","3.142748","1405","3.142252","1397","3.140964","1396","3.141448","1393","3.13866","1433","3.141404","1411","3.137652","1433","3.143148","1433","3.14126708","1405","1439"
"9","3.142324","1068","3.14052","1146","3.142196","1093","3.14246","1094","3.140684","1093","3.139824","1146","3.142316","1094","3.142292","1171","3.145956","1093","3.142624","1146","3.14064","1093","3.140212","1094","3.139708","1093","3.140152","1145","3.14104","1335","3.140208","1266","3.142028","1295","3.141356","1374","3.14088","1374","3.141044","1335","3.139932","1335","3.14186","1299","3.1407","1355","3.14006","1335","3.14128","1335","3.138004","1374","3.141476","1374","3.140976","1295","3.14138","1374","3.140072","1374","3.142176","1299","3.143136","1334","3.145236","1339","3.140332","1374","3.139416","1334","3.14292","1336","3.140984","1374","3.140772","1374","3.138216","1374","3.144976","1294","3.142864","1344","3.140828","1373","3.142808","1373","3.141464","1312","3.143744","1374","3.14248","1334","3.142204","1329","3.141424","1369","3.14292","1369","3.143192","1306","3.14398","1369","3.141712","1369","3.143316","1332","3.142192","1305","3.140292","1367","3.1421","1338","3.14254","1297","3.138496","1367","3.139496","1333","3.143028","1330","3.139732","1341","3.140512","1330","3.14328","1367","3.140764","1367","3.140448","1368","3.139228","1367","3.14142","1340","3.143652","1335","3.141488","1367","3.142608","1337","3.14038","1331","3.138824","1348","3.141128","1367","3.141432","1335","3.14034","1367","3.14164","1329","3.142768","1367","3.143964","1367","3.140592","1367","3.138404","1367","3.140508","1341","3.142688","1336","3.143724","1367","3.142184","1331","3.140604","1333","3.144196","1328","3.142288","1361","3.14374","1361","3.140888","1324","3.139992","1362","3.141632","1334","3.141732","1361","3.139536","1362","3.140832","1334","3.141656","1362","3.142468","1322","3.142512","1321","3.139252","1361","3.141908","1362","3.141904","1361","3.1415029600000013","1313","1398"
"10","3.142152","114","3.139832","1352","3.143364","1355","3.140256","1352","3.141372","1350","3.139924","1347","3.140824","1346","3.138336","1355","3.142296","1355","3.141176","1353","3.13902","1346","3.143972","1347","3.144316","1355","3.13824","1346","3.142688","1320","3.139356","1351","3.144508","1350","3.14094","1352","3.141228","1353","3.139672","1355","3.143976","1352","3.141144","1352","3.141068","1347","3.142108","1347","3.140204","1346","3.140752","1347","3.139064","1354","3.140528","1353","3.141476","1349","3.141876","1352","3.141064","1347","3.140148","1352","3.14252","1349","3.139744","1355","3.141872","1353","3.13822","1347","3.141408","1349","3.14054","1354","3.141168","1346","3.141336","1355","3.140072","1347","3.143336","1351","3.1408","1355","3.141044","1348","3.141232","1347","3.1418","1346","3.143268","1355","3.139972","1346","3.141872","1353","3.143384","1352","3.144032","1352","3.141316","1347","3.140016","1355","3.140972","1346","3.141684","1351","3.140944","1352","3.144288","1352","3.14264","1354","3.14","1346","3.142492","1350","3.141024","1352","3.14362","1345","3.143104","1352","3.142328","1352","3.143268","1350","3.14056","1346","3.14066","1346","3.139824","1351","3.143384","1346","3.139868","1354","3.145168","1345","3.140676","1351","3.142036","1311","3.145272","1347","3.140152","1348","3.141432","1351","3.1405","1351","3.142104","1352","3.1437","1354","3.141268","1352","3.137548","1352","3.141792","1347","3.140236","1350","3.14008","1349","3.142684","1354","3.140716","1352","3.140204","1347","3.142108","1347","3.140592","1350","3.141376","1351","3.141364","1348","3.142352","1354","3.142172","1351","3.143232","1346","3.141688","1346","3.140168","1346","3.141128","1354","3.14096","1354","3.139972","1346","3.141944","1351","3.14141116","1337","1356"
"11","3.142172","985","3.141604","1327","3.141076","1333","3.1412","1332","3.143628","1328","3.141176","1324","3.142092","1328","3.14158","1328","3.140848","1332","3.140268","1337","3.140252","1331","3.142004","1342","3.144048","1324","3.144284","1332","3.139452","1324","3.143008","1324","3.145244","1324","3.137076","1332","3.143692","1332","3.138896","1335","3.136","1335","3.140676","1335","3.142388","1334","3.139596","1328","3.14262","1342","3.144236","1340","3.138724","1307","3.141264","1321","3.140508","1298","3.141936","1310","3.141376","1298","3.14278","1295","3.141228","1295","3.14224","1286","3.13838","1296","3.14352","1298","3.142976","1298","3.139436","1303","3.144184","1295","3.137908","1286","3.142948","1298","3.1382","1292","3.144132","1295","3.142076","1296","3.137712","1298","3.14068","1286","3.142236","1305","3.1428","1294","3.14262","1294","3.140316","1250","3.14076","1280","3.142976","1280","3.139476","1280","3.14504","1279","3.140252","1251","3.140472","1280","3.140172","1280","3.142536","1257","3.143224","1280","3.142168","1279","3.142364","1279","3.141856","1279","3.140988","1280","3.142652","1280","3.139992","1280","3.140476","1280","3.14202","1279","3.143964","1280","3.143056","1279","3.144272","1280","3.142756","1280","3.140584","1280","3.142888","1279","3.141284","1279","3.143324","1259","3.1396","1279","3.142076","1279","3.143312","1280","3.142192","1280","3.142752","1280","3.141004","1279","3.143612","1260","3.139848","1279","3.143468","1279","3.139224","1279","3.14142","1279","3.140672","1255","3.141308","1259","3.142364","1279","3.142564","1280","3.13968","1262","3.143312","1262","3.142052","1262","3.142084","1261","3.141348","1262","3.144516","1262","3.139276","1262","3.141088","1261","3.14104","1262","3.141872","1262","3.1416053199999987","1290","1367"
"12","3.138096","709","3.14352","710","3.142744","1066","3.14146","1045","3.142884","1229","3.141928","1045","3.140048","983","3.142476","1114","3.142472","1061","3.141412","1045","3.142468","979","3.142716","1061","3.142928","1020","3.141728","1393","3.14214","1368","3.139492","1393","3.139544","1368","3.143456","1393","3.142152","1429","3.138516","1428","3.14246","1429","3.142908","1395","3.142812","1431","3.140348","1394","3.140904","1368","3.14088","1428","3.144424","1429","3.142492","1403","3.144752","1394","3.14048","1394","3.140664","1428","3.141128","1394","3.142596","1430","3.140428","1428","3.142024","1440","3.143948","1429","3.141532","1429","3.141048","1436","3.141632","1428","3.140196","1404","3.142004","1400","3.142872","1357","3.144544","1394","3.143328","1322","3.142236","1428","3.141788","1406","3.141516","1465","3.140316","1434","3.143988","1369","3.139212","1394","3.140984","1436","3.142024","1464","3.140324","1403","3.143916","1440","3.140288","1423","3.141832","1442","3.138448","1437","3.140788","1440","3.139844","1442","3.140324","1425","3.1426","1432","3.1436","1441","3.140692","1442","3.141084","1442","3.140704","1435","3.141936","1435","3.143556","1441","3.13926","1435","3.144068","1437","3.141804","1423","3.13968","1432","3.141408","1441","3.13818","1436","3.142924","1423","3.141188","1442","3.14002","1441","3.138","1437","3.144824","1441","3.142308","1433","3.140852","1433","3.140208","1439","3.140668","1427","3.142876","1426","3.142728","1427","3.142084","1431","3.14214","1419","3.138628","1413","3.140244","1420","3.142908","1414","3.142512","1426","3.140916","1426","3.14152","1427","3.140424","1419","3.140032","1427","3.143336","1420","3.141516","1425","3.141712","1425","3.141644","1408","3.144884","1416","3.14102","1427","3.1416109999999993","1366","1499"
"13","3.140688","620","3.139952","723","3.142008","720","3.143648","1339","3.143644","1237","3.140332","1311","3.138144","1305","3.144496","1269","3.138868","1270","3.139424","1275","3.144124","1270","3.138468","1303","3.140916","1274","3.140828","1304","3.143028","1278","3.138924","1305","3.14406","1304","3.140988","1304","3.144252","1400","3.14016","1400","3.141408","1276","3.14072","1374","3.140444","1275","3.141752","1236","3.141096","1505","3.139728","1505","3.140316","1464","3.1415","1434","3.142528","1460","3.140788","1459","3.1391","1377","3.142844","1460","3.14058","1409","3.143296","1460","3.142332","1464","3.14018","1513","3.140292","1402","3.137456","1491","3.14164","1530","3.141252","1539","3.14084","1541","3.139068","1504","3.141732","1534","3.142568","1529","3.139716","1528","3.143552","1529","3.141832","1540","3.144204","1540","3.140608","1540","3.141984","1530","3.141684","1535","3.138104","1540","3.141496","1529","3.141832","1529","3.141076","1530","3.141488","1536","3.144564","1534","3.141332","1537","3.142004","1538","3.13894","1529","3.1412","1536","3.140852","1537","3.140344","1529","3.140912","1539","3.142444","1538","3.142268","1529","3.140628","1531","3.141828","1535","3.139608","1504","3.142836","1529","3.143288","1537","3.142512","1529","3.14356","1533","3.140864","1538","3.139788","1537","3.14266","1528","3.14304","1529","3.142232","1538","3.143596","1538","3.144788","1534","3.140676","1539","3.140004","1494","3.138344","1503","3.142444","1532","3.141728","1491","3.145328","1529","3.139212","1493","3.142108","1528","3.143","1534","3.141984","1496","3.138908","1537","3.142836","1528","3.143396","1530","3.143504","1529","3.138684","1503","3.142428","1535","3.142136","1505","3.141256","1506","3.141576","1532","3.141444","1528","3.1414507200000004","1445","1592"
"14","3.14426","1558","3.139672","1467","3.144272","1513","3.140568","1539","3.141616","1458","3.138484","1547","3.142528","1677","3.138892","1540","3.140192","1497","3.141188","1678","3.14298","1542","3.140924","1538","3.142044","1539","3.141412","1499","3.142256","1503","3.142628","1536","3.142536","1678","3.141732","1538","3.139304","1540","3.141408","1459","3.142476","1498","3.144548","1501","3.142044","1500","3.139936","1539","3.140324","1676","3.143596","1543","3.140868","1540","3.141244","1585","3.143136","1539","3.142716","1466","3.139656","1468","3.141524","1459","3.142896","1514","3.140128","1513","3.145128","1501","3.141756","1501","3.140644","1497","3.13758","1539","3.14288","1408","3.13946","1444","3.142912","1539","3.142404","1503","3.140936","1497","3.143408","1444","3.140672","1498","3.143652","1539","3.142036","1499","3.139016","1513","3.141692","1546","3.141856","1539","3.146116","1541","3.141256","1557","3.141264","1542","3.141512","1535","3.140736","1585","3.14186","1584","3.144288","1586","3.141824","1653","3.143956","1575","3.143752","1575","3.140824","1653","3.140804","1588","3.138596","1595","3.142736","1653","3.142796","1653","3.141728","1653","3.143124","1575","3.142376","1614","3.140352","1575","3.141644","1590","3.141832","1613","3.14224","1587","3.14048","1573","3.142912","1612","3.144916","1587","3.141672","1652","3.141504","1613","3.137236","1652","3.143376","1612","3.139768","1613","3.140044","1587","3.140224","1576","3.143432","1585","3.139496","1652","3.140596","1652","3.139528","1612","3.140124","1651","3.140948","1588","3.145852","1612","3.138484","1571","3.141844","1572","3.142908","1557","3.142004","1540","3.141704","1540","3.138016","1540","3.144532","1539","3.141072","1516","3.142376","1544","3.141924","1540","3.135784","1540","3.141583920000001","1557","1696"
"15","3.143376","1261","3.145136","1211","3.142272","1224","3.144892","1193","3.142696","1193","3.139096","1131","3.138448","1260","3.139","1260","3.143436","1140","3.14182","1259","3.141252","1224","3.142464","1215","3.140384","1214","3.143264","1258","3.140464","1258","3.142052","1224","3.140624","1260","3.141248","1213","3.140304","1440","3.14426","1450","3.13968","1440","3.140468","1450","3.143212","1439","3.141936","1451","3.143828","1451","3.140992","1402","3.140744","1474","3.139532","1451","3.143264","1439","3.141472","1451","3.143584","1399","3.13834","1475","3.142788","1440","3.140468","1474","3.139212","1474","3.14242","1414","3.1414","1451","3.140684","1440","3.140096","1439","3.139976","1438","3.143176","1403","3.141764","1439","3.142816","1442","3.141004","1415","3.141808","1442","3.141916","1399","3.143524","1473","3.142936","1440","3.13724","1451","3.14136","1475","3.143416","1438","3.14132","1440","3.140304","1472","3.141868","1474","3.13958","1474","3.14384","1414","3.143224","1450","3.144104","1439","3.14068","1398","3.139312","1450","3.140832","1439","3.14142","1439","3.140152","1472","3.140316","1442","3.143744","1472","3.144196","1436","3.143332","1474","3.137096","1399","3.142352","1376","3.1405","1438","3.137884","1474","3.140424","1440","3.142088","1450","3.141724","1466","3.143004","1470","3.141552","1436","3.143936","1503","3.142336","1469","3.14018","1448","3.139092","1487","3.141852","1448","3.141568","1436","3.14228","1467","3.14086","1467","3.141412","1500","3.139768","1446","3.139304","1433","3.143892","1467","3.1436","1500","3.14254","1484","3.141104","1467","3.143504","1467","3.14512","1467","3.143656","1500","3.141312","1467","3.142484","1438","3.142536","1500","3.14106","1500","3.140832","1434","3.143216","1500","3.14163836","1410","1568"
"16","3.14068","1279","3.14626","1278","3.142828","1448","3.141524","1471","3.14082","1471","3.140808","1471","3.14142","1471","3.143284","1449","3.140092","1456","3.141868","1437","3.141308","1480","3.141148","1459","3.138752","1459","3.141632","1459","3.14104","1460","3.142728","1476","3.14124","1454","3.141876","1477","3.142852","1454","3.142248","1476","3.142056","1477","3.144004","1475","3.14066","1476","3.144188","1477","3.141936","1477","3.139848","1476","3.139296","1453","3.14002","1453","3.14134","1501","3.141084","1501","3.143128","1477","3.14104","1475","3.1408","1475","3.143068","1475","3.145692","1454","3.140968","1454","3.147096","1477","3.140416","1474","3.146328","1476","3.137432","1474","3.140188","1454","3.141148","1476","3.138516","1453","3.142128","1475","3.141596","1453","3.141936","1453","3.143804","1476","3.139072","1476","3.14316","1475","3.143596","1453","3.138852","1474","3.144088","1476","3.14242","1476","3.139356","1453","3.13974","1474","3.143908","1454","3.14008","1475","3.142128","1474","3.139312","1474","3.139336","1474","3.14018","1474","3.141176","1474","3.141012","1485","3.1404","1460","3.1425","1461","3.141608","1485","3.141932","1461","3.141016","1461","3.141316","1461","3.142512","1461","3.143172","1485","3.146436","1461","3.142056","1484","3.14076","1455","3.144512","1438","3.141476","1438","3.144128","1438","3.142156","1438","3.141704","1438","3.141072","1438","3.141416","1438","3.13976","1438","3.139816","1438","3.141748","1438","3.141584","1437","3.141244","1438","3.141908","1438","3.13932","1438","3.14148","1438","3.14128","1438","3.141616","1437","3.141456","1438","3.1427","1438","3.144368","1438","3.142096","1434","3.144412","1438","3.141624","1438","3.139392","1437","3.144044","1438","3.136988","1438","3.1416854799999987","1456","1523"
"17","3.140612","456","3.140776","1363","3.140456","1391","3.138552","1361","3.136936","1305","3.141576","1306","3.141412","1389","3.141748","1391","3.143868","1361","3.142828","1334","3.139872","1363","3.138924","1361","3.142572","1292","3.14168","1401","3.14068","1402","3.142528","1346","3.142264","1373","3.142272","1473","3.1435","1373","3.142848","1469","3.137788","1426","3.14332","1475","3.141576","1402","3.140612","1470","3.143096","1435","3.141004","1426","3.142096","1393","3.143328","1401","3.142524","1470","3.144468","1425","3.14298","1505","3.14022","1418","3.141624","1522","3.143972","1503","3.146388","1480","3.141688","1462","3.139112","1512","3.142564","1462","3.144956","1503","3.143508","1480","3.140764","1481","3.139372","1538","3.14436","1504","3.14162","1470","3.140072","1538","3.143052","1507","3.145184","1503","3.142316","1492","3.141108","1492","3.142504","1493","3.140332","1529","3.141736","1502","3.140512","1494","3.143704","1493","3.142292","1492","3.142176","1512","3.138736","1529","3.143436","1498","3.1409","1494","3.140392","1501","3.141404","1493","3.144492","1497","3.140252","1529","3.143352","1497","3.141784","1512","3.13932","1529","3.14068","1502","3.14318","1471","3.14256","1498","3.141644","1512","3.140356","1503","3.141836","1512","3.141444","1512","3.14202","1512","3.141536","1493","3.139776","1456","3.139764","1511","3.140744","1493","3.14172","1501","3.141604","1528","3.142004","1512","3.140524","1493","3.142172","1498","3.139968","1502","3.14172","1501","3.14104","1493","3.143096","1497","3.14146","1501","3.145148","1452","3.140304","1528","3.139236","1499","3.140868","1493","3.141624","1508","3.141188","1498","3.144732","1514","3.141808","1477","3.142648","1511","3.143168","1511","3.142392","1510","3.142364","1510","3.141742280000001","1458","1568"
"18","3.139348","1192","3.143836","1507","3.141872","1507","3.138456","1475","3.140544","1508","3.140716","1508","3.1415","1507","3.142716","1474","3.143332","1509","3.140928","1507","3.141144","1507","3.142292","1474","3.13966","1474","3.141208","1508","3.141144","1530","3.14092","1531","3.138476","1474","3.141892","1475","3.145416","1507","3.140488","1475","3.142708","1488","3.140728","1511","3.141832","1510","3.142424","1488","3.142024","1454","3.140656","1489","3.143192","1489","3.14166","1488","3.141756","1454","3.139644","1489","3.140056","1487","3.144136","1488","3.143256","1488","3.141848","1486","3.140868","1486","3.143824","1508","3.141624","1488","3.1436","1486","3.1403","1488","3.142452","1454","3.140752","1510","3.141872","1488","3.142048","1488","3.145228","1500","3.140556","1503","3.141244","1503","3.142228","1481","3.139544","1503","3.143072","1500","3.14102","1481","3.14204","1447","3.143016","1481","3.141144","1498","3.1392","1473","3.14462","1498","3.14474","1473","3.141672","1473","3.138948","1498","3.138668","1451","3.139016","1452","3.143684","1473","3.144124","1473","3.14288","1474","3.143096","1473","3.1391","1474","3.141396","1473","3.141104","1498","3.138704","1497","3.139736","1498","3.139496","1473","3.14212","1473","3.14042","1479","3.138668","1479","3.146","1478","3.140848","1479","3.14272","1479","3.142476","1479","3.139108","1479","3.142652","1479","3.142028","1479","3.142184","1479","3.142732","1479","3.141044","1479","3.140496","1479","3.140552","1478","3.140124","1479","3.140792","1479","3.137232","1479","3.140924","1479","3.14244","1479","3.14124","1479","3.142304","1479","3.145148","1479","3.142388","1479","3.138868","1479","3.144884","1479","3.141584","1479","3.140748","1479","3.143016","1479","3.141408","1479","3.1415557199999995","1482","1556"
"19","3.142144","1343","3.140208","1618","3.141856","1618","3.141216","1619","3.13836","1618","3.140204","1618","3.143376","1619","3.142588","1598","3.143928","1598","3.14146","1598","3.138588","1618","3.142256","1619","3.142132","1619","3.141248","1618","3.14186","1597","3.14502","1610","3.14118","1584","3.141228","1610","3.141416","1605","3.142532","1605","3.139832","1604","3.143796","1584","3.1406","1604","3.138844","1604","3.141368","1605","3.141524","1605","3.141316","1604","3.140564","1604","3.141052","1614","3.140572","1604","3.141172","1615","3.140608","1615","3.13854","1604","3.138952","1584","3.141652","1584","3.145636","1606","3.142652","1614","3.142432","1605","3.140824","1584","3.141752","1599","3.142232","1599","3.14264","1598","3.142088","1599","3.140784","1614","3.141892","1585","3.142964","1592","3.140456","1638","3.14486","1637","3.140524","1660","3.140488","1635","3.142548","1633","3.138508","1631","3.14214","1661","3.140728","1621","3.141372","1621","3.14112","1626","3.138304","1627","3.139344","1621","3.141396","1593","3.142644","1630","3.140492","1637","3.141792","1637","3.14096","1631","3.142764","1659","3.142588","1659","3.1418","1635","3.141608","1637","3.143244","1627","3.140512","1621","3.141144","1658","3.144392","1660","3.14192","1623","3.141804","1638","3.141108","1661","3.14232","1637","3.142924","1630","3.14142","1621","3.140404","1656","3.143672","1622","3.139936","1606","3.142876","1644","3.139308","1643","3.143196","1642","3.14358","1607","3.140912","1643","3.141804","1625","3.140428","1624","3.141892","1623","3.142476","1620","3.143936","1622","3.14274","1618","3.144428","1617","3.140544","1612","3.141564","1613","3.141936","1613","3.141728","1613","3.139568","1613","3.143488","1613","3.138112","1613","3.142476","1612","3.141573159999999","1615","1709"
"20","3.141876","1073","3.14034","1363","3.142452","1460","3.140488","1460","3.140676","1491","3.143376","1490","3.140648","1547","3.140196","1491","3.141952","1547","3.14188","1431","3.142216","1461","3.141264","1490","3.14138","1128","3.14392","1461","3.136564","1528","3.14288","1528","3.14226","1527","3.144344","1527","3.144456","1526","3.143892","1526","3.1406","1527","3.140244","1528","3.13848","1506","3.139076","1544","3.140408","1506","3.141008","1527","3.140088","1470","3.139324","1526","3.143436","1513","3.141432","1514","3.14322","1513","3.140764","1513","3.140852","1513","3.141828","1524","3.142788","1486","3.138916","1508","3.145056","1525","3.13994","1507","3.136912","1506","3.140132","1524","3.140996","1524","3.140952","1507","3.14436","1525","3.140364","1524","3.139732","1507","3.144512","1507","3.142968","1507","3.140968","1507","3.141532","1507","3.142336","1507","3.142912","1507","3.1433","1502","3.142384","1519","3.141908","1502","3.142584","1519","3.14178","1502","3.141968","1501","3.143012","1502","3.14046","1480","3.141648","1480","3.142776","1480","3.140152","1497","3.144368","1480","3.141948","1480","3.143856","1480","3.144504","1480","3.139988","1480","3.143536","1480","3.141332","1480","3.140516","1497","3.140504","1480","3.14238","1480","3.142464","1480","3.138304","1480","3.140832","1480","3.141672","1497","3.141348","1497","3.142352","1479","3.144856","1496","3.141776","1497","3.141076","1497","3.141576","1496","3.14218","1479","3.143152","1496","3.140712","1478","3.141312","1480","3.1425","1497","3.14158","1479","3.13924","1479","3.141468","1497","3.143076","1497","3.144008","1480","3.139052","1479","3.143648","1479","3.141032","1479","3.140776","1480","3.139788","1480","3.141148","1496","3.139","1479","3.140856","1497","3.1415888399999985","1488","1566"
"21","3.141628","1659","3.143596","1658","3.142544","1588","3.140536","1609","3.143356","1610","3.142344","1587","3.139572","1587","3.143152","1588","3.142204","1610","3.140892","1587","3.1388","1610","3.14342","1587","3.14208","1689","3.143172","1635","3.144412","1611","3.14392","1587","3.144632","1610","3.141844","1609","3.14194","1587","3.140204","1587","3.1415","1609","3.140428","1637","3.14024","1616","3.14072","1589","3.142952","1636","3.144352","1636","3.140968","1589","3.14406","1615","3.141612","1588","3.145164","1638","3.141016","1640","3.142896","1615","3.143552","1664","3.143348","1632","3.14138","1663","3.141284","1632","3.142108","1664","3.1398","1583","3.141076","1664","3.144256","1612","3.139184","1664","3.13986","1635","3.142312","1612","3.14354","1585","3.14188","1637","3.141476","1585","3.1438","1636","3.141864","1664","3.144236","1664","3.138332","1609","3.141064","1632","3.140596","1664","3.1438","1664","3.143028","1612","3.140272","1664","3.141796","1608","3.145192","1663","3.140724","1636","3.141716","1647","3.140928","1646","3.141588","1612","3.142444","1608","3.146244","1624","3.138336","1649","3.142008","1623","3.140956","1623","3.143664","1623","3.142276","1649","3.142588","1623","3.140572","1649","3.141624","1626","3.13974","1623","3.140628","1649","3.141208","1623","3.13936","1624","3.143196","1649","3.142548","1649","3.141032","1649","3.142536","1622","3.145084","1649","3.14412","1649","3.145564","1623","3.141964","1626","3.139756","1622","3.139944","1624","3.139444","1622","3.141496","1556","3.140024","1556","3.143524","1559","3.141592","1556","3.144692","1556","3.141064","1555","3.14096","1556","3.141328","1559","3.141856","1559","3.14192","1555","3.143068","1534","3.141548","1559","3.14288","1556","3.141348","1556","3.14198284","1616","1720"
"22","3.141988","870","3.143716","870","3.140804","1332","3.14128","1273","3.1429","1241","3.138548","1232","3.14186","1326","3.14002","1289","3.14332","1232","3.143592","1282","3.141996","1358","3.141268","1315","3.143824","1285","3.143668","1316","3.140176","1276","3.144724","1315","3.141032","1274","3.143236","1284","3.142864","1316","3.140944","1289","3.142308","1275","3.141132","1315","3.140768","1284","3.141836","1249","3.140736","1232","3.139264","1276","3.141312","1282","3.143024","1283","3.139292","1315","3.138376","1276","3.139908","1282","3.135064","1245","3.141844","1315","3.142428","1273","3.139052","1282","3.139404","1248","3.140756","1283","3.142208","1244","3.14234","1275","3.140556","1316","3.142216","1281","3.144948","1357","3.142516","1379","3.139368","1350","3.139852","1345","3.139332","1330","3.14166","1378","3.141308","1379","3.14274","1344","3.140996","1345","3.141208","1379","3.143452","1379","3.1396","1389","3.139148","1390","3.142768","1378","3.14332","1335","3.141428","1377","3.141804","1388","3.14028","1388","3.140568","1303","3.14124","1372","3.139388","1384","3.140068","1374","3.142508","1384","3.140592","1342","3.141676","1384","3.143104","1384","3.141664","1325","3.141928","1384","3.143472","1373","3.140148","1372","3.14118","1373","3.141596","1384","3.140548","1384","3.143656","1384","3.13908","1384","3.138892","1384","3.13964","1384","3.14188","1374","3.141212","1372","3.140976","1373","3.140884","1384","3.141756","1372","3.144868","1384","3.140356","1384","3.143644","1374","3.141416","1384","3.14262","1384","3.14298","1384","3.139592","1384","3.143804","1373","3.144496","1326","3.139748","1384","3.1406","1384","3.142904","1374","3.139684","1372","3.144216","1372","3.140424","1373","3.142744","1384","3.143024","1371","3.1414608799999986","1327","1458"
"23","3.142116","71","3.142728","751","3.142352","1051","3.14102","607","3.139792","606","3.139396","1017","3.141244","1644","3.14444","1654","3.143744","1608","3.142848","1617","3.141448","1654","3.142068","1652","3.142048","1646","3.1411","1612","3.142532","1612","3.140592","1646","3.143648","1645","3.142348","1646","3.14096","1645","3.141536","1653","3.142172","1645","3.139388","1654","3.1405","1614","3.14332","1618","3.14154","1646","3.141296","1646","3.138636","1645","3.143264","1645","3.14254","1646","3.138408","1612","3.142948","1645","3.141232","1614","3.14034","1606","3.14368","1607","3.14152","1645","3.142156","1646","3.144564","1605","3.141972","1654","3.1408","1646","3.140104","1613","3.139988","1645","3.140832","1611","3.140684","1650","3.14102","1650","3.14214","1604","3.145164","1597","3.142616","1637","3.142984","1631","3.142436","1631","3.140484","1630","3.140748","1599","3.138736","1604","3.140204","1591","3.141504","1631","3.139928","1554","3.14318","1599","3.142408","1631","3.141844","1591","3.142288","1605","3.141112","1639","3.142536","1631","3.1439","1598","3.14206","1635","3.141152","1630","3.142068","1631","3.143036","1636","3.141876","1631","3.141252","1591","3.140532","1636","3.14106","1637","3.14318","1637","3.142232","1602","3.13902","1591","3.142864","1638","3.140512","1599","3.140956","1591","3.141384","1630","3.14392","1631","3.143168","1630","3.140472","1631","3.141592","1598","3.143756","1630","3.142152","1637","3.143316","1603","3.14068","1631","3.143184","1603","3.141056","1598","3.139268","1630","3.143736","1630","3.139644","1603","3.145176","1602","3.14236","1588","3.139484","1637","3.142568","1638","3.141368","1630","3.140644","1631","3.139124","1631","3.140144","1630","3.142656","1631","3.142992","1631","3.141707199999999","1568","1660"
"24","3.142992","1526","3.138424","1526","3.140856","1498","3.143236","1528","3.1423","1503","3.14194","1503","3.141956","1477","3.141292","1537","3.139872","1528","3.145064","1503","3.1409","1528","3.14118","1530","3.143776","1497","3.144652","1526","3.14082","1526","3.140248","1526","3.141016","1477","3.142224","1525","3.1392","1526","3.14216","1526","3.142052","1558","3.1412","1526","3.139544","1526","3.14228","1487","3.142768","1486","3.140352","1496","3.139444","1484","3.140432","1497","3.14078","1464","3.14196","1487","3.14432","1464","3.142308","1515","3.143376","1516","3.14132","1516","3.138876","1521","3.141156","1495","3.14278","1489","3.142668","1485","3.142092","1516","3.14434","1487","3.14174","1515","3.14192","1486","3.141108","1485","3.140912","1488","3.143424","1515","3.139044","1496","3.142896","1515","3.139696","1484","3.137868","1487","3.14154","1519","3.139216","1515","3.143568","1464","3.140796","1484","3.141024","1518","3.142692","1486","3.144484","1487","3.140192","1488","3.138024","1484","3.142276","1487","3.141912","1484","3.139952","1464","3.142788","1485","3.143188","1485","3.141176","1475","3.14198","1497","3.146052","1501","3.140648","1501","3.139792","1496","3.14128","1499","3.139948","1494","3.140328","1494","3.145012","1496","3.141912","1501","3.141964","1500","3.141784","1500","3.140304","1494","3.140048","1474","3.141504","1500","3.142976","1500","3.140108","1501","3.14138","1499","3.141784","1492","3.140436","1500","3.14214","1494","3.141568","1500","3.144012","1499","3.142664","1498","3.140916","1473","3.13796","1492","3.142424","1499","3.14368","1499","3.142212","1495","3.141692","1495","3.141204","1496","3.142372","1495","3.14018","1490","3.141012","1494","3.143308","1493","3.141944","1495","3.139672","1493","3.1415779200000005","1499","1564"
"25","3.1418","926","3.141276","926","3.144092","1333","3.141384","1413","3.140244","1275","3.14228","1387","3.142332","1388","3.1412","1362","3.144796","1414","3.1421","1389","3.142644","1439","3.140372","1387","3.139784","1455","3.139276","1384","3.143904","1432","3.144732","1432","3.143152","1424","3.139632","1395","3.139452","1599","3.143112","1568","3.14374","1563","3.14222","1577","3.14152","1596","3.138492","1508","3.141804","1565","3.145556","1599","3.144368","1598","3.14212","1599","3.141536","1567","3.141452","1598","3.140088","1568","3.141372","1568","3.141504","1567","3.141516","1598","3.142108","1577","3.142692","1577","3.14232","1599","3.142932","1598","3.140828","1598","3.141328","1598","3.142036","1599","3.142212","1565","3.14132","1598","3.140864","1563","3.14362","1529","3.142272","1577","3.14268","1568","3.1427","1599","3.141592","1569","3.139804","1568","3.144892","1508","3.144288","1598","3.139884","1599","3.142084","1568","3.138416","1567","3.140148","1577","3.142792","1599","3.141016","1566","3.14268","1599","3.141368","1598","3.1427","1598","3.139632","1598","3.143268","1598","3.141544","1519","3.142824","1577","3.137932","1597","3.14108","1529","3.141096","1597","3.14274","1598","3.143748","1567","3.140956","1598","3.143524","1567","3.142868","1598","3.144464","1598","3.140004","1568","3.141364","1577","3.141548","1598","3.14094","1598","3.140316","1577","3.13956","1598","3.142704","1577","3.14016","1598","3.142652","1567","3.140224","1598","3.142184","1576","3.141944","1576","3.144096","1598","3.142296","1598","3.13996","1598","3.143652","1598","3.143092","1598","3.140344","1598","3.140312","1577","3.1441","1598","3.140884","1568","3.144724","1568","3.14158","1568","3.142344","1598","3.1424","1511","3.141108","1598","3.1418659599999987","1537","1622"
"26","3.14148","1493","3.1395","1493","3.14264","1493","3.142328","1493","3.142528","1472","3.14056","1493","3.14312","1472","3.143552","1472","3.14292","1472","3.14434","1485","3.13862","1484","3.141864","1485","3.139456","1485","3.14328","1485","3.13806","1463","3.14466","1463","3.143036","1484","3.141176","1484","3.141684","1484","3.143232","1463","3.142236","1456","3.14324","1476","3.14376","1455","3.141","1474","3.141588","1474","3.143172","1474","3.140924","1451","3.141308","1471","3.141248","1471","3.140188","1472","3.143536","1450","3.139472","1471","3.142364","1502","3.139836","1502","3.14158","1502","3.143792","1477","3.14016","1503","3.140376","1507","3.140792","1506","3.144696","1477","3.14108","1572","3.140768","1571","3.145756","1572","3.142012","1572","3.144372","1572","3.143488","1538","3.143044","1534","3.138772","1572","3.141576","1571","3.141648","1548","3.140188","1551","3.139716","1571","3.141088","1572","3.140312","1534","3.141744","1571","3.139192","1571","3.141168","1572","3.140056","1571","3.142116","1572","3.138412","1572","3.140008","1533","3.140972","1536","3.141624","1571","3.143492","1571","3.143016","1571","3.142084","1572","3.140488","1585","3.14136","1533","3.141812","1536","3.140236","1571","3.143164","1534","3.141308","1571","3.142824","1572","3.14214","1549","3.142428","1571","3.142768","1571","3.139804","1572","3.139388","1571","3.14358","1571","3.14148","1571","3.141716","1571","3.139688","1571","3.14422","1550","3.138376","1585","3.142812","1572","3.144552","1571","3.138904","1571","3.142152","1571","3.140032","1571","3.141044","1571","3.144272","1571","3.13922","1571","3.139868","1571","3.141508","1571","3.141992","1571","3.140468","1571","3.140772","1548","3.140708","1571","3.140212","1585","3.140872","1571","3.1415717600000006","1531","1620"
"27","3.14388","578","3.143804","1016","3.139232","1478","3.14266","1320","3.140464","1416","3.142368","1416","3.143268","1403","3.142068","1362","3.14048","1396","3.143812","1442","3.137924","1394","3.144048","1357","3.141608","1478","3.141","1478","3.140164","1478","3.139904","1304","3.140432","1396","3.139912","1316","3.142828","1393","3.136656","1459","3.14638","1305","3.140852","1478","3.143464","1402","3.141888","1478","3.142544","1442","3.14408","1478","3.142552","1393","3.140984","1406","3.141904","1478","3.14426","1478","3.14024","1399","3.143072","1319","3.14488","1403","3.141404","1478","3.140684","1353","3.138964","1442","3.14224","1393","3.14274","1396","3.140776","1415","3.141096","1349","3.139948","1416","3.146376","1353","3.14184","1416","3.143856","1396","3.142956","1478","3.141168","1395","3.141284","1478","3.146404","1401","3.141408","1478","3.139132","1478","3.142928","1262","3.142232","1478","3.140496","1478","3.139896","1393","3.14284","1478","3.13748","1305","3.1411","1478","3.142212","1393","3.141564","1441","3.14104","1369","3.14164","1478","3.141396","1399","3.1419","1459","3.144988","1348","3.140404","1393","3.140596","1415","3.141728","1349","3.143884","1478","3.140288","1397","3.143016","1478","3.141748","1218","3.141196","1399","3.140064","1415","3.142028","1303","3.139212","1478","3.141916","1268","3.140912","1477","3.141556","1402","3.142776","1415","3.14202","1403","3.143164","1477","3.14316","1406","3.142208","1478","3.142544","1477","3.1401","1478","3.14258","1399","3.141016","1404","3.142912","1398","3.143064","1477","3.141448","1415","3.14326","1458","3.139936","1402","3.13978","1477","3.140172","1401","3.142044","1354","3.140296","1458","3.142452","1399","3.141324","1405","3.142444","1462","3.139544","1462","3.1417439199999997","1401","1482"
"28","3.145388","1270","3.142032","1153","3.143764","1146","3.140476","1153","3.14144","1146","3.14128","1146","3.142856","1153","3.142632","1551","3.143408","1511","3.14454","1544","3.14008","1564","3.14002","1564","3.1414","1562","3.139828","1519","3.139824","1564","3.141792","1563","3.1427","1585","3.14224","1585","3.141804","1550","3.138444","1499","3.143488","1563","3.141064","1564","3.143396","1519","3.142264","1585","3.139176","1544","3.141628","1563","3.141068","1545","3.143504","1562","3.14218","1543","3.14262","1545","3.143604","1507","3.14208","1545","3.141276","1545","3.140148","1544","3.143708","1550","3.139864","1518","3.141348","1563","3.13828","1563","3.140048","1563","3.14054","1564","3.138976","1545","3.1426","1562","3.1409","1546","3.139912","1544","3.1395","1544","3.139596","1499","3.14222","1498","3.139332","1518","3.140756","1518","3.140668","1544","3.143476","1553","3.14258","1523","3.141892","1523","3.140984","1523","3.14094","1512","3.1416","1505","3.141108","1478","3.140584","1523","3.140812","1504","3.14044","1513","3.139848","1524","3.142996","1545","3.138872","1523","3.143832","1504","3.143528","1544","3.143308","1504","3.142868","1459","3.139008","1515","3.144448","1482","3.141132","1509","3.138928","1509","3.141544","1508","3.14082","1513","3.144668","1509","3.142592","1515","3.143644","1509","3.140804","1515","3.142844","1515","3.140736","1509","3.142032","1513","3.143276","1513","3.141728","1509","3.14074","1515","3.144288","1514","3.14174","1508","3.140728","1510","3.13898","1498","3.140912","1500","3.1387","1495","3.142564","1494","3.140956","1492","3.139776","1492","3.142516","1492","3.144108","1487","3.140628","1492","3.142832","1490","3.14332","1487","3.14284","1487","3.139496","1484","3.14172","1484","3.141564080000001","1499","1600"
"29","3.142012","1193","3.143456","1030","3.139944","1022","3.141188","1072","3.144184","1088","3.140084","1355","3.14268","1191","3.14034","1355","3.139136","1352","3.140548","1195","3.141248","1235","3.141232","1239","3.142256","1354","3.144236","1350","3.139976","1351","3.141216","1156","3.141856","1355","3.14156","1351","3.139784","1355","3.1421","1348","3.14168","1229","3.143312","1351","3.14186","1350","3.141292","1353","3.138708","1349","3.14118","1355","3.140932","1351","3.142724","1189","3.14082","1238","3.141532","1351","3.142388","1350","3.142612","1350","3.141284","1235","3.144944","1353","3.142712","1241","3.14214","1348","3.138744","1354","3.143184","1353","3.14176","1352","3.144172","1349","3.14266","1353","3.141532","1354","3.140944","1353","3.141632","1237","3.140924","1234","3.13922","1350","3.140052","1241","3.14406","1354","3.142528","1348","3.14028","1236","3.1414","1228","3.142484","1234","3.138772","1234","3.142816","1351","3.142236","1349","3.1372","1350","3.142472","1354","3.14042","1348","3.142948","1352","3.138916","1241","3.141188","1158","3.139664","1352","3.138972","1234","3.1411","1353","3.143228","1350","3.141596","1351","3.141932","1349","3.14596","1349","3.145364","1354","3.141544","1353","3.143132","1354","3.142488","1346","3.143096","1229","3.14258","1347","3.143544","1241","3.141092","1197","3.144824","1240","3.142408","1194","3.138544","1349","3.141516","1348","3.141956","1351","3.14228","1353","3.140224","1348","3.141868","1265","3.139644","1189","3.139728","1228","3.14018","1233","3.140084","1353","3.138876","1354","3.140408","1349","3.142324","1354","3.14358","1145","3.140044","1354","3.14172","1228","3.140544","1352","3.137588","1348","3.139568","1234","3.14096","1351","3.142192","1347","3.141604","1348","3.1414965599999976","1295","1359"
"30","3.141156","1378","3.141508","1306","3.141668","1349","3.142616","1326","3.1412","1442","3.1418","1442","3.142552","1352","3.13948","1442","3.140232","1304","3.139292","1442","3.144428","1304","3.139688","1328","3.141936","1442","3.140704","1348","3.1404","1327","3.141564","1326","3.14026","1328","3.14104","1328","3.140864","1328","3.141852","1304","3.140172","1328","3.1428","1328","3.142328","1328","3.140944","1349","3.142872","1350","3.141088","1327","3.140272","1352","3.142492","1352","3.14206","1304","3.140332","1304","3.140164","1326","3.14454","1458","3.14378","1459","3.14194","1461","3.145628","1458","3.14014","1462","3.140652","1458","3.139752","1458","3.140772","1458","3.14254","1458","3.1424","1458","3.14028","1462","3.138816","1458","3.142128","1458","3.142368","1458","3.138364","1457","3.142068","1461","3.140296","1458","3.141532","1456","3.143796","1461","3.139912","1458","3.141736","1459","3.137332","1461","3.142008","1458","3.140708","1458","3.144768","1458","3.14382","1458","3.13928","1461","3.139748","1461","3.143184","1457","3.1425","1461","3.140848","1458","3.144056","1457","3.140308","1460","3.14038","1462","3.140808","1457","3.14252","1458","3.141424","1462","3.14364","1458","3.140316","1461","3.14158","1462","3.142032","1458","3.141852","1458","3.140328","1461","3.13868","1458","3.141432","1460","3.140328","1461","3.140868","1459","3.141816","1458","3.140572","1457","3.142352","1462","3.141432","1459","3.142864","1458","3.143228","1459","3.142964","1458","3.138024","1457","3.142288","1461","3.14076","1458","3.141836","1460","3.143388","1459","3.139984","1460","3.141128","1460","3.141228","1462","3.142344","1457","3.142568","1460","3.141988","1457","3.140544","1458","3.139264","1462","3.140036","1459","3.142932","1460","3.1414149200000008","1424","1495"
"31","3.139912","1351","3.1438","1431","3.142256","1428","3.140896","1427","3.14092","1464","3.144096","1464","3.140868","1421","3.143932","1437","3.142856","1464","3.13808","1431","3.140344","1388","3.14078","1397","3.143656","1464","3.142092","1421","3.140488","1423","3.140388","1464","3.14","1429","3.142392","1464","3.140136","1430","3.140108","1379","3.141288","1387","3.14358","1384","3.140788","1421","3.141136","1452","3.138372","1406","3.14156","1415","3.141628","1413","3.14376","1441","3.141188","1441","3.141328","1403","3.143864","1403","3.140824","1403","3.139848","1437","3.140064","1403","3.143396","1438","3.14384","1437","3.144536","1437","3.141936","1438","3.13896","1437","3.139232","1437","3.143872","1403","3.140232","1358","3.142408","1411","3.140276","1398","3.141552","1358","3.14064","1437","3.143968","1437","3.140576","1436","3.142112","1436","3.139952","1437","3.138024","1437","3.142052","1424","3.142116","1424","3.141664","1401","3.139156","1423","3.143684","1399","3.140924","1422","3.14014","1353","3.142024","1423","3.14052","1423","3.139552","1383","3.14102","1401","3.140144","1394","3.140452","1423","3.139884","1424","3.142284","1387","3.14396","1397","3.140392","1356","3.139484","1424","3.14208","1423","3.140828","1395","3.143084","1423","3.14312","1424","3.139992","1400","3.139956","1390","3.138996","1387","3.142748","1373","3.143004","1385","3.13884","1333","3.142288","1415","3.140128","1414","3.143752","1415","3.143348","1378","3.141804","1415","3.140492","1373","3.140304","1415","3.142412","1340","3.143268","1386","3.14088","1305","3.140616","1381","3.143288","1381","3.143296","1381","3.141636","1381","3.142928","1380","3.140708","1380","3.142096","1381","3.14046","1353","3.139952","1344","3.141756","1379","3.143976","1358","3.141442279999999","1407","1465"
"32","3.139644","1142","3.140896","1359","3.140716","1485","3.140496","1440","3.138548","1440","3.143096","1358","3.144504","1440","3.143868","1388","3.143752","1440","3.14198","1466","3.141852","1359","3.141032","1440","3.140452","1465","3.141384","1485","3.145528","1414","3.139628","1388","3.14262","1466","3.142464","1439","3.13948","1475","3.141676","1405","3.140912","1475","3.140584","1474","3.13994","1474","3.1427","1455","3.141184","1455","3.1406","1474","3.14434","1455","3.141564","1455","3.142244","1474","3.140296","1455","3.141032","1455","3.143832","1455","3.14378","1474","3.145924","1474","3.140012","1455","3.13944","1474","3.141848","1474","3.139864","1454","3.14166","1473","3.13758","1474","3.141016","1474","3.14242","1455","3.141936","1474","3.143052","1428","3.141444","1428","3.144336","1403","3.14432","1469","3.141252","1439","3.140856","1457","3.140452","1450","3.144732","1431","3.137876","1450","3.141356","1450","3.140832","1431","3.142528","1450","3.141712","1450","3.139936","1450","3.144196","1431","3.144004","1450","3.143248","1450","3.143276","1450","3.142064","1450","3.141428","1450","3.141608","1449","3.141596","1450","3.142244","1450","3.140048","1450","3.14308","1450","3.141564","1449","3.142608","1450","3.143192","1450","3.14262","1450","3.145068","1449","3.14126","1431","3.141172","1450","3.143232","1450","3.141664","1450","3.141824","1450","3.140088","1449","3.139612","1450","3.141716","1450","3.1386","1431","3.138076","1450","3.139916","1450","3.138828","1449","3.140976","1449","3.141428","1450","3.14354","1449","3.14156","1449","3.142996","1449","3.143396","1449","3.143068","1449","3.141868","1449","3.143564","1449","3.141156","1449","3.143452","1449","3.141012","1449","3.140248","1430","3.140452","1449","3.14152","1449","3.141710760000002","1444","1486"
"33","3.140376","1312","3.142832","1352","3.142276","1353","3.143428","1353","3.141392","1353","3.139804","1353","3.140384","1353","3.142568","1353","3.140904","1353","3.14206","1302","3.141488","1410","3.14064","1341","3.142948","1342","3.142756","1386","3.141288","1385","3.140096","1385","3.144072","1385","3.14106","1477","3.141672","1469","3.139704","1471","3.14134","1468","3.14138","1478","3.141016","1476","3.140192","1430","3.140092","1431","3.143864","1430","3.1435","1473","3.141476","1459","3.142392","1473","3.139904","1469","3.14206","1468","3.14364","1479","3.14298","1438","3.142948","1430","3.141312","1475","3.142796","1479","3.137316","1474","3.140148","1430","3.139424","1431","3.143652","1474","3.14096","1433","3.139036","1468","3.141068","1549","3.138908","1435","3.144016","1476","3.14298","1460","3.14306","1460","3.1413","1549","3.141052","1460","3.142752","1549","3.142284","1429","3.140908","1459","3.1413","1549","3.139832","1549","3.14196","1477","3.143576","1475","3.139984","1434","3.143428","1478","3.14256","1468","3.13704","1459","3.143588","1470","3.140936","1460","3.141852","1548","3.142336","1429","3.142144","1430","3.142376","1432","3.136032","1459","3.142716","1471","3.142828","1436","3.140684","1436","3.141992","1548","3.141488","1471","3.140376","1477","3.142872","1468","3.142032","1468","3.140672","1470","3.141796","1459","3.142584","1468","3.141564","1475","3.142796","1434","3.140268","1433","3.142356","1468","3.141844","1548","3.13924","1433","3.140832","1468","3.138952","1476","3.143284","1468","3.141776","1468","3.1415","1477","3.140804","1434","3.138884","1435","3.138892","1475","3.14352","1472","3.1379","1548","3.14174","1471","3.140252","1479","3.142152","1469","3.139888","1434","3.140824","1467","3.143372","1473","3.14143128","1449","1564"
"34","3.14286","1484","3.140512","1484","3.13882","1485","3.13976","1484","3.142744","1475","3.142132","1484","3.1418","1484","3.142036","1475","3.140704","1475","3.142228","1484","3.142132","1484","3.142932","1484","3.141932","1484","3.143276","1475","3.140876","1484","3.141424","1484","3.140872","1475","3.140008","1484","3.141536","1446","3.14178","1484","3.142808","1484","3.142604","1475","3.139216","1484","3.139736","1484","3.14318","1475","3.138084","1484","3.14152","1484","3.143696","1475","3.140684","1484","3.143136","1484","3.142756","1429","3.141748","1463","3.140472","1462","3.141848","1440","3.140896","1536","3.140764","1536","3.142104","1536","3.142608","1536","3.139616","1536","3.140844","1530","3.14142","1529","3.141544","1530","3.143796","1536","3.143068","1535","3.13892","1535","3.137864","1526","3.140388","1535","3.142132","1535","3.140872","1534","3.139488","1526","3.137848","1533","3.142016","1458","3.14114","1538","3.140604","1535","3.140656","1525","3.140832","1525","3.141504","1539","3.142224","1534","3.142984","1526","3.141372","1535","3.139088","1527","3.142804","1499","3.141388","1503","3.141996","1500","3.140568","1499","3.140832","1505","3.141648","1491","3.141012","1490","3.140824","1499","3.141844","1500","3.14266","1504","3.141868","1501","3.141904","1502","3.142472","1500","3.144076","1490","3.138424","1500","3.141232","1502","3.139868","1499","3.140128","1499","3.141692","1505","3.141404","1490","3.1411","1504","3.141376","1502","3.142144","1501","3.1405","1499","3.141228","1503","3.140364","1492","3.143784","1491","3.142404","1492","3.139644","1496","3.140688","1489","3.142404","1489","3.14188","1489","3.143796","1494","3.143816","1491","3.141096","1462","3.142388","1462","3.138448","1463","3.140824","1464","3.144316","1464","3.14139288","1497","1598"
"35","3.14158","1370","3.141132","1301","3.142644","1391","3.142312","1430","3.144776","1458","3.14194","1431","3.14056","1428","3.14174","1424","3.1418","1424","3.138784","1426","3.142964","1421","3.145348","1421","3.142556","1422","3.139936","1421","3.140824","1498","3.14102","1487","3.145732","1498","3.143632","1498","3.13864","1419","3.140524","1486","3.141428","1485","3.138588","1419","3.139972","1444","3.1407","1485","3.140204","1497","3.143616","1419","3.140548","1498","3.138284","1445","3.142416","1485","3.141584","1511","3.141276","1517","3.1397","1482","3.141676","1517","3.141452","1552","3.139844","1516","3.142312","1470","3.142572","1481","3.141756","1510","3.141988","1510","3.141576","1485","3.143368","1470","3.142512","1550","3.14296","1551","3.140696","1510","3.140208","1481","3.144332","1551","3.140296","1509","3.142464","1525","3.142128","1510","3.142416","1555","3.139764","1550","3.143584","1510","3.14228","1517","3.142984","1510","3.1414","1510","3.142936","1506","3.141836","1475","3.14116","1538","3.141724","1537","3.143628","1503","3.143384","1531","3.143384","1532","3.13976","1534","3.142896","1530","3.1442","1530","3.143272","1555","3.143348","1528","3.143384","1534","3.14136","1533","3.144444","1534","3.140132","1529","3.141632","1531","3.141044","1525","3.140408","1528","3.143284","1528","3.142452","1555","3.143288","1525","3.141004","1529","3.143016","1528","3.141236","1524","3.139612","1530","3.142732","1528","3.1415","1528","3.140392","1530","3.140436","1530","3.139096","1521","3.14316","1516","3.142292","1522","3.140412","1525","3.141628","1522","3.138984","1521","3.145292","1528","3.141656","1520","3.142164","1521","3.139852","1546","3.13962","1516","3.14178","1523","3.143024","1546","3.146084","1520","3.143252","1523","3.141825080000001","1499","1617"
"36","3.139012","919","3.14098","1072","3.141844","1156","3.14164","1069","3.141448","1073","3.141556","1203","3.139492","1140","3.138904","1072","3.141952","1123","3.14402","1198","3.138784","1283","3.140864","1282","3.139972","1236","3.142868","1283","3.142244","1282","3.14314","1285","3.142548","1244","3.14334","1326","3.142372","1283","3.142728","1337","3.139024","1283","3.142","1325","3.142044","1235","3.140552","1367","3.142196","1299","3.14156","1236","3.1442","1292","3.13962","1249","3.138676","1288","3.142852","1208","3.141532","1330","3.1408","1292","3.142404","1285","3.137604","1299","3.145992","1247","3.142316","1244","3.140868","1324","3.14186","1326","3.14284","1282","3.143572","1285","3.137624","1283","3.1426","1281","3.13994","1329","3.13944","1348","3.139808","1348","3.143648","1319","3.139528","1279","3.14026","1315","3.1397","1309","3.143892","1346","3.142396","1319","3.142604","1321","3.14102","1310","3.140256","1307","3.141756","1248","3.143036","1344","3.144332","1330","3.139392","1306","3.143956","1372","3.14062","1330","3.140956","1340","3.140672","1353","3.139848","1309","3.14324","1316","3.138884","1343","3.145328","1342","3.142744","1373","3.141844","1312","3.1412","1344","3.141536","1337","3.140648","1339","3.142108","1349","3.141044","1349","3.140888","1345","3.143888","1313","3.141704","1344","3.144668","1365","3.144584","1363","3.141796","1363","3.140656","1364","3.144848","1364","3.14514","1364","3.14086","1364","3.143036","1364","3.143076","1364","3.140844","1364","3.139588","1364","3.138748","1364","3.141236","1364","3.141328","1364","3.141488","1362","3.143336","1341","3.139976","1364","3.143148","1273","3.143292","1273","3.137252","1273","3.138808","1273","3.141732","1273","3.141228","1273","3.139488","1273","3.141547159999998","1293","1455"
"37","3.142452","810","3.14216","807","3.14028","806","3.142308","1169","3.142688","1132","3.140408","1132","3.138104","1102","3.142172","1168","3.143424","1168","3.142228","1132","3.139064","1132","3.141904","1169","3.140984","1132","3.144468","1132","3.143316","1132","3.142232","1102","3.141836","1565","3.14402","1566","3.143072","1566","3.140644","1503","3.141744","1531","3.141696","1526","3.144532","1566","3.137324","1522","3.145112","1569","3.139708","1565","3.141268","1566","3.141448","1566","3.1413","1566","3.142816","1570","3.142408","1567","3.14114","1542","3.142792","1542","3.140204","1570","3.14046","1566","3.139548","1542","3.14168","1523","3.142192","1566","3.143248","1570","3.140716","1566","3.140184","1566","3.142668","1544","3.141296","1523","3.141304","1566","3.142712","1567","3.142032","1569","3.14082","1565","3.143744","1566","3.141104","1524","3.13816","1566","3.140344","1566","3.141496","1543","3.138656","1566","3.143608","1566","3.142448","1566","3.141536","1541","3.142168","1526","3.14168","1541","3.140028","1523","3.143436","1541","3.141148","1569","3.141044","1566","3.13768","1523","3.138592","1566","3.139928","1567","3.142176","1566","3.140772","1566","3.140936","1542","3.139112","1566","3.139252","1541","3.13952","1527","3.142544","1566","3.139628","1521","3.14194","1565","3.141556","1566","3.14076","1566","3.140596","1564","3.143184","1565","3.141148","1523","3.14146","1533","3.138908","1564","3.14266","1565","3.1426","1566","3.140276","1565","3.141404","1529","3.143824","1565","3.138168","1565","3.143596","1564","3.141548","1566","3.141704","1530","3.142108","1568","3.141888","1521","3.14278","1567","3.13908","1567","3.141936","1566","3.145148","1565","3.141492","1541","3.14128","1545","3.141628","1542","3.143444","1545","3.1414697199999995","1477","1612"
"38","3.140692","559","3.141664","1287","3.142204","1333","3.140848","1367","3.141944","1363","3.145272","1363","3.141708","1379","3.141456","1369","3.141676","1406","3.14312","1282","3.14016","1363","3.141904","1314","3.137996","1322","3.142384","1406","3.14216","1287","3.139348","1362","3.141308","1407","3.142704","1362","3.1401","1405","3.143456","1363","3.140448","1405","3.141","1436","3.14288","1400","3.144352","1471","3.142276","1474","3.142204","1409","3.144268","1470","3.14394","1436","3.143016","1474","3.142472","1436","3.140424","1409","3.143788","1439","3.143192","1443","3.137544","1516","3.140208","1460","3.14166","1447","3.139904","1516","3.138884","1485","3.140192","1440","3.140636","1460","3.143824","1485","3.139292","1516","3.138412","1486","3.14202","1448","3.13648","1484","3.140896","1438","3.140388","1507","3.141628","1476","3.141384","1478","3.140612","1467","3.139556","1498","3.143884","1471","3.143288","1469","3.142672","1526","3.138316","1526","3.141136","1498","3.13974","1498","3.141572","1509","3.1404","1510","3.143228","1489","3.141024","1489","3.141808","1489","3.139632","1489","3.139092","1489","3.140624","1490","3.144488","1490","3.144092","1489","3.144556","1490","3.140664","1489","3.143068","1489","3.142244","1484","3.139712","1483","3.138132","1483","3.145588","1483","3.139476","1483","3.141992","1483","3.138132","1483","3.141012","1484","3.13902","1483","3.141012","1483","3.143404","1484","3.139612","1483","3.143244","1472","3.14044","1469","3.143448","1469","3.140108","1468","3.14098","1469","3.141844","1469","3.139288","1469","3.14192","1469","3.143272","1469","3.140084","1469","3.14072","1469","3.14344","1469","3.141808","1469","3.142508","1468","3.143972","1468","3.140804","1468","3.13892","1468","3.140732","1468","3.1414003600000004","1442","1591"
"39","3.140832","1613","3.142252","1497","3.144316","1612","3.142504","1614","3.14208","1613","3.14304","1612","3.141996","1613","3.142244","1613","3.143084","1612","3.138132","1614","3.140912","1612","3.140576","1612","3.14358","1613","3.138076","1613","3.137976","1613","3.140544","1613","3.140496","1613","3.140276","1612","3.142456","1613","3.141816","1613","3.143424","1613","3.144032","1613","3.141612","1612","3.144836","1613","3.141368","1613","3.139764","1612","3.140088","1612","3.141948","1476","3.139044","1612","3.141888","1418","3.141852","1480","3.141876","1485","3.139404","1612","3.145044","1612","3.1408","1612","3.141812","1612","3.144028","1613","3.140712","1613","3.141288","1612","3.14376","1478","3.138572","1613","3.141228","1612","3.141172","1478","3.144108","1418","3.140472","1612","3.139528","1613","3.144212","1477","3.141088","1612","3.144564","1612","3.13996","1613","3.140504","1612","3.1431","1612","3.140812","1613","3.138428","1612","3.1447","1612","3.143288","1613","3.143852","1613","3.139716","1613","3.143768","1613","3.140964","1484","3.138664","1612","3.14168","1613","3.138488","1613","3.143344","1613","3.140948","1528","3.141456","1612","3.142728","1497","3.141196","1612","3.141908","1611","3.140768","1587","3.138116","1611","3.141704","1611","3.13774","1611","3.141004","1612","3.14184","1497","3.140776","1612","3.14084","1479","3.142892","1612","3.140396","1540","3.142892","1612","3.143092","1525","3.140932","1613","3.14038","1612","3.141524","1476","3.14352","1612","3.144352","1612","3.140344","1540","3.142304","1611","3.141152","1425","3.143676","1612","3.140164","1612","3.142392","1475","3.141212","1612","3.138668","1612","3.141252","1422","3.141296","1612","3.140532","1612","3.139412","1496","3.140796","1611","3.138764","1612","3.141449480000002","1583","1614"
"40","3.13956","1434","3.142536","1498","3.140376","1435","3.138728","1463","3.142812","1507","3.140148","1424","3.142536","1462","3.141616","1424","3.143864","1472","3.14072","1497","3.140444","1488","3.142996","1493","3.139312","1450","3.144244","1488","3.141504","1485","3.141556","1484","3.142132","1547","3.145044","1636","3.14114","1528","3.142164","1586","3.1423","1564","3.141904","1662","3.143032","1627","3.14036","1563","3.14002","1566","3.14042","1625","3.139344","1541","3.1409","1700","3.14194","1700","3.145132","1653","3.142484","1675","3.14106","1674","3.142688","1657","3.14428","1700","3.142708","1658","3.138892","1631","3.142632","1717","3.14244","1700","3.141916","1701","3.142564","1580","3.141156","1656","3.13904","1705","3.139888","1622","3.143372","1674","3.141972","1652","3.143004","1700","3.141672","1700","3.14082","1661","3.140424","1658","3.140752","1701","3.142696","1660","3.139424","1703","3.143844","1700","3.142484","1717","3.144176","1706","3.141308","1691","3.142152","1692","3.141684","1688","3.14472","1692","3.141024","1690","3.144572","1690","3.139252","1705","3.142512","1706","3.1384","1705","3.144648","1690","3.141028","1706","3.141836","1689","3.14068","1664","3.140836","1693","3.141024","1692","3.140228","1692","3.139088","1705","3.142732","1690","3.14094","1690","3.142548","1689","3.141288","1706","3.142104","1706","3.14172","1690","3.14338","1690","3.142756","1663","3.144132","1693","3.140672","1705","3.142604","1705","3.144148","1706","3.142336","1692","3.140572","1648","3.14506","1694","3.14348","1705","3.139256","1689","3.142088","1689","3.139268","1705","3.141116","1691","3.139132","1705","3.141196","1683","3.144","1671","3.142796","1683","3.141236","1668","3.138256","1668","3.142112","1642","3.141352","1684","3.14172444","1639","1740"
"41","3.143168","637","3.139824","1113","3.143376","1512","3.14588","1513","3.144024","1537","3.142196","1535","3.142284","1535","3.143904","1535","3.140732","1537","3.141508","1537","3.141672","1535","3.139692","1514","3.139356","1537","3.140952","1536","3.142496","1536","3.140044","1538","3.140368","1537","3.14098","1536","3.141844","1536","3.142984","1535","3.14112","1510","3.14108","1514","3.141376","1535","3.141236","1537","3.142108","1536","3.141512","1536","3.139932","1535","3.142952","1535","3.142492","1536","3.140068","1513","3.140436","1535","3.141504","1537","3.14516","1514","3.142544","1505","3.141576","1538","3.142508","1537","3.141656","1507","3.14234","1535","3.141092","1536","3.142212","1535","3.141892","1510","3.143916","1536","3.140172","1536","3.14132","1535","3.1401","1512","3.145196","1535","3.143784","1534","3.140508","1507","3.140968","1471","3.142268","1467","3.1407","1467","3.143128","1466","3.140984","1467","3.138364","1467","3.1425","1468","3.139296","1442","3.140652","1469","3.142424","1467","3.1404","1471","3.141624","1471","3.141376","1468","3.139968","1467","3.141872","1473","3.14204","1467","3.139868","1462","3.145472","1437","3.139876","1430","3.14008","1429","3.14312","1429","3.141508","1421","3.138068","1413","3.143528","1418","3.139552","1450","3.142916","1450","3.1423","1450","3.143816","1450","3.143116","1450","3.139812","1450","3.138144","1450","3.142784","1450","3.14228","1450","3.14178","1450","3.144604","1450","3.140956","1450","3.14172","1450","3.14042","1449","3.14448","1449","3.14216","1427","3.142088","1450","3.141928","1450","3.142256","1449","3.141144","1450","3.14266","1450","3.141536","1449","3.14084","1450","3.141176","1449","3.142556","1450","3.140236","1450","3.140044","1450","3.141524","1449","3.1416798800000008","1475","1581"
"42","3.141852","1369","3.14172","1519","3.13954","1605","3.141292","1509","3.138088","1605","3.143408","1643","3.140772","1605","3.138544","1519","3.137668","1604","3.141124","1507","3.144192","1462","3.14176","1570","3.141344","1563","3.142148","1509","3.145608","1509","3.140092","1633","3.145428","1647","3.141332","1687","3.14314","1639","3.140912","1670","3.145472","1622","3.139612","1712","3.140132","1586","3.140928","1677","3.140304","1613","3.144708","1674","3.143188","1709","3.137988","1706","3.141868","1706","3.140636","1751","3.142656","1655","3.140464","1655","3.141212","1759","3.142164","1785","3.142148","1704","3.139908","1785","3.141088","1738","3.14422","1784","3.141524","1754","3.140792","1785","3.14276","1784","3.142788","1785","3.137692","1785","3.143656","1784","3.140844","1751","3.138772","1781","3.141168","1785","3.142552","1785","3.14156","1758","3.14326","1784","3.139996","1785","3.14126","1785","3.14064","1784","3.142144","1705","3.140516","1785","3.142596","1784","3.14128","1785","3.142528","1737","3.141616","1752","3.140384","1752","3.141324","1747","3.139428","1783","3.140832","1784","3.143724","1783","3.140048","1748","3.140352","1782","3.139108","1784","3.139192","1783","3.141272","1784","3.142796","1758","3.139604","1784","3.143752","1783","3.144084","1783","3.1421","1780","3.142288","1784","3.139932","1783","3.144216","1783","3.142008","1783","3.142208","1783","3.144012","1783","3.14358","1783","3.142476","1784","3.140968","1784","3.143792","1782","3.140668","1784","3.140464","1783","3.143624","1783","3.139888","1784","3.140384","1784","3.144048","1783","3.141152","1783","3.14204","1737","3.14148","1784","3.143176","1783","3.145156","1781","3.139976","1781","3.140768","1783","3.141412","1783","3.138604","1783","3.141028","1783","3.1415595199999977","1721","1826"
"43","3.139384","1485","3.14128","1509","3.137408","1508","3.141872","1508","3.143948","1531","3.145032","1508","3.139908","1508","3.141664","1651","3.139192","1531","3.140792","1435","3.138488","1531","3.1441","1506","3.141572","1507","3.14192","1483","3.143604","1530","3.140916","1531","3.142964","1531","3.140456","1461","3.140668","1530","3.14116","1509","3.140024","1483","3.144448","1651","3.144576","1486","3.139088","1531","3.14274","1509","3.141388","1508","3.143456","1510","3.140952","1485","3.143432","1509","3.142116","1484","3.141564","1507","3.142756","1484","3.141644","1508","3.14058","1530","3.141796","1508","3.139612","1485","3.141164","1485","3.142244","1509","3.14198","1484","3.144432","1461","3.141824","1545","3.143936","1546","3.140328","1590","3.142136","1550","3.142976","1551","3.143856","1561","3.141744","1502","3.140124","1546","3.142056","1546","3.142212","1545","3.141008","1546","3.140336","1554","3.140592","1548","3.145136","1552","3.14438","1555","3.144108","1558","3.139544","1545","3.136012","1560","3.138316","1509","3.141548","1509","3.141364","1556","3.14308","1545","3.143316","1546","3.144516","1545","3.140764","1556","3.142348","1570","3.141952","1557","3.141432","1556","3.142784","1557","3.139076","1515","3.138156","1554","3.138604","1501","3.143224","1512","3.137324","1559","3.141492","1559","3.14054","1557","3.141668","1556","3.143748","1550","3.14184","1545","3.13936","1545","3.139972","1548","3.139196","1510","3.142072","1559","3.140148","1545","3.142012","1544","3.142544","1513","3.145916","1508","3.141816","1548","3.142176","1545","3.14074","1545","3.141812","1561","3.141424","1508","3.140712","1560","3.143132","1545","3.144204","1545","3.138912","1549","3.142312","1551","3.139972","1558","3.1419","1549","3.142824","1500","3.1415887600000008","1530","1651"
"44","3.13934","1804","3.141712","1740","3.140084","1783","3.141636","1784","3.138544","1783","3.143988","1740","3.140476","1741","3.14204","1762","3.139096","1784","3.140508","1794","3.14432","1794","3.140392","1795","3.140688","1794","3.139924","1794","3.140908","1794","3.142976","1794","3.143124","1795","3.142784","1794","3.140904","1794","3.143796","1794","3.143408","1795","3.137824","1794","3.142256","1774","3.14314","1774","3.14078","1754","3.141492","1774","3.14076","1794","3.141496","1794","3.142712","1774","3.140432","1794","3.1407","1794","3.142644","1794","3.13968","1794","3.142944","1794","3.139848","1794","3.1407","1794","3.140336","1794","3.143488","1794","3.141028","1995","3.140712","1794","3.142612","1794","3.141252","1795","3.143224","1794","3.144748","1794","3.141428","1794","3.140804","1794","3.139016","1794","3.140872","1794","3.140608","1995","3.140296","1794","3.142932","1774","3.141572","1794","3.142288","1995","3.14238","1794","3.140432","1794","3.140356","1794","3.140572","1794","3.142104","1794","3.144004","1794","3.142852","1794","3.141048","1794","3.138364","1794","3.140672","1774","3.141892","1794","3.141184","1995","3.143784","1794","3.146424","1793","3.141916","1774","3.141512","1774","3.140628","1794","3.141584","1793","3.141","1794","3.140908","1794","3.141976","1794","3.140132","1794","3.140044","1793","3.142492","1774","3.143636","1773","3.142368","1794","3.140224","1794","3.140788","1794","3.1413","1794","3.144488","1774","3.140716","1773","3.139516","1774","3.141336","1769","3.140568","1769","3.141948","1769","3.141604","1769","3.143148","1769","3.141144","1769","3.14098","1970","3.146456","1769","3.139816","1970","3.141276","1749","3.143924","1970","3.141628","1970","3.143872","1768","3.145768","1970","3.141552","1769","3.14161588","1802","2007"
"45","3.142168","1826","3.141124","1825","3.14022","1781","3.1432","1825","3.144016","1826","3.140672","1780","3.140976","1825","3.141468","1780","3.137996","1803","3.142636","1803","3.141168","1779","3.142764","1780","3.139","1780","3.142416","1825","3.141444","1803","3.143724","1825","3.141644","1803","3.14188","1825","3.145472","1802","3.141648","1803","3.14134","1798","3.14092","1776","3.142208","1798","3.141084","1799","3.138996","1821","3.139676","1799","3.141596","1799","3.140564","1799","3.141564","1822","3.14006","1798","3.141688","1799","3.143556","1798","3.141808","1799","3.143528","1799","3.143296","1798","3.144156","1822","3.1446","1798","3.142488","1797","3.141696","1775","3.142236","1814","3.142628","1783","3.141852","1761","3.140716","1780","3.142664","1758","3.140528","1779","3.1407","1758","3.1417","1758","3.142832","1757","3.1425","1780","3.139888","1758","3.140936","1779","3.14102","1758","3.144928","1758","3.142648","1779","3.141908","1779","3.141004","1779","3.140776","1757","3.140232","1757","3.140584","1756","3.141888","1766","3.143028","1867","3.144088","1767","3.139652","1766","3.141904","1867","3.141816","1867","3.141164","1766","3.142784","1857","3.141576","1867","3.142016","1857","3.144628","1767","3.141604","1867","3.141732","1767","3.141916","1867","3.143664","1857","3.143652","1867","3.14044","1867","3.142708","1766","3.140532","1766","3.145208","1766","3.141688","1867","3.139684","1766","3.141904","1867","3.14212","1767","3.143644","1855","3.143164","1867","3.138732","1867","3.13828","1766","3.141424","1867","3.141552","1766","3.139196","1867","3.14318","1845","3.141472","1845","3.141724","1845","3.14276","1744","3.142156","1744","3.139748","1845","3.14092","1744","3.141616","1744","3.144384","1744","3.140988","1744","3.14179076","1800","1928"
"46","3.142264","1161","3.141888","1384","3.143172","1354","3.142256","1381","3.140492","1354","3.137844","1354","3.14038","1382","3.143464","1354","3.142432","1354","3.139672","1381","3.144596","1383","3.142664","1383","3.140572","1355","3.139944","1383","3.1449","1354","3.140544","1354","3.14008","1383","3.140024","1382","3.14204","1383","3.143064","1446","3.141976","1354","3.14028","1354","3.139652","1323","3.14036","1439","3.139088","1438","3.138812","1440","3.142472","1440","3.140572","1380","3.13878","1481","3.140512","1439","3.141432","1478","3.13914","1440","3.140768","1480","3.141464","1484","3.14204","1440","3.14214","1419","3.13952","1541","3.14346","1532","3.142248","1541","3.141624","1599","3.141632","1532","3.140632","1574","3.14212","1576","3.142976","1574","3.141252","1575","3.13954","1531","3.142992","1484","3.143492","1574","3.14468","1575","3.141932","1551","3.138612","1574","3.14182","1551","3.144748","1535","3.141836","1584","3.13862","1537","3.142488","1551","3.141572","1619","3.13756","1575","3.140688","1575","3.13902","1575","3.142568","1574","3.140428","1540","3.141436","1584","3.142348","1584","3.143544","1613","3.145468","1613","3.140136","1612","3.142248","1612","3.141872","1613","3.14254","1613","3.141508","1616","3.143072","1612","3.142248","1612","3.139728","1612","3.139156","1570","3.141144","1612","3.142436","1612","3.142652","1576","3.144124","1566","3.140932","1613","3.139976","1612","3.139492","1566","3.14412","1612","3.143532","1577","3.142136","1612","3.141964","1611","3.140348","1612","3.13982","1578","3.141928","1597","3.141132","1582","3.141096","1582","3.141224","1585","3.139528","1586","3.141588","1584","3.13938","1581","3.140864","1581","3.1418","1584","3.144244","1581","3.142368","1581","3.142316","1580","3.1414528799999992","1512","1668"
"47","3.142912","1297","3.13952","1294","3.140824","1124","3.138872","1063","3.148344","1126","3.142336","1126","3.143156","1126","3.139448","1221","3.141196","958","3.142944","1125","3.14026","1182","3.140624","1400","3.140844","1182","3.138824","1241","3.143064","1213","3.142584","1254","3.1416","1435","3.139772","1241","3.139804","1431","3.139608","1287","3.142024","1431","3.143056","1284","3.141396","1280","3.140748","1434","3.14066","1279","3.140444","1240","3.14276","1249","3.139916","1240","3.142368","1241","3.139708","1280","3.136828","1435","3.140576","1280","3.141392","1434","3.142516","1239","3.140132","1434","3.143892","1281","3.142008","1240","3.143208","1253","3.138936","1434","3.138344","1435","3.140676","1254","3.138756","1240","3.140028","1249","3.138924","1249","3.141708","1241","3.144168","1298","3.142952","1431","3.142496","1280","3.141836","1280","3.1402","1280","3.143052","1252","3.14244","1434","3.142704","1213","3.142932","1434","3.14064","1433","3.140608","1240","3.143388","1251","3.142128","1434","3.144132","1251","3.139968","1239","3.141356","1280","3.142984","1249","3.142012","1432","3.140248","1434","3.142612","1280","3.140456","1433","3.14068","1434","3.144124","1240","3.137484","1431","3.14078","1239","3.142948","1431","3.143168","1215","3.139296","1434","3.141368","1283","3.14158","1240","3.140432","1253","3.13942","1201","3.140644","1280","3.14128","1240","3.142032","1280","3.141968","1240","3.139128","1206","3.140312","1279","3.141872","1433","3.140584","1253","3.1396","1249","3.14242","1434","3.143036","1434","3.143164","1281","3.14208","1278","3.13876","1279","3.14096","1280","3.143744","1279","3.142888","1251","3.140652","1279","3.141548","1431","3.143104","1297","3.143216","1213","3.142488","1185","3.142432","1353","3.141400440000001","1289","1450"
"48","3.141296","1240","3.140168","1315","3.142424","1312","3.143192","1486","3.1418","1312","3.14048","1425","3.142204","1349","3.142412","1311","3.144088","1315","3.141764","1239","3.139464","1304","3.14428","1342","3.14134","1440","3.1443","1435","3.141664","1436","3.142328","1472","3.143664","1483","3.140936","1435","3.141464","1447","3.142196","1483","3.141932","1469","3.139944","1506","3.141832","1446","3.14022","1447","3.141952","1592","3.141352","1472","3.142064","1447","3.142696","1473","3.142068","1413","3.140624","1482","3.143568","1483","3.141216","1413","3.139872","1471","3.141152","1483","3.1412","1471","3.141856","1471","3.142112","1433","3.14228","1432","3.141776","1432","3.142024","1471","3.14386","1447","3.139096","1388","3.1425","1506","3.144212","1435","3.144628","1470","3.137704","1471","3.142604","1470","3.142856","1471","3.1421","1483","3.141716","1445","3.142412","1470","3.142812","1482","3.142148","1482","3.143648","1470","3.143356","1469","3.139584","1505","3.141352","1481","3.13966","1590","3.143616","1470","3.141436","1510","3.142396","1470","3.141104","1466","3.141756","1466","3.142048","1469","3.141388","1466","3.144712","1466","3.141852","1551","3.141472","1466","3.141256","1466","3.14328","1466","3.143584","1466","3.143172","1465","3.14212","1551","3.144032","1466","3.13954","1465","3.140416","1470","3.139096","1466","3.140524","1465","3.140116","1465","3.140912","1466","3.143944","1471","3.139848","1443","3.136236","1466","3.14188","1441","3.142288","1466","3.140376","1468","3.140096","1434","3.141112","1433","3.140636","1407","3.14276","1431","3.14184","1434","3.13982","1407","3.140904","1431","3.144756","1432","3.141336","1436","3.142584","1434","3.142492","1434","3.139992","1506","3.142144","1412","3.14244","1412","3.141767640000001","1446","1611"
"49","3.142324","815","3.142368","1373","3.1391","1326","3.141408","1374","3.140816","1304","3.140024","1326","3.14302","1349","3.141872","1342","3.141724","1342","3.139424","1342","3.14076","1303","3.14178","1342","3.139564","1349","3.14004","1326","3.1454","1342","3.141872","1373","3.14314","1342","3.141908","1327","3.139244","1326","3.142752","1342","3.140596","1325","3.145","1349","3.141124","1326","3.143572","1388","3.1423","1327","3.141616","1325","3.140964","1382","3.14156","1373","3.140228","1341","3.141496","1349","3.140304","1341","3.1419","1349","3.143096","1304","3.139132","1326","3.142788","1387","3.14166","1349","3.141692","1372","3.140312","1331","3.141144","1301","3.143184","1342","3.142204","1345","3.141848","1354","3.14414","1394","3.143172","1376","3.140776","1365","3.141672","1374","3.141744","1338","3.14008","1364","3.142","1379","3.140808","1398","3.14002","1398","3.142544","1392","3.141552","1381","3.140992","1369","3.142944","1365","3.14116","1373","3.141312","1373","3.140088","1365","3.140952","1365","3.141704","1365","3.143356","1372","3.140992","1365","3.141424","1372","3.139252","1373","3.1386","1372","3.14244","1373","3.141544","1373","3.138808","1373","3.141348","1365","3.14","1372","3.139572","1364","3.139604","1365","3.143836","1364","3.143232","1372","3.143176","1372","3.14276","1372","3.140288","1364","3.142656","1372","3.143056","1372","3.140132","1364","3.14378","1365","3.141756","1365","3.141916","1372","3.139436","1372","3.140992","1372","3.139256","1372","3.142748","1372","3.140644","1365","3.14142","1365","3.140828","1363","3.141136","1364","3.138536","1364","3.142056","1365","3.140312","1337","3.142576","1372","3.143172","1372","3.142212","1372","3.142836","1364","3.138764","1371","3.142388","1363","3.1414675999999986","1353","1458"
"50","3.139968","681","3.142104","1378","3.143196","1404","3.140236","1379","3.140596","1380","3.1405","1373","3.140972","1365","3.1452","1378","3.14172","1373","3.143736","1372","3.138692","1408","3.141928","1405","3.1428","1379","3.14152","1405","3.139668","1404","3.136912","1405","3.14488","1404","3.143876","1365","3.14414","1369","3.143344","1412","3.138836","1359","3.144688","1403","3.14414","1412","3.1406","1413","3.140976","1413","3.142812","1413","3.141192","1360","3.143016","1368","3.14148","1403","3.142896","1406","3.14336","1407","3.140032","1408","3.143928","1407","3.141344","1405","3.14072","1408","3.141748","1404","3.141212","1405","3.14054","1379","3.136068","1404","3.144128","1405","3.14344","1364","3.141096","1410","3.139916","1407","3.14272","1395","3.140564","1412","3.140964","1404","3.137116","1397","3.144904","1405","3.14366","1406","3.140784","1404","3.141532","1407","3.14328","1404","3.143324","1411","3.143176","1397","3.140592","1403","3.142344","1398","3.1426","1395","3.143292","1358","3.140236","1405","3.13906","1369","3.1418","1368","3.142192","1394","3.141384","1409","3.142872","1396","3.141132","1398","3.144532","1409","3.141656","1397","3.1423","1368","3.141952","1438","3.144096","1409","3.144","1373","3.143428","1377","3.143836","1370","3.139628","1402","3.141516","1401","3.14202","1375","3.142652","1378","3.142924","1379","3.14136","1338","3.142136","1378","3.13966","1378","3.144224","1378","3.139852","1358","3.143372","1353","3.140908","1378","3.14252","1360","3.14172","1360","3.141732","1360","3.139196","1360","3.141916","1360","3.138604","1360","3.142596","1360","3.143828","1359","3.142776","1360","3.140536","1360","3.141632","1360","3.143404","1359","3.141144","1360","3.142552","1360","3.143592","1359","3.141874840000001","1379","1450"
"51","3.141764","919","3.138212","1298","3.143828","1296","3.144084","1296","3.142628","1474","3.14076","1611","3.14326","1474","3.141816","1548","3.142108","1416","3.142776","1509","3.141112","1567","3.142836","1518","3.142332","1548","3.140984","1505","3.142192","1518","3.141396","1519","3.14372","1518","3.140636","1681","3.139724","1473","3.141068","1509","3.143428","1548","3.14214","1509","3.141688","1737","3.143056","1548","3.1435","1593","3.14292","1460","3.13934","1737","3.142372","1472","3.142348","1566","3.140432","1418","3.141748","1418","3.141164","1679","3.141276","1680","3.143644","1680","3.142216","1680","3.142448","1687","3.141016","1686","3.142052","1631","3.143404","1686","3.140992","1679","3.142512","1643","3.141152","1687","3.139708","1680","3.141836","1687","3.142792","1678","3.143168","1678","3.143056","1646","3.142548","1646","3.139424","1680","3.140768","1680","3.143056","1687","3.140692","1680","3.142284","1686","3.142048","1679","3.142304","1630","3.141488","1687","3.141192","1680","3.143184","1679","3.141728","1602","3.144396","1679","3.141764","1686","3.140932","1679","3.140916","1679","3.142264","1679","3.140916","1680","3.141324","1686","3.141688","1679","3.141116","1686","3.143344","1687","3.141756","1677","3.143576","1630","3.143504","1647","3.140188","1646","3.140808","1686","3.139852","1679","3.143148","1679","3.141284","1679","3.140596","1686","3.13888","1641","3.140388","1679","3.1418","1679","3.143872","1679","3.140048","1642","3.148224","1679","3.1395","1686","3.141348","1631","3.143212","1679","3.141752","1633","3.141256","1630","3.14112","1679","3.140088","1643","3.141228","1686","3.142032","1678","3.144476","1678","3.140904","1679","3.142768","1679","3.14196","1686","3.141396","1679","3.139768","1678","3.141524","1678","3.1418427599999994","1615","1744"
"52","3.141648","468","3.143012","1303","3.14216","1305","3.142184","1335","3.143664","1260","3.14154","1336","3.141572","1292","3.140452","1292","3.13982","1335","3.140888","1345","3.144556","1291","3.142308","1335","3.141816","1291","3.14106","1292","3.140596","1320","3.139828","1359","3.135856","1398","3.14212","1283","3.141916","1399","3.141252","1319","3.141348","1318","3.139104","1437","3.141296","1427","3.140124","1471","3.141632","1507","3.139076","1433","3.143612","1471","3.141888","1477","3.14448","1434","3.140416","1469","3.143004","1476","3.144704","1443","3.14198","1433","3.1405","1400","3.144528","1471","3.144288","1436","3.14226","1434","3.140676","1426","3.141108","1396","3.14342","1426","3.139124","1474","3.142168","1431","3.141952","1436","3.138788","1473","3.140184","1507","3.14332","1433","3.142404","1484","3.13964","1484","3.144572","1441","3.142996","1470","3.143884","1470","3.142908","1433","3.140368","1470","3.140708","1507","3.139704","1433","3.143852","1432","3.140012","1481","3.143248","1430","3.143252","1469","3.14436","1391","3.142852","1507","3.141824","1439","3.144852","1476","3.142468","1477","3.141","1486","3.140144","1474","3.142564","1475","3.140872","1442","3.14066","1477","3.143528","1466","3.139624","1429","3.140528","1476","3.140796","1476","3.139176","1475","3.139616","1466","3.141064","1475","3.141956","1476","3.141488","1476","3.141888","1475","3.143444","1476","3.140536","1436","3.14274","1468","3.143376","1468","3.142316","1469","3.139236","1459","3.140052","1469","3.140852","1469","3.139576","1468","3.14102","1469","3.14254","1468","3.141924","1435","3.139548","1459","3.137152","1469","3.140288","1469","3.142916","1459","3.14292","1469","3.138336","1468","3.143844","1427","3.143436","1423","3.139876","1469","3.14157964","1421","1545"
"53","3.141496","1341","3.14086","1340","3.141176","1506","3.13878","1506","3.139764","1514","3.139956","1508","3.141172","1507","3.141756","1507","3.1408","1507","3.142608","1506","3.141664","1507","3.142144","1428","3.139864","1507","3.14316","1505","3.142648","1470","3.142012","1507","3.140088","1460","3.140832","1511","3.1421","1507","3.140684","1479","3.138592","1470","3.14054","1508","3.142204","1507","3.142636","1507","3.14112","1469","3.138872","1506","3.1419","1474","3.142632","1511","3.14196","1510","3.140512","1468","3.141216","1475","3.141772","1466","3.14238","1486","3.142868","1507","3.140952","1463","3.144048","1481","3.142484","1462","3.143596","1463","3.138584","1481","3.141576","1506","3.142604","1506","3.141592","1481","3.140532","1506","3.142116","1506","3.139548","1506","3.141368","1544","3.142476","1507","3.142348","1544","3.145168","1505","3.143148","1507","3.141116","1460","3.142164","1542","3.13972","1504","3.143952","1461","3.142008","1503","3.142616","1504","3.144216","1460","3.140888","1542","3.1364","1460","3.13788","1478","3.142304","1504","3.142316","1503","3.1437","1503","3.143128","1460","3.140072","1541","3.141788","1478","3.14314","1502","3.1414","1502","3.142456","1478","3.139708","1502","3.140816","1461","3.143868","1460","3.140264","1511","3.142084","1491","3.143396","1512","3.141036","1511","3.139964","1511","3.142676","1491","3.143084","1512","3.139844","1512","3.141208","1473","3.140496","1471","3.13956","1491","3.139444","1471","3.138676","1470","3.141452","1478","3.142552","1478","3.140648","1455","3.140336","1475","3.13702","1475","3.14088","1474","3.142768","1475","3.13708","1475","3.143064","1474","3.137844","1474","3.143148","1474","3.142664","1474","3.142712","1474","3.141924","1466","3.141392","1466","3.141377800000001","1487","1591"
"54","3.14216","1546","3.140256","1571","3.13962","1570","3.141692","1547","3.14018","1570","3.14462","1571","3.141712","1570","3.139792","1570","3.142264","1570","3.143544","1570","3.143764","1569","3.143656","1570","3.141352","1568","3.139232","1568","3.140788","1569","3.140112","1569","3.143564","1568","3.14162","1569","3.143192","1540","3.140656","1563","3.142092","1560","3.142292","1560","3.143192","1545","3.144708","1545","3.13914","1546","3.139932","1545","3.14318","1545","3.140296","1545","3.142132","1545","3.142604","1544","3.14194","1545","3.140632","1545","3.137872","1545","3.141032","1545","3.141304","1545","3.14002","1545","3.14164","1545","3.14432","1544","3.142064","1545","3.143528","1546","3.141552","1545","3.140644","1545","3.140152","1535","3.141668","1563","3.137584","1535","3.144884","1535","3.145864","1535","3.143484","1535","3.14046","1535","3.143708","1563","3.1429","1534","3.139496","1535","3.141588","1534","3.141184","1533","3.143472","1563","3.141596","1563","3.140304","1534","3.140316","1563","3.141868","1535","3.14058","1535","3.142464","1535","3.142496","1509","3.141112","1573","3.140456","1553","3.143152","1524","3.143024","1552","3.142492","1552","3.1419","1546","3.141968","1513","3.139212","1513","3.14274","1513","3.1436","1513","3.14224","1513","3.139732","1513","3.139848","1513","3.137808","1513","3.142408","1523","3.142148","1522","3.139544","1513","3.141644","1501","3.14228","1500","3.141916","1508","3.140576","1499","3.141444","1509","3.137624","1503","3.140876","1502","3.140256","1494","3.140232","1501","3.139528","1495","3.14016","1487","3.14466","1495","3.141452","1495","3.14284","1491","3.144092","1491","3.14342","1490","3.140808","1490","3.1423","1490","3.14096","1490","3.138576","1490","3.141548","1481","3.141565359999999","1535","1610"
"55","3.142176","1512","3.141704","1270","3.143888","1306","3.142776","1449","3.144508","1516","3.1419","1220","3.14324","1176","3.13932","1351","3.142148","1027","3.142936","1270","3.143048","1221","3.144272","1270","3.1406","1417","3.14284","1385","3.141656","1431","3.143416","1430","3.140552","1584","3.141272","1417","3.14326","1335","3.1419","1385","3.140124","1385","3.14024","1575","3.142144","1532","3.139432","1616","3.142352","1367","3.141668","1358","3.139608","1443","3.143164","1605","3.143096","1606","3.14386","1444","3.140056","1608","3.141404","1521","3.139644","1443","3.141564","1539","3.141292","1478","3.14176","1594","3.14232","1599","3.142428","1527","3.139604","1468","3.141568","1505","3.139384","1522","3.14602","1516","3.140216","1516","3.142124","1591","3.141104","1588","3.139176","1589","3.140732","1588","3.14094","1533","3.141736","1492","3.142784","1491","3.14206","1533","3.141492","1533","3.140392","1545","3.141164","1585","3.142844","1549","3.141992","1572","3.143612","1572","3.1418","1546","3.14346","1543","3.141164","1572","3.140896","1548","3.141336","1532","3.142388","1535","3.14208","1537","3.141836","1565","3.141852","1565","3.140616","1563","3.140316","1531","3.143192","1558","3.14144","1518","3.138912","1529","3.143332","1549","3.142708","1525","3.141052","1510","3.141176","1512","3.142136","1555","3.14068","1550","3.139456","1556","3.141248","1550","3.141252","1550","3.141732","1550","3.140964","1512","3.140356","1528","3.140284","1550","3.143136","1550","3.140024","1566","3.140568","1524","3.140544","1523","3.1404","1550","3.138952","1565","3.138556","1550","3.139712","1525","3.143588","1520","3.13946","1565","3.140248","1550","3.144552","1550","3.140576","1566","3.140436","1528","3.1396","1549","3.139652","1550","3.141501799999999","1498","1648"
"56","3.140996","915","3.140516","1192","3.14078","1246","3.1434","1209","3.144616","1187","3.140848","1187","3.142988","1245","3.139632","1296","3.140448","1240","3.141856","1296","3.140176","1274","3.141388","1332","3.142768","1274","3.139908","1232","3.141812","1323","3.142112","1378","3.13996","1377","3.140592","1337","3.139708","1377","3.1449","1401","3.140108","1361","3.141676","1452","3.141608","1414","3.14158","1331","3.14022","1336","3.140508","1372","3.141328","1402","3.141884","1440","3.141","1448","3.142792","1446","3.139944","1439","3.140328","1471","3.141216","1392","3.141432","1318","3.141512","1390","3.141812","1404","3.143904","1439","3.143448","1391","3.139744","1436","3.14282","1443","3.141844","1400","3.141104","1436","3.14338","1399","3.141328","1402","3.1415","1436","3.141364","1401","3.142236","1449","3.140688","1401","3.1414","1436","3.141576","1436","3.14278","1449","3.14264","1399","3.142128","1444","3.138728","1445","3.139372","1435","3.143928","1399","3.140848","1434","3.143508","1400","3.143628","1466","3.141692","1442","3.141932","1446","3.140952","1462","3.141656","1439","3.140596","1438","3.142392","1429","3.143488","1452","3.137948","1428","3.144192","1380","3.142312","1413","3.140804","1423","3.14374","1425","3.140468","1446","3.145208","1415","3.143888","1427","3.142168","1427","3.141188","1422","3.142556","1423","3.140604","1425","3.141608","1425","3.140128","1423","3.140828","1446","3.145376","1446","3.14016","1446","3.142772","1425","3.140336","1422","3.140932","1425","3.14152","1422","3.143548","1423","3.144124","1446","3.141108","1422","3.14112","1422","3.142752","1415","3.143764","1445","3.140136","1445","3.1415","1422","3.139932","1426","3.140608","1410","3.141408","1410","3.14368","1433","3.140932","1425","3.1416830399999998","1390","1496"
"57","3.139632","1167","3.143008","1364","3.14162","1364","3.141092","1331","3.14344","1368","3.14328","1368","3.139312","1365","3.14006","1291","3.142352","1366","3.141512","1285","3.14264","1400","3.139312","1368","3.14216","1364","3.139988","1365","3.144608","1333","3.13902","1368","3.14212","1364","3.141172","1337","3.146528","1327","3.140724","1364","3.141768","1402","3.14552","1337","3.14148","1331","3.141852","1401","3.143788","1295","3.1413","1364","3.141052","1331","3.143444","1292","3.14208","1255","3.142544","1285","3.139944","1327","3.140396","1295","3.142936","1331","3.1421","1328","3.140828","1328","3.138744","1374","3.141364","1477","3.14282","1485","3.140124","1461","3.140968","1477","3.140948","1486","3.14106","1520","3.1406","1466","3.140936","1524","3.141108","1464","3.141204","1461","3.139484","1520","3.140916","1521","3.142336","1530","3.141708","1432","3.14238","1473","3.143772","1527","3.140192","1520","3.140704","1476","3.142288","1521","3.139652","1520","3.144832","1521","3.141404","1521","3.140224","1519","3.139044","1520","3.139804","1429","3.140844","1521","3.146308","1521","3.142684","1521","3.140612","1486","3.14144","1485","3.142664","1481","3.142608","1486","3.142644","1438","3.139876","1484","3.141956","1483","3.142004","1479","3.140684","1491","3.13854","1491","3.140812","1464","3.140684","1466","3.140172","1458","3.143228","1454","3.142924","1455","3.141112","1464","3.14038","1414","3.141028","1466","3.140492","1460","3.141464","1458","3.14356","1454","3.141928","1448","3.143968","1451","3.141984","1454","3.14226","1449","3.141416","1442","3.140352","1450","3.142796","1443","3.14","1442","3.14108","1454","3.14362","1451","3.142264","1443","3.140764","1452","3.1412","1454","3.142352","1453","3.142568","1454","3.1416049999999998","1426","1559"
"58","3.140624","1359","3.143792","1349","3.142252","1404","3.141496","1401","3.139956","1401","3.142492","1346","3.143752","1348","3.142108","1356","3.141236","1341","3.14172","1350","3.139064","1341","3.142324","1252","3.14076","1347","3.141296","1337","3.142984","1346","3.142656","1427","3.144688","1514","3.140156","1401","3.141752","1472","3.140444","1476","3.142332","1468","3.139996","1475","3.141712","1489","3.1398","1489","3.141228","1514","3.142004","1477","3.141928","1477","3.141232","1429","3.145052","1475","3.143496","1514","3.139108","1490","3.139588","1490","3.141592","1470","3.143208","1400","3.140404","1471","3.141452","1468","3.143068","1471","3.142592","1485","3.142352","1519","3.143144","1553","3.141884","1484","3.141352","1512","3.140112","1508","3.141488","1512","3.141788","1471","3.141188","1436","3.141892","1493","3.13834","1449","3.14086","1518","3.14216","1475","3.14272","1488","3.143424","1471","3.143544","1516","3.141632","1488","3.140472","1513","3.140368","1513","3.143508","1531","3.142228","1519","3.143672","1521","3.143156","1512","3.13884","1530","3.143836","1512","3.144116","1521","3.141788","1531","3.14238","1530","3.14158","1445","3.141496","1473","3.14312","1530","3.146472","1530","3.143552","1522","3.141132","1530","3.13992","1488","3.141248","1512","3.142056","1488","3.141648","1512","3.13978","1530","3.143484","1516","3.14364","1488","3.140988","1520","3.139992","1513","3.142908","1519","3.142956","1520","3.143192","1518","3.142076","1522","3.142604","1518","3.143568","1511","3.141044","1530","3.139656","1529","3.13962","1530","3.14284","1513","3.14346","1515","3.140232","1519","3.142636","1529","3.14328","1517","3.14244","1530","3.142912","1486","3.141892","1517","3.142236","1512","3.143024","1529","3.142296","1521","3.14192568","1477","1596"
"59","3.143412","73","3.145548","1298","3.139644","1356","3.139576","1302","3.141048","1332","3.14206","1277","3.140924","1356","3.142876","1201","3.141628","1356","3.143656","1356","3.14276","1332","3.141304","1356","3.144836","1225","3.138768","1356","3.139828","1331","3.14144","1355","3.138852","1355","3.14108","1356","3.141636","1356","3.142068","1302","3.140568","1404","3.139452","1439","3.139448","1429","3.140888","1430","3.144112","1358","3.142932","1439","3.14018","1368","3.143708","1432","3.1411","1390","3.140036","1391","3.142408","1428","3.142068","1390","3.142252","1428","3.143144","1403","3.137208","1431","3.14486","1393","3.141484","1404","3.143656","1393","3.141496","1428","3.139296","1427","3.139584","1428","3.139708","1428","3.142616","1439","3.143116","1428","3.142964","1431","3.142976","1391","3.142748","1427","3.140384","1430","3.142068","1429","3.142664","1403","3.139252","1427","3.139416","1428","3.143184","1391","3.144748","1428","3.144912","1390","3.143244","1431","3.141372","1403","3.141676","1430","3.138296","1439","3.145832","1430","3.139572","1427","3.141796","1403","3.140616","1429","3.142476","1438","3.1428","1432","3.143412","1439","3.141672","1390","3.144384","1389","3.14168","1430","3.140416","1367","3.143024","1391","3.143488","1432","3.139584","1438","3.141512","1425","3.14098","1435","3.141364","1436","3.140648","1425","3.140508","1425","3.140568","1401","3.142436","1425","3.143236","1427","3.143096","1428","3.14348","1437","3.14206","1427","3.138828","1425","3.139164","1391","3.14164","1425","3.143376","1435","3.143324","1428","3.144248","1426","3.138976","1425","3.141564","1424","3.139928","1425","3.141592","1427","3.144104","1427","3.14252","1435","3.141688","1427","3.141536","1424","3.142844","1426","3.14028","1425","3.141744200000001","1387","1464"
"60","3.140108","1023","3.141416","986","3.142448","1016","3.141296","981","3.14076","1321","3.141264","1512","3.14044","1509","3.14184","1511","3.140328","1509","3.136804","1418","3.140248","1481","3.139856","1511","3.142716","1360","3.142044","1316","3.140744","1511","3.14236","1477","3.146412","1511","3.140352","1508","3.140252","1451","3.142624","1479","3.143964","1421","3.142024","1510","3.143528","1464","3.14154","1492","3.144372","1514","3.144664","1494","3.143544","1493","3.1434","1404","3.139464","1510","3.138268","1509","3.144364","1489","3.143736","1509","3.144908","1509","3.141924","1489","3.139924","1488","3.139572","1510","3.140072","1509","3.142476","1510","3.144988","1489","3.142244","1509","3.14088","1489","3.142192","1509","3.140288","1489","3.142584","1489","3.1427","1509","3.139872","1509","3.140216","1510","3.14012","1509","3.141304","1490","3.142944","1489","3.14056","1509","3.140612","1509","3.13938","1509","3.139496","1489","3.14138","1510","3.14184","1488","3.139352","1489","3.140976","1489","3.14056","1509","3.139844","1509","3.140972","1489","3.140476","1489","3.141524","1509","3.141112","1510","3.139432","1488","3.142688","1488","3.140636","1507","3.141648","1507","3.142952","1487","3.139132","1487","3.140936","1487","3.139424","1507","3.142784","1485","3.14218","1487","3.143012","1507","3.142396","1486","3.139664","1507","3.137944","1507","3.141244","1507","3.14278","1507","3.140484","1487","3.13914","1487","3.137868","1474","3.141004","1468","3.1407","1467","3.139532","1447","3.14106","1447","3.142564","1464","3.141268","1464","3.139196","1464","3.13962","1464","3.141264","1464","3.14252","1464","3.144032","1464","3.1407","1464","3.141048","1464","3.142152","1450","3.142588","1440","3.142988","1440","3.143056","1440","3.1413610799999994","1463","1540"
"61","3.138436","1506","3.144396","1671","3.141972","1671","3.140852","1671","3.14054","1665","3.142556","1665","3.142428","1665","3.141696","1642","3.142532","1665","3.141496","1665","3.142044","1662","3.140316","1729","3.1416","1730","3.142032","1731","3.143752","1730","3.142628","1731","3.141164","1693","3.142728","1662","3.144252","1729","3.143432","1662","3.141592","1729","3.143596","1730","3.140184","1662","3.144932","1752","3.142292","1730","3.138664","1730","3.1446","1731","3.140104","1752","3.144212","1728","3.143764","1728","3.144676","1755","3.143316","1729","3.140588","1752","3.14018","1729","3.140736","1752","3.141668","1730","3.142028","1728","3.14462","1751","3.140588","1751","3.14042","1730","3.14358","1751","3.137652","1752","3.142244","1736","3.139648","1736","3.139616","1763","3.140984","1736","3.138816","1735","3.14222","1742","3.144316","1735","3.142608","1736","3.142928","1738","3.14016","1732","3.142956","1740","3.141032","1736","3.142624","1733","3.141292","1740","3.140012","1740","3.140788","1732","3.145296","1736","3.143332","1755","3.14076","1731","3.143644","1731","3.140024","1730","3.139148","1731","3.140304","1755","3.144752","1731","3.142572","1727","3.144172","1755","3.140264","1727","3.139156","1731","3.140996","1755","3.140916","1727","3.144048","1731","3.144776","1736","3.139764","1734","3.143976","1732","3.141296","1729","3.139688","1730","3.140244","1757","3.13886","1731","3.142256","1730","3.143024","1731","3.139036","1732","3.139584","1735","3.141036","1730","3.140788","1735","3.145928","1733","3.143908","1755","3.137712","1733","3.141452","1731","3.141232","1755","3.140948","1730","3.14302","1735","3.1431","1735","3.139676","1755","3.140448","1736","3.143756","1728","3.143852","1734","3.141984","1730","3.140112","1733","3.1417792799999997","1724","1793"
"62","3.143","1447","3.141544","1488","3.142452","1489","3.13998","1488","3.140736","1488","3.141132","1489","3.144336","1463","3.142","1463","3.140172","1488","3.138792","1488","3.142688","1489","3.138504","1488","3.141532","1488","3.14164","1488","3.139204","1488","3.141924","1488","3.141452","1489","3.1456","1464","3.142592","1488","3.14146","1487","3.141804","1488","3.141164","1488","3.140212","1491","3.142532","1488","3.14248","1463","3.144608","1488","3.141376","1488","3.140672","1488","3.140248","1483","3.142252","1478","3.14056","1512","3.142","1512","3.14114","1512","3.144756","1490","3.142436","1477","3.141184","1492","3.142872","1434","3.140676","1483","3.14088","1483","3.140328","1503","3.140476","1503","3.140188","1482","3.140248","1504","3.14306","1503","3.146312","1503","3.1415","1504","3.142416","1504","3.142588","1504","3.139228","1503","3.141176","1465","3.142444","1419","3.142068","1503","3.141888","1503","3.140588","1504","3.139856","1471","3.142708","1503","3.140348","1466","3.141584","1503","3.141504","1483","3.142692","1503","3.142224","1503","3.14046","1503","3.139252","1473","3.13842","1503","3.14398","1482","3.140024","1468","3.140788","1465","3.142528","1503","3.14112","1503","3.141324","1481","3.142584","1481","3.141884","1480","3.140368","1482","3.142048","1503","3.141672","1498","3.143172","1498","3.144284","1498","3.140056","1476","3.141284","1477","3.140292","1491","3.137512","1491","3.136204","1491","3.140676","1491","3.14128","1491","3.142692","1491","3.137004","1470","3.142704","1491","3.140356","1470","3.141848","1491","3.140124","1491","3.141156","1470","3.144508","1491","3.143704","1491","3.13956","1470","3.139772","1491","3.141188","1491","3.142536","1491","3.138372","1491","3.140188","1491","3.143032","1491","3.1413997199999995","1487","1529"
"63","3.144592","1436","3.141052","1456","3.137532","1446","3.138048","1436","3.139096","1436","3.143736","1444","3.13958","1436","3.142248","1440","3.140208","1441","3.141148","1436","3.141852","1439","3.14126","1437","3.1416","1438","3.138568","1436","3.140228","1436","3.139648","1399","3.139356","1440","3.1395","1436","3.141376","1440","3.142752","1443","3.144228","1436","3.142168","1435","3.142296","1444","3.140252","1435","3.140768","1438","3.14362","1435","3.14164","1474","3.142168","1436","3.14232","1436","3.141436","1442","3.144208","1441","3.1442","1474","3.138836","1435","3.139856","1438","3.139496","1435","3.1423","1435","3.142312","1474","3.139348","1435","3.140196","1402","3.141856","1435","3.144428","1439","3.141184","1402","3.143404","1435","3.144884","1435","3.135588","1435","3.141992","1402","3.142828","1434","3.140672","1435","3.141188","1438","3.143504","1434","3.142412","1438","3.137284","1439","3.14212","1438","3.139592","1435","3.140568","1402","3.14128","1443","3.142256","1443","3.143476","1411","3.140968","1372","3.14012","1442","3.143392","1443","3.141112","1442","3.139188","1411","3.142532","1442","3.143072","1442","3.140768","1443","3.141532","1412","3.142804","1442","3.142624","1442","3.139832","1408","3.14068","1404","3.140828","1442","3.139824","1435","3.14014","1436","3.143704","1436","3.140964","1435","3.141272","1401","3.14218","1433","3.141288","1433","3.143392","1421","3.143516","1421","3.1432","1421","3.14276","1421","3.140176","1421","3.140524","1421","3.144592","1421","3.140164","1421","3.142348","1421","3.143084","1421","3.14102","1421","3.139656","1421","3.13892","1420","3.14254","1421","3.1425","1421","3.144308","1421","3.138144","1421","3.1406","1421","3.14","1401","3.142788","1420","3.143548","1421","3.1414214800000013","1431","1476"
"64","3.141504","1310","3.142032","1311","3.142532","1279","3.143716","1311","3.142272","1438","3.143952","1310","3.139272","1311","3.143264","1437","3.140936","1309","3.142976","1438","3.142144","1311","3.142904","1279","3.142652","1438","3.143992","1310","3.1436","1279","3.141472","1438","3.145116","1438","3.142368","1438","3.141432","1310","3.142388","1437","3.142724","1437","3.141616","1437","3.139488","1276","3.141076","1181","3.142788","1438","3.14228","1438","3.142856","1341","3.141796","1438","3.140704","1310","3.141992","1438","3.142252","1279","3.140152","1309","3.141848","1310","3.14414","1438","3.140792","1438","3.14252","1310","3.143092","1416","3.141248","1180","3.142136","1310","3.13854","1310","3.138152","1436","3.142852","1272","3.138508","1437","3.140556","1309","3.143224","1278","3.143676","1437","3.142356","1309","3.140056","1310","3.14126","1438","3.144852","1310","3.139784","1212","3.140564","1310","3.1417","1310","3.141644","1387","3.13916","1438","3.141196","1310","3.143448","1277","3.142328","1212","3.140184","1438","3.14128","1437","3.143848","1276","3.142264","1436","3.1427","1310","3.141648","1310","3.141176","1309","3.142344","1340","3.14068","1180","3.140728","1309","3.14158","1209","3.138924","1308","3.14226","1309","3.140688","1309","3.142688","1436","3.14306","1308","3.139888","1436","3.13914","1308","3.141084","1435","3.141804","1273","3.139808","1375","3.141736","1400","3.142672","1377","3.141272","1328","3.140096","1274","3.138248","1400","3.139564","1328","3.143384","1400","3.143092","1259","3.14158","1314","3.143132","1361","3.144344","1362","3.144744","1362","3.145192","1345","3.140768","1343","3.142168","1318","3.13986","1299","3.143328","1296","3.14174","1345","3.140596","1369","3.143968","1296","3.13978","1345","3.1417892000000007","1343","1438"
"65","3.139708","844","3.142332","1415","3.140308","1381","3.140336","1383","3.143044","1383","3.140044","1383","3.14294","1532","3.142772","1491","3.143024","1578","3.139708","1508","3.141256","1497","3.142308","1506","3.143852","1531","3.14304","1533","3.140824","1501","3.142988","1534","3.138904","1490","3.141764","1499","3.141336","1506","3.143676","1507","3.145","1531","3.140692","1541","3.143244","1535","3.141492","1647","3.142208","1598","3.142792","1649","3.141808","1647","3.141408","1637","3.14436","1600","3.143088","1640","3.141732","1638","3.140228","1638","3.139744","1646","3.14006","1572","3.141976","1638","3.14174","1638","3.142216","1648","3.13998","1649","3.142964","1568","3.141648","1637","3.143276","1650","3.139416","1640","3.143372","1647","3.144376","1647","3.142632","1640","3.1407","1647","3.137564","1649","3.142804","1649","3.145216","1597","3.142516","1598","3.143076","1609","3.141316","1517","3.140904","1649","3.141652","1597","3.13818","1640","3.144748","1649","3.140352","1598","3.14112","1650","3.141416","1636","3.140992","1638","3.141708","1598","3.141852","1646","3.140256","1649","3.142804","1636","3.140868","1602","3.138076","1638","3.142904","1639","3.142668","1648","3.141948","1640","3.13954","1638","3.1418","1639","3.14188","1650","3.138188","1648","3.142644","1647","3.142484","1602","3.141916","1649","3.143316","1649","3.143556","1649","3.142536","1650","3.139668","1644","3.143724","1648","3.143768","1638","3.142136","1646","3.14176","1648","3.140892","1598","3.145156","1637","3.141232","1638","3.139996","1607","3.143408","1604","3.140876","1607","3.140524","1606","3.139096","1607","3.142508","1605","3.14332","1607","3.13998","1605","3.139164","1602","3.141772","1596","3.14074","1607","3.141236","1607","3.141604","1604","3.1417167600000004","1589","1675"
"66","3.143808","1153","3.14356","1383","3.141484","1382","3.140296","1383","3.139376","1384","3.142196","1383","3.142336","1357","3.143288","1384","3.14306","1383","3.143052","1358","3.143128","1357","3.140296","1382","3.14106","1382","3.14116","1405","3.143508","1383","3.140548","1358","3.142628","1407","3.14018","1357","3.139324","1405","3.141212","1382","3.139584","1358","3.142108","1358","3.14248","1357","3.137196","1379","3.140276","1380","3.142856","1380","3.141508","1379","3.14164","1354","3.137396","1418","3.143632","1411","3.142544","1436","3.141472","1405","3.145984","1410","3.141284","1415","3.141732","1435","3.142792","1457","3.139668","1453","3.143364","1365","3.1429","1478","3.144052","1449","3.139516","1440","3.140876","1428","3.143028","1479","3.14132","1427","3.143068","1427","3.144672","1478","3.13718","1469","3.141544","1468","3.140572","1478","3.140984","1478","3.143468","1432","3.143976","1469","3.142024","1469","3.140512","1512","3.140512","1439","3.140572","1468","3.140404","1468","3.141852","1468","3.141732","1468","3.140732","1468","3.141656","1468","3.141672","1469","3.144844","1426","3.141932","1468","3.143812","1474","3.143472","1512","3.1398","1425","3.142168","1468","3.142076","1468","3.14192","1478","3.140828","1433","3.142964","1473","3.140712","1468","3.141956","1468","3.143236","1476","3.13956","1469","3.139844","1468","3.14172","1425","3.142316","1468","3.140692","1476","3.142116","1467","3.14232","1468","3.14118","1473","3.141496","1434","3.141236","1468","3.143652","1468","3.140088","1431","3.141828","1462","3.14226","1462","3.14004","1462","3.141392","1425","3.142752","1460","3.140276","1461","3.141892","1461","3.140976","1461","3.141328","1460","3.142484","1460","3.143076","1419","3.139024","1461","3.142496","1434","3.1416760400000006","1430","1571"
"67","3.142596","1074","3.141628","1488","3.141116","1488","3.141128","1488","3.142196","1469","3.140852","1491","3.139916","1492","3.144604","1527","3.140008","1528","3.14358","1525","3.143732","1528","3.140268","1527","3.142012","1526","3.140568","1526","3.140812","1526","3.136876","1528","3.145468","1525","3.140552","1528","3.141324","1526","3.142228","1528","3.141812","1527","3.14164","1528","3.141188","1494","3.141516","1527","3.140188","1525","3.1436","1494","3.144136","1528","3.138992","1525","3.139008","1500","3.145512","1525","3.140728","1528","3.14076","1526","3.139036","1483","3.139552","1527","3.143724","1525","3.141772","1528","3.141668","1528","3.142716","1525","3.142128","1528","3.141424","1525","3.143052","1520","3.141768","1519","3.143656","1517","3.141648","1520","3.139804","1519","3.14258","1520","3.139548","1519","3.143556","1520","3.14018","1517","3.141832","1520","3.139084","1519","3.14468","1517","3.141892","1519","3.144232","1517","3.140424","1519","3.138884","1519","3.141532","1520","3.141436","1517","3.14388","1520","3.141332","1517","3.139088","1520","3.145024","1519","3.144064","1520","3.141436","1520","3.141728","1520","3.143368","1520","3.14442","1520","3.1433","1520","3.141224","1491","3.145396","1520","3.14228","1520","3.140328","1519","3.140988","1520","3.141896","1519","3.142192","1517","3.140712","1519","3.141272","1489","3.13994","1517","3.140084","1519","3.141312","1519","3.142236","1519","3.140984","1519","3.139216","1517","3.137892","1519","3.144028","1519","3.14204","1489","3.141212","1519","3.14188","1519","3.142364","1519","3.140004","1519","3.13914","1485","3.141552","1517","3.142816","1519","3.142628","1518","3.13824","1505","3.140664","1505","3.13848","1503","3.13964","1503","3.141892","1505","3.141876","1505","3.141563999999999","1511","1535"
"68","3.143584","963","3.14174","1030","3.140924","1255","3.143328","1228","3.1427","1084","3.141268","1399","3.142396","1140","3.142732","1109","3.140452","1140","3.1428","1085","3.141992","1367","3.141292","1368","3.139156","1364","3.141304","1331","3.142576","1367","3.140932","1367","3.140428","1368","3.141","1367","3.144632","1331","3.142768","1352","3.142188","1368","3.142364","1330","3.143396","1364","3.140384","1367","3.139296","1353","3.142376","1366","3.141336","1368","3.1422","1368","3.142196","1367","3.141336","1368","3.142684","1366","3.142224","1366","3.137876","1366","3.142064","1367","3.140376","1367","3.137832","1362","3.14468","1366","3.138264","1368","3.139004","1364","3.141752","1368","3.14256","1363","3.140356","1364","3.14172","1368","3.138104","1331","3.143644","1335","3.140384","1323","3.14188","1323","3.140284","1322","3.142412","1326","3.143264","1323","3.143776","1325","3.1423","1324","3.139688","1319","3.143792","1323","3.144136","1318","3.141592","1319","3.140984","1324","3.142868","1324","3.140784","1324","3.142296","1319","3.140244","1323","3.142396","1318","3.140816","1319","3.141368","1326","3.142616","1303","3.140384","1305","3.1405","1304","3.142132","1307","3.143184","1307","3.141512","1301","3.140928","1301","3.140556","1283","3.14184","1298","3.141596","1297","3.142004","1297","3.143844","1299","3.14316","1297","3.14048","1296","3.13954","1296","3.145964","1288","3.142184","1288","3.140704","1296","3.1406","1294","3.143816","1294","3.14344","1293","3.140744","1286","3.138596","1311","3.1437","1311","3.14266","1294","3.141208","1294","3.143288","1286","3.140764","1293","3.13958","1285","3.143836","1294","3.140672","1286","3.141032","1292","3.140392","1292","3.142524","1294","3.140484","1292","3.139756","1282","3.1416370000000002","1308","1400"
"69","3.141008","871","3.140296","1299","3.143708","1402","3.140416","1402","3.142096","1403","3.139508","1300","3.141328","1332","3.140452","1333","3.14366","1402","3.144168","1332","3.141268","1334","3.143572","1332","3.14352","1332","3.140444","1248","3.140908","1402","3.13866","1402","3.142764","1299","3.142412","1333","3.141852","1402","3.142948","1345","3.143988","1402","3.14316","1332","3.137836","1300","3.142388","1299","3.14258","1204","3.142156","1302","3.140388","1300","3.140016","1299","3.14126","1331","3.141276","1402","3.137932","1333","3.139824","1331","3.142432","1299","3.139408","1298","3.140968","1402","3.141684","1297","3.139868","1402","3.144908","1297","3.139764","1402","3.14216","1297","3.141728","1344","3.142568","1331","3.14072","1402","3.140964","1332","3.14162","1401","3.141336","1305","3.141276","1335","3.142892","1299","3.142072","1332","3.137444","1332","3.138536","1333","3.140432","1336","3.143088","1298","3.141052","1402","3.144368","1339","3.142224","1402","3.139176","1402","3.146276","1299","3.143212","1307","3.140936","1332","3.142292","1402","3.140908","1299","3.139108","1299","3.140764","1339","3.141524","1332","3.14288","1402","3.145556","1335","3.144236","1332","3.142692","1333","3.143404","1401","3.140748","1341","3.140124","1331","3.139","1402","3.141952","1297","3.141544","1401","3.141488","1330","3.14436","1298","3.140808","1338","3.137976","1401","3.143912","1401","3.142144","1331","3.142984","1308","3.142472","1346","3.142236","1332","3.142048","1401","3.140048","1401","3.140296","1402","3.1426","1332","3.142428","1298","3.142688","1401","3.141136","1339","3.139708","1402","3.140228","1394","3.140416","1393","3.140684","1325","3.141212","1323","3.141432","1330","3.13934","1393","3.140332","1334","3.14204","1393","3.1415265200000007","1340","1403"
"70","3.141296","956","3.141312","1332","3.141128","944","3.142328","988","3.140576","1018","3.138856","1020","3.142516","1332","3.141244","1021","3.139024","956","3.140508","1331","3.141488","1330","3.140564","1352","3.13874","1323","3.141396","1414","3.140584","1395","3.141248","1323","3.140528","1351","3.143052","1352","3.143404","1414","3.139896","1351","3.142012","1352","3.142828","1395","3.14064","1393","3.14428","1414","3.141616","1414","3.137544","1414","3.139308","1395","3.141052","1352","3.142584","1351","3.142","1393","3.141632","1384","3.143592","1384","3.140692","1363","3.141856","1384","3.141256","1384","3.139396","1383","3.140332","1383","3.139704","1384","3.144","1383","3.140112","1383","3.142184","1383","3.142488","1382","3.141464","1384","3.138028","1384","3.141776","1384","3.146064","1367","3.142072","1367","3.140084","1366","3.143248","1367","3.141556","1367","3.142052","1366","3.142228","1367","3.141592","1367","3.143248","1367","3.139664","1366","3.143464","1346","3.142784","1367","3.141764","1366","3.140792","1367","3.139888","1367","3.143176","1366","3.14252","1367","3.14176","1366","3.138448","1367","3.14128","1366","3.1445","1366","3.141296","1367","3.142912","1366","3.142372","1366","3.14154","1353","3.144092","1353","3.139388","1353","3.140948","1344","3.142284","1343","3.139568","1343","3.142912","1344","3.14352","1344","3.142476","1344","3.141176","1344","3.144372","1343","3.144404","1344","3.142224","1344","3.140532","1343","3.143888","1344","3.142848","1344","3.141244","1344","3.139856","1325","3.142416","1325","3.139328","1313","3.14194","1313","3.139488","1312","3.140988","1311","3.142356","1312","3.144172","1311","3.141008","1312","3.144592","1311","3.1401","1307","3.142676","1307","3.141952","1308","3.140136","1307","3.1415925199999997","1331","1424"
"71","3.143064","1374","3.142912","1328","3.143928","1324","3.140632","1369","3.141652","1325","3.140684","1327","3.142992","1372","3.14052","1326","3.14024","1343","3.1422","1375","3.140104","1334","3.142456","1374","3.1415","1297","3.142444","1374","3.141684","1372","3.14202","1293","3.139048","1372","3.14102","1289","3.142556","1335","3.142432","1375","3.141688","1375","3.14292","1333","3.14318","1375","3.1434","1319","3.14156","1297","3.140552","1373","3.142512","1340","3.141092","1375","3.141012","1374","3.140964","1323","3.136816","1337","3.144056","1373","3.142988","1326","3.140396","1344","3.141808","1374","3.139064","1318","3.14284","1323","3.14336","1334","3.139384","1292","3.14114","1372","3.141508","1292","3.139788","1327","3.141568","1373","3.144428","1330","3.14386","1342","3.141804","1339","3.141592","1375","3.1437","1374","3.141396","1336","3.140808","1374","3.139892","1334","3.141048","1318","3.140536","1318","3.139488","1374","3.141284","1296","3.14192","1324","3.142224","1337","3.143236","1338","3.139576","1372","3.13876","1372","3.138512","1332","3.139768","1373","3.139964","1318","3.141032","1372","3.144","1340","3.139548","1318","3.142912","1342","3.139124","1371","3.144424","1343","3.140004","1374","3.142344","1336","3.14042","1372","3.141844","1294","3.14166","1374","3.140824","1372","3.142992","1374","3.14284","1336","3.144268","1373","3.14142","1318","3.140708","1374","3.141276","1336","3.139372","1295","3.140116","1326","3.141608","1318","3.143588","1368","3.142144","1296","3.142024","1340","3.142144","1318","3.140836","1332","3.142624","1318","3.13978","1371","3.138384","1340","3.142004","1319","3.143884","1318","3.140428","1327","3.142704","1373","3.141064","1373","3.139544","1335","3.142052","1335","3.141464","1342","3.1414888399999983","1342","1375"
"72","3.140272","1230","3.1411","1166","3.139908","1198","3.143796","1230","3.14082","1167","3.144724","1229","3.145396","1199","3.143464","1166","3.140964","1168","3.141608","1228","3.141616","1199","3.140412","1167","3.142112","1168","3.142128","1198","3.1427","1165","3.139416","1132","3.137308","1228","3.13982","1230","3.144196","1167","3.141464","1199","3.142736","1230","3.138708","1165","3.141364","1167","3.143608","1164","3.141632","1230","3.14188","1166","3.1417","1055","3.142072","1199","3.143188","1263","3.138676","1300","3.143936","1268","3.139224","1336","3.14526","1335","3.141004","1349","3.141676","1336","3.14552","1353","3.143192","1350","3.142072","1350","3.138808","1337","3.141416","1310","3.141484","1336","3.140684","1313","3.141168","1355","3.141776","1337","3.143452","1336","3.142492","1296","3.144716","1296","3.144804","1336","3.140988","1347","3.140012","1310","3.140084","1297","3.141156","1306","3.142236","1308","3.139972","1336","3.141924","1335","3.140616","1308","3.141752","1295","3.13952","1299","3.140252","1310","3.141504","1295","3.140012","1347","3.141444","1305","3.142956","1347","3.142224","1336","3.142744","1347","3.1438","1336","3.140404","1311","3.143532","1304","3.137944","1309","3.141108","1336","3.13946","1337","3.144624","1346","3.142396","1304","3.1418","1295","3.140028","1336","3.139884","1304","3.140816","1356","3.142724","1335","3.140444","1337","3.142848","1334","3.142052","1317","3.142308","1317","3.14238","1305","3.141508","1294","3.14254","1297","3.140108","1279","3.14184","1289","3.140932","1290","3.139356","1287","3.1406","1308","3.139456","1280","3.139856","1307","3.13944","1307","3.14222","1286","3.139084","1284","3.143616","1285","3.142628","1286","3.142048","1307","3.139284","1285","3.139856","1307","3.141537919999999","1279","1427"
"73","3.140548","1098","3.143892","1067","3.141188","1105","3.13942","1149","3.141836","1098","3.140584","1138","3.14616","1142","3.136252","1098","3.13922","1263","3.142112","1174","3.143148","1172","3.141952","1174","3.138376","1137","3.139484","1178","3.140492","1147","3.144852","1174","3.141648","1177","3.142844","1222","3.144592","1222","3.139768","1248","3.138936","1249","3.142892","1245","3.141316","1246","3.141804","1283","3.140692","1278","3.14136","1242","3.13938","1264","3.141188","1242","3.14288","1278","3.142108","1236","3.141292","1264","3.140496","1346","3.140868","1264","3.141648","1264","3.142628","1312","3.142344","1348","3.140796","1273","3.141872","1296","3.140472","1337","3.143164","1302","3.141912","1295","3.14102","1337","3.14348","1294","3.139736","1335","3.1453","1337","3.143096","1345","3.141732","1261","3.13878","1308","3.143268","1293","3.143044","1336","3.136072","1286","3.140564","1336","3.143064","1285","3.14374","1327","3.141012","1332","3.139276","1331","3.13938","1331","3.14132","1331","3.141052","1332","3.141124","1323","3.141992","1331","3.144488","1332","3.142672","1332","3.141248","1323","3.140616","1332","3.141312","1332","3.140448","1326","3.141544","1314","3.141952","1314","3.142096","1313","3.139872","1315","3.142388","1327","3.141424","1318","3.137568","1321","3.143752","1308","3.142308","1324","3.14206","1317","3.143452","1315","3.138232","1263","3.141756","1313","3.143184","1313","3.138688","1314","3.140004","1309","3.141448","1309","3.14218","1314","3.142292","1313","3.141312","1314","3.140612","1307","3.142664","1314","3.142068","1314","3.143536","1313","3.142132","1314","3.143204","1314","3.139852","1314","3.142672","1310","3.141632","1309","3.14148","1313","3.14086","1313","3.142848","1314","3.137168","1314","3.1414549199999997","1277","1394"
"74","3.14086","1354","3.14248","1375","3.141576","1486","3.143084","1465","3.144548","1465","3.141668","1441","3.14322","1472","3.142272","1466","3.140468","1442","3.140564","1468","3.1406","1465","3.141728","1474","3.140128","1465","3.140876","1441","3.14174","1437","3.143784","1465","3.143192","1441","3.1423","1465","3.13956","1474","3.144812","1465","3.141396","1429","3.141132","1456","3.14216","1457","3.141824","1457","3.142604","1457","3.142268","1459","3.142116","1457","3.139912","1435","3.138452","1457","3.138708","1459","3.141312","1457","3.14008","1457","3.141036","1458","3.139892","1435","3.13844","1457","3.140896","1457","3.140948","1457","3.140644","1423","3.14586","1458","3.139992","1456","3.139744","1457","3.142496","1457","3.1415","1458","3.142356","1456","3.140716","1456","3.14266","1435","3.141692","1456","3.140512","1419","3.141132","1456","3.141116","1435","3.139932","1458","3.13984","1457","3.139132","1456","3.140936","1456","3.140212","1457","3.141376","1456","3.138612","1456","3.139764","1456","3.142304","1456","3.145168","1458","3.137856","1419","3.143628","1456","3.143808","1456","3.14252","1456","3.140752","1457","3.13964","1456","3.14196","1456","3.14208","1456","3.14036","1457","3.144364","1457","3.142688","1457","3.142504","1456","3.141008","1456","3.144292","1456","3.140684","1456","3.141764","1456","3.143652","1458","3.141716","1458","3.140664","1456","3.142808","1455","3.141248","1422","3.140504","1456","3.143184","1434","3.143772","1456","3.139536","1456","3.138868","1456","3.13848","1455","3.139036","1456","3.143168","1456","3.139672","1456","3.140076","1455","3.141092","1456","3.14058","1455","3.143328","1458","3.141356","1456","3.140336","1456","3.141276","1456","3.143612","1419","3.142048","1456","3.14166","1458","3.1414191200000006","1452","1511"
"75","3.141452","850","3.13888","1345","3.138508","1324","3.141284","1346","3.141776","1391","3.143876","1311","3.140256","1310","3.139104","1358","3.141904","1271","3.142172","1221","3.1439","1358","3.141532","1428","3.142732","1459","3.139816","1435","3.14272","1381","3.145388","1418","3.142296","1378","3.141224","1381","3.138452","1434","3.139012","1417","3.139968","1459","3.14194","1416","3.139212","1459","3.142104","1459","3.142108","1417","3.139188","1458","3.141224","1417","3.141376","1459","3.142096","1459","3.142636","1459","3.144388","1341","3.141304","1378","3.140452","1459","3.143516","1434","3.139884","1459","3.141636","1434","3.143348","1417","3.142788","1459","3.141716","1434","3.142624","1458","3.14208","1415","3.144796","1421","3.140436","1381","3.141772","1459","3.139908","1417","3.142468","1459","3.142132","1422","3.14122","1380","3.141124","1458","3.140996","1458","3.141272","1416","3.144344","1458","3.143424","1392","3.1384","1383","3.14038","1417","3.141388","1417","3.140096","1458","3.137548","1459","3.140892","1459","3.142232","1451","3.140072","1370","3.14204","1447","3.143024","1444","3.142436","1444","3.14368","1446","3.144836","1447","3.140012","1443","3.140816","1444","3.140996","1444","3.14122","1444","3.141244","1444","3.14408","1445","3.142032","1443","3.13924","1444","3.137236","1447","3.142216","1444","3.139352","1444","3.14088","1401","3.141792","1444","3.141144","1444","3.140876","1446","3.139344","1444","3.144204","1444","3.142612","1446","3.141956","1444","3.14182","1444","3.142772","1407","3.141032","1402","3.140672","1402","3.141988","1444","3.141544","1445","3.139324","1444","3.140536","1447","3.13902","1444","3.143868","1447","3.141504","1444","3.142188","1429","3.143352","1428","3.14036","1426","3.140436","1429","3.14144456","1416","1477"
"76","3.141268","1347","3.14108","1301","3.14496","1427","3.140316","1428","3.145572","1450","3.141532","1426","3.14366","1349","3.142812","1521","3.140004","1450","3.140612","1297","3.141676","1348","3.14108","1346","3.1418","1456","3.141268","1456","3.142652","1348","3.147016","1425","3.142808","1426","3.143044","1455","3.142016","1287","3.141252","1472","3.145652","1417","3.142776","1405","3.14406","1435","3.141228","1505","3.141716","1431","3.142104","1498","3.142512","1459","3.141584","1430","3.141916","1427","3.141384","1423","3.14028","1431","3.14206","1472","3.1415","1540","3.14214","1453","3.145448","1453","3.141512","1422","3.141456","1453","3.142796","1431","3.142492","1497","3.142772","1430","3.14158","1496","3.142868","1447","3.141264","1430","3.140476","1489","3.143052","1482","3.1417","1516","3.14214","1443","3.138796","1493","3.140704","1448","3.140272","1493","3.140068","1474","3.139176","1442","3.140124","1505","3.139176","1483","3.142168","1480","3.14244","1483","3.143348","1504","3.14316","1480","3.142748","1468","3.142084","1504","3.140592","1504","3.141276","1505","3.141032","1504","3.142848","1475","3.140104","1461","3.143032","1505","3.140452","1507","3.141744","1505","3.14524","1504","3.141056","1507","3.142724","1515","3.143008","1471","3.142968","1481","3.139252","1504","3.143208","1458","3.144496","1475","3.141692","1508","3.143264","1505","3.140988","1499","3.139156","1458","3.139472","1460","3.142556","1454","3.140728","1457","3.139768","1461","3.140152","1458","3.139272","1461","3.141776","1457","3.14432","1449","3.143092","1447","3.140432","1444","3.140412","1451","3.141492","1446","3.141152","1452","3.143172","1439","3.14166","1444","3.141492","1441","3.141436","1441","3.142308","1438","3.140688","1441","3.140488","1443","3.141851600000001","1454","1588"
"77","3.143064","983","3.144056","1064","3.140324","1030","3.1423","1001","3.142472","1000","3.141668","1027","3.14168","1023","3.14096","1022","3.14282","1022","3.142312","1022","3.143656","1131","3.14172","1142","3.14274","1136","3.140316","1050","3.139376","1157","3.1423","1205","3.139284","1407","3.141368","1218","3.14164","1249","3.145616","1179","3.137444","1247","3.141532","1292","3.139992","1264","3.141432","1249","3.142136","1414","3.142644","1250","3.142636","1292","3.14182","1292","3.141176","1292","3.143","1205","3.142456","1298","3.140992","1252","3.140564","1291","3.140448","1253","3.141552","1299","3.142968","1326","3.142884","1298","3.143268","1338","3.141292","1338","3.142172","1325","3.139484","1288","3.138976","1343","3.14348","1287","3.14104","1287","3.142152","1364","3.140976","1287","3.139544","1410","3.140072","1411","3.14344","1411","3.14178","1291","3.142668","1411","3.142932","1328","3.140624","1339","3.14366","1337","3.141896","1325","3.144344","1296","3.142784","1335","3.144132","1410","3.142476","1288","3.139144","1410","3.14034","1259","3.137184","1410","3.142572","1327","3.137424","1343","3.142472","1314","3.140208","1342","3.142024","1390","3.142056","1312","3.140796","1312","3.140248","1306","3.141604","1323","3.14008","1343","3.141476","1361","3.141676","1361","3.139332","1361","3.1405","1361","3.142232","1361","3.14284","1360","3.140632","1314","3.142776","1360","3.142592","1360","3.14202","1360","3.14292","1361","3.143528","1313","3.140048","1360","3.1429","1325","3.14682","1361","3.14064","1360","3.142536","1324","3.136744","1325","3.142684","1360","3.140164","1360","3.141888","1313","3.141664","1360","3.142744","1360","3.138368","1360","3.142848","1360","3.14364","1360","3.141708","1360","3.14158","1360","3.1416419200000005","1285","1441"
"78","3.14206","810","3.140844","1351","3.138948","1251","3.141252","1353","3.141256","1279","3.140116","1379","3.142928","1379","3.142192","1373","3.141172","1380","3.14206","1390","3.140616","1351","3.138644","1279","3.141724","1386","3.142668","1390","3.142908","1351","3.141808","1377","3.139464","1379","3.137872","1335","3.139776","1377","3.143556","1380","3.143516","1376","3.142556","1404","3.1412","1401","3.144976","1402","3.140668","1401","3.144424","1401","3.141308","1401","3.138928","1374","3.141112","1350","3.14468","1351","3.141992","1379","3.142184","1375","3.14222","1377","3.141352","1375","3.142772","1375","3.14054","1383","3.140416","1372","3.1413","1370","3.139296","1374","3.141452","1371","3.13984","1374","3.141092","1376","3.139772","1370","3.142188","1370","3.142872","1371","3.139996","1366","3.141456","1325","3.137712","1373","3.143972","1360","3.141024","1330","3.14186","1371","3.142256","1374","3.142828","1374","3.140872","1335","3.142388","1373","3.137904","1358","3.142724","1374","3.14228","1324","3.137868","1373","3.142264","1359","3.140376","1373","3.143396","1373","3.139944","1374","3.144116","1373","3.141372","1374","3.139976","1373","3.139944","1372","3.142708","1361","3.140144","1361","3.1413","1346","3.141904","1362","3.141944","1361","3.141608","1361","3.140108","1360","3.139736","1361","3.141984","1358","3.13962","1362","3.144016","1362","3.1418","1362","3.139984","1360","3.141572","1362","3.140696","1362","3.143356","1357","3.140556","1355","3.143684","1355","3.139852","1348","3.142244","1361","3.139112","1360","3.1409","1361","3.140072","1360","3.140452","1362","3.141376","1345","3.14246","1361","3.143068","1343","3.140316","1362","3.144688","1361","3.138668","1361","3.144828","1350","3.14082","1361","3.140064","1361","3.14136688","1358","1439"
"79","3.140632","1412","3.142728","1360","3.141824","1374","3.141188","1327","3.137152","1412","3.140844","1445","3.143004","1360","3.142304","1411","3.144112","1326","3.142896","1329","3.1416","1325","3.14386","1360","3.138276","1403","3.143552","1487","3.143396","1372","3.141508","1412","3.140844","1485","3.141004","1454","3.137788","1441","3.141344","1440","3.141344","1276","3.141448","1454","3.139468","1484","3.139384","1455","3.143168","1485","3.142552","1485","3.142244","1541","3.139232","1440","3.143332","1440","3.142076","1412","3.142052","1441","3.141176","1398","3.140552","1454","3.141712","1485","3.142072","1555","3.141376","1541","3.140768","1452","3.143316","1576","3.142872","1576","3.140112","1576","3.14168","1535","3.13856","1547","3.140468","1536","3.139604","1501","3.140592","1577","3.141424","1547","3.142888","1535","3.142128","1537","3.139544","1546","3.142212","1549","3.139976","1536","3.139528","1551","3.14144","1536","3.1415","1536","3.13912","1535","3.139668","1501","3.141976","1547","3.143208","1535","3.141788","1567","3.13874","1566","3.14314","1565","3.139772","1525","3.14198","1566","3.140628","1565","3.143632","1566","3.143424","1565","3.142196","1535","3.136916","1541","3.141664","1538","3.14398","1566","3.140948","1542","3.140632","1566","3.142388","1566","3.141536","1565","3.142952","1565","3.142636","1524","3.14002","1566","3.14068","1566","3.141336","1566","3.141856","1566","3.140984","1539","3.140372","1566","3.13804","1565","3.142328","1565","3.141836","1544","3.141424","1565","3.137988","1566","3.141796","1541","3.141632","1542","3.139456","1565","3.137264","1566","3.14082","1565","3.140072","1566","3.142832","1565","3.141032","1566","3.13918","1537","3.144236","1565","3.142736","1565","3.141916","1538","3.143488","1565","3.14127904","1505","1619"
"80","3.144988","1530","3.141348","1737","3.140828","1735","3.140592","1736","3.140604","1737","3.14162","1706","3.142552","1707","3.14072","1738","3.1426","1707","3.138812","1735","3.13842","1706","3.140048","1737","3.143404","1735","3.142288","1737","3.14208","1707","3.142032","1737","3.142504","1738","3.139656","1755","3.14176","1732","3.142152","1755","3.142132","1755","3.14182","1728","3.143064","1755","3.142864","1755","3.143096","1735","3.143352","1755","3.138708","1730","3.144964","1730","3.141352","1735","3.141416","1734","3.144548","1755","3.141924","1755","3.142948","1732","3.142","1731","3.140976","1755","3.143324","1727","3.142676","1735","3.14054","1730","3.142548","1732","3.144532","1730","3.140856","1732","3.139748","1730","3.1428","1666","3.142096","1735","3.144424","1755","3.13814","1732","3.143088","1734","3.14152","1754","3.140712","1754","3.140968","1733","3.143184","1721","3.143772","1732","3.141084","1719","3.142612","1729","3.141496","1720","3.141856","1754","3.143688","1731","3.14422","1755","3.141104","1724","3.143016","1722","3.143412","1729","3.143008","1732","3.14072","1754","3.141624","1730","3.140648","1754","3.142544","1726","3.143868","1733","3.143232","1754","3.14184","1732","3.144436","1754","3.140736","1735","3.1403","1730","3.139812","1754","3.140912","1754","3.143168","1754","3.142784","1730","3.139264","1725","3.140404","1754","3.141876","1720","3.14054","1755","3.141244","1732","3.142156","1754","3.141744","1754","3.143316","1733","3.141628","1730","3.140112","1730","3.1413","1754","3.143312","1754","3.141072","1754","3.140348","1754","3.141596","1754","3.14046","1731","3.144512","1754","3.14208","1730","3.145284","1719","3.143092","1718","3.14118","1716","3.141992","1717","3.143636","1716","3.139968","1708","3.141933360000002","1733","1775"
"81","3.14324","1234","3.13744","1296","3.142024","1200","3.138704","1296","3.139756","1296","3.142228","1296","3.141424","1400","3.141344","1374","3.142192","1412","3.140676","1347","3.141848","1398","3.141184","1372","3.146928","1374","3.139148","1375","3.143948","1493","3.142372","1374","3.139928","1347","3.143036","1372","3.141328","1375","3.142516","1374","3.142208","1398","3.140692","1375","3.142536","1399","3.141384","1373","3.143176","1399","3.139664","1443","3.141056","1470","3.139468","1438","3.14126","1470","3.141604","1437","3.141524","1448","3.143164","1451","3.140544","1441","3.143776","1446","3.139364","1450","3.14212","1447","3.139112","1446","3.1417","1441","3.143372","1445","3.1418","1441","3.143252","1451","3.140872","1399","3.1418","1433","3.141824","1394","3.142112","1394","3.14294","1429","3.139924","1393","3.142232","1439","3.142412","1394","3.139928","1392","3.141884","1471","3.141404","1429","3.1384","1471","3.142216","1452","3.13994","1451","3.140488","1393","3.141104","1452","3.14154","1487","3.14392","1436","3.140416","1451","3.141932","1402","3.142636","1449","3.141088","1469","3.141912","1442","3.140736","1441","3.141684","1426","3.141272","1439","3.140976","1468","3.145564","1434","3.141772","1440","3.140368","1433","3.141652","1435","3.141808","1468","3.139708","1402","3.141412","1388","3.14234","1429","3.142736","1433","3.14002","1430","3.147436","1430","3.143796","1427","3.141672","1468","3.141728","1442","3.141696","1431","3.14054","1423","3.141716","1423","3.141756","1429","3.142656","1421","3.13992","1429","3.141944","1430","3.14358","1403","3.142044","1396","3.136992","1430","3.140696","1429","3.142676","1428","3.139372","1431","3.1421","1429","3.139684","1423","3.143948","1422","3.140984","1431","3.140448","1430","3.1415639600000005","1415","1500"
"82","3.137928","1693","3.142452","1619","3.139108","1693","3.14114","1600","3.136956","1611","3.14234","1519","3.143552","1565","3.14088","1647","3.140576","1602","3.14336","1613","3.142664","1613","3.141184","1556","3.13926","1693","3.14284","1556","3.143472","1693","3.140708","1693","3.141184","1647","3.144608","1601","3.14052","1561","3.14106","1615","3.141416","1610","3.14184","1606","3.141484","1600","3.142012","1551","3.140832","1519","3.142788","1693","3.141488","1647","3.139976","1644","3.142404","1694","3.14332","1574","3.143392","1522","3.139844","1643","3.14296","1693","3.143996","1600","3.142544","1649","3.142348","1600","3.140416","1693","3.142568","1559","3.138452","1611","3.144416","1599","3.141008","1602","3.143464","1598","3.143944","1647","3.142088","1609","3.144444","1568","3.140012","1568","3.141472","1647","3.143088","1521","3.141776","1611","3.143952","1609","3.141004","1611","3.140856","1466","3.144064","1693","3.142252","1562","3.143308","1647","3.142876","1693","3.143064","1617","3.142404","1601","3.141516","1694","3.140796","1601","3.140876","1693","3.140392","1693","3.14044","1516","3.141064","1601","3.142316","1692","3.142392","1525","3.141628","1564","3.140768","1692","3.138976","1570","3.14296","1572","3.142084","1613","3.140556","1607","3.142004","1600","3.1392","1647","3.138636","1516","3.141852","1566","3.139984","1693","3.141672","1648","3.143252","1517","3.1398","1613","3.140356","1693","3.141552","1515","3.144172","1608","3.142168","1647","3.143832","1510","3.14224","1601","3.143076","1643","3.14182","1552","3.142044","1600","3.14302","1693","3.140896","1603","3.1413","1693","3.140572","1557","3.14326","1692","3.141864","1602","3.13996","1600","3.13966","1561","3.143664","1601","3.14228","1572","3.143076","1692","3.141733400000001","1612","1694"
"83","3.14354","767","3.141864","1370","3.143128","1329","3.142452","1369","3.140456","1331","3.139824","1346","3.143224","1334","3.141232","1328","3.137412","1346","3.14112","1332","3.141164","1329","3.14294","1369","3.142132","1369","3.141692","1333","3.141612","1329","3.142916","1451","3.142804","1281","3.14006","1368","3.141952","1328","3.138424","1374","3.142816","1369","3.14192","1469","3.140684","1450","3.144488","1451","3.140328","1410","3.140608","1428","3.139432","1499","3.141104","1491","3.138988","1489","3.14376","1525","3.141432","1505","3.142336","1496","3.141488","1525","3.139844","1492","3.14392","1505","3.140708","1525","3.1401","1505","3.143592","1525","3.138828","1525","3.139232","1524","3.141096","1492","3.141744","1525","3.142716","1524","3.139704","1524","3.141828","1524","3.142228","1490","3.139416","1496","3.14208","1493","3.13794","1524","3.141848","1524","3.140944","1524","3.142848","1524","3.141012","1493","3.142944","1506","3.143036","1525","3.141336","1524","3.140804","1492","3.137976","1524","3.141612","1524","3.141336","1462","3.141256","1525","3.140256","1489","3.143068","1489","3.13948","1504","3.14044","1523","3.14102","1523","3.143536","1524","3.141444","1524","3.142148","1524","3.14156","1492","3.142272","1524","3.14174","1461","3.139028","1495","3.142696","1523","3.140572","1524","3.142996","1523","3.14184","1490","3.143888","1516","3.140592","1497","3.142812","1516","3.141836","1516","3.14256","1516","3.139316","1497","3.143432","1516","3.14116","1516","3.14348","1516","3.147552","1496","3.141532","1516","3.139604","1516","3.143832","1516","3.141504","1516","3.141768","1497","3.14402","1516","3.14002","1516","3.139568","1484","3.140328","1481","3.14288","1499","3.139808","1498","3.144072","1478","3.13968","1478","3.141506","1465","1582"
"84","3.137816","1331","3.141596","1458","3.140952","1457","3.140728","1462","3.14374","1565","3.144532","1457","3.13974","1493","3.142332","1464","3.145372","1458","3.140228","1456","3.14116","1464","3.139832","1493","3.141172","1493","3.140052","1458","3.141712","1454","3.139584","1493","3.139564","1492","3.142628","1498","3.139872","1496","3.14262","1492","3.141372","1463","3.14122","1492","3.143368","1457","3.142436","1491","3.145828","1503","3.143856","1494","3.1403","1550","3.140324","1549","3.143968","1519","3.140204","1527","3.1419","1549","3.139716","1549","3.142264","1521","3.141532","1483","3.139504","1522","3.142424","1550","3.14044","1550","3.144748","1519","3.142224","1521","3.14362","1530","3.140296","1480","3.138868","1521","3.144188","1522","3.143264","1549","3.139496","1524","3.140768","1522","3.144712","1549","3.141432","1483","3.138368","1519","3.141408","1453","3.138732","1490","3.141556","1522","3.141748","1525","3.141564","1487","3.140228","1520","3.141976","1549","3.142356","1518","3.143632","1549","3.143668","1519","3.143532","1489","3.14162","1549","3.145228","1549","3.142404","1515","3.139464","1517","3.142432","1518","3.143596","1549","3.140056","1521","3.142272","1481","3.1436","1522","3.142288","1522","3.144552","1521","3.141888","1523","3.140736","1523","3.14234","1549","3.140124","1516","3.140356","1544","3.13846","1515","3.143376","1524","3.143608","1513","3.140772","1517","3.139652","1474","3.14206","1516","3.144004","1544","3.144276","1544","3.144004","1514","3.140648","1516","3.139712","1511","3.14216","1544","3.14232","1475","3.141092","1486","3.14324","1513","3.142612","1544","3.141776","1517","3.13798","1514","3.139808","1544","3.143084","1544","3.140788","1516","3.142688","1512","3.144696","1514","3.140944","1516","3.14174988","1509","1567"
"85","3.142832","772","3.143128","1265","3.137972","1288","3.141956","1201","3.14328","1253","3.141652","1288","3.14236","1253","3.142024","1201","3.144252","1288","3.140788","1288","3.14054","1209","3.141688","1264","3.140224","1265","3.140684","1253","3.139484","1253","3.142088","1201","3.142744","1288","3.140988","1193","3.1429","1280","3.139864","1280","3.14048","1280","3.14358","1334","3.140112","1328","3.140964","1375","3.142076","1351","3.138412","1340","3.141804","1329","3.140756","1350","3.142508","1374","3.14278","1329","3.141576","1375","3.141884","1382","3.14466","1375","3.14222","1375","3.140472","1375","3.14304","1375","3.141392","1376","3.13822","1328","3.142948","1297","3.141072","1350","3.13858","1350","3.142216","1328","3.143408","1350","3.140848","1375","3.143136","1399","3.141244","1328","3.141292","1375","3.141188","1375","3.142748","1330","3.143152","1416","3.140756","1375","3.142164","1378","3.139976","1350","3.141444","1350","3.141152","1375","3.142284","1416","3.1397","1350","3.140408","1336","3.141948","1351","3.143392","1334","3.144604","1375","3.141636","1374","3.138244","1328","3.14318","1374","3.140204","1416","3.140156","1373","3.14288","1375","3.140896","1328","3.1406","1375","3.143052","1328","3.141276","1376","3.140012","1374","3.140376","1374","3.14142","1374","3.142592","1378","3.139588","1380","3.142788","1339","3.140804","1375","3.141904","1416","3.143012","1416","3.139844","1374","3.140416","1374","3.142992","1416","3.142752","1375","3.142008","1349","3.140532","1350","3.143252","1316","3.145032","1336","3.142452","1336","3.146648","1314","3.141248","1312","3.13988","1314","3.13828","1332","3.143312","1310","3.142632","1332","3.140012","1332","3.138828","1332","3.142424","1332","3.141332","1332","3.14284","1332","3.1415938000000008","1330","1462"
"86","3.140988","807","3.14146","1254","3.141356","1255","3.13936","1172","3.140496","1254","3.142052","1149","3.139964","1219","3.145604","1259","3.143708","1255","3.14314","1461","3.143712","1173","3.14134","1203","3.14114","1201","3.146292","1202","3.14102","1256","3.13952","1221","3.137404","1220","3.14306","1202","3.140308","1261","3.138932","1225","3.144844","1203","3.140388","1201","3.141856","1202","3.145468","1287","3.143716","1171","3.143784","1461","3.137888","1158","3.14096","1258","3.142436","1171","3.139456","1202","3.144088","1221","3.142812","1253","3.13946","1218","3.144948","1459","3.139","1287","3.14166","1261","3.14228","1258","3.144084","1258","3.140348","1202","3.13952","1219","3.143692","1287","3.138836","1248","3.142664","1297","3.143832","1274","3.14038","1297","3.1409","1357","3.141184","1355","3.142904","1305","3.138016","1309","3.14128","1309","3.140576","1406","3.14218","1263","3.142936","1405","3.142972","1283","3.142992","1279","3.143124","1323","3.140964","1320","3.1402","1322","3.142708","1325","3.142372","1259","3.140136","1332","3.139264","1259","3.13804","1325","3.14048","1401","3.142412","1323","3.140304","1326","3.1438","1305","3.141292","1315","3.140428","1329","3.140312","1267","3.141692","1375","3.141584","1262","3.141","1375","3.13928","1296","3.142368","1375","3.140496","1321","3.139912","1374","3.142544","1375","3.142712","1321","3.145272","1374","3.143028","1375","3.140748","1298","3.139648","1375","3.144628","1334","3.140132","1315","3.138712","1375","3.142904","1314","3.140896","1313","3.138168","1313","3.144292","1375","3.139592","1336","3.144992","1314","3.140336","1375","3.143932","1323","3.140768","1252","3.141748","1375","3.141916","1264","3.141864","1294","3.142636","1296","3.142468","1309","3.1416129999999987","1285","1462"
"87","3.141476","1530","3.139728","1464","3.142092","1464","3.142888","1458","3.144108","1458","3.140508","1458","3.145236","1684","3.142692","1453","3.138476","1518","3.140764","1453","3.142296","1511","3.141728","1446","3.142856","1594","3.142748","1598","3.1409","1599","3.144212","1600","3.141776","1602","3.141784","1614","3.140952","1594","3.143428","1613","3.142672","1638","3.143104","1613","3.141496","1613","3.141952","1635","3.140876","1599","3.14172","1613","3.144188","1636","3.141892","1596","3.141104","1627","3.139356","1662","3.142324","1603","3.140928","1613","3.142076","1570","3.1395","1610","3.142232","1571","3.141468","1608","3.13964","1609","3.138764","1571","3.142028","1575","3.141892","1570","3.142028","1602","3.143056","1601","3.141012","1855","3.143664","1567","3.142688","1636","3.142888","1606","3.1402","1616","3.139312","1616","3.144084","1579","3.145056","1602","3.143376","1568","3.14042","1987","3.144232","1615","3.142028","1577","3.139732","1638","3.141656","1616","3.145056","1600","3.141012","1604","3.141692","1851","3.138444","1983","3.14342","1574","3.141112","1850","3.140436","1597","3.1402","1562","3.139884","1612","3.143268","1903","3.145172","1983","3.139032","1597","3.146212","1852","3.143104","1850","3.141036","1598","3.140224","1610","3.137972","1983","3.141532","1596","3.143608","1850","3.142568","1597","3.140012","1612","3.143212","1603","3.141268","1968","3.140292","1617","3.140712","1836","3.141632","1888","3.143876","1968","3.139528","1617","3.141844","1617","3.144232","1968","3.141824","1836","3.14172","1596","3.14252","1836","3.142148","1968","3.137324","1968","3.140788","1836","3.142928","1968","3.139504","1835","3.142248","1888","3.140992","1597","3.141356","1836","3.14076","1836","3.14232","1836","3.139856","1887","3.1417317199999983","1671","2042"
"88","3.141568","1212","3.142436","1334","3.140232","1333","3.141844","1334","3.141756","1368","3.143844","1334","3.13946","1365","3.141664","1309","3.142268","1358","3.1403","1354","3.142092","1324","3.140904","1390","3.144848","1365","3.14326","1361","3.13948","1362","3.143148","1433","3.138788","1323","3.144744","1402","3.141464","1388","3.143348","1364","3.142352","1321","3.143124","1296","3.1423","1349","3.142836","1358","3.14398","1320","3.141336","1320","3.140576","1394","3.141812","1507","3.141308","1296","3.1432","1357","3.141372","1324","3.142332","1387","3.139176","1432","3.140284","1400","3.141944","1349","3.14124","1349","3.143396","1395","3.141444","1349","3.142132","1325","3.140304","1349","3.145888","1387","3.139664","1360","3.143868","1411","3.142932","1406","3.14376","1411","3.14242","1455","3.14078","1439","3.143588","1445","3.141596","1443","3.14002","1364","3.143332","1451","3.140484","1434","3.1398","1447","3.143436","1449","3.1378","1398","3.140488","1435","3.14386","1439","3.142272","1447","3.142912","1355","3.14342","1434","3.14016","1439","3.142456","1434","3.14062","1445","3.142076","1434","3.143144","1404","3.142276","1436","3.14468","1435","3.140916","1433","3.141472","1438","3.140732","1419","3.140348","1419","3.140484","1418","3.142188","1433","3.141364","1437","3.139076","1377","3.142756","1391","3.1428","1383","3.142648","1419","3.138848","1397","3.139792","1439","3.13998","1425","3.143444","1427","3.142696","1418","3.140728","1436","3.140136","1418","3.138328","1428","3.13848","1456","3.13918","1433","3.14292","1418","3.142028","1418","3.145908","1438","3.142016","1418","3.1414","1434","3.141744","1437","3.143176","1428","3.141552","1422","3.141388","1354","3.144396","1456","3.143156","1421","3.143272","1421","3.141809799999999","1395","1521"
"89","3.14088","901","3.141648","1242","3.143052","1207","3.143004","1244","3.142308","1290","3.13982","1240","3.142916","1216","3.144388","1290","3.142764","1172","3.144036","1239","3.144388","1252","3.14162","1206","3.143296","1240","3.140428","1216","3.142168","1246","3.142056","1206","3.140136","1243","3.143184","1240","3.143612","1240","3.13998","1201","3.14122","1204","3.143504","1204","3.141808","1254","3.139772","1217","3.142624","1259","3.137704","1169","3.142332","1240","3.140708","1204","3.142516","1215","3.140244","1249","3.139308","1217","3.141456","1289","3.140944","1240","3.140312","1249","3.143556","1240","3.142176","1207","3.144364","1245","3.140892","1238","3.141472","1206","3.14398","1240","3.14174","1204","3.140348","1247","3.139664","1239","3.143556","1240","3.14176","1240","3.143968","1277","3.14136","1241","3.140964","1271","3.145548","1285","3.14236","1285","3.141404","1271","3.143272","1284","3.141292","1274","3.139656","1274","3.143864","1246","3.142108","1254","3.141832","1249","3.140448","1258","3.142012","1245","3.144372","1260","3.142232","1246","3.142284","1252","3.138264","1245","3.140684","1246","3.142328","1252","3.141396","1248","3.143052","1251","3.142528","1245","3.140104","1246","3.143264","1249","3.142368","1253","3.141932","1196","3.139736","1258","3.14446","1160","3.142064","1254","3.140416","1251","3.138696","1246","3.141532","1259","3.14296","1247","3.143592","1259","3.140376","1254","3.14244","1260","3.140072","1207","3.1416","1260","3.139696","1253","3.139504","1245","3.140112","1245","3.14132","1254","3.143048","1259","3.141248","1259","3.143348","1258","3.14072","1246","3.140084","1253","3.141244","1259","3.140712","1250","3.143564","1214","3.139436","1259","3.139788","1245","3.143356","1245","3.14014","1245","3.141738039999999","1238","1305"
"90","3.142796","1626","3.139588","1653","3.139176","1610","3.141956","1654","3.138884","1605","3.143116","1656","3.139836","1608","3.142212","1654","3.14274","1618","3.144152","1619","3.141488","1607","3.14072","1657","3.14258","1657","3.14524","1620","3.143692","1653","3.144768","1608","3.143404","1656","3.142288","1656","3.142448","1608","3.142984","1672","3.13862","1622","3.142424","1657","3.142788","1624","3.143668","1655","3.140716","1624","3.14318","1615","3.143976","1672","3.142936","1653","3.141744","1656","3.141344","1656","3.142476","1653","3.14302","1656","3.144692","1652","3.141924","1653","3.13974","1659","3.143944","1607","3.139072","1617","3.141036","1609","3.140272","1653","3.142712","1612","3.14408","1672","3.143112","1653","3.141748","1653","3.1427","1610","3.143316","1653","3.141468","1654","3.145328","1609","3.143108","1612","3.141908","1605","3.141144","1653","3.140944","1555","3.14056","1555","3.141552","1609","3.140812","1657","3.144984","1656","3.141712","1655","3.144236","1653","3.142176","1656","3.141216","1613","3.143568","1656","3.139104","1609","3.142992","1611","3.143548","1578","3.140668","1653","3.137788","1567","3.142856","1659","3.141784","1659","3.1407","1614","3.1414","1656","3.138192","1653","3.141384","1672","3.140492","1621","3.141692","1620","3.143848","1653","3.142368","1655","3.141756","1606","3.142484","1623","3.140512","1652","3.141012","1608","3.144172","1671","3.141076","1652","3.141148","1653","3.141776","1652","3.141388","1641","3.143016","1635","3.141412","1639","3.14366","1644","3.139092","1643","3.143096","1645","3.139452","1639","3.143168","1639","3.14176","1642","3.143564","1639","3.14372","1643","3.141252","1630","3.14388","1638","3.141368","1640","3.139928","1640","3.143264","1641","3.142164","1640","3.1420196000000002","1636","1672"
"91","3.141412","1250","3.1418","1202","3.140836","1172","3.14302","1202","3.14034","1458","3.142724","1435","3.141112","1434","3.144376","1440","3.141916","1386","3.139752","1435","3.14342","1436","3.140172","1382","3.140468","1388","3.137416","1367","3.139896","1385","3.14064","1435","3.140364","1378","3.138332","1381","3.143408","1417","3.141616","1434","3.143924","1389","3.141464","1386","3.14026","1390","3.141444","1369","3.139024","1378","3.141024","1435","3.14276","1435","3.138656","1435","3.144704","1435","3.140192","1455","3.139688","1476","3.138272","1427","3.14054","1452","3.14156","1451","3.139848","1455","3.138656","1476","3.141128","1476","3.138008","1449","3.141792","1448","3.143072","1449","3.142604","1476","3.141548","1476","3.143212","1427","3.142664","1476","3.140652","1449","3.140856","1429","3.14218","1476","3.142588","1476","3.14236","1452","3.140088","1452","3.14286","1454","3.142048","1476","3.141064","1454","3.140548","1476","3.142836","1476","3.143252","1476","3.138812","1443","3.140584","1455","3.138668","1452","3.140708","1454","3.14274","1450","3.142","1427","3.142432","1449","3.143344","1452","3.13968","1429","3.14264","1476","3.143576","1427","3.142268","1427","3.145412","1453","3.140892","1450","3.141444","1476","3.137912","1476","3.140684","1442","3.139064","1452","3.142072","1476","3.141444","1449","3.143128","1442","3.145256","1475","3.13774","1440","3.140784","1434","3.141436","1442","3.141268","1467","3.142944","1467","3.140184","1444","3.14126","1445","3.140268","1437","3.141656","1467","3.142624","1467","3.140884","1449","3.140848","1425","3.141636","1449","3.141252","1449","3.142528","1449","3.142188","1449","3.140408","1425","3.139628","1425","3.14458","1425","3.143","1425","3.1394","1425","3.13928","1425","3.1413095199999996","1431","1514"
"92","3.142412","1679","3.141432","1635","3.139908","1658","3.13964","1636","3.139316","1659","3.14164","1679","3.141596","1658","3.140892","1680","3.141332","1658","3.143024","1679","3.139868","1636","3.144012","1635","3.138396","1656","3.1416","1658","3.140696","1636","3.139652","1658","3.141556","1658","3.13876","1658","3.145464","1658","3.141284","1636","3.141632","1658","3.142028","1680","3.139548","1635","3.142504","1635","3.141608","1658","3.140432","1658","3.140976","1658","3.143132","1658","3.143912","1635","3.142944","1658","3.141996","1635","3.143496","1658","3.14054","1679","3.143656","1679","3.140304","1658","3.143588","1658","3.141064","1635","3.13998","1658","3.141544","1657","3.142676","1679","3.145484","1629","3.141368","1628","3.141428","1628","3.143104","1629","3.141876","1628","3.141632","1628","3.142188","1624","3.1415","1645","3.143296","1624","3.142004","1645","3.140888","1645","3.139036","1645","3.143776","1602","3.14424","1645","3.140424","1623","3.141676","1624","3.14166","1645","3.140584","1624","3.14032","1624","3.141712","1645","3.139244","1601","3.144304","1645","3.140444","1645","3.140928","1596","3.139684","1596","3.1409","1596","3.13774","1596","3.141268","1597","3.14296","1596","3.14026","1596","3.139676","1597","3.143212","1596","3.141724","1596","3.141016","1596","3.142804","1596","3.14004","1596","3.141816","1596","3.141648","1596","3.13848","1596","3.141144","1596","3.140912","1596","3.140896","1596","3.141392","1595","3.141792","1596","3.141336","1596","3.14138","1503","3.142512","1503","3.14204","1503","3.14162","1503","3.142016","1503","3.142528","1503","3.137556","1503","3.142432","1503","3.140184","1503","3.14244","1502","3.143808","1502","3.13938","1492","3.14104","1492","3.144612","1492","3.14154","1492","3.1414894400000004","1613","1681"
"93","3.143352","1364","3.142056","1406","3.143016","1403","3.141252","1341","3.141572","1265","3.14268","1240","3.139988","1403","3.1415","1403","3.143144","1265","3.141328","1402","3.14526","1318","3.144456","1340","3.141924","1403","3.138812","1402","3.142164","1295","3.143852","1340","3.14106","1403","3.1423","1402","3.143824","1402","3.141956","1340","3.142052","1213","3.14282","1340","3.143916","1360","3.141968","1360","3.142852","1340","3.142452","1379","3.140548","1379","3.142388","1213","3.142876","1242","3.14254","1338","3.14114","1380","3.14278","1295","3.141348","1272","3.140568","1356","3.142252","1379","3.144612","1356","3.139384","1371","3.13928","1372","3.140968","1372","3.140756","1371","3.142604","1371","3.142952","1371","3.142176","1371","3.141552","1371","3.139","1370","3.141076","1371","3.14092","1370","3.140904","1370","3.144652","1371","3.142652","1371","3.141912","1371","3.142068","1371","3.138052","1371","3.145076","1370","3.14142","1371","3.144496","1371","3.142304","1371","3.141408","1371","3.141116","1370","3.14204","1371","3.142832","1371","3.144696","1370","3.141408","1371","3.142992","1370","3.140164","1370","3.141772","1370","3.143168","1371","3.1424","1330","3.14388","1371","3.140136","1371","3.14086","1370","3.141824","1370","3.139232","1370","3.141392","1370","3.142692","1370","3.143744","1371","3.13962","1329","3.141764","1370","3.141184","1328","3.141096","1370","3.142228","1370","3.140048","1370","3.1404","1370","3.142764","1371","3.140604","1370","3.140452","1370","3.139652","1370","3.142704","1370","3.143296","1371","3.141732","1369","3.141184","1370","3.141052","1370","3.14364","1369","3.141076","1329","3.141872","1369","3.1423","1370","3.141472","1369","3.139684","1370","3.141976","1370","3.140188","1369","3.1418655600000007","1358","1407"
"94","3.143324","1167","3.14224","1138","3.13986","1137","3.142184","1530","3.140264","1138","3.136948","1138","3.140244","1138","3.14236","1138","3.14362","1165","3.143696","1080","3.140792","1137","3.141652","1138","3.140396","1138","3.13794","1137","3.141868","1119","3.139264","1119","3.141628","1519","3.142268","1511","3.140704","1519","3.141344","1512","3.144868","1516","3.141496","1517","3.143976","1510","3.142488","1424","3.144684","1515","3.140244","1518","3.1416","1516","3.142272","1516","3.139572","1516","3.139652","1510","3.143576","1468","3.140528","1510","3.142828","1517","3.14034","1519","3.143208","1468","3.139916","1511","3.141444","1516","3.138768","1519","3.141908","1514","3.140616","1519","3.139724","1468","3.142288","1432","3.144396","1417","3.143452","1513","3.142624","1474","3.142516","1510","3.141916","1468","3.139024","1479","3.143032","1517","3.140132","1518","3.138604","1517","3.142376","1519","3.142932","1502","3.141208","1465","3.14032","1511","3.140852","1515","3.141708","1509","3.138464","1519","3.14524","1517","3.144524","1518","3.141688","1515","3.142172","1515","3.142896","1511","3.14134","1467","3.140924","1514","3.141024","1518","3.143296","1514","3.140484","1518","3.140112","1511","3.140676","1428","3.142052","1512","3.14174","1496","3.140224","1494","3.141628","1488","3.140148","1493","3.138832","1494","3.14238","1489","3.141572","1493","3.141052","1447","3.143504","1491","3.144876","1455","3.140292","1494","3.139036","1448","3.14154","1493","3.141804","1496","3.141144","1480","3.14362","1489","3.140828","1445","3.142056","1491","3.140716","1459","3.140352","1493","3.141324","1496","3.142272","1492","3.14276","1494","3.143408","1491","3.140348","1494","3.140488","1496","3.140152","1445","3.141312","1492","3.141956","1490","3.1414994000000007","1441","1540"
"95","3.141584","1181","3.144124","1108","3.141712","1204","3.14354","1205","3.141432","1202","3.142624","1204","3.142556","1204","3.138356","1371","3.141504","1203","3.140356","1203","3.144768","1235","3.14286","1238","3.143136","1203","3.139636","1204","3.142632","1203","3.143548","1204","3.144204","1235","3.143772","1203","3.141804","1204","3.140932","1203","3.14368","1202","3.143656","1203","3.13926","1130","3.143564","1203","3.14214","1237","3.144444","1237","3.140664","1204","3.139692","1233","3.143772","1237","3.141628","1201","3.141804","1202","3.140068","1203","3.14286","1235","3.143912","1262","3.141468","1266","3.139932","1370","3.139732","1202","3.140624","1203","3.140624","1201","3.139616","1253","3.142956","1227","3.141396","1251","3.13998","1262","3.141016","1333","3.143764","1251","3.14168","1333","3.141464","1253","3.142372","1286","3.141612","1253","3.140712","1231","3.139504","1333","3.143028","1226","3.13962","1287","3.143884","1286","3.13882","1253","3.142236","1287","3.14268","1287","3.141532","1252","3.144228","1253","3.142968","1286","3.140932","1286","3.139348","1253","3.14334","1226","3.141664","1291","3.141008","1291","3.139228","1243","3.141388","1291","3.144736","1291","3.14128","1291","3.14216","1248","3.144252","1291","3.141276","1291","3.143176","1291","3.137868","1250","3.142604","1290","3.1396","1290","3.141356","1291","3.140844","1291","3.141744","1290","3.142932","1289","3.14088","1290","3.141824","1291","3.142952","1291","3.139924","1291","3.141088","1244","3.145504","1291","3.139224","1290","3.14286","1291","3.141116","1291","3.14164","1290","3.140796","1290","3.1386","1290","3.144344","1290","3.143788","1291","3.142416","1290","3.142172","1291","3.140716","1290","3.141732","1291","3.14168","1291","3.140376","1290","3.1417804000000014","1254","1375"
"96","3.139692","1275","3.141244","1582","3.142984","1581","3.141568","1587","3.141524","1581","3.138272","1583","3.138016","1581","3.138956","1581","3.140488","1581","3.141592","1581","3.142796","1506","3.139752","1572","3.140992","1571","3.139208","1578","3.142288","1572","3.143668","1571","3.141208","1580","3.144116","1569","3.143656","1567","3.14018","1569","3.143116","1568","3.139348","1561","3.14008","1557","3.142112","1557","3.138816","1565","3.141592","1558","3.14232","1557","3.139644","1566","3.141776","1557","3.140496","1557","3.140352","1557","3.141268","1560","3.140316","1565","3.145388","1557","3.141468","1558","3.142432","1573","3.14084","1558","3.142072","1558","3.144068","1558","3.143212","1565","3.145144","1561","3.141612","1555","3.139868","1555","3.142256","1546","3.142372","1562","3.140068","1548","3.140824","1560","3.142124","1547","3.137664","1548","3.139844","1516","3.144632","1562","3.13894","1547","3.139308","1560","3.144076","1558","3.139028","1561","3.142972","1547","3.13914","1547","3.142276","1547","3.14146","1542","3.14082","1554","3.137952","1552","3.141164","1549","3.14064","1544","3.141452","1552","3.141444","1554","3.140912","1542","3.14104","1536","3.140824","1543","3.14116","1553","3.1433","1542","3.142776","1549","3.142168","1549","3.140232","1531","3.143052","1532","3.143008","1544","3.141392","1539","3.144","1545","3.14274","1544","3.14236","1539","3.140704","1543","3.145188","1544","3.1404","1544","3.142004","1543","3.14156","1543","3.140452","1543","3.144264","1541","3.140768","1533","3.14252","1544","3.140224","1539","3.142424","1544","3.14052","1543","3.141396","1535","3.141376","1544","3.140684","1544","3.137788","1545","3.140228","1542","3.143796","1526","3.14198","1543","3.140144","1544","3.141656","1543","3.1413903600000004","1551","1601"
"97","3.1447","1159","3.13972","1182","3.14028","1183","3.143036","1210","3.142992","1158","3.141424","1211","3.140076","1158","3.13994","1452","3.142056","1457","3.14018","1456","3.139556","1453","3.143908","1455","3.142168","1455","3.140504","1457","3.140776","1452","3.142256","1451","3.142324","1457","3.142532","1371","3.138824","1456","3.142248","1452","3.144312","1456","3.14188","1459","3.140108","1456","3.141152","1452","3.14232","1451","3.142316","1459","3.141896","1450","3.142196","1454","3.140228","1454","3.142924","1448","3.142524","1455","3.14418","1417","3.139008","1451","3.13894","1446","3.142088","1446","3.140584","1448","3.139916","1458","3.141276","1454","3.143752","1447","3.138844","1465","3.14072","1466","3.141124","1447","3.14332","1465","3.143576","1446","3.13984","1465","3.142048","1465","3.140472","1465","3.142236","1465","3.141712","1465","3.143728","1447","3.141552","1447","3.139824","1465","3.143136","1446","3.141448","1447","3.143048","1465","3.139528","1445","3.143464","1445","3.142056","1443","3.141628","1444","3.14202","1447","3.140488","1447","3.141852","1465","3.14342","1442","3.141488","1445","3.14254","1429","3.142684","1446","3.14074","1444","3.14058","1438","3.142528","1465","3.1405","1465","3.14238","1446","3.139912","1465","3.14388","1447","3.142988","1442","3.14248","1465","3.1427","1444","3.140424","1465","3.142456","1432","3.139048","1465","3.13862","1465","3.141508","1465","3.14312","1465","3.1413","1445","3.14328","1443","3.1409","1465","3.143592","1436","3.14254","1465","3.144484","1446","3.141816","1437","3.142388","1430","3.142476","1464","3.14074","1464","3.142848","1444","3.140184","1429","3.14282","1465","3.141864","1445","3.142204","1465","3.140592","1442","3.13738","1465","3.140872","1445","3.141650399999999","1432","1495"
"98","3.141764","1288","3.143108","1287","3.145428","1288","3.138464","1288","3.142196","1288","3.141752","1331","3.141352","1288","3.14406","1287","3.141612","1288","3.14278","1236","3.141184","1501","3.139804","1502","3.141196","1501","3.142616","1501","3.142448","1502","3.14144","1501","3.141356","1473","3.141508","1501","3.13756","1502","3.143752","1501","3.143284","1502","3.142704","1473","3.141632","1501","3.143208","1461","3.140488","1485","3.142768","1485","3.141052","1486","3.140692","1489","3.140532","1485","3.14056","1486","3.14526","1487","3.143376","1485","3.14022","1486","3.144924","1484","3.144532","1485","3.143124","1486","3.1423","1485","3.14286","1464","3.13942","1464","3.140612","1486","3.138816","1485","3.140816","1486","3.1403","1486","3.139948","1489","3.141224","1485","3.14128","1485","3.142752","1484","3.143296","1474","3.141392","1471","3.140216","1474","3.142456","1431","3.141712","1446","3.143336","1474","3.140236","1472","3.141136","1471","3.144688","1471","3.14104","1467","3.141228","1468","3.139084","1467","3.143372","1466","3.143544","1466","3.140644","1458","3.141976","1430","3.138972","1458","3.141836","1458","3.1431","1425","3.144424","1457","3.141412","1458","3.141956","1456","3.140056","1453","3.14214","1438","3.141564","1447","3.14312","1442","3.141612","1435","3.141572","1442","3.14288","1438","3.143168","1438","3.141248","1438","3.140884","1442","3.139616","1439","3.144644","1442","3.14246","1439","3.143596","1438","3.142644","1442","3.142524","1439","3.144192","1439","3.140436","1439","3.138724","1439","3.141028","1438","3.13818","1433","3.14206","1438","3.143804","1438","3.144016","1438","3.140556","1440","3.142916","1439","3.142584","1440","3.142476","1438","3.142292","1434","3.142192","1438","3.139644","1440","3.1418394800000002","1446","1527"
"99","3.14118","985","3.141176","1192","3.142812","1117","3.141424","1180","3.140628","1229","3.144236","1261","3.141328","1267","3.143416","1188","3.137292","1262","3.137472","1225","3.140772","1157","3.1397","1144","3.139616","1190","3.143236","1260","3.141892","1260","3.140824","1260","3.143484","1225","3.140024","1225","3.141776","1225","3.14042","1260","3.13832","1224","3.144764","1260","3.142856","1148","3.140328","1260","3.140944","1260","3.143424","1262","3.14368","1262","3.143072","1180","3.143764","1260","3.139996","1151","3.143636","1188","3.144008","1198","3.139824","1224","3.139232","1260","3.139388","1224","3.140964","1223","3.140548","1267","3.13778","1229","3.14132","1260","3.140072","1260","3.138244","1194","3.143512","1235","3.143772","1228","3.141292","1187","3.139816","1158","3.137064","1190","3.1429","1225","3.144388","1224","3.140596","1143","3.14344","1267","3.14228","1222","3.14246","1187","3.144168","1225","3.13948","1267","3.142492","1224","3.141972","1224","3.142404","1223","3.140348","1225","3.142412","1260","3.143936","1227","3.142952","1195","3.141876","1260","3.141944","1233","3.141816","1224","3.144372","1260","3.139916","1157","3.141616","1155","3.140196","1224","3.141184","1187","3.143832","1194","3.140244","1261","3.14126","1267","3.143632","1260","3.139108","1225","3.143804","1225","3.141268","1260","3.14218","1260","3.142732","1253","3.14122","1223","3.142256","1260","3.13892","1233","3.142096","1228","3.143904","1253","3.141124","1253","3.141868","1217","3.139404","1260","3.142864","1150","3.139908","1218","3.141948","1260","3.141696","1260","3.14308","1218","3.14216","1219","3.138304","1218","3.143404","1254","3.14124","1253","3.1428","1217","3.141744","1253","3.142232","1226","3.141848","1227","3.140404","1232","3.141559599999999","1222","1271"
"100","3.142624","735","3.14322","710","3.1399","990","3.145004","735","3.140836","735","3.1434","989","3.141324","989","3.142008","1088","3.137504","1054","3.1415","1054","3.141724","1054","3.140828","1089","3.141284","1088","3.14356","1088","3.139976","1087","3.142652","1089","3.14044","1217","3.142616","1052","3.142864","1088","3.1399","1052","3.144936","1090","3.142964","1090","3.142968","1087","3.142148","1328","3.140092","1327","3.141896","1343","3.142284","1336","3.144648","1322","3.142432","1322","3.139148","1364","3.142188","1258","3.141312","1364","3.141192","1296","3.142424","1290","3.14248","1327","3.140812","1289","3.142132","1315","3.143144","1363","3.137024","1371","3.144124","1400","3.141144","1400","3.144716","1375","3.141692","1400","3.140944","1369","3.141948","1399","3.142508","1399","3.142536","1399","3.14066","1399","3.144148","1363","3.141696","1378","3.1447","1373","3.140748","1399","3.14174","1399","3.142784","1399","3.144708","1380","3.141404","1379","3.142712","1399","3.144024","1399","3.141584","1399","3.143176","1399","3.139312","1374","3.139492","1399","3.142308","1366","3.143336","1399","3.141476","1367","3.141592","1371","3.139268","1399","3.139864","1367","3.139564","1399","3.142424","1377","3.141756","1365","3.140088","1398","3.141068","1394","3.139552","1370","3.142688","1373","3.142504","1394","3.141652","1350","3.137476","1330","3.13962","1359","3.138376","1357","3.140692","1375","3.142304","1365","3.141728","1394","3.144356","1375","3.143384","1394","3.142316","1367","3.1414","1394","3.139584","1394","3.139268","1374","3.140712","1394","3.142528","1373","3.144644","1394","3.139536","1368","3.1415","1394","3.14128","1394","3.142004","1350","3.140372","1393","3.140488","1394","3.1421","1394","3.141572","1365","3.141682680000002","1288","1464"
"Averages","3.141697560000001","1144","3.1417149999999987","1330","3.14154608","1367","3.14146036","1375","3.1415766799999987","1379","3.1415052799999996","1391","3.1416745600000007","1402","3.1416898000000004","1412","3.14165436","1399","3.1416362400000004","1407","3.1414975999999997","1413","3.1415759199999997","1418","3.1415757200000014","1422","3.1416172","1427","3.14159468","1432","3.141728079999999","1438","3.141710919999998","1458","3.1416904799999985","1449","3.141709720000001","1454","3.1415932400000015","1456","3.1418026400000008","1449","3.1418157599999996","1465","3.1416084","1456","3.141651480000001","1468","3.1416669199999996","1467","3.14171524","1472","3.14149952","1472","3.141573360000001","1467","3.1418053599999984","1471","3.14161248","1469","3.141788199999999","1468","3.1416320400000006","1472","3.14166472","1478","3.14167232","1482","3.1415953199999986","1484","3.1416528799999996","1480","3.141637840000001","1485","3.141501159999999","1479","3.1412510400000007","1485","3.141623599999999","1483","3.141575960000001","1485","3.141550600000001","1484","3.1417217600000003","1492","3.141776519999999","1483","3.141638800000001","1490","3.1416777599999994","1488","3.1418733199999997","1491","3.141503960000002","1491","3.1417749600000002","1492","3.1414962799999997","1487","3.1414868800000004","1486","3.1415881999999993","1490","3.1415641199999995","1488","3.1417337600000015","1487","3.14138144","1488","3.1417426","1485","3.141719079999999","1487","3.1414703199999985","1487","3.1417114800000006","1486","3.141522440000001","1486","3.141416439999999","1484","3.141637120000001","1490","3.141501960000001","1485","3.1416214799999995","1489","3.1416197599999993","1489","3.1419987599999994","1491","3.1418180799999997","1486","3.1416789200000017","1482","3.141817160000001","1487","3.1416731199999997","1483","3.1415468399999984","1485","3.1415787999999996","1481","3.1414202000000007","1492","3.1415923599999998","1483","3.1416624","1485","3.141465719999999","1481","3.1415358","1483","3.1417488799999997","1483","3.14141412","1482","3.141531119999999","1488","3.141666839999999","1485","3.1414988400000006","1483","3.1415764799999994","1487","3.1417721600000004","1483","3.141471399999999","1479","3.1414049999999993","1481","3.1415451999999995","1477","3.14157172","1477","3.1415466000000007","1476","3.1414334799999994","1483","3.1414216400000003","1480","3.141427479999999","1477","3.141619240000001","1482","3.1418963599999983","1479","3.14150304","1473","3.141695639999999","1476","3.14149316","1474","3.141581759999998","1472","3.141651279999999","1474","3.14132","1477","3.1416110636","1464","1599"
