"Iteration Count","Job[1] Result","Job[1] Runtime (ms)","Job[2] Result","Job[2] Runtime (ms)","Job[3] Result","Job[3] Runtime (ms)","Job[4] Result","Job[4] Runtime (ms)","Job[5] Result","Job[5] Runtime (ms)","Job[6] Result","Job[6] Runtime (ms)","Job[7] Result","Job[7] Runtime (ms)","Job[8] Result","Job[8] Runtime (ms)","Job[9] Result","Job[9] Runtime (ms)","Job[10] Result","Job[10] Runtime (ms)","Job[11] Result","Job[11] Runtime (ms)","Job[12] Result","Job[12] Runtime (ms)","Job[13] Result","Job[13] Runtime (ms)","Job[14] Result","Job[14] Runtime (ms)","Job[15] Result","Job[15] Runtime (ms)","Job[16] Result","Job[16] Runtime (ms)","Job[17] Result","Job[17] Runtime (ms)","Job[18] Result","Job[18] Runtime (ms)","Job[19] Result","Job[19] Runtime (ms)","Job[20] Result","Job[20] Runtime (ms)","Job[21] Result","Job[21] Runtime (ms)","Job[22] Result","Job[22] Runtime (ms)","Job[23] Result","Job[23] Runtime (ms)","Job[24] Result","Job[24] Runtime (ms)","Job[25] Result","Job[25] Runtime (ms)","Job[26] Result","Job[26] Runtime (ms)","Job[27] Result","Job[27] Runtime (ms)","Job[28] Result","Job[28] Runtime (ms)","Job[29] Result","Job[29] Runtime (ms)","Job[30] Result","Job[30] Runtime (ms)","Job[31] Result","Job[31] Runtime (ms)","Job[32] Result","Job[32] Runtime (ms)","Job[33] Result","Job[33] Runtime (ms)","Job[34] Result","Job[34] Runtime (ms)","Job[35] Result","Job[35] Runtime (ms)","Job[36] Result","Job[36] Runtime (ms)","Job[37] Result","Job[37] Runtime (ms)","Job[38] Result","Job[38] Runtime (ms)","Job[39] Result","Job[39] Runtime (ms)","Job[40] Result","Job[40] Runtime (ms)","Job[41] Result","Job[41] Runtime (ms)","Job[42] Result","Job[42] Runtime (ms)","Job[43] Result","Job[43] Runtime (ms)","Job[44] Result","Job[44] Runtime (ms)","Job[45] Result","Job[45] Runtime (ms)","Job[46] Result","Job[46] Runtime (ms)","Job[47] Result","Job[47] Runtime (ms)","Job[48] Result","Job[48] Runtime (ms)","Job[49] Result","Job[49] Runtime (ms)","Job[50] Result","Job[50] Runtime (ms)","Job[51] Result","Job[51] Runtime (ms)","Job[52] Result","Job[52] Runtime (ms)","Job[53] Result","Job[53] Runtime (ms)","Job[54] Result","Job[54] Runtime (ms)","Job[55] Result","Job[55] Runtime (ms)","Job[56] Result","Job[56] Runtime (ms)","Job[57] Result","Job[57] Runtime (ms)","Job[58] Result","Job[58] Runtime (ms)","Job[59] Result","Job[59] Runtime (ms)","Job[60] Result","Job[60] Runtime (ms)","Job[61] Result","Job[61] Runtime (ms)","Job[62] Result","Job[62] Runtime (ms)","Job[63] Result","Job[63] Runtime (ms)","Job[64] Result","Job[64] Runtime (ms)","Job[65] Result","Job[65] Runtime (ms)","Job[66] Result","Job[66] Runtime (ms)","Job[67] Result","Job[67] Runtime (ms)","Job[68] Result","Job[68] Runtime (ms)","Job[69] Result","Job[69] Runtime (ms)","Job[70] Result","Job[70] Runtime (ms)","Job[71] Result","Job[71] Runtime (ms)","Job[72] Result","Job[72] Runtime (ms)","Job[73] Result","Job[73] Runtime (ms)","Job[74] Result","Job[74] Runtime (ms)","Job[75] Result","Job[75] Runtime (ms)","Job[76] Result","Job[76] Runtime (ms)","Job[77] Result","Job[77] Runtime (ms)","Job[78] Result","Job[78] Runtime (ms)","Job[79] Result","Job[79] Runtime (ms)","Job[80] Result","Job[80] Runtime (ms)","Job[81] Result","Job[81] Runtime (ms)","Job[82] Result","Job[82] Runtime (ms)","Job[83] Result","Job[83] Runtime (ms)","Job[84] Result","Job[84] Runtime (ms)","Job[85] Result","Job[85] Runtime (ms)","Job[86] Result","Job[86] Runtime (ms)","Job[87] Result","Job[87] Runtime (ms)","Job[88] Result","Job[88] Runtime (ms)","Job[89] Result","Job[89] Runtime (ms)","Job[90] Result","Job[90] Runtime (ms)","Job[91] Result","Job[91] Runtime (ms)","Job[92] Result","Job[92] Runtime (ms)","Job[93] Result","Job[93] Runtime (ms)","Job[94] Result","Job[94] Runtime (ms)","Job[95] Result","Job[95] Runtime (ms)","Job[96] Result","Job[96] Runtime (ms)","Job[97] Result","Job[97] Runtime (ms)","Job[98] Result","Job[98] Runtime (ms)","Job[99] Result","Job[99] Runtime (ms)","Job[100] Result","Job[100] Runtime (ms)","Average Result","Average Runtime (ms)","Total Runtime (ms)"
"1","3.1422","1525","3.14148","1196","3.141524","1524","3.139072","1511","3.140572","1727","3.14088","1883","3.1412","1802","3.142468","1590","3.142224","1828","3.141804","1878","3.140096","1790","3.1427","1871","3.14168","1818","3.143932","1865","3.141872","1737","3.140516","1811","3.141592","1829","3.13964","1828","3.142992","1810","3.141484","1791","3.140192","1775","3.14226","1752","3.140596","1644","3.141344","1644","3.14126","1596","3.14302","1596","3.143812","1596","3.1426","1595","3.139764","1595","3.141124","1595","3.143664","1595","3.143884","1595","3.143844","1595","3.141324","1595","3.141288","1595","3.141756","1588","3.140348","1588","3.143496","1588","3.142132","1588","3.142332","1586","3.142408","1507","3.144696","1508","3.141344","1507","3.14174","1508","3.142396","1507","3.142688","1524","3.143688","1503","3.141812","1502","3.1374","1502","3.141508","1502","3.14184","1501","3.13994","1519","3.139744","1501","3.14326","1501","3.143172","1502","3.141188","1501","3.142856","1518","3.143728","1518","3.144728","1501","3.142928","1501","3.13986","1518","3.141176","1501","3.141816","1500","3.142504","1483","3.13992","1459","3.141368","1475","3.143624","1475","3.140044","1475","3.14216","1475","3.140236","1475","3.14008","1472","3.141472","1473","3.139964","1472","3.140524","1473","3.142676","1454","3.141876","1473","3.140584","1472","3.141508","1472","3.139724","1472","3.142616","1472","3.142516","1472","3.142908","1471","3.14434","1471","3.142464","1466","3.1404","1466","3.139288","1450","3.141076","1421","3.143588","1421","3.140064","1421","3.140936","1420","3.142088","1421","3.141432","1420","3.141684","1420","3.145516","1420","3.140816","1420","3.142304","1420","3.144472","1420","3.137508","1420","3.141776","1419","3.140804","1419","3.1417274400000004","1552","8013"
"2","3.13734","34","3.141644","1013","3.142024","1013","3.140644","1050","3.14156","1049","3.14088","1016","3.14176","948","3.142092","1049","3.142308","1016","3.141924","1049","3.141684","1013","3.142288","1027","3.141276","1021","3.14192","1017","3.140256","1049","3.143596","1026","3.142876","1019","3.144088","1021","3.142832","982","3.14224","1049","3.145104","1016","3.141104","1048","3.142236","1016","3.141604","1011","3.144312","1017","3.141484","976","3.142272","1048","3.141752","1011","3.143752","984","3.141624","986","3.142692","1048","3.142228","1016","3.138656","974","3.14392","1048","3.14234","1048","3.143524","1018","3.14008","985","3.142","974","3.14064","986","3.14342","1048","3.140172","1048","3.139964","1016","3.142048","1013","3.141868","1015","3.141928","1048","3.14132","1015","3.14156","1048","3.143892","1010","3.140704","1047","3.141628","1048","3.140868","1047","3.141316","1016","3.141424","1015","3.140768","1015","3.142588","1047","3.139688","1017","3.140028","1047","3.14034","1009","3.14352","1047","3.141744","1047","3.1413","966","3.13848","975","3.144292","998","3.140716","983","3.139544","955","3.14276","983","3.140756","982","3.141188","982","3.14232","982","3.141844","952","3.141244","979","3.136932","978","3.142068","978","3.138632","975","3.14164","975","3.14182","975","3.142536","973","3.140256","972","3.137536","967","3.143804","964","3.1402","963","3.140604","963","3.140872","963","3.140568","963","3.14246","963","3.141968","961","3.14176","960","3.139816","960","3.139608","958","3.14378","957","3.141788","957","3.143648","957","3.140068","956","3.137972","957","3.140884","957","3.142692","957","3.141884","956","3.139136","957","3.143108","956","3.14356","956","3.1415338799999994","990","1052"
"3","3.140336","148","3.1438","182","3.141348","422","3.143296","420","3.144624","419","3.140504","1122","3.143316","1122","3.14374","1089","3.14306","1122","3.140472","1122","3.139808","1087","3.142356","1122","3.141716","1122","3.141788","1122","3.142996","1092","3.143968","1122","3.140196","1122","3.141848","1122","3.14374","1122","3.141828","1122","3.141972","1122","3.141836","1122","3.140308","1121","3.141976","1096","3.138944","1122","3.140464","1122","3.140244","1122","3.143552","1122","3.140968","1122","3.140056","1121","3.139856","1122","3.141896","1122","3.141036","1122","3.140816","1091","3.143016","1122","3.140812","1056","3.139876","1095","3.141888","1122","3.141756","1122","3.141632","1122","3.139884","1090","3.139628","1121","3.140308","1122","3.143456","1094","3.138108","1086","3.141004","1088","3.14012","1094","3.142372","1122","3.142012","1122","3.14388","1122","3.141732","1027","3.145196","1094","3.141316","1090","3.138984","1097","3.137904","1121","3.141244","1121","3.138688","1121","3.142408","1122","3.142964","1090","3.142316","1089","3.141176","1056","3.140748","1087","3.141664","1080","3.140304","1080","3.14292","1080","3.139888","1047","3.143288","1064","3.14052","1064","3.141268","1055","3.142684","1055","3.141244","1055","3.14038","1052","3.143648","1052","3.142516","1052","3.142332","1052","3.139736","1052","3.141856","1052","3.144988","1052","3.141936","1052","3.144812","1052","3.141512","1052","3.141412","1052","3.14124","1051","3.139992","1052","3.13908","1048","3.139652","1009","3.141576","1009","3.139676","1009","3.142584","1009","3.143524","1009","3.139904","1009","3.142384","1009","3.138848","1008","3.140908","1009","3.140752","1009","3.142148","1009","3.142836","1008","3.14384","1008","3.140152","1008","3.143632","1008","3.1415472799999997","1042","1128"
"4","3.140732","630","3.143412","629","3.14026","564","3.14452","976","3.143596","972","3.141536","972","3.139636","967","3.144212","967","3.14252","967","3.142652","971","3.14032","812","3.14542","976","3.140628","975","3.141924","976","3.141292","972","3.141716","971","3.142752","941","3.1408","967","3.140936","976","3.139828","967","3.141676","976","3.143872","968","3.143348","963","3.1467","968","3.141476","968","3.143744","958","3.14316","968","3.137212","968","3.139688","968","3.141156","967","3.141432","958","3.141568","964","3.138132","925","3.143124","925","3.14238","928","3.142316","925","3.143176","929","3.142768","920","3.140568","924","3.1413","925","3.142608","928","3.14302","917","3.139076","914","3.138868","917","3.144784","909","3.142024","909","3.141028","910","3.140996","913","3.1442","909","3.138724","910","3.14156","910","3.142496","904","3.141804","904","3.13904","926","3.141596","904","3.14284","901","3.144876","926","3.138068","926","3.143616","903","3.139808","926","3.140352","926","3.14532","903","3.139692","904","3.141724","906","3.139724","926","3.141","926","3.139352","897","3.140972","922","3.14316","921","3.14372","922","3.142408","921","3.14434","919","3.141188","919","3.1416","918","3.141648","918","3.142472","918","3.139452","918","3.13788","918","3.142136","917","3.142424","918","3.1432","917","3.143812","918","3.143068","917","3.142472","917","3.14064","917","3.14112","917","3.139332","917","3.142908","917","3.141772","905","3.1446","897","3.142464","896","3.140228","891","3.141112","889","3.141644","889","3.142128","886","3.142288","886","3.141944","886","3.143224","886","3.145448","886","3.142096","886","3.1418458400000007","917","1005"
"5","3.142156","1003","3.14052","1003","3.143008","1003","3.14028","1003","3.143596","975","3.141692","1003","3.141152","1003","3.14462","1003","3.14242","1003","3.142552","976","3.141224","1004","3.14088","1003","3.140692","1003","3.141092","1003","3.140708","974","3.1421","1003","3.14354","978","3.14274","1003","3.140196","1003","3.143884","1003","3.139612","975","3.14266","1003","3.13776","1003","3.141276","1003","3.141956","1003","3.137572","973","3.142652","979","3.142744","1003","3.142488","1003","3.13856","1002","3.139376","1003","3.136888","1003","3.140472","1003","3.138748","1003","3.13886","974","3.139928","1002","3.143304","1002","3.142592","1003","3.140072","1003","3.143332","1003","3.144444","1003","3.140776","973","3.14374","977","3.144008","976","3.141","975","3.142472","1003","3.1434","1002","3.142164","1002","3.1398","1002","3.142764","1002","3.141944","1003","3.141148","1003","3.142408","1003","3.138528","941","3.141284","978","3.14212","979","3.144312","982","3.14206","1002","3.137028","979","3.1427","1002","3.141472","1003","3.141008","1002","3.140884","1003","3.141328","1002","3.140956","1002","3.14216","1003","3.14308","1002","3.142472","973","3.14348","1002","3.1423","1003","3.141416","972","3.143156","1003","3.142596","974","3.138776","1003","3.143392","1003","3.141016","1002","3.142284","981","3.14106","978","3.140216","1002","3.140912","976","3.143764","1002","3.138316","1002","3.142488","977","3.145696","1002","3.144048","1002","3.141168","970","3.139968","969","3.143056","965","3.137384","964","3.142504","964","3.142424","964","3.1415","965","3.141292","964","3.139692","965","3.140468","964","3.142904","965","3.139384","964","3.140148","964","3.1424","964","3.13952","964","3.141500920000001","990","1004"
"6","3.144648","272","3.1428","535","3.140172","757","3.14648","730","3.13916","757","3.144228","755","3.142","730","3.141444","757","3.144084","757","3.13958","757","3.144252","757","3.138652","730","3.139796","757","3.14268","730","3.142144","755","3.13824","963","3.142168","1028","3.140916","1027","3.141604","1027","3.142296","1028","3.143116","1046","3.141488","1027","3.140284","1026","3.142268","1027","3.143144","1022","3.141724","1042","3.143404","1022","3.142228","1022","3.138996","1021","3.143032","1042","3.14126","1022","3.143472","1041","3.143276","1021","3.1386","1041","3.14282","1021","3.141236","1040","3.141468","1040","3.14226","1021","3.141112","1040","3.142124","1040","3.138864","1021","3.138052","1037","3.141848","1032","3.140224","1011","3.14296","1026","3.142108","1043","3.141444","1043","3.141592","1043","3.140924","1043","3.143568","1043","3.142832","1024","3.140976","1042","3.14152","1023","3.141724","1042","3.140872","1042","3.143368","1043","3.141508","1042","3.141284","1042","3.138984","1004","3.143844","1036","3.1413","1036","3.139864","1036","3.142824","1036","3.141816","1036","3.14046","1036","3.137764","1037","3.139904","1036","3.140368","1037","3.140676","1036","3.14212","1036","3.145376","1035","3.144112","1036","3.139336","1037","3.143168","1036","3.144028","1035","3.1418","1036","3.144224","1036","3.13964","1036","3.141136","1036","3.144324","1036","3.139956","1036","3.141968","1036","3.140116","1035","3.142908","1036","3.14186","1035","3.1414","1036","3.140664","1036","3.144324","1036","3.140656","1036","3.14074","1036","3.140616","1035","3.13988","1018","3.14134","1018","3.139364","1019","3.143","1013","3.14314","1013","3.1414","1012","3.141832","1013","3.14242","1002","3.141864","992","3.1416684","981","1079"
"7","3.140468","554","3.14296","615","3.141732","962","3.144856","962","3.14118","994","3.141444","960","3.141348","994","3.140612","993","3.141344","753","3.143016","993","3.141908","960","3.140004","993","3.140436","993","3.14018","994","3.139652","686","3.14624","968","3.13958","955","3.139644","980","3.142632","980","3.14268","980","3.143772","980","3.14466","980","3.140664","980","3.142368","974","3.143096","974","3.137232","974","3.139944","974","3.140728","974","3.142312","974","3.138544","948","3.139172","949","3.143532","941","3.145112","974","3.14102","974","3.141012","969","3.143328","969","3.1408","969","3.140008","970","3.143436","969","3.140352","970","3.142116","944","3.139176","969","3.141892","970","3.14502","945","3.139424","970","3.139948","968","3.139948","967","3.141548","968","3.141072","969","3.142528","935","3.142848","968","3.144164","967","3.14304","968","3.14192","969","3.142724","969","3.139496","969","3.139976","967","3.14176","968","3.144352","968","3.139748","968","3.14166","967","3.142032","969","3.141736","966","3.140548","968","3.142","967","3.142472","968","3.14404","967","3.142192","961","3.140832","960","3.145852","960","3.143068","961","3.139572","961","3.144028","959","3.141296","961","3.142176","961","3.140348","960","3.141056","959","3.143912","931","3.142484","961","3.143612","960","3.143888","959","3.138896","960","3.140868","961","3.14238","961","3.142424","954","3.142128","955","3.14108","954","3.141968","930","3.143316","931","3.138924","931","3.142732","930","3.140064","931","3.1404","930","3.142792","931","3.141472","931","3.142572","931","3.143928","931","3.14418","930","3.14202","931","3.14284","931","3.141794959999999","949","1000"
"8","3.141352","464","3.143044","986","3.1409","798","3.140528","743","3.141968","718","3.14048","939","3.141788","987","3.143872","987","3.142656","739","3.142324","936","3.140888","984","3.142276","937","3.145936","937","3.139264","984","3.14178","984","3.140192","984","3.14214","823","3.14638","983","3.140848","983","3.144392","983","3.144352","935","3.138324","936","3.142256","795","3.142824","983","3.138188","830","3.141476","966","3.143152","966","3.14326","964","3.14092","963","3.141636","964","3.14312","931","3.13872","963","3.14112","931","3.141604","934","3.145276","963","3.140908","916","3.140116","916","3.141988","927","3.141884","964","3.141524","963","3.142084","964","3.142836","916","3.140424","963","3.140012","962","3.141816","931","3.141244","964","3.141764","964","3.143472","920","3.144652","964","3.141136","963","3.140616","964","3.141596","963","3.138772","966","3.145592","964","3.144748","973","3.140876","945","3.142148","972","3.139856","942","3.141672","945","3.141016","968","3.141596","970","3.139144","942","3.140888","968","3.14342","941","3.144168","962","3.142968","933","3.141728","933","3.1449","964","3.141976","962","3.143412","962","3.141948","964","3.144544","964","3.141236","950","3.141592","952","3.1406","949","3.139924","951","3.14322","951","3.143152","953","3.142716","947","3.141652","939","3.13894","933","3.144488","932","3.14022","932","3.140524","932","3.142772","932","3.142732","928","3.141508","926","3.140824","928","3.142892","928","3.141804","928","3.139464","924","3.143404","928","3.140888","928","3.142496","926","3.14628","919","3.141088","919","3.141568","915","3.142292","919","3.142724","912","3.140924","912","3.141946039999999","932","1021"
"9","3.142904","388","3.138912","756","3.143696","903","3.142604","937","3.141684","903","3.141072","917","3.13982","723","3.1431","937","3.14264","937","3.143368","936","3.143252","722","3.143548","721","3.140136","692","3.142228","719","3.140196","692","3.141536","918","3.140632","721","3.1402","903","3.143436","856","3.1446","928","3.139472","908","3.144","938","3.142488","927","3.143276","930","3.142228","928","3.141708","908","3.13932","943","3.139472","913","3.144788","922","3.141744","943","3.143836","919","3.14092","943","3.141376","921","3.14176","913","3.141808","914","3.143668","915","3.139464","914","3.142128","916","3.14352","921","3.14376","924","3.138616","923","3.140448","924","3.14","913","3.14298","924","3.141068","942","3.140336","942","3.142108","942","3.141832","942","3.140712","914","3.141056","943","3.1432","924","3.141128","920","3.140708","913","3.140408","913","3.139432","916","3.14198","915","3.1423","914","3.137776","918","3.14536","907","3.140876","912","3.139984","936","3.140528","936","3.14224","918","3.140376","915","3.143724","917","3.139904","887","3.141044","919","3.139876","910","3.139684","936","3.1439","915","3.141144","909","3.147944","918","3.142036","907","3.140188","916","3.143696","907","3.140456","936","3.141364","907","3.1414","908","3.138692","919","3.14126","914","3.140248","909","3.140288","905","3.140364","906","3.141556","927","3.139768","901","3.142372","900","3.145704","927","3.14474","906","3.138464","906","3.143132","906","3.142944","909","3.145448","927","3.140424","927","3.139788","902","3.142496","900","3.143456","899","3.139376","902","3.141976","902","3.1402","900","3.143","902","3.1416780799999993","896","969"
"10","3.143864","563","3.140996","849","3.139636","931","3.142112","931","3.139668","931","3.143708","908","3.14062","930","3.143748","927","3.141084","927","3.141196","927","3.140164","927","3.14292","927","3.140828","927","3.1411","916","3.14212","916","3.141356","893","3.14234","916","3.141668","916","3.140092","916","3.14","916","3.142088","916","3.1435","916","3.139904","916","3.143728","916","3.139908","893","3.140708","912","3.14156","912","3.1417","912","3.1417","912","3.142252","912","3.144008","912","3.140356","906","3.141596","877","3.140952","907","3.138208","962","3.143784","900","3.144628","900","3.143148","901","3.140176","943","3.14378","901","3.14644","961","3.14132","961","3.142152","961","3.142544","961","3.14226","900","3.14284","901","3.142544","900","3.140376","907","3.14134","961","3.14394","961","3.141688","961","3.142296","900","3.138748","961","3.142596","900","3.140488","961","3.142168","930","3.140548","900","3.140684","901","3.140796","961","3.143104","961","3.1376","900","3.142892","900","3.14128","961","3.14048","900","3.142828","930","3.14264","961","3.142736","900","3.144252","907","3.142272","907","3.141496","899","3.141672","900","3.139976","900","3.143312","947","3.139732","947","3.143104","923","3.143916","923","3.140908","923","3.142748","923","3.13992","918","3.139796","918","3.143548","918","3.143188","918","3.141324","918","3.139292","918","3.140972","918","3.13954","918","3.138308","918","3.142","918","3.139928","918","3.140112","918","3.142212","918","3.141412","918","3.143","918","3.145144","917","3.14222","918","3.136888","918","3.140292","899","3.141284","899","3.143136","898","3.143908","898","3.1416704399999986","915","994"
"11","3.143268","285","3.14478","630","3.140964","630","3.141312","603","3.14094","936","3.143096","602","3.142572","632","3.140128","602","3.142332","631","3.142056","630","3.144224","630","3.142636","631","3.142392","575","3.140988","632","3.1413","602","3.141432","694","3.143156","631","3.140236","952","3.141688","935","3.14212","927","3.143648","907","3.140408","924","3.143732","941","3.141284","941","3.141444","941","3.14056","941","3.142132","923","3.14458","922","3.139972","924","3.141108","919","3.142708","921","3.140804","923","3.13994","941","3.141516","911","3.142384","941","3.142616","915","3.142448","942","3.13744","941","3.136936","924","3.139336","941","3.141792","941","3.141768","916","3.139348","910","3.1422","924","3.142908","941","3.139796","941","3.142076","923","3.140684","941","3.14472","921","3.141104","907","3.140696","941","3.14378","941","3.141352","941","3.141196","941","3.1415","941","3.141272","941","3.142072","940","3.142428","941","3.140412","941","3.139588","919","3.137916","909","3.1433","941","3.142424","919","3.145116","922","3.139032","940","3.143788","924","3.14262","941","3.144012","941","3.142204","920","3.141604","923","3.142632","941","3.141752","918","3.139168","941","3.142088","941","3.13854","919","3.142844","911","3.139264","941","3.141196","940","3.143688","919","3.143992","919","3.142968","923","3.142964","924","3.141976","916","3.141472","913","3.140424","923","3.139372","921","3.142112","914","3.140528","941","3.139384","940","3.142668","940","3.143344","923","3.141116","941","3.1408","941","3.142376","941","3.140368","916","3.14136","941","3.138824","922","3.140972","921","3.142152","940","3.139956","940","3.141596240000001","877","957"
"12","3.140548","334","3.143512","333","3.142308","876","3.141228","876","3.141264","928","3.13954","804","3.138824","994","3.143116","875","3.143128","876","3.141852","1008","3.144268","953","3.140756","1008","3.14088","1032","3.141972","876","3.141416","928","3.140248","879","3.142144","926","3.141388","929","3.138672","953","3.138668","1031","3.1437","1031","3.141976","875","3.14014","876","3.142272","994","3.143176","919","3.141576","876","3.143336","1008","3.142312","915","3.142996","1030","3.143196","993","3.141076","928","3.14262","993","3.141284","876","3.141732","1030","3.1415","1007","3.139692","953","3.14232","929","3.140284","996","3.141904","841","3.140328","875","3.142388","928","3.144228","1007","3.140564","1007","3.14458","1007","3.145396","1007","3.141888","1007","3.140696","984","3.142036","1007","3.140956","1007","3.1399","1007","3.142596","1006","3.144744","1006","3.140592","1006","3.139872","1006","3.141136","1006","3.140428","962","3.140604","988","3.142388","970","3.14172","967","3.13982","966","3.140688","955","3.141516","958","3.143084","921","3.141448","926","3.13912","917","3.144368","926","3.140064","923","3.144196","920","3.142376","923","3.141896","923","3.141056","918","3.141428","918","3.14118","911","3.14146","924","3.140452","925","3.13906","920","3.139956","940","3.141848","919","3.140304","940","3.141744","937","3.13806","917","3.139768","916","3.143012","917","3.140556","934","3.138428","934","3.143176","914","3.139492","905","3.140676","908","3.139016","906","3.141164","928","3.143","907","3.143436","923","3.145248","923","3.139868","923","3.146508","923","3.14104","923","3.14138","923","3.140616","923","3.139616","923","3.138756","914","3.1414974399999984","931","1069"
"13","3.141776","102","3.138628","998","3.139512","993","3.14108","993","3.142232","999","3.14226","993","3.143732","996","3.1414","993","3.143852","993","3.142272","995","3.142304","996","3.142116","993","3.141156","994","3.143744","995","3.142168","993","3.141424","993","3.141884","994","3.140924","993","3.142572","993","3.141796","993","3.14012","993","3.142936","966","3.14312","1000","3.141384","970","3.142824","993","3.140808","993","3.13852","993","3.1419","995","3.141732","997","3.14378","996","3.142504","993","3.141536","993","3.142704","993","3.13952","993","3.145072","993","3.1433","993","3.143028","1000","3.142692","998","3.142848","970","3.138444","1000","3.139788","969","3.141568","999","3.14162","1000","3.140504","968","3.14182","993","3.14018","993","3.138556","993","3.140544","1000","3.139828","1000","3.144968","994","3.141976","993","3.140512","993","3.141992","997","3.143288","993","3.143036","993","3.141688","996","3.142508","967","3.141668","992","3.143676","973","3.14178","995","3.140844","996","3.142724","995","3.142708","993","3.141596","992","3.14188","993","3.140832","995","3.14324","973","3.140292","1000","3.145432","995","3.139316","970","3.142732","999","3.144048","995","3.14366","995","3.143344","1000","3.140432","990","3.143704","988","3.145188","990","3.145028","964","3.1409","993","3.14304","988","3.140212","995","3.141512","991","3.141256","988","3.141392","990","3.141296","995","3.142208","988","3.141024","995","3.1409","995","3.140504","989","3.14066","988","3.142064","922","3.143356","921","3.142584","920","3.14372","923","3.141708","874","3.14324","877","3.144464","873","3.142744","872","3.144224","872","3.143536","872","3.1420064799999996","972","1003"
"14","3.141152","967","3.140788","961","3.142404","963","3.142072","961","3.142156","960","3.138804","968","3.141388","971","3.140984","971","3.140552","962","3.140412","960","3.141948","961","3.140968","968","3.14042","966","3.140604","970","3.142396","971","3.141972","960","3.141756","968","3.142584","967","3.142612","967","3.141016","961","3.144056","962","3.140672","960","3.14134","962","3.143216","961","3.142408","970","3.141328","971","3.142316","968","3.1399","966","3.142396","966","3.14178","960","3.141408","967","3.141776","966","3.144652","960","3.139696","966","3.139176","966","3.141816","971","3.14274","961","3.140996","960","3.140512","971","3.139788","970","3.139052","970","3.141844","971","3.140652","970","3.141376","966","3.14144","967","3.141796","960","3.140228","968","3.142808","970","3.144344","959","3.141072","971","3.141868","961","3.141568","969","3.143796","970","3.142384","963","3.1417","966","3.142848","962","3.143968","960","3.14274","962","3.141164","960","3.1445","966","3.142708","963","3.139696","961","3.14244","966","3.14246","967","3.139464","969","3.142368","966","3.142232","943","3.14126","945","3.141428","947","3.142532","946","3.14176","947","3.1439","945","3.14044","937","3.14228","936","3.140516","937","3.140748","942","3.1416","942","3.142964","936","3.142164","939","3.1409","947","3.140744","936","3.14522","942","3.143656","937","3.140504","936","3.140372","947","3.14454","942","3.1425","947","3.14108","946","3.14338","941","3.140656","915","3.14132","943","3.143028","945","3.14226","936","3.139444","935","3.14244","945","3.140064","946","3.141648","947","3.139904","947","3.141612","936","3.143028","946","3.1417136800000005","957","972"
"15","3.144392","50","3.14024","580","3.142124","604","3.14532","604","3.142632","576","3.142236","581","3.144556","604","3.143816","580","3.140356","576","3.140348","580","3.13886","604","3.14234","576","3.141212","925","3.141992","925","3.143328","920","3.142484","893","3.142084","920","3.142036","920","3.14268","920","3.14124","920","3.14492","917","3.142364","924","3.139972","924","3.141476","924","3.14172","924","3.142596","917","3.142976","924","3.145236","924","3.141356","887","3.142468","912","3.14354","890","3.144116","912","3.143036","911","3.140752","912","3.138232","887","3.14312","887","3.140224","912","3.143848","912","3.14372","911","3.143212","912","3.142012","890","3.143728","883","3.140852","912","3.1437","912","3.1403","912","3.14264","885","3.13984","885","3.141076","885","3.143076","885","3.141144","885","3.142144","885","3.142372","880","3.142948","880","3.139976","880","3.142056","880","3.141804","877","3.139576","876","3.140116","875","3.14338","875","3.140032","875","3.141488","875","3.141396","850","3.140384","875","3.14022","874","3.142036","875","3.142608","875","3.142536","873","3.140492","871","3.142512","869","3.140596","868","3.143008","868","3.14032","868","3.142432","868","3.140428","868","3.143728","865","3.141452","865","3.140804","862","3.143364","862","3.143828","862","3.142788","860","3.1427","860","3.14316","862","3.139372","862","3.141956","862","3.140028","862","3.142388","862","3.142568","857","3.140456","844","3.13814","845","3.142696","845","3.143444","840","3.1425","840","3.143372","838","3.143056","839","3.142892","839","3.143592","840","3.141364","840","3.142504","839","3.138812","839","3.140956","839","3.141983079999999","841","966"
"16","3.142968","45","3.143128","396","3.141748","396","3.141704","396","3.1409","396","3.141072","917","3.140576","917","3.142972","919","3.138696","919","3.140036","920","3.140044","919","3.144544","887","3.139524","917","3.138024","895","3.140592","917","3.1397","889","3.142088","908","3.142972","934","3.14068","880","3.141676","908","3.14386","934","3.142208","910","3.141636","933","3.13836","934","3.143748","934","3.140664","911","3.143068","934","3.143032","934","3.140064","934","3.142852","905","3.142832","909","3.143248","915","3.14192","914","3.14014","934","3.143956","934","3.144724","915","3.141496","933","3.14408","933","3.142152","933","3.13912","884","3.141304","915","3.142916","933","3.13912","933","3.13892","934","3.140984","911","3.141316","913","3.142244","933","3.143048","933","3.139892","933","3.137872","916","3.142276","916","3.144148","915","3.143104","907","3.140444","933","3.141772","904","3.138748","904","3.141","933","3.142516","911","3.139404","908","3.140052","933","3.140124","927","3.144548","927","3.140668","920","3.14124","920","3.140708","921","3.141172","916","3.1401","897","3.13952","916","3.139168","916","3.139476","916","3.1418","916","3.141664","916","3.143328","916","3.140436","897","3.142044","916","3.141856","916","3.14104","916","3.142456","916","3.140564","916","3.145032","916","3.14394","915","3.14406","897","3.141244","897","3.142416","897","3.141824","897","3.141","897","3.139552","897","3.143624","897","3.140704","897","3.138876","897","3.1418","897","3.140916","897","3.139816","897","3.140652","897","3.141852","897","3.14146","897","3.141644","897","3.142828","897","3.141316","897","3.140496","897","3.1414484799999998","884","952"
"17","3.1404","476","3.144672","475","3.142004","547","3.142744","547","3.143256","862","3.1434","903","3.139924","937","3.140548","909","3.141576","936","3.1408","937","3.145412","908","3.141436","936","3.139252","936","3.13978","936","3.137816","937","3.141452","901","3.140968","907","3.14132","936","3.141248","909","3.140632","937","3.140812","908","3.140504","903","3.140192","908","3.138644","936","3.14188","937","3.1421","937","3.141248","937","3.143128","937","3.141924","937","3.139296","903","3.144088","937","3.142296","930","3.143488","897","3.14222","892","3.141044","925","3.143616","928","3.139724","925","3.139132","897","3.142692","929","3.141888","928","3.142992","914","3.140388","904","3.141332","908","3.141344","911","3.140624","914","3.144152","910","3.142192","905","3.13976","914","3.145664","910","3.140528","902","3.142008","908","3.142296","957","3.143448","908","3.14172","911","3.140372","911","3.141596","936","3.141616","935","3.139816","904","3.139924","935","3.1414","957","3.14394","902","3.140448","902","3.140372","905","3.142452","934","3.141356","911","3.141992","902","3.139656","935","3.140864","911","3.141344","911","3.141248","902","3.143296","921","3.140016","920","3.144824","931","3.142072","931","3.141088","927","3.142008","911","3.143164","913","3.139372","911","3.140388","908","3.143068","908","3.142348","910","3.139764","908","3.142052","909","3.14286","909","3.140524","909","3.143528","909","3.140748","890","3.140484","909","3.142476","909","3.142224","909","3.142692","908","3.141548","823","3.142176","823","3.14336","823","3.142752","824","3.141648","824","3.140104","824","3.142476","823","3.141128","823","3.140968","809","3.141605559999998","892","994"
"18","3.138176","741","3.139324","663","3.1397","690","3.144944","690","3.141992","690","3.143288","690","3.145764","688","3.13942","663","3.142024","688","3.142568","688","3.143508","682","3.141964","682","3.142","680","3.140572","680","3.142208","679","3.141164","679","3.144056","679","3.145752","677","3.1389","677","3.141328","677","3.142816","699","3.13858","677","3.142232","699","3.141708","923","3.1413","921","3.138844","921","3.137996","923","3.143944","923","3.140268","923","3.140624","923","3.145696","923","3.142228","923","3.140668","923","3.140792","923","3.1407","923","3.144924","923","3.141076","924","3.13802","923","3.142396","849","3.141752","923","3.13996","848","3.13968","923","3.142236","923","3.143424","921","3.142212","921","3.14352","923","3.144396","847","3.141024","920","3.141436","920","3.14198","920","3.14302","921","3.142536","891","3.138024","899","3.138356","920","3.143792","920","3.14232","895","3.138496","921","3.139384","888","3.141964","917","3.139624","897","3.141804","895","3.139892","918","3.141004","917","3.142408","918","3.140064","917","3.141316","917","3.142756","897","3.14188","917","3.144396","917","3.142064","917","3.141884","918","3.138436","918","3.138756","917","3.138772","911","3.143352","911","3.142632","912","3.140204","912","3.141508","912","3.138896","912","3.139584","911","3.1435","911","3.141048","912","3.146332","911","3.140096","897","3.14326","897","3.141192","889","3.139408","889","3.138664","888","3.140676","886","3.140596","885","3.143724","885","3.140596","885","3.141244","884","3.140296","885","3.14502","883","3.13974","883","3.140396","883","3.139516","883","3.13754","883","3.142848","883","3.1413990000000003","855","976"
"19","3.13848","302","3.143688","561","3.142024","559","3.14204","559","3.142636","608","3.141756","557","3.139496","558","3.142088","915","3.142412","888","3.142308","914","3.141932","913","3.142876","888","3.141844","914","3.141576","890","3.145748","914","3.140424","915","3.140612","913","3.13998","916","3.14248","912","3.141176","913","3.142464","915","3.138864","915","3.141704","889","3.141016","914","3.14408","892","3.142596","886","3.141944","914","3.140984","914","3.141896","913","3.142284","915","3.142308","915","3.138968","915","3.143576","913","3.143772","911","3.141392","909","3.14126","909","3.14002","908","3.14318","909","3.143524","908","3.138448","906","3.145208","909","3.14012","909","3.140512","907","3.14012","907","3.140868","907","3.142644","908","3.143504","906","3.14238","907","3.138252","907","3.141448","908","3.143932","907","3.141696","909","3.139592","909","3.13928","908","3.141852","908","3.142352","909","3.143088","909","3.141684","909","3.142876","907","3.140772","905","3.141444","906","3.139868","909","3.142668","905","3.139976","908","3.139432","907","3.143312","905","3.14236","909","3.14196","881","3.140384","882","3.143724","878","3.142652","882","3.139604","861","3.141708","863","3.13774","844","3.140608","840","3.141124","835","3.141068","839","3.137412","835","3.14136","838","3.144804","839","3.139948","835","3.14128","832","3.143156","834","3.139048","834","3.144388","834","3.140032","834","3.13966","834","3.14082","832","3.139776","834","3.14428","833","3.13938","829","3.143316","834","3.14178","834","3.142076","834","3.1423","832","3.142648","834","3.14216","831","3.145124","832","3.139992","832","3.14088","834","3.1415728799999996","859","929"
"20","3.139548","958","3.141044","958","3.140068","951","3.141284","950","3.141792","923","3.142492","951","3.142056","954","3.139884","951","3.138464","958","3.143192","919","3.142828","896","3.139112","953","3.140548","955","3.142356","951","3.141784","951","3.14468","951","3.141388","953","3.142316","947","3.140188","949","3.141824","953","3.141872","947","3.14094","947","3.141272","953","3.141812","948","3.142336","949","3.143448","951","3.143724","949","3.140748","952","3.139276","952","3.140924","945","3.142972","946","3.13952","951","3.138308","950","3.140784","951","3.142268","953","3.142008","950","3.138892","945","3.142768","949","3.142888","946","3.140764","945","3.14066","950","3.142012","922","3.145916","948","3.143668","950","3.143976","951","3.13812","953","3.142244","948","3.144428","947","3.141224","952","3.14226","950","3.144264","949","3.1429","949","3.139288","951","3.1426","948","3.140932","951","3.141164","945","3.13936","948","3.140532","945","3.140676","947","3.1421","948","3.139532","948","3.142832","948","3.140456","951","3.141904","951","3.141336","953","3.140712","946","3.139116","952","3.142116","953","3.140648","950","3.142252","944","3.142236","921","3.142848","952","3.142372","948","3.14376","950","3.143408","952","3.140792","952","3.143656","948","3.14324","950","3.139916","951","3.137628","943","3.138856","948","3.143004","947","3.141024","946","3.140984","950","3.139008","950","3.137472","944","3.138944","949","3.141536","947","3.142852","946","3.14258","947","3.140064","948","3.139756","945","3.139688","944","3.139676","949","3.141524","950","3.140324","950","3.143944","946","3.14278","944","3.144404","950","3.141304","949","3.141431799999999","947","959"
"21","3.14246","119","3.141","749","3.141392","717","3.140072","749","3.14432","749","3.14244","656","3.141","717","3.143268","749","3.14296","749","3.139896","742","3.142364","710","3.141828","710","3.143516","653","3.142216","743","3.141124","739","3.138008","706","3.142792","738","3.142928","738","3.141364","738","3.139212","762","3.138652","762","3.142136","762","3.141144","760","3.142448","758","3.143256","758","3.139964","715","3.143948","756","3.142792","755","3.14096","755","3.143984","755","3.140044","755","3.142084","755","3.144112","755","3.140936","868","3.140712","897","3.140184","897","3.138688","894","3.138812","894","3.139852","897","3.140964","897","3.142188","897","3.143408","897","3.140524","897","3.140828","898","3.140004","897","3.141496","897","3.139912","897","3.148252","897","3.139208","894","3.14322","894","3.143064","897","3.142684","875","3.13942","897","3.141332","897","3.140872","893","3.13948","854","3.141312","894","3.140176","897","3.140364","897","3.141324","893","3.144344","897","3.141244","894","3.140912","897","3.142276","894","3.139724","897","3.139612","893","3.138196","896","3.141568","896","3.137584","897","3.141528","896","3.142384","897","3.139836","897","3.139884","897","3.1399","897","3.140268","897","3.14088","897","3.144764","896","3.140764","896","3.142924","897","3.142288","897","3.141644","897","3.144064","897","3.1381","897","3.14202","897","3.142944","896","3.141644","897","3.142784","894","3.142352","893","3.141036","896","3.142024","894","3.140172","890","3.143664","889","3.140036","890","3.140192","886","3.143684","890","3.141792","890","3.143856","887","3.14262","885","3.140088","888","3.139048","887","3.141435440000001","836","942"
"22","3.140628","175","3.142288","175","3.142416","449","3.141412","475","3.140848","534","3.14416","915","3.14212","893","3.141536","899","3.141348","899","3.144176","905","3.143168","905","3.13976","905","3.142484","905","3.139864","905","3.140376","899","3.140256","905","3.138364","898","3.143356","895","3.142472","905","3.140316","892","3.143064","906","3.138948","896","3.14072","906","3.143832","906","3.142812","893","3.140184","906","3.141888","899","3.139","905","3.144456","904","3.140648","894","3.141672","905","3.139672","904","3.139916","903","3.138688","904","3.142288","890","3.140692","890","3.138768","890","3.143592","885","3.139608","873","3.142388","872","3.142892","870","3.143304","864","3.138936","870","3.146456","869","3.139204","865","3.14102","865","3.140052","865","3.140556","865","3.14066","854","3.139888","861","3.142156","861","3.142284","857","3.140908","906","3.140812","857","3.142728","849","3.14348","903","3.140092","903","3.142908","903","3.141656","903","3.142816","847","3.142752","902","3.140712","902","3.1401","904","3.14216","907","3.141988","903","3.141908","905","3.14264","901","3.139848","907","3.1436","905","3.143536","906","3.140124","904","3.139868","904","3.1425","906","3.141368","907","3.144648","906","3.140876","904","3.14194","906","3.141124","902","3.14084","906","3.141912","907","3.142416","905","3.140956","906","3.143892","907","3.138924","901","3.141636","906","3.141088","907","3.138384","906","3.141252","906","3.143372","901","3.142404","903","3.141956","902","3.139448","906","3.138352","904","3.139932","906","3.141652","886","3.143644","802","3.140036","802","3.141448","802","3.139908","801","3.138556","799","3.1414069200000005","863","981"
"23","3.141804","19","3.143304","938","3.141328","937","3.142052","937","3.14288","908","3.142688","937","3.139092","938","3.143564","937","3.14412","937","3.143612","938","3.143912","907","3.142648","937","3.142316","933","3.138924","905","3.140352","933","3.139932","934","3.142544","903","3.143048","933","3.14004","933","3.141692","934","3.14206","934","3.143016","904","3.141112","933","3.139676","933","3.13918","905","3.141696","932","3.141932","933","3.14122","932","3.13972","933","3.143208","910","3.140612","933","3.142696","879","3.140948","933","3.140736","904","3.14334","933","3.14024","933","3.143504","933","3.141952","933","3.140616","933","3.144024","933","3.140224","933","3.142872","909","3.141864","933","3.143056","933","3.140952","919","3.140752","919","3.141956","919","3.144728","919","3.142456","919","3.139816","895","3.142428","919","3.143312","919","3.14276","919","3.141412","919","3.14322","919","3.145668","918","3.14076","895","3.140784","919","3.14104","919","3.142344","919","3.140168","902","3.14126","857","3.140452","883","3.143308","868","3.139024","867","3.142284","867","3.140468","867","3.140808","867","3.141576","867","3.141368","867","3.138388","867","3.143532","857","3.141748","857","3.137604","854","3.142456","852","3.142448","854","3.144304","853","3.1424","854","3.14148","854","3.140512","856","3.142828","854","3.141836","852","3.142408","852","3.142764","849","3.143648","851","3.14028","845","3.140456","846","3.142488","843","3.140832","846","3.139576","844","3.141684","846","3.141924","842","3.14098","846","3.143464","845","3.142152","846","3.143668","846","3.138988","844","3.1384","845","3.1393","845","3.141948","845","3.1416895599999997","887","944"
"24","3.144364","513","3.142152","461","3.142476","973","3.139416","936","3.142348","940","3.140388","973","3.14284","935","3.141712","942","3.139952","968","3.14196","968","3.140128","942","3.140652","966","3.142604","966","3.14038","934","3.139524","966","3.139668","940","3.13932","966","3.139532","966","3.1426","966","3.140956","965","3.140488","963","3.141268","962","3.140788","963","3.139964","962","3.14394","962","3.141316","963","3.141264","936","3.140196","923","3.141128","954","3.145548","954","3.138988","949","3.143544","947","3.142468","947","3.13834","947","3.142032","947","3.141544","947","3.140664","947","3.140704","910","3.1394","946","3.140324","943","3.141336","942","3.140184","941","3.142232","903","3.14072","935","3.140528","936","3.142976","936","3.143668","932","3.141472","932","3.141112","932","3.140992","932","3.145356","932","3.138624","932","3.142608","932","3.142556","926","3.141248","926","3.138884","926","3.14062","926","3.138736","926","3.144728","925","3.138984","926","3.140388","926","3.141624","926","3.1436","926","3.141916","926","3.140532","925","3.144804","925","3.142508","901","3.13824","927","3.146088","925","3.142512","925","3.14336","926","3.143696","926","3.142272","921","3.142892","921","3.139292","921","3.140152","921","3.1382","922","3.141596","922","3.141632","920","3.141236","922","3.142284","917","3.139424","917","3.143488","916","3.14206","917","3.141608","915","3.141792","917","3.142916","917","3.142524","915","3.14058","917","3.143216","916","3.141344","915","3.144388","915","3.141684","916","3.143032","917","3.142212","917","3.141808","916","3.143716","917","3.14158","915","3.142","916","3.142644","916","3.1415528399999992","925","982"
"25","3.139576","171","3.14172","925","3.143948","920","3.141532","925","3.143436","921","3.141988","925","3.1404","687","3.142892","650","3.141692","924","3.141316","913","3.142816","921","3.14278","925","3.141108","930","3.142388","721","3.140184","930","3.141788","930","3.141864","914","3.144216","921","3.139236","913","3.139272","908","3.142744","907","3.14276","903","3.14226","903","3.140876","898","3.140316","929","3.138872","908","3.144208","907","3.140564","907","3.143504","907","3.13992","918","3.142344","881","3.140344","917","3.141364","918","3.140168","917","3.139936","917","3.142396","892","3.140208","917","3.140644","915","3.142836","890","3.145892","914","3.139324","915","3.140972","915","3.143276","915","3.13972","890","3.14004","890","3.142232","915","3.139384","886","3.142484","881","3.14118","882","3.14496","906","3.143688","906","3.143168","906","3.140488","881","3.138564","906","3.142272","906","3.144816","882","3.140144","906","3.143816","882","3.141584","881","3.140616","906","3.139672","906","3.144","906","3.143648","906","3.14172","906","3.143248","906","3.143676","878","3.139576","817","3.141044","854","3.140788","880","3.146068","879","3.140572","879","3.14146","879","3.139936","878","3.14124","875","3.138092","875","3.138748","873","3.138796","872","3.142132","872","3.14062","872","3.139816","871","3.141732","871","3.140472","871","3.143284","870","3.140152","870","3.142112","868","3.14244","869","3.143188","869","3.140116","868","3.1401","868","3.140208","868","3.139736","862","3.1403","861","3.140816","862","3.142192","861","3.141764","862","3.140212","861","3.141804","862","3.144348","862","3.142096","861","3.14006","862","3.1415102000000004","879","953"
"26","3.141832","220","3.140228","219","3.14166","506","3.140556","506","3.14144","507","3.1409","507","3.139256","914","3.140684","977","3.1453","958","3.144332","948","3.13814","949","3.141952","955","3.142004","954","3.140472","976","3.142684","976","3.143788","948","3.141492","956","3.140396","976","3.14038","954","3.140276","976","3.144776","948","3.142796","976","3.14116","954","3.141988","976","3.139528","917","3.13904","976","3.142","954","3.1416","954","3.141272","957","3.139804","949","3.140832","976","3.14026","976","3.142812","884","3.138868","948","3.141024","976","3.137676","884","3.141112","976","3.143684","948","3.143764","915","3.14348","950","3.141924","972","3.139624","923","3.140896","922","3.141","921","3.141048","943","3.140564","945","3.142648","943","3.141036","943","3.138012","943","3.143724","923","3.141924","944","3.14292","943","3.141884","942","3.141032","944","3.140328","942","3.142492","944","3.141736","923","3.14194","943","3.142884","924","3.142636","921","3.140244","943","3.141808","945","3.141668","945","3.141004","943","3.142988","943","3.142728","923","3.138836","920","3.142284","915","3.14052","943","3.138868","943","3.143852","939","3.139988","937","3.138248","910","3.13974","917","3.14054","937","3.139992","916","3.14336","937","3.143272","925","3.143528","925","3.142332","923","3.138676","925","3.140448","924","3.140068","924","3.142024","892","3.140856","882","3.14306","882","3.141168","882","3.141968","882","3.140268","882","3.140476","882","3.142852","882","3.143008","882","3.141164","881","3.140092","882","3.143272","882","3.140044","881","3.144224","882","3.142376","882","3.142384","882","3.140784","882","3.1414051200000004","900","984"
"27","3.14064","264","3.141028","890","3.143636","691","3.139204","791","3.141732","792","3.145204","795","3.143052","635","3.142272","890","3.140188","795","3.141204","890","3.14132","596","3.1428","791","3.139048","635","3.142188","791","3.141836","791","3.1407","791","3.143552","883","3.138644","944","3.141692","909","3.1442","903","3.141608","915","3.143876","944","3.145256","944","3.14288","903","3.140724","944","3.141964","903","3.142264","939","3.139984","939","3.14376","939","3.14222","939","3.142316","939","3.142208","935","3.139912","937","3.14064","936","3.139272","932","3.141724","936","3.143928","937","3.136332","931","3.140344","937","3.138836","937","3.1436","937","3.140752","936","3.14456","931","3.141208","937","3.1414","933","3.140848","937","3.142488","936","3.139244","938","3.143512","964","3.144236","936","3.14106","918","3.14488","922","3.142156","922","3.142412","928","3.141748","921","3.14304","928","3.141228","948","3.140776","922","3.137316","915","3.142424","917","3.139624","927","3.142892","948","3.142324","927","3.138856","928","3.142376","922","3.141476","919","3.13988","948","3.139236","927","3.143124","915","3.142284","913","3.141468","935","3.141092","914","3.140924","909","3.142684","934","3.142672","915","3.141652","915","3.142752","934","3.139088","931","3.13706","931","3.14034","906","3.14078","905","3.14278","905","3.143604","905","3.13912","905","3.143724","905","3.142732","905","3.14166","904","3.141796","905","3.141752","905","3.140176","905","3.142004","905","3.143744","905","3.141968","905","3.14186","891","3.138212","891","3.141156","891","3.143792","888","3.138876","889","3.14062","889","3.142752","888","3.1415798800000014","892","993"
"28","3.14052","124","3.140036","975","3.142972","974","3.140844","980","3.141504","973","3.141624","937","3.140268","968","3.144152","947","3.141172","980","3.140948","974","3.140004","967","3.1417","973","3.140168","981","3.142352","982","3.139548","982","3.141572","967","3.139256","982","3.140596","967","3.142988","967","3.14174","976","3.14158","981","3.13948","975","3.139584","981","3.14242","980","3.140828","981","3.1401","947","3.140628","972","3.142932","979","3.143268","967","3.13962","916","3.141616","973","3.140348","968","3.146296","975","3.139884","979","3.14212","972","3.140544","938","3.140896","973","3.14","967","3.14132","967","3.140208","967","3.139764","981","3.14188","980","3.14228","973","3.14058","973","3.139504","972","3.140072","966","3.145232","981","3.141016","968","3.14476","968","3.1428","976","3.140912","973","3.140976","973","3.14194","973","3.141968","979","3.141332","948","3.141956","973","3.141072","981","3.140224","967","3.139064","950","3.144976","970","3.141084","949","3.141312","951","3.140056","970","3.144064","951","3.143296","952","3.14196","945","3.139072","944","3.143476","970","3.143304","951","3.143588","970","3.14104","951","3.14262","950","3.14124","942","3.143704","949","3.138176","952","3.14336","947","3.140744","947","3.142208","941","3.145208","951","3.139392","946","3.143704","942","3.140612","970","3.139824","950","3.143416","970","3.140124","970","3.142544","952","3.142132","970","3.1439","937","3.143604","944","3.140412","952","3.140544","946","3.142776","950","3.138896","945","3.140632","942","3.140664","950","3.13866","945","3.14296","950","3.141968","942","3.143652","944","3.142824","943","3.1415269599999998","954","1002"
"29","3.139288","534","3.140176","505","3.141212","955","3.141332","817","3.141252","900","3.142772","953","3.139624","952","3.142272","918","3.144012","950","3.14234","895","3.140636","916","3.138468","949","3.139316","947","3.142724","912","3.143628","947","3.13956","947","3.13906","912","3.141028","884","3.140328","944","3.141068","944","3.138196","909","3.13918","942","3.1435","942","3.14396","907","3.138632","907","3.14252","906","3.142992","902","3.1411","934","3.140704","900","3.142692","900","3.139836","873","3.139404","897","3.141792","931","3.144404","930","3.142424","896","3.139568","930","3.14066","896","3.140456","930","3.139128","930","3.141724","893","3.142088","927","3.143424","867","3.141016","927","3.141932","927","3.138832","917","3.141052","918","3.141248","953","3.14136","917","3.144528","954","3.143088","953","3.141172","917","3.140776","917","3.143632","917","3.141816","889","3.142972","953","3.143664","953","3.144548","882","3.140684","953","3.140808","953","3.143392","917","3.142468","952","3.145148","954","3.142868","917","3.142192","953","3.14128","953","3.142768","953","3.141844","953","3.141284","917","3.140444","953","3.141124","916","3.141516","916","3.13778","953","3.142148","953","3.14094","953","3.140352","943","3.141676","925","3.141988","925","3.14032","924","3.14658","924","3.143368","924","3.140196","924","3.141204","924","3.140156","924","3.142504","924","3.140004","924","3.141744","922","3.143108","922","3.141596","921","3.141308","922","3.1425","922","3.139636","922","3.141464","921","3.143028","921","3.141764","922","3.137664","922","3.141844","921","3.1446","921","3.144528","922","3.142844","921","3.14142","843","3.1415619999999986","915","995"
"30","3.140472","84","3.14208","732","3.140316","855","3.139944","850","3.138312","855","3.140428","850","3.140384","826","3.142208","850","3.141452","855","3.140232","855","3.142532","826","3.141816","850","3.141808","833","3.142232","839","3.144968","828","3.138364","839","3.141412","827","3.140536","839","3.140684","839","3.141612","839","3.14374","838","3.14408","833","3.140892","839","3.141592","839","3.1412","828","3.1407","829","3.141492","930","3.142844","930","3.142732","898","3.140028","930","3.141292","930","3.141188","930","3.140896","930","3.14094","931","3.138716","930","3.138932","903","3.14276","930","3.14174","930","3.14268","930","3.141668","904","3.14142","930","3.144472","930","3.14062","930","3.143396","930","3.141","897","3.142272","904","3.139788","891","3.141272","930","3.14432","897","3.142292","930","3.144716","930","3.140088","930","3.143072","930","3.140592","930","3.142028","930","3.141972","930","3.139828","869","3.141284","898","3.141256","930","3.142024","930","3.14142","930","3.141756","889","3.1398","930","3.13936","930","3.140756","930","3.143648","930","3.143008","889","3.143964","861","3.140464","891","3.141876","930","3.141552","889","3.143128","930","3.1432","930","3.139312","929","3.141372","901","3.143016","902","3.141904","930","3.140952","898","3.143164","895","3.142636","889","3.143428","927","3.143364","912","3.142352","891","3.14312","891","3.140064","890","3.141188","891","3.141932","891","3.1403","891","3.142296","891","3.139404","890","3.139088","891","3.140924","891","3.141396","820","3.145972","777","3.144248","777","3.142452","777","3.140784","777","3.143004","777","3.144788","777","3.142464","777","3.14168472","874","964"
"31","3.139816","267","3.141004","515","3.143172","515","3.141644","515","3.141632","515","3.141512","515","3.14168","515","3.14048","515","3.14148","515","3.140336","515","3.139756","944","3.13982","944","3.140688","944","3.142388","944","3.14134","924","3.140296","924","3.14334","944","3.140096","921","3.140984","943","3.14262","924","3.142364","944","3.14054","924","3.14034","924","3.142396","923","3.143688","944","3.141588","944","3.138612","914","3.145024","943","3.144348","943","3.142808","943","3.138924","943","3.14232","919","3.13936","944","3.143548","943","3.139832","943","3.140676","944","3.141464","943","3.139672","944","3.1399","923","3.142268","944","3.142376","921","3.139704","943","3.141328","944","3.13892","923","3.140352","943","3.141088","920","3.143248","941","3.141776","941","3.14006","942","3.139624","941","3.140216","942","3.143368","942","3.143212","916","3.1434","941","3.14202","917","3.141316","887","3.139968","942","3.141916","942","3.141736","921","3.14144","912","3.139344","941","3.143684","941","3.141484","941","3.144464","911","3.13858","912","3.142764","941","3.144584","941","3.142052","941","3.139972","942","3.14076","941","3.1406","941","3.142324","942","3.141428","941","3.144296","941","3.143604","941","3.143388","941","3.141692","941","3.14652","921","3.139376","920","3.139264","941","3.142268","922","3.1425","941","3.14056","941","3.143348","941","3.141868","917","3.141784","941","3.1412","916","3.140484","941","3.140072","941","3.141672","941","3.139244","941","3.141484","941","3.142008","941","3.139172","941","3.141948","941","3.140544","941","3.14084","941","3.140332","920","3.140296","941","3.140168","922","3.1414279599999997","890","953"
"32","3.143236","188","3.143508","187","3.142","979","3.143488","986","3.140748","979","3.140468","976","3.144696","984","3.14218","979","3.141396","985","3.141068","977","3.13768","976","3.143784","977","3.141716","979","3.141048","985","3.140284","984","3.140936","983","3.142716","979","3.142076","979","3.140212","973","3.140248","977","3.140164","978","3.142256","980","3.1386","972","3.14168","972","3.143512","977","3.142404","943","3.142448","970","3.140748","977","3.144404","978","3.138156","981","3.140708","979","3.14236","971","3.14214","979","3.143824","1006","3.140696","965","3.141904","1003","3.140756","974","3.140656","975","3.140636","972","3.143324","1001","3.140584","1003","3.142216","965","3.140636","973","3.145164","1003","3.140852","967","3.140468","1000","3.142424","975","3.139996","966","3.140088","973","3.140408","1003","3.140364","967","3.142996","1000","3.138468","972","3.141088","1000","3.142592","973","3.142776","969","3.142236","970","3.142656","970","3.137312","969","3.14274","970","3.143384","969","3.140868","969","3.142168","970","3.142524","967","3.140104","968","3.145532","969","3.13858","970","3.140608","970","3.140852","970","3.13898","967","3.141872","969","3.141936","968","3.14054","969","3.143264","969","3.139572","970","3.140264","969","3.140832","969","3.141028","970","3.141428","970","3.14206","970","3.140764","969","3.142404","968","3.141488","966","3.143404","968","3.142848","968","3.140076","969","3.138908","969","3.139744","970","3.142808","969","3.142656","968","3.140556","970","3.141728","969","3.141768","968","3.14268","967","3.140208","968","3.141316","969","3.140952","968","3.142472","969","3.140496","968","3.140816","965","3.141454159999999","959","1019"
"33","3.143272","524","3.141428","898","3.140804","889","3.1428","927","3.1416","924","3.143208","929","3.13766","928","3.142404","929","3.141044","928","3.143996","928","3.144392","928","3.142804","928","3.138052","927","3.138452","899","3.141288","929","3.13938","898","3.140588","928","3.142104","927","3.143408","927","3.142988","929","3.141508","929","3.140736","889","3.143084","899","3.142012","927","3.143084","925","3.14088","899","3.139512","899","3.140044","899","3.140268","897","3.142216","899","3.141296","899","3.143156","899","3.140004","898","3.143408","894","3.14182","899","3.141772","892","3.142144","894","3.141548","889","3.14132","892","3.1422","886","3.138628","886","3.140532","886","3.141504","886","3.142908","886","3.140092","886","3.141912","886","3.139692","886","3.143536","846","3.140188","884","3.140132","884","3.141872","886","3.143228","886","3.141016","882","3.14144","882","3.13922","882","3.141128","852","3.142352","872","3.143352","872","3.146052","870","3.139884","869","3.140688","872","3.142532","872","3.141172","872","3.144064","872","3.141812","832","3.14306","871","3.139976","872","3.141948","871","3.142872","873","3.142668","870","3.141048","882","3.140496","880","3.1425","876","3.14612","876","3.141824","879","3.14572","879","3.142548","879","3.142532","878","3.14186","879","3.139908","880","3.14108","880","3.134656","879","3.14084","880","3.137616","879","3.1406","879","3.140928","866","3.140312","866","3.141604","866","3.1401","865","3.142132","866","3.141244","864","3.139552","866","3.141632","866","3.141324","866","3.137396","865","3.139956","867","3.1423","866","3.1414","867","3.14284","866","3.13906","867","3.141442719999999","884","961"
"34","3.139184","346","3.14362","478","3.143332","478","3.137576","532","3.141364","503","3.141824","530","3.142128","477","3.142468","503","3.144572","478","3.14204","452","3.142184","478","3.14038","478","3.142748","503","3.14054","938","3.141328","800","3.146056","938","3.141832","939","3.14198","872","3.141788","869","3.140172","909","3.140776","809","3.143064","939","3.139984","837","3.13868","938","3.139012","871","3.140132","938","3.138352","938","3.143664","905","3.139396","909","3.141972","938","3.1438","938","3.1414","845","3.140884","938","3.143972","939","3.142852","941","3.141388","938","3.143388","938","3.138184","869","3.14166","872","3.142852","938","3.143804","938","3.146464","938","3.142548","906","3.143412","938","3.14146","917","3.141048","938","3.141048","871","3.139508","845","3.13734","804","3.144176","938","3.14138","905","3.142376","905","3.14058","938","3.142436","938","3.143416","908","3.142128","938","3.139388","799","3.142456","910","3.140964","910","3.14176","910","3.141524","882","3.143688","881","3.140076","880","3.140772","879","3.141624","879","3.141648","879","3.141368","810","3.143772","810","3.141424","810","3.140284","809","3.138796","809","3.138168","809","3.14246","809","3.141356","810","3.139768","810","3.142536","809","3.144156","788","3.144328","808","3.142448","800","3.142028","801","3.142404","801","3.140744","800","3.142872","801","3.140916","800","3.139172","800","3.139704","802","3.141852","802","3.141752","801","3.14418","800","3.142228","800","3.142204","801","3.14302","800","3.140072","800","3.140348","800","3.144","800","3.1432","801","3.143556","800","3.138184","800","3.141304","779","3.141808","800","3.1416596400000008","813","954"
"35","3.139316","451","3.141664","758","3.142336","718","3.142012","651","3.14256","716","3.14406","651","3.141632","716","3.140904","715","3.144504","691","3.141532","715","3.143356","711","3.144564","687","3.14206","711","3.140452","711","3.141648","687","3.142568","711","3.141936","687","3.141904","711","3.143716","711","3.14122","646","3.14094","701","3.138788","701","3.141884","917","3.141336","698","3.142512","921","3.138228","917","3.141328","917","3.143804","920","3.14026","698","3.142088","917","3.140236","917","3.140288","917","3.141164","916","3.143256","872","3.142532","917","3.140912","912","3.141164","916","3.142012","912","3.138744","917","3.14258","916","3.141808","916","3.143316","889","3.143376","889","3.14092","888","3.13956","883","3.142464","886","3.141276","878","3.140412","841","3.143968","886","3.139072","886","3.141788","877","3.142204","906","3.139044","906","3.142648","883","3.139492","883","3.1396","906","3.141448","906","3.142532","906","3.142372","906","3.141248","906","3.138992","884","3.143004","906","3.144516","906","3.14116","906","3.143408","906","3.14128","906","3.140652","906","3.142092","905","3.143096","906","3.143036","886","3.14096","906","3.143124","887","3.140996","885","3.141656","906","3.14398","906","3.142644","906","3.138864","906","3.14152","882","3.142776","880","3.140312","885","3.141784","886","3.141956","885","3.141084","906","3.144108","887","3.144732","883","3.14276","886","3.140368","905","3.142336","903","3.144636","862","3.142408","892","3.14124","892","3.141144","889","3.140832","888","3.142588","885","3.14114","866","3.142372","866","3.141264","866","3.141136","866","3.14114","866","3.143216","866","3.1417685999999994","846","972"
"36","3.141296","342","3.143532","367","3.137752","368","3.137072","368","3.139732","367","3.14128","367","3.140836","367","3.141116","367","3.14082","925","3.141284","776","3.141368","863","3.14268","831","3.141132","800","3.142172","769","3.142956","870","3.143856","766","3.142624","840","3.141344","867","3.142468","732","3.142476","825","3.1434","925","3.14212","828","3.141196","801","3.142236","800","3.138096","824","3.14176","825","3.143","859","3.139972","801","3.141848","828","3.140972","766","3.140676","863","3.142084","866","3.141892","800","3.143148","925","3.143012","830","3.140836","799","3.140828","840","3.140564","803","3.14112","866","3.139524","864","3.143888","699","3.139304","800","3.141796","776","3.141804","925","3.139728","771","3.144212","860","3.138896","866","3.142288","800","3.14258","766","3.137664","866","3.142656","882","3.14024","882","3.142004","882","3.142","849","3.1399","850","3.14002","850","3.143128","850","3.142388","882","3.143088","882","3.144536","850","3.14056","828","3.140984","861","3.141884","829","3.144704","861","3.141468","829","3.144716","829","3.142032","861","3.141248","861","3.145204","861","3.14322","861","3.141584","834","3.14066","834","3.14284","834","3.141844","802","3.143224","809","3.142948","768","3.1409","767","3.143488","750","3.143448","743","3.14122","766","3.14354","766","3.142476","750","3.141388","766","3.14108","766","3.1399","767","3.139232","766","3.142936","766","3.140996","766","3.14264","766","3.141868","766","3.140524","766","3.141428","754","3.139924","752","3.143008","751","3.142592","751","3.143272","751","3.141836","748","3.141092","747","3.140864","747","3.14442","748","3.141713920000001","778","941"
"37","3.142056","306","3.1408","729","3.139068","730","3.142604","731","3.14004","730","3.141252","729","3.14364","731","3.141704","730","3.140784","670","3.138704","730","3.142392","730","3.141932","729","3.14038","730","3.142156","730","3.14062","729","3.140164","696","3.141704","730","3.141632","729","3.141212","728","3.14126","701","3.143376","731","3.141032","728","3.141824","731","3.140256","729","3.140256","728","3.1413","729","3.141528","729","3.13918","729","3.139416","730","3.14028","701","3.14016","771","3.143752","941","3.140068","802","3.140588","941","3.140576","941","3.140156","884","3.142788","771","3.139976","884","3.137788","796","3.142436","878","3.1398","935","3.138784","913","3.141052","913","3.141476","913","3.141856","912","3.141936","912","3.14128","912","3.14142","912","3.139556","912","3.13872","913","3.143464","912","3.140532","877","3.143948","853","3.14296","881","3.14422","859","3.14336","878","3.142328","878","3.141316","875","3.141796","876","3.143352","876","3.141712","875","3.141128","875","3.140516","875","3.141376","875","3.142204","878","3.139772","881","3.143376","877","3.141452","874","3.140432","876","3.142444","874","3.135716","878","3.142476","874","3.141872","864","3.142392","867","3.142096","861","3.141044","867","3.14148","867","3.139804","864","3.138896","866","3.142544","867","3.144336","867","3.141528","867","3.139304","864","3.139684","867","3.142096","867","3.14162","860","3.139188","863","3.139592","863","3.142752","867","3.142696","865","3.139612","865","3.142992","866","3.14236","867","3.141796","858","3.139452","858","3.142268","860","3.143016","859","3.143008","859","3.145048","860","3.138028","859","3.141271039999998","825","978"
"38","3.143168","204","3.142516","983","3.141052","983","3.140628","969","3.14276","983","3.141908","969","3.143244","911","3.14208","983","3.142996","969","3.14212","983","3.140052","983","3.138568","983","3.141772","969","3.141052","979","3.1401","980","3.143572","972","3.14134","958","3.14088","956","3.140748","968","3.141368","957","3.138284","969","3.141476","966","3.142708","968","3.143388","968","3.140956","967","3.14156","969","3.140692","967","3.14088","968","3.141232","956","3.140572","967","3.143288","954","3.13948","968","3.1422","953","3.1391","966","3.14334","953","3.1422","967","3.140364","967","3.139552","952","3.139856","968","3.139256","967","3.14246","966","3.142552","955","3.140488","953","3.140704","953","3.143548","968","3.139844","953","3.13978","969","3.140456","954","3.141268","969","3.141332","969","3.141544","969","3.138784","966","3.141988","954","3.141264","968","3.142276","966","3.1428","968","3.14076","963","3.138636","993","3.13844","947","3.141812","963","3.13936","962","3.141528","978","3.143148","975","3.144368","978","3.142752","970","3.141624","970","3.139944","967","3.142548","967","3.139284","963","3.141684","959","3.143068","958","3.13952","962","3.142848","962","3.139328","962","3.140232","955","3.142328","963","3.141968","962","3.13812","964","3.13866","956","3.140632","959","3.140412","952","3.141772","958","3.14332","955","3.142904","955","3.143212","931","3.141744","927","3.142112","930","3.139668","925","3.142116","930","3.142968","930","3.142192","930","3.141088","927","3.140832","930","3.144032","930","3.14176","930","3.14088","930","3.143736","930","3.13974","930","3.14124","928","3.142132","929","3.1413384799999995","951","1019"
"39","3.140436","150","3.138892","531","3.142748","530","3.14182","530","3.1432","528","3.1389","528","3.14384","948","3.142252","952","3.141528","953","3.142496","951","3.143064","926","3.140424","952","3.141248","951","3.140388","951","3.139808","948","3.140756","951","3.142","953","3.142688","947","3.142264","947","3.142576","950","3.142188","951","3.140664","951","3.142304","951","3.141064","951","3.139496","947","3.143544","950","3.1434","950","3.143016","952","3.145416","947","3.141852","947","3.140388","947","3.141364","952","3.142828","952","3.139932","947","3.142032","947","3.142356","947","3.143392","952","3.140048","947","3.139292","952","3.139272","947","3.140912","939","3.140524","940","3.139716","939","3.143184","940","3.143316","939","3.140328","939","3.141152","940","3.14114","932","3.1422","936","3.141828","965","3.141","966","3.1413","936","3.140448","930","3.142724","936","3.1425","935","3.14264","965","3.140372","933","3.142636","910","3.14372","930","3.13734","928","3.140968","933","3.143012","934","3.14026","933","3.143448","933","3.140496","934","3.141624","933","3.14192","963","3.137736","934","3.141408","947","3.140776","918","3.138668","916","3.140356","915","3.142696","937","3.139312","936","3.141356","932","3.141648","932","3.1414","931","3.144292","931","3.140852","910","3.142352","910","3.14446","928","3.142456","927","3.144172","909","3.139008","908","3.140312","928","3.141736","927","3.14158","927","3.138468","923","3.142556","920","3.14324","919","3.142228","919","3.139544","919","3.144856","917","3.141284","916","3.140872","916","3.141372","916","3.141392","911","3.139448","908","3.142172","908","3.143696","908","3.1415358799999997","908","993"
"40","3.1457","429","3.141928","686","3.141016","770","3.14336","738","3.142988","764","3.143948","733","3.138056","764","3.140432","759","3.140252","731","3.141164","722","3.142736","731","3.142148","906","3.137992","759","3.140704","727","3.141576","790","3.141928","759","3.1423","724","3.143464","759","3.14186","727","3.140864","728","3.139108","897","3.144252","898","3.14284","897","3.14376","897","3.143048","835","3.141132","838","3.142756","895","3.13998","908","3.140116","895","3.14004","907","3.142308","837","3.140428","911","3.139464","911","3.1394","923","3.141964","922","3.1393","922","3.141128","922","3.142604","900","3.140748","899","3.141812","922","3.143448","903","3.140956","922","3.13894","918","3.141764","922","3.142892","925","3.141984","925","3.142152","919","3.142184","909","3.142992","908","3.141576","913","3.142104","912","3.140264","912","3.142112","912","3.141356","909","3.143296","905","3.142968","913","3.140428","911","3.141512","912","3.140776","911","3.142544","909","3.137944","907","3.139784","913","3.140188","905","3.1424","913","3.141324","912","3.13934","912","3.14136","909","3.139088","908","3.143284","913","3.143452","912","3.141976","906","3.142184","905","3.141716","907","3.140856","913","3.141796","912","3.140728","913","3.142856","912","3.141388","908","3.138888","912","3.14336","911","3.142888","911","3.140372","909","3.14166","909","3.143368","912","3.140872","906","3.142004","908","3.14206","905","3.143344","910","3.141088","911","3.139748","906","3.141828","910","3.145384","913","3.143776","911","3.138236","906","3.14218","908","3.14088","911","3.142452","912","3.14172","909","3.144216","913","3.138352","911","3.1415719199999996","873","962"
"41","3.139932","47","3.142108","332","3.141308","360","3.1409","908","3.14082","913","3.143264","935","3.139556","893","3.142676","935","3.141812","935","3.14254","935","3.142124","935","3.14318","910","3.141156","935","3.14172","935","3.139804","935","3.141776","935","3.142496","913","3.139768","899","3.140608","893","3.139228","935","3.139244","893","3.142668","909","3.143884","908","3.140888","935","3.141644","909","3.14008","906","3.139456","935","3.140084","909","3.142204","913","3.141408","935","3.144236","935","3.1441","901","3.138476","935","3.138548","912","3.140712","910","3.143196","935","3.141672","935","3.141636","910","3.14026","910","3.143876","893","3.143328","892","3.141696","912","3.141748","913","3.143548","935","3.141852","935","3.139636","910","3.141652","918","3.141484","895","3.139516","918","3.138988","918","3.14204","896","3.143356","883","3.14036","917","3.142704","917","3.141824","917","3.144168","917","3.140716","888","3.142884","917","3.142604","917","3.142736","917","3.140704","917","3.14226","917","3.140384","917","3.141652","917","3.140488","917","3.1384","895","3.14142","894","3.140828","917","3.142452","917","3.13944","917","3.14056","917","3.1407","917","3.142156","894","3.140724","879","3.141824","917","3.139124","917","3.137768","917","3.14188","916","3.139656","913","3.14382","913","3.139016","863","3.1421","886","3.142964","886","3.143316","886","3.142548","886","3.143704","886","3.143004","886","3.139252","886","3.143604","886","3.143132","886","3.141144","886","3.14034","886","3.14174","886","3.142892","886","3.141804","886","3.14336","886","3.142724","886","3.14364","862","3.140596","886","3.140468","886","3.141494760000001","888","942"
"42","3.14096","452","3.140992","945","3.141536","977","3.143024","945","3.138808","881","3.142868","911","3.142028","947","3.142272","853","3.141908","887","3.140756","941","3.142372","940","3.141936","940","3.13916","940","3.14088","940","3.14158","910","3.140152","940","3.140872","940","3.140276","906","3.141104","940","3.140276","916","3.139092","934","3.139524","932","3.140944","932","3.1409","931","3.143376","902","3.142928","931","3.138216","932","3.142376","902","3.141872","929","3.141704","931","3.142796","931","3.1429","929","3.13962","932","3.139196","931","3.14202","908","3.1426","931","3.140508","931","3.141724","912","3.1391","915","3.142784","915","3.143324","913","3.14228","915","3.143004","916","3.139884","913","3.140672","916","3.1414","915","3.140992","915","3.142432","915","3.1417","913","3.14108","904","3.141688","904","3.13982","901","3.140656","902","3.141128","900","3.141368","893","3.14012","892","3.143276","892","3.139504","892","3.140188","890","3.142376","892","3.145864","886","3.140364","886","3.141984","886","3.14032","886","3.140772","884","3.142448","886","3.141924","908","3.141664","886","3.13958","908","3.143192","908","3.140376","887","3.142788","887","3.142116","908","3.14256","908","3.139704","888","3.14102","890","3.140152","908","3.13794","899","3.1408","900","3.141772","900","3.140976","899","3.141784","900","3.141208","900","3.141944","891","3.14266","890","3.141716","888","3.142176","888","3.142032","888","3.141384","888","3.1428","884","3.140784","884","3.142088","884","3.142112","883","3.141436","883","3.141684","883","3.141316","883","3.141868","883","3.142064","876","3.141988","873","3.141168","873","3.1413735999999997","902","978"
"43","3.13824","977","3.142016","981","3.141008","957","3.139152","981","3.138732","982","3.142664","978","3.141344","977","3.143248","981","3.14502","956","3.143424","947","3.141308","980","3.139832","980","3.143544","977","3.140172","980","3.137648","981","3.1409","980","3.140964","977","3.140292","977","3.143688","980","3.142176","977","3.141416","980","3.140044","980","3.144024","976","3.140408","941","3.14124","982","3.14372","981","3.139488","977","3.144192","981","3.141212","980","3.141324","981","3.143008","981","3.141872","981","3.140884","980","3.143288","977","3.145088","977","3.142264","980","3.141556","977","3.141092","977","3.143516","977","3.140352","977","3.140672","977","3.144168","977","3.141872","982","3.141032","977","3.139888","980","3.141308","942","3.139176","981","3.145196","981","3.141432","982","3.140628","980","3.140004","977","3.139896","976","3.142536","976","3.141632","940","3.141532","979","3.140168","977","3.14406","976","3.140376","977","3.140684","980","3.141764","981","3.142084","980","3.143968","957","3.141924","980","3.142732","980","3.141212","981","3.140536","977","3.1422","979","3.142192","980","3.142692","976","3.1406","977","3.143872","979","3.141516","953","3.140448","979","3.14126","979","3.142188","980","3.142004","981","3.143932","980","3.14338","955","3.140876","980","3.140516","979","3.141752","975","3.139984","974","3.143128","948","3.142024","975","3.14202","949","3.14156","970","3.14416","975","3.145288","975","3.142824","974","3.138896","975","3.142488","971","3.143076","971","3.143952","971","3.14182","975","3.141132","974","3.139652","974","3.1418","974","3.139632","975","3.139684","975","3.140604","974","3.14168992","974","982"
"44","3.14048","432","3.141432","966","3.140304","966","3.139892","656","3.143092","966","3.140072","966","3.142824","966","3.142252","698","3.142248","966","3.140424","966","3.142144","966","3.14276","800","3.142828","698","3.142228","960","3.139008","960","3.141136","960","3.141216","960","3.14166","960","3.13986","960","3.139612","957","3.137168","949","3.140256","949","3.14258","947","3.143036","946","3.138172","947","3.138352","946","3.138608","944","3.139476","943","3.140136","943","3.140108","943","3.142076","943","3.13988","943","3.141244","944","3.14132","943","3.141","943","3.142712","943","3.142612","943","3.143784","931","3.14236","931","3.14062","931","3.142032","932","3.144436","852","3.14274","927","3.140424","927","3.142024","928","3.144776","928","3.142444","927","3.143056","925","3.139708","924","3.141176","868","3.144696","922","3.144572","922","3.140524","920","3.141224","887","3.13986","921","3.14122","921","3.141436","921","3.138308","921","3.141048","921","3.13968","888","3.146272","867","3.14204","921","3.141704","921","3.137932","911","3.14284","910","3.141864","910","3.140912","910","3.137848","911","3.142268","912","3.141356","905","3.14094","906","3.140316","905","3.142628","906","3.140988","905","3.141556","906","3.142812","905","3.13804","906","3.139564","904","3.14322","904","3.140728","894","3.14118","896","3.13734","893","3.142568","894","3.14296","894","3.142156","893","3.142068","887","3.142196","886","3.141676","888","3.143472","887","3.144324","887","3.141128","887","3.142004","887","3.138588","885","3.142704","886","3.140044","879","3.142944","878","3.141284","878","3.14502","879","3.139244","878","3.140716","879","3.1413580000000003","907","971"
"45","3.14116","149","3.141452","876","3.141072","945","3.143132","945","3.141264","945","3.143156","939","3.140028","907","3.141676","945","3.141408","944","3.141168","945","3.138192","945","3.141368","886","3.142512","907","3.145244","945","3.142488","945","3.145988","886","3.142476","876","3.13936","945","3.141528","945","3.139676","944","3.14032","944","3.143012","887","3.141044","944","3.14218","944","3.13998","945","3.143336","876","3.143928","945","3.140364","939","3.143376","939","3.145248","945","3.141804","939","3.140796","945","3.138708","939","3.141656","945","3.139312","944","3.143944","873","3.14232","945","3.14206","945","3.141668","945","3.139168","944","3.142164","944","3.141684","939","3.141156","945","3.13906","944","3.141436","907","3.14304","939","3.13998","929","3.1455","904","3.141544","918","3.14128","892","3.143044","898","3.14064","863","3.14144","892","3.1385","898","3.14188","892","3.143964","892","3.140576","897","3.142016","890","3.14276","869","3.14414","898","3.13968","868","3.13746","898","3.144708","869","3.140968","902","3.140412","902","3.139444","882","3.143312","901","3.139688","902","3.139296","902","3.143384","902","3.14036","881","3.140716","901","3.142884","902","3.14512","901","3.138868","901","3.14276","902","3.141056","901","3.141352","901","3.14274","902","3.139584","902","3.140028","902","3.140432","902","3.140592","901","3.142276","901","3.141276","902","3.141308","902","3.139136","902","3.138832","901","3.142208","901","3.14242","901","3.1405","901","3.139696","901","3.142496","901","3.144056","901","3.142936","901","3.140024","901","3.139552","901","3.138624","901","3.142392","898","3.143216","898","3.141501679999999","905","967"
"46","3.142684","133","3.142316","133","3.139872","928","3.142712","723","3.142088","887","3.143112","952","3.143124","925","3.139312","728","3.13956","928","3.140504","952","3.142168","921","3.14234","928","3.141596","951","3.141572","927","3.14204","921","3.141364","928","3.142448","952","3.143292","928","3.141504","951","3.142628","952","3.142308","928","3.140452","887","3.141684","948","3.14052","884","3.142504","928","3.139232","948","3.140524","927","3.142836","948","3.140936","948","3.14184","948","3.142744","948","3.145868","948","3.139764","948","3.141408","948","3.140188","918","3.142016","948","3.142176","924","3.145084","948","3.140332","924","3.143252","885","3.141856","945","3.143908","945","3.139936","945","3.144268","924","3.141872","945","3.143236","907","3.138276","908","3.141712","885","3.13982","908","3.139204","887","3.140436","907","3.143172","908","3.141144","887","3.140564","908","3.145476","908","3.141944","908","3.137732","908","3.140228","908","3.139004","883","3.139928","884","3.139776","883","3.141756","883","3.138952","825","3.140572","853","3.141664","853","3.141064","853","3.14432","852","3.139972","853","3.1407","853","3.140452","853","3.140156","852","3.141248","853","3.14042","853","3.142392","852","3.140996","853","3.14212","853","3.141112","853","3.138964","853","3.14298","853","3.143936","853","3.14172","852","3.141656","852","3.142844","853","3.142224","852","3.141256","852","3.140604","853","3.140008","852","3.140212","852","3.141296","852","3.14004","852","3.142052","852","3.14118","852","3.139204","852","3.14182","852","3.142132","853","3.144092","853","3.141928","852","3.139968","852","3.14142","852","3.141664","852","3.14146492","876","954"
"47","3.141776","935","3.142404","936","3.142992","937","3.141928","936","3.14048","936","3.140608","913","3.139192","936","3.141376","937","3.14276","936","3.141092","936","3.139128","936","3.143892","936","3.141956","935","3.142412","935","3.140736","937","3.140992","936","3.14248","936","3.139648","936","3.138968","936","3.143284","936","3.14162","936","3.141316","936","3.14132","910","3.139056","936","3.142664","936","3.142576","936","3.142904","936","3.143324","936","3.140596","935","3.142204","935","3.140868","936","3.137488","936","3.141368","936","3.140384","936","3.140608","936","3.143768","936","3.141696","935","3.141856","935","3.142336","936","3.140588","936","3.141524","936","3.1395","936","3.142596","936","3.140076","906","3.141252","936","3.1399","936","3.14116","936","3.14454","936","3.140636","936","3.139864","936","3.143496","936","3.139992","936","3.140212","936","3.142244","936","3.141312","936","3.141276","936","3.14252","935","3.144376","936","3.14362","936","3.145896","905","3.141576","936","3.140908","936","3.141004","936","3.143008","935","3.142952","911","3.139812","936","3.143884","935","3.139628","936","3.140716","936","3.145064","936","3.139216","936","3.139644","936","3.139292","936","3.141288","935","3.1399","935","3.144192","936","3.141704","936","3.142964","935","3.142956","935","3.140644","936","3.142668","935","3.143304","935","3.140252","910","3.141308","935","3.14236","935","3.14118","935","3.144072","904","3.142236","935","3.142416","936","3.141612","935","3.144672","909","3.141472","935","3.144832","936","3.14182","935","3.142436","936","3.141144","911","3.1427","935","3.142564","935","3.140936","935","3.140588","935","3.1416756000000006","933","937"
"48","3.140616","509","3.141336","864","3.143684","864","3.143092","856","3.141352","833","3.142604","865","3.14254","865","3.140336","865","3.142504","856","3.140852","865","3.144624","856","3.139844","864","3.14178","833","3.141028","864","3.142248","856","3.143228","865","3.1412","856","3.139912","856","3.141364","865","3.143556","856","3.143464","856","3.140664","864","3.141512","833","3.136996","865","3.140624","864","3.140432","865","3.141968","864","3.139184","856","3.141048","856","3.141032","838","3.142392","832","3.142564","827","3.142008","838","3.14166","839","3.141404","832","3.140188","832","3.140024","837","3.142856","832","3.142408","838","3.142332","837","3.144012","837","3.138304","832","3.14188","838","3.142396","832","3.140408","832","3.142672","832","3.140648","837","3.143632","833","3.142428","833","3.143452","837","3.142632","833","3.13926","833","3.14476","833","3.14278","833","3.1394","834","3.142136","832","3.14258","859","3.139916","905","3.138992","905","3.142128","905","3.144084","885","3.141924","871","3.144088","905","3.142616","878","3.142668","904","3.140628","904","3.14042","905","3.136412","905","3.140664","904","3.141104","905","3.142824","904","3.14344","881","3.140576","905","3.141764","885","3.141132","899","3.143464","899","3.139848","899","3.141928","899","3.140764","899","3.140264","899","3.142416","899","3.139676","899","3.1407","890","3.1396","837","3.14178","837","3.141924","837","3.140204","837","3.143704","837","3.142944","837","3.140148","837","3.143328","837","3.139584","834","3.14024","832","3.140728","833","3.137892","833","3.13856","832","3.140512","829","3.142976","826","3.139928","826","3.141956","826","3.1414628799999993","854","962"
"49","3.141808","38","3.14002","865","3.142472","851","3.14364","866","3.142468","866","3.141292","866","3.142312","866","3.143708","865","3.139192","865","3.141208","867","3.140708","854","3.141648","865","3.141624","866","3.142196","832","3.139932","866","3.141444","851","3.142388","866","3.145152","866","3.141572","853","3.144336","851","3.142856","866","3.140924","851","3.139544","867","3.142052","857","3.141976","865","3.143244","859","3.139308","858","3.139688","865","3.141776","859","3.140692","858","3.142224","865","3.140848","858","3.143668","866","3.140792","866","3.141948","857","3.142276","858","3.139112","865","3.140332","866","3.140636","839","3.144964","834","3.1412","839","3.14078","806","3.144236","803","3.142168","816","3.14024","816","3.143372","816","3.14026","808","3.138376","804","3.142668","853","3.142324","804","3.142116","797","3.139736","847","3.141864","847","3.142152","850","3.143988","847","3.142244","847","3.141072","844","3.146248","844","3.14048","843","3.138136","843","3.141852","779","3.140692","769","3.141716","779","3.14126","870","3.141504","869","3.140332","844","3.141144","868","3.142864","869","3.140524","869","3.143036","832","3.1446","870","3.141216","868","3.144236","868","3.143284","866","3.141444","868","3.14064","866","3.141688","868","3.14182","868","3.141336","867","3.139104","868","3.142256","809","3.142624","810","3.14304","808","3.14006","810","3.13964","810","3.142116","810","3.143712","810","3.142432","784","3.14182","785","3.143368","783","3.141144","785","3.139448","782","3.14084","781","3.140956","782","3.137996","780","3.14444","782","3.141924","782","3.141824","782","3.145444","781","3.143684","782","3.1417470000000005","830","957"
"50","3.143732","650","3.145496","614","3.140112","614","3.143216","580","3.142012","580","3.141468","579","3.143536","611","3.144844","611","3.140832","610","3.145","610","3.143004","610","3.142904","610","3.1439","610","3.143136","610","3.140376","602","3.14192","660","3.138196","660","3.141096","891","3.13966","905","3.139732","895","3.140804","900","3.143396","897","3.144024","897","3.140876","892","3.141612","897","3.142004","897","3.143496","884","3.138976","897","3.14248","897","3.144152","917","3.141844","748","3.142176","885","3.142164","905","3.140836","905","3.140452","871","3.14456","871","3.140824","877","3.13972","901","3.144084","901","3.140812","901","3.14242","900","3.140264","895","3.14478","895","3.142696","898","3.143316","895","3.141612","895","3.1417","895","3.143992","871","3.141128","895","3.143524","895","3.142072","895","3.139848","895","3.140352","894","3.140248","865","3.140348","871","3.140008","895","3.140588","870","3.141392","895","3.142048","895","3.140808","895","3.139944","895","3.14058","896","3.141812","895","3.139028","892","3.141428","889","3.144664","889","3.14028","886","3.142136","883","3.142376","885","3.13852","886","3.144472","881","3.142928","881","3.140368","882","3.143096","880","3.142424","882","3.139032","879","3.138268","882","3.138888","880","3.138472","879","3.142884","881","3.139252","881","3.143396","878","3.137788","881","3.140864","882","3.137584","882","3.14218","882","3.141544","878","3.141292","881","3.139048","860","3.141912","863","3.13892","860","3.142908","861","3.141036","860","3.14212","860","3.141228","859","3.140508","860","3.1417","863","3.141608","861","3.140364","844","3.141192","844","3.1415465200000003","836","948"
"51","3.14282","253","3.14054","939","3.14136","748","3.144188","960","3.142324","960","3.14242","960","3.140568","939","3.14528","960","3.140424","960","3.1418","939","3.14542","651","3.142348","960","3.143068","960","3.141456","960","3.140668","934","3.141804","721","3.141312","960","3.141312","953","3.141504","953","3.140056","953","3.141036","949","3.144748","949","3.140708","949","3.142492","949","3.141252","924","3.142132","950","3.141732","949","3.137608","949","3.141284","949","3.141224","949","3.139836","949","3.139052","924","3.142252","949","3.142472","949","3.142724","808","3.14076","949","3.143624","949","3.144696","853","3.14136","931","3.141492","931","3.140384","931","3.141936","931","3.14174","931","3.141656","931","3.14096","906","3.140888","920","3.14172","920","3.143928","920","3.144292","917","3.141228","917","3.140416","855","3.140404","917","3.14084","917","3.143016","917","3.14184","917","3.1431","917","3.141844","890","3.141632","914","3.142716","914","3.139744","890","3.143252","914","3.14212","915","3.143084","914","3.141104","914","3.142496","914","3.140692","911","3.143572","911","3.143672","911","3.142688","911","3.1412","911","3.141624","911","3.14008","911","3.142484","908","3.141056","908","3.141636","908","3.1402","907","3.140504","875","3.144084","899","3.142588","890","3.142108","889","3.144088","890","3.143908","889","3.139264","889","3.13992","883","3.140644","883","3.142568","880","3.14128","879","3.139452","879","3.143328","878","3.141892","879","3.14322","879","3.140416","878","3.141216","879","3.1427","878","3.141864","877","3.145696","872","3.141048","870","3.143264","870","3.141608","868","3.139912","869","3.1418497199999997","902","963"
"52","3.141172","182","3.140752","601","3.14224","601","3.143496","601","3.142016","487","3.143368","574","3.139504","515","3.144784","962","3.1424","958","3.140492","941","3.14002","958","3.140208","962","3.142484","962","3.14194","962","3.14322","962","3.142916","921","3.1411","962","3.141556","921","3.142344","946","3.144424","944","3.1395","943","3.140048","943","3.139156","938","3.14468","942","3.142828","942","3.144116","941","3.138356","936","3.14344","945","3.143744","942","3.140444","942","3.141012","899","3.141904","936","3.139896","899","3.138552","940","3.14104","941","3.143568","941","3.141636","936","3.140936","942","3.140712","936","3.140356","942","3.139964","942","3.143108","941","3.141236","936","3.141104","941","3.1387","940","3.1393","941","3.137896","947","3.139644","927","3.141296","947","3.141","947","3.1396","947","3.14274","944","3.145388","944","3.142952","924","3.142736","926","3.143864","944","3.138664","911","3.14106","925","3.145076","944","3.141408","925","3.140968","923","3.14146","944","3.14294","925","3.137172","944","3.140344","926","3.141332","926","3.139388","927","3.140428","944","3.141048","944","3.141384","923","3.140732","924","3.140752","913","3.141916","944","3.139896","926","3.141744","944","3.140484","944","3.140316","926","3.141776","944","3.140908","922","3.141584","925","3.142692","913","3.144924","944","3.14","926","3.144176","924","3.139416","922","3.141628","925","3.140828","922","3.142516","944","3.141936","944","3.140532","916","3.142228","943","3.142868","944","3.142184","926","3.139476","922","3.14128","944","3.141908","923","3.140232","922","3.141556","925","3.14276","944","3.141676","911","3.14144484","906","1000"
"53","3.141616","956","3.140132","959","3.139552","961","3.144","957","3.142456","957","3.141328","879","3.140876","957","3.139804","981","3.139448","878","3.139904","951","3.139428","912","3.13978","962","3.142288","956","3.143424","949","3.142884","981","3.144168","962","3.140992","962","3.136796","963","3.140084","956","3.14342","956","3.140828","956","3.142772","957","3.14248","886","3.142276","962","3.142576","980","3.143488","980","3.140852","979","3.143532","956","3.139708","878","3.141096","955","3.144392","956","3.140324","979","3.143588","961","3.141732","979","3.141624","979","3.143108","959","3.136864","956","3.141588","959","3.140948","979","3.142232","954","3.141008","955","3.140564","960","3.142112","979","3.143352","979","3.141264","961","3.142764","961","3.142168","950","3.144456","949","3.139808","979","3.142936","911","3.140884","961","3.139024","960","3.144884","979","3.137996","979","3.142312","961","3.140444","979","3.14308","979","3.14066","979","3.145256","950","3.140784","959","3.141496","961","3.138936","959","3.139652","979","3.13846","948","3.14128","971","3.141692","944","3.141312","962","3.142912","939","3.143256","962","3.140288","942","3.140224","963","3.139764","962","3.143016","963","3.13972","940","3.141588","963","3.140216","962","3.1429","963","3.141948","888","3.142848","888","3.139816","888","3.141288","888","3.142712","888","3.139272","888","3.14012","888","3.139076","866","3.143124","888","3.141824","888","3.1426","888","3.141652","888","3.142752","888","3.1406","888","3.143264","888","3.144824","870","3.142444","869","3.141644","869","3.142364","869","3.1428","848","3.143208","869","3.14352","865","3.14326","864","3.141578160000001","939","982"
"54","3.142528","161","3.139964","135","3.144492","949","3.1407","948","3.141372","949","3.141964","920","3.144664","943","3.1432","944","3.14148","946","3.14354","950","3.139852","947","3.142356","951","3.14298","949","3.137792","946","3.142792","950","3.142732","950","3.140976","943","3.14092","944","3.138728","943","3.13998","944","3.140004","907","3.141788","943","3.141404","947","3.141372","949","3.141396","944","3.140604","943","3.14238","947","3.14122","943","3.140236","950","3.143656","946","3.143564","944","3.14126","942","3.13888","949","3.139064","947","3.140264","947","3.144548","912","3.142464","951","3.138296","948","3.144532","942","3.140828","921","3.140664","946","3.14078","950","3.139516","949","3.140216","942","3.142064","943","3.144724","950","3.141896","944","3.141572","943","3.142628","943","3.144028","919","3.140696","950","3.142832","919","3.142584","946","3.140732","942","3.141056","951","3.143352","948","3.142756","912","3.140264","949","3.143712","948","3.139792","918","3.140468","917","3.14314","942","3.142832","946","3.140872","950","3.142888","949","3.142236","931","3.139092","935","3.139608","935","3.141264","934","3.138728","936","3.143976","927","3.14408","929","3.142912","928","3.140468","931","3.140776","918","3.14298","921","3.140924","919","3.142808","918","3.143372","918","3.143288","919","3.139008","913","3.139856","914","3.1395","919","3.1387","917","3.14446","913","3.141576","920","3.1424","920","3.140388","919","3.144564","921","3.138832","914","3.1396","921","3.142252","921","3.141612","920","3.140832","921","3.144312","918","3.138068","919","3.140752","915","3.140624","917","3.140544","918","3.139528","918","3.141507559999998","919","952"
"55","3.140252","219","3.143092","917","3.140904","942","3.143856","942","3.143932","911","3.143152","920","3.141404","912","3.142976","921","3.142928","942","3.1414","942","3.13982","921","3.139424","920","3.142404","920","3.140864","920","3.141508","942","3.140336","942","3.141272","912","3.142008","906","3.138332","938","3.141064","938","3.142052","907","3.142616","907","3.1404","938","3.141808","917","3.141316","916","3.14334","938","3.139104","938","3.143276","913","3.141352","917","3.145024","938","3.14006","916","3.139464","938","3.1452","909","3.144024","938","3.141888","938","3.140996","938","3.144084","938","3.142644","938","3.141556","938","3.142584","901","3.142796","880","3.142836","880","3.141084","901","3.141656","901","3.143056","901","3.142584","901","3.14396","901","3.140304","879","3.140852","898","3.13946","898","3.14092","898","3.141288","876","3.141996","898","3.139376","877","3.141732","892","3.139264","882","3.141408","882","3.139976","882","3.140348","879","3.140364","879","3.1425","880","3.1424","878","3.14272","872","3.140336","869","3.142752","869","3.144032","865","3.141604","864","3.14364","863","3.142952","865","3.140412","865","3.140244","864","3.142024","864","3.141644","863","3.141832","863","3.141","864","3.140556","864","3.143704","864","3.14454","865","3.142172","865","3.14062","864","3.141636","863","3.141284","864","3.143524","862","3.139912","864","3.139828","865","3.141504","863","3.140656","865","3.144992","863","3.139012","863","3.140072","864","3.141768","864","3.141436","861","3.141036","861","3.138368","861","3.141264","861","3.143292","861","3.142812","861","3.140492","860","3.141644","860","3.143696","861","3.1416888799999994","887","945"
"56","3.1403","176","3.14142","451","3.139956","963","3.139112","963","3.14376","962","3.139736","938","3.13914","963","3.139808","939","3.142892","963","3.142824","963","3.141404","963","3.138624","963","3.139072","963","3.139444","963","3.14284","963","3.137348","963","3.141644","963","3.143172","962","3.142916","963","3.141792","956","3.140836","957","3.142316","957","3.143464","956","3.139604","957","3.140936","956","3.145748","933","3.142932","931","3.142736","957","3.142708","957","3.140308","956","3.139496","956","3.140192","957","3.142232","957","3.144376","957","3.144836","956","3.144228","956","3.142848","957","3.142976","931","3.142168","957","3.142832","957","3.143848","957","3.142128","956","3.14374","956","3.143764","956","3.139916","930","3.139752","923","3.14472","956","3.138844","956","3.140272","957","3.141676","930","3.140392","957","3.141308","924","3.142696","956","3.141452","956","3.138516","956","3.14012","919","3.139624","956","3.141456","956","3.141404","956","3.140384","957","3.1408","956","3.144248","956","3.142144","931","3.142044","923","3.144336","922","3.141076","890","3.143092","888","3.143648","888","3.140208","881","3.141412","886","3.139448","885","3.141732","879","3.141772","883","3.14268","883","3.140196","883","3.137868","883","3.144128","885","3.139108","883","3.143436","883","3.141428","885","3.1393","883","3.14458","883","3.143836","883","3.140012","883","3.143092","883","3.14028","883","3.139492","883","3.137864","883","3.14346","883","3.14034","883","3.140524","874","3.142324","876","3.14274","869","3.14254","870","3.138536","871","3.139736","859","3.14086","854","3.141632","858","3.139868","858","3.141444","858","3.1414825200000007","913","971"
"57","3.142052","604","3.142856","533","3.142912","558","3.143336","868","3.141484","888","3.138484","863","3.14212","868","3.140732","888","3.14248","863","3.142556","860","3.140668","867","3.138888","860","3.14074","883","3.142744","884","3.142576","864","3.142948","884","3.141984","884","3.138716","883","3.142036","863","3.141152","859","3.141064","863","3.140432","883","3.14194","869","3.141572","870","3.142036","869","3.14322","869","3.142808","869","3.141088","869","3.14228","869","3.141828","869","3.14128","842","3.141252","869","3.14304","869","3.1436","845","3.144236","867","3.140676","867","3.141076","867","3.139956","867","3.143964","866","3.141408","839","3.143592","867","3.14238","866","3.143216","838","3.138896","866","3.14152","866","3.141788","866","3.14172","866","3.139604","820","3.140616","843","3.140452","843","3.142024","843","3.142208","843","3.142736","843","3.13908","843","3.142504","843","3.142272","811","3.141708","838","3.139304","839","3.140536","839","3.14342","838","3.140864","815","3.143528","838","3.142188","897","3.140236","879","3.139948","879","3.141428","837","3.140784","897","3.139924","877","3.140124","833","3.140284","879","3.137516","809","3.14188","872","3.140592","893","3.14022","893","3.140548","893","3.141724","893","3.138396","893","3.1399","893","3.139764","893","3.141728","876","3.142896","874","3.14234","893","3.141308","893","3.142528","871","3.144184","871","3.142596","817","3.141048","816","3.14356","817","3.145096","799","3.141184","817","3.141836","817","3.142356","816","3.14114","816","3.141824","817","3.13864","817","3.14138","817","3.142812","817","3.14174","816","3.140644","816","3.141632","817","3.1415211600000017","848","957"
"58","3.139968","652","3.138828","652","3.139944","958","3.143656","816","3.140696","953","3.142688","957","3.139624","952","3.143108","855","3.141464","816","3.138988","958","3.1453","953","3.142788","954","3.143148","957","3.138672","957","3.14192","958","3.142528","730","3.145892","957","3.143968","957","3.141236","952","3.14014","855","3.142304","958","3.141384","856","3.137464","951","3.142276","951","3.140704","952","3.141628","952","3.144316","950","3.139496","943","3.140924","953","3.1395","953","3.142504","946","3.143148","950","3.142012","946","3.141612","950","3.142448","950","3.142188","949","3.141352","953","3.141504","951","3.138884","951","3.141164","950","3.14032","885","3.144148","949","3.14138","944","3.141684","947","3.143556","944","3.140696","948","3.141516","951","3.142488","944","3.139816","945","3.14294","939","3.13998","939","3.140788","942","3.141112","904","3.138524","933","3.140708","937","3.145196","948","3.141316","942","3.14212","948","3.139132","938","3.140744","939","3.140264","939","3.141912","949","3.141952","946","3.140916","941","3.140568","904","3.1387","941","3.14116","938","3.141388","938","3.143052","937","3.14302","938","3.1454","919","3.143632","920","3.142","938","3.140832","917","3.142708","920","3.141444","921","3.141248","919","3.14384","937","3.139184","937","3.142792","938","3.141908","920","3.142116","937","3.139292","938","3.14146","921","3.141796","916","3.138572","938","3.141932","919","3.14208","936","3.1416","936","3.14206","926","3.143","926","3.141216","907","3.138384","925","3.139088","925","3.139812","923","3.143576","923","3.141716","914","3.141056","914","3.138764","914","3.14482","895","3.1414979199999986","925","986"
"59","3.142076","211","3.142168","586","3.141056","934","3.140176","917","3.140176","933","3.142464","719","3.140764","933","3.141072","933","3.1397","933","3.139664","933","3.141848","933","3.1422","927","3.141332","719","3.13938","768","3.14218","934","3.141336","932","3.143556","767","3.14148","679","3.137928","933","3.140336","933","3.139628","916","3.14556","917","3.14272","924","3.140396","739","3.141236","716","3.141456","931","3.140716","909","3.14114","899","3.14094","889","3.141368","895","3.14232","901","3.144052","901","3.139852","895","3.14082","895","3.141088","901","3.142512","889","3.143512","895","3.14076","889","3.139504","879","3.140856","895","3.141404","895","3.141296","889","3.141572","889","3.141004","884","3.142176","879","3.143448","885","3.141316","879","3.141328","886","3.1408","869","3.143964","902","3.14544","882","3.143612","881","3.139516","902","3.142212","866","3.143876","882","3.141936","876","3.142712","882","3.139552","882","3.141228","882","3.138928","882","3.143316","876","3.142084","875","3.141328","876","3.140044","882","3.14044","882","3.142312","865","3.143176","881","3.140484","868","3.14344","868","3.143596","880","3.139548","884","3.142216","883","3.140664","883","3.140556","880","3.142984","883","3.143304","881","3.143088","883","3.140528","880","3.137128","881","3.140556","883","3.142112","882","3.140904","882","3.142576","883","3.140076","880","3.141368","880","3.141056","882","3.144488","880","3.139644","884","3.14052","884","3.142568","882","3.139956","883","3.140092","881","3.141504","882","3.142836","882","3.139616","881","3.145852","883","3.14254","883","3.1416","869","3.139364","872","3.141684","872","3.1414979599999993","870","960"
"60","3.143572","965","3.144064","965","3.142632","964","3.142956","931","3.142536","965","3.140764","965","3.138024","964","3.142292","964","3.140576","942","3.139712","964","3.14088","965","3.142136","965","3.139652","965","3.14152","930","3.141568","936","3.144152","965","3.1396","965","3.141212","965","3.14098","965","3.143288","965","3.14484","940","3.141364","965","3.14","965","3.141764","965","3.14166","965","3.138316","965","3.144656","965","3.141568","965","3.1392","964","3.145556","943","3.140584","965","3.14154","964","3.142492","964","3.139196","964","3.137556","943","3.141104","965","3.143824","964","3.140108","964","3.142248","964","3.140164","965","3.144328","964","3.142908","965","3.143388","936","3.143128","922","3.140368","964","3.139056","964","3.142404","965","3.14108","964","3.141636","965","3.14082","965","3.141424","964","3.1421","964","3.142192","942","3.140956","964","3.140576","964","3.142004","938","3.138712","930","3.14382","936","3.139196","958","3.141648","959","3.139524","958","3.142528","959","3.144704","959","3.14374","958","3.141612","958","3.143876","959","3.143328","959","3.139684","959","3.142084","959","3.14314","958","3.141072","959","3.142052","958","3.142832","956","3.139932","956","3.141084","955","3.143772","955","3.1398","956","3.141628","955","3.141028","955","3.1432","928","3.143712","955","3.141268","956","3.144404","956","3.141232","956","3.142076","956","3.144348","955","3.143036","955","3.142492","956","3.14298","956","3.140452","954","3.141168","954","3.142848","931","3.140144","954","3.142988","954","3.143744","954","3.14438","954","3.142748","953","3.142108","954","3.140344","953","3.143884","954","3.1418257600000006","956","965"
"61","3.145372","295","3.14548","747","3.141756","747","3.139192","753","3.139452","747","3.141064","753","3.140144","748","3.140116","753","3.14288","748","3.142272","748","3.139364","747","3.139888","747","3.14324","747","3.142712","683","3.144404","723","3.142596","748","3.141612","747","3.138956","747","3.140752","934","3.141356","793","3.14262","958","3.140644","793","3.139468","752","3.139756","822","3.140156","822","3.14154","822","3.139324","782","3.143096","716","3.141752","793","3.139948","752","3.138568","822","3.140472","809","3.141492","944","3.143468","944","3.14248","922","3.142316","945","3.14324","881","3.141976","920","3.142464","895","3.142524","918","3.14512","881","3.142856","918","3.143564","897","3.142804","919","3.141588","897","3.13994","918","3.142124","918","3.145036","895","3.141904","917","3.1383","917","3.143272","888","3.143372","895","3.143088","917","3.143992","894","3.142528","916","3.142716","894","3.1407","917","3.140832","886","3.142584","915","3.140944","893","3.142992","915","3.14152","915","3.139708","916","3.14136","916","3.1419","916","3.143384","916","3.141008","893","3.14166","907","3.141852","908","3.142284","907","3.143616","907","3.139504","907","3.142568","876","3.142224","907","3.142248","907","3.143184","907","3.140216","907","3.143344","905","3.141376","905","3.142564","903","3.145036","904","3.141604","904","3.143056","904","3.142396","904","3.139156","903","3.143256","904","3.142148","904","3.142776","904","3.14306","877","3.142088","904","3.136644","904","3.14008","904","3.13928","904","3.141504","882","3.141828","882","3.142052","881","3.141868","882","3.14218","882","3.142072","882","3.143788","882","3.1418155999999997","857","991"
"62","3.142796","99","3.14148","923","3.14166","928","3.142668","925","3.141652","924","3.139604","928","3.14044","898","3.139672","929","3.141852","902","3.138712","930","3.14134","925","3.142172","928","3.142232","926","3.139164","932","3.138416","924","3.144304","932","3.140452","926","3.14264","927","3.141048","889","3.139724","867","3.141992","932","3.141508","923","3.140332","900","3.142184","931","3.140564","930","3.14054","928","3.141084","931","3.140688","930","3.140572","928","3.141872","923","3.143268","927","3.143616","931","3.143152","927","3.141144","922","3.142032","925","3.142204","927","3.137424","925","3.141688","928","3.141884","924","3.144348","930","3.140908","926","3.138456","890","3.141416","925","3.143056","930","3.141484","929","3.140688","923","3.141868","926","3.138124","921","3.14048","930","3.139508","920","3.141204","924","3.13984","920","3.143532","923","3.140188","922","3.140652","921","3.14122","921","3.141724","929","3.141208","925","3.141156","926","3.142888","928","3.141904","924","3.14246","927","3.140576","927","3.140544","926","3.14222","925","3.14234","929","3.142148","925","3.141468","921","3.141568","928","3.142544","926","3.136808","923","3.141308","921","3.14286","920","3.140008","921","3.140172","914","3.143608","921","3.142424","918","3.142732","914","3.14126","921","3.145344","889","3.140436","921","3.142588","918","3.139256","919","3.140372","916","3.142936","919","3.141208","915","3.139372","918","3.141228","886","3.141804","915","3.141184","822","3.142672","822","3.14336","822","3.139688","820","3.143216","821","3.141732","822","3.14162","820","3.141888","822","3.137632","822","3.139936","822","3.139336","820","3.141294839999999","902","934"
"63","3.139244","484","3.141364","873","3.141508","631","3.142824","724","3.143192","930","3.13958","805","3.144548","750","3.143872","783","3.14048","930","3.141424","873","3.141604","879","3.140812","953","3.142348","923","3.140264","952","3.141536","914","3.140404","920","3.139116","952","3.14246","914","3.13852","952","3.139832","914","3.140768","953","3.14456","952","3.142468","922","3.141084","922","3.145312","953","3.143884","953","3.141152","892","3.140708","952","3.143516","953","3.143656","953","3.138352","952","3.140528","953","3.141872","920","3.137392","953","3.142324","914","3.14446","952","3.138504","915","3.140252","952","3.140024","921","3.140156","952","3.1424","952","3.14236","921","3.138736","920","3.142424","923","3.139448","952","3.142256","953","3.142932","915","3.144084","914","3.14416","914","3.141712","953","3.140584","952","3.141992","915","3.140776","923","3.141468","952","3.137104","953","3.140452","947","3.14494","942","3.142808","943","3.141888","943","3.139984","943","3.13986","942","3.141072","946","3.14352","909","3.141192","942","3.144188","947","3.14418","944","3.142916","943","3.145088","942","3.142616","945","3.141336","943","3.141784","919","3.143156","946","3.139804","943","3.141428","947","3.141804","942","3.141708","947","3.139372","942","3.14232","946","3.142","918","3.143248","947","3.147352","946","3.139212","942","3.139844","942","3.140428","947","3.142676","946","3.142144","943","3.141436","943","3.143928","942","3.143704","934","3.143552","938","3.141212","936","3.14442","926","3.141916","908","3.141432","906","3.141856","895","3.140164","893","3.143196","891","3.143612","894","3.14066","894","3.14018","895","3.1417392800000004","918","1006"
"64","3.144184","243","3.142784","962","3.143544","929","3.139952","959","3.139112","959","3.140596","962","3.142392","962","3.141792","962","3.139704","917","3.141548","934","3.142164","932","3.142364","932","3.140944","962","3.140656","962","3.14156","963","3.14228","961","3.144028","961","3.140632","963","3.140432","958","3.142896","967","3.143092","963","3.140544","931","3.143564","958","3.141348","963","3.142556","959","3.140504","958","3.142588","961","3.140808","957","3.1445","957","3.140576","962","3.142544","963","3.143836","964","3.138156","962","3.142328","959","3.141996","961","3.143408","955","3.141984","963","3.143532","962","3.141192","921","3.143","962","3.142752","956","3.144056","956","3.139516","961","3.142744","958","3.140328","960","3.142788","962","3.141792","953","3.141772","958","3.139284","962","3.144572","960","3.141752","953","3.141528","962","3.139748","960","3.141236","953","3.139316","960","3.139488","962","3.14102","959","3.14158","958","3.1424","961","3.14078","961","3.143772","958","3.1435","961","3.14192","955","3.140736","958","3.140764","957","3.142948","951","3.13682","956","3.139468","961","3.143244","957","3.141256","960","3.138716","952","3.1398","962","3.145556","959","3.138632","961","3.142428","959","3.143284","952","3.14468","951","3.138488","958","3.141968","961","3.139932","958","3.144212","953","3.143844","952","3.145608","958","3.1413","962","3.14336","959","3.14052","958","3.143396","956","3.141968","955","3.140784","960","3.14092","961","3.140624","959","3.141268","960","3.144","927","3.1405","959","3.139248","961","3.14284","959","3.144636","955","3.143812","958","3.143352","955","3.141628","951","3.1417980399999994","949","969"
"65","3.143024","86","3.140412","423","3.140476","446","3.140316","446","3.145348","446","3.140616","404","3.140508","555","3.144696","555","3.14226","397","3.142292","899","3.14244","843","3.14256","802","3.143596","868","3.140984","804","3.142836","836","3.143","844","3.140628","871","3.140684","934","3.141064","867","3.141908","867","3.144068","802","3.139716","801","3.143188","875","3.144484","899","3.142056","842","3.142072","899","3.138444","802","3.139304","802","3.140212","802","3.142636","844","3.14126","837","3.142144","899","3.144136","898","3.146628","801","3.144436","867","3.141936","898","3.14022","898","3.142204","898","3.144124","835","3.14104","898","3.141132","823","3.14018","886","3.140584","885","3.142276","862","3.142384","921","3.143768","862","3.14108","886","3.138112","831","3.14324","886","3.144852","884","3.139676","924","3.141284","885","3.138696","886","3.140308","854","3.138704","822","3.141432","885","3.140972","891","3.142876","888","3.142216","885","3.141504","884","3.143184","886","3.139672","888","3.14126","888","3.141792","886","3.140956","889","3.139868","884","3.141596","891","3.140348","886","3.140904","889","3.140948","889","3.140216","890","3.142092","891","3.140816","889","3.140044","859","3.141036","859","3.144148","847","3.14514","849","3.139804","848","3.140288","845","3.14256","848","3.142132","843","3.14038","845","3.141648","848","3.139104","848","3.143008","845","3.14216","849","3.141888","848","3.14328","837","3.14258","833","3.14252","836","3.138528","833","3.14136","837","3.142996","837","3.14174","831","3.13982","834","3.140416","834","3.142196","828","3.143972","833","3.139424","835","3.141012","834","3.1416606800000006","820","948"
"66","3.14224","310","3.138936","400","3.142112","372","3.141848","828","3.139456","1021","3.143848","988","3.13618","992","3.142092","1004","3.140616","995","3.141768","1021","3.140812","1021","3.1387","1002","3.141632","962","3.141692","989","3.142144","1003","3.145484","994","3.140432","1021","3.142712","999","3.1413","999","3.14318","991","3.140032","989","3.143156","990","3.141528","1021","3.142996","992","3.139004","998","3.145636","988","3.140616","998","3.143064","1021","3.141632","998","3.140724","999","3.141068","988","3.13876","990","3.142064","990","3.141632","960","3.140856","995","3.140944","990","3.142212","988","3.142156","989","3.137864","988","3.141596","991","3.14126","994","3.141676","1021","3.143312","995","3.140624","1021","3.140116","1020","3.144464","1003","3.140216","1021","3.14258","991","3.1367","998","3.141328","1020","3.13984","989","3.141296","1020","3.13874","989","3.141824","1002","3.14242","988","3.141804","991","3.13936","993","3.140964","995","3.143256","989","3.142532","992","3.144052","1021","3.140708","998","3.142228","992","3.138632","1020","3.140264","992","3.141472","1002","3.144392","1020","3.141144","998","3.143064","1014","3.138892","956","3.140576","989","3.144776","976","3.142396","975","3.14424","991","3.144076","1008","3.14412","976","3.140896","990","3.139232","1008","3.141972","982","3.141668","1008","3.141044","979","3.140396","961","3.141724","962","3.1436","979","3.143476","970","3.141044","970","3.142636","970","3.142604","970","3.140656","970","3.143236","970","3.143664","952","3.140648","970","3.140484","970","3.1423","970","3.142744","970","3.138652","970","3.140764","970","3.141576","970","3.142896","970","3.141664","970","3.14153644","971","1025"
"67","3.140084","234","3.139592","991","3.138568","991","3.140764","955","3.142796","991","3.14432","919","3.142632","970","3.139512","919","3.141292","969","3.142152","969","3.14108","965","3.1417","955","3.140672","835","3.141104","966","3.142628","991","3.141192","988","3.143196","987","3.141236","966","3.142592","988","3.141708","951","3.142136","987","3.143284","962","3.143192","963","3.138636","988","3.140596","987","3.143388","951","3.141064","962","3.1397","984","3.142296","983","3.14242","952","3.140636","983","3.141064","983","3.14026","983","3.14146","983","3.140372","961","3.142368","984","3.140248","973","3.139344","975","3.142008","974","3.142412","974","3.14236","973","3.146344","949","3.14058","975","3.142284","975","3.143088","975","3.141196","976","3.139688","974","3.140512","975","3.143888","974","3.141504","974","3.137576","974","3.144344","975","3.141188","974","3.139892","975","3.1424","975","3.140644","974","3.141228","974","3.1419","975","3.140168","974","3.143168","974","3.14178","973","3.141204","974","3.140604","974","3.142996","975","3.137904","975","3.14194","953","3.140072","953","3.141896","974","3.142452","975","3.140036","974","3.140456","974","3.143116","975","3.141932","975","3.14126","973","3.145456","973","3.141328","974","3.141876","970","3.140852","969","3.14122","968","3.141904","970","3.14008","970","3.141464","949","3.14288","969","3.143408","970","3.141332","969","3.141092","970","3.14182","969","3.142532","970","3.141396","969","3.140376","969","3.145344","970","3.144064","969","3.140476","968","3.143436","969","3.144264","970","3.13884","970","3.14086","970","3.142492","933","3.140612","968","3.141748","970","3.1415845600000005","962","994"
"68","3.141352","47","3.139452","1020","3.14408","984","3.138884","998","3.141628","992","3.14006","1020","3.143416","998","3.142116","1020","3.140448","992","3.140544","947","3.14174","1000","3.141328","992","3.140236","1020","3.141796","1021","3.144064","1020","3.14284","999","3.141692","988","3.142676","1020","3.1428","997","3.140728","989","3.138572","1020","3.139412","1020","3.141744","1021","3.140452","1020","3.139672","1020","3.140868","1020","3.143476","1020","3.139368","1020","3.14298","1020","3.142196","997","3.142492","998","3.140816","1020","3.141232","1019","3.140696","1020","3.141628","994","3.14162","1020","3.141224","991","3.145804","1020","3.141496","1020","3.142744","989","3.142188","1020","3.141148","1020","3.141864","1020","3.140088","1019","3.141528","982","3.142684","1020","3.140728","999","3.139364","988","3.14182","1020","3.140156","1019","3.138892","1019","3.141872","1019","3.141868","998","3.143972","1015","3.143188","1015","3.14158","981","3.142372","1015","3.145292","1014","3.141168","992","3.141824","1015","3.140852","1015","3.139404","993","3.143284","992","3.143892","1015","3.139944","982","3.14212","1015","3.142288","1015","3.140896","1015","3.14022","1015","3.144104","994","3.140076","968","3.142328","997","3.139592","975","3.1407","998","3.139572","960","3.141852","977","3.13984","997","3.139128","997","3.14182","997","3.141216","997","3.142188","977","3.139648","969","3.14284","997","3.14192","997","3.13814","998","3.141628","998","3.142444","997","3.14494","997","3.140964","998","3.142572","998","3.144756","997","3.143196","998","3.139268","998","3.140144","998","3.139744","998","3.14042","969","3.14268","997","3.139896","997","3.142452","997","3.144468","966","3.1415140400000006","992","1022"
"69","3.140848","490","3.14098","1011","3.141876","1011","3.14242","1011","3.142652","1011","3.140792","973","3.140848","1007","3.140684","1007","3.143436","1011","3.13868","973","3.13964","973","3.143304","1011","3.1439","941","3.141156","975","3.141236","1011","3.143476","1071","3.143236","1071","3.140728","1106","3.13928","1074","3.141668","1071","3.138572","1042","3.144704","1106","3.142432","1106","3.140004","1051","3.141452","1106","3.141628","1071","3.13974","1074","3.140252","1050","3.142164","1039","3.141464","1043","3.140684","1050","3.138896","1070","3.141332","1106","3.140808","1041","3.139548","1070","3.139632","1106","3.139748","1041","3.142572","1105","3.138716","1076","3.146468","1075","3.139324","1050","3.141224","1071","3.142636","1043","3.140532","1062","3.140268","1067","3.139424","1063","3.144484","1064","3.138832","1074","3.142372","1095","3.143144","1059","3.139808","1094","3.140668","1061","3.142372","1059","3.141036","1094","3.141524","1067","3.1442","1094","3.14126","1094","3.139372","1074","3.1458","1065","3.141436","1065","3.140932","1095","3.141304","1094","3.141148","1061","3.140196","1067","3.14236","1066","3.142692","1048","3.141452","1048","3.143504","1048","3.143248","1048","3.14112","1047","3.139632","1048","3.143816","1048","3.139204","1048","3.1421","1048","3.143804","1048","3.142048","1047","3.139112","1048","3.140976","1048","3.142316","1048","3.140324","1048","3.139416","1047","3.140692","1048","3.139864","1048","3.14292","1047","3.142188","1048","3.140392","1048","3.137476","1048","3.138764","1048","3.139252","1048","3.142748","1047","3.142316","1047","3.14234","1048","3.138936","1048","3.138172","1047","3.139484","1048","3.138688","1048","3.13912","1047","3.145088","1048","3.13948","1047","3.14292","1047","3.1412291599999986","1047","1112"
"70","3.140536","461","3.138924","741","3.143052","732","3.141976","740","3.140928","738","3.14424","739","3.140512","584","3.143252","729","3.140592","737","3.140424","729","3.14212","738","3.140732","698","3.14234","730","3.13968","730","3.138168","730","3.141056","1010","3.141896","1036","3.14164","1037","3.142008","1011","3.142264","1037","3.141052","1036","3.144376","1037","3.142116","1036","3.142996","960","3.140244","1037","3.1447","1037","3.143288","1037","3.141268","1036","3.14042","1036","3.142208","1037","3.141084","1037","3.141928","1036","3.138664","899","3.142564","1009","3.140124","1036","3.141332","1011","3.140424","1036","3.140772","1036","3.13964","1011","3.13774","961","3.143212","1036","3.142396","1036","3.143292","1009","3.142236","1011","3.14194","1023","3.140648","943","3.13894","1023","3.143","1022","3.142652","997","3.143564","1017","3.141512","1017","3.140988","990","3.143312","1013","3.141152","1012","3.142444","1012","3.143532","943","3.14118","1012","3.143728","972","3.13922","1012","3.140596","1011","3.140608","1012","3.139812","943","3.139384","1012","3.142168","1011","3.138544","989","3.142608","989","3.141816","989","3.142804","989","3.142512","989","3.142124","988","3.14112","989","3.142436","989","3.14434","988","3.144124","989","3.141944","989","3.14116","988","3.14072","989","3.140264","988","3.145032","988","3.144216","989","3.141956","974","3.13876","972","3.141204","973","3.141392","973","3.141592","973","3.144124","973","3.143248","972","3.14394","973","3.14196","973","3.142452","971","3.14446","972","3.144108","972","3.141728","973","3.137792","973","3.140752","972","3.141292","972","3.140904","971","3.14406","972","3.1434","973","3.140124","973","3.1416980799999994","954","1056"
"71","3.138556","561","3.141308","561","3.143764","686","3.143852","612","3.14296","612","3.143296","905","3.14282","905","3.140848","878","3.140048","906","3.141664","877","3.138768","876","3.1399","878","3.140428","906","3.140392","905","3.141576","870","3.139996","906","3.140572","877","3.14242","878","3.142508","905","3.14358","878","3.137728","905","3.141192","867","3.139836","905","3.139596","870","3.140284","878","3.141016","878","3.14348","905","3.139652","905","3.14198","876","3.141624","905","3.139556","870","3.14338","905","3.139228","905","3.138956","905","3.139364","905","3.141232","877","3.141224","905","3.143144","905","3.14092","878","3.143504","905","3.143636","905","3.143152","899","3.141636","861","3.141532","861","3.142324","956","3.14188","934","3.143444","924","3.142204","956","3.142388","935","3.141136","956","3.14286","902","3.142928","934","3.144936","956","3.143632","924","3.142616","934","3.14224","956","3.141684","924","3.143012","924","3.143392","933","3.144508","956","3.141972","898","3.143212","924","3.140496","934","3.141292","934","3.14078","946","3.142084","945","3.139256","946","3.141524","923","3.143108","945","3.144208","945","3.142272","926","3.14012","945","3.144032","878","3.140176","878","3.13856","859","3.139316","877","3.14092","875","3.14054","875","3.14272","875","3.143888","874","3.140488","875","3.143228","874","3.142856","875","3.144228","874","3.143176","874","3.141708","875","3.145396","874","3.142384","874","3.140808","874","3.14114","875","3.142036","875","3.141036","865","3.144344","862","3.143272","863","3.139616","863","3.143724","863","3.1393","851","3.141432","850","3.141664","846","3.139328","846","3.1417293199999996","882","1008"
"72","3.14468","357","3.141992","733","3.141644","767","3.142872","767","3.142536","767","3.139612","733","3.141324","767","3.142856","763","3.140632","728","3.142932","761","3.143972","761","3.142376","761","3.143544","737","3.138464","761","3.14186","761","3.14112","761","3.141904","761","3.141228","761","3.14022","761","3.144468","698","3.141472","757","3.140932","725","3.14008","714","3.141492","748","3.140332","968","3.142052","976","3.139412","972","3.142852","968","3.139372","969","3.14104","973","3.140736","973","3.141784","968","3.14002","966","3.14118","971","3.13912","968","3.138488","968","3.141372","968","3.139576","970","3.141364","975","3.141784","973","3.142428","971","3.141564","966","3.139648","974","3.140572","970","3.142176","966","3.141696","968","3.13978","974","3.1402","975","3.142184","975","3.142608","966","3.143732","975","3.143508","968","3.141316","976","3.141756","971","3.142836","967","3.146088","973","3.142272","975","3.140308","969","3.14112","972","3.142764","972","3.141224","965","3.141496","968","3.141328","975","3.140852","976","3.14238","969","3.14212","976","3.141612","972","3.142424","972","3.140556","974","3.145824","966","3.140932","974","3.141464","970","3.142008","974","3.140748","973","3.140736","974","3.14128","974","3.143428","973","3.139892","970","3.14058","965","3.140352","973","3.143276","970","3.142392","965","3.140264","974","3.140964","975","3.141636","974","3.142976","975","3.14128","968","3.138268","969","3.142916","971","3.141932","971","3.141296","967","3.142136","971","3.140144","974","3.142792","964","3.140612","971","3.141828","973","3.141312","966","3.139368","967","3.14126","971","3.139504","970","3.1415064399999983","913","1001"
"73","3.14316","34","3.141528","401","3.138568","401","3.140112","374","3.140424","374","3.141244","401","3.140544","812","3.140208","815","3.14034","812","3.14432","818","3.143136","818","3.14218","815","3.14026","812","3.142552","756","3.14212","776","3.140696","818","3.14288","818","3.14306","798","3.14154","798","3.141764","796","3.14058","796","3.1421","786","3.142968","779","3.139708","773","3.143436","779","3.14048","779","3.14154","887","3.141632","891","3.144284","877","3.14236","911","3.142712","912","3.1411","892","3.14114","913","3.141048","911","3.140932","846","3.141688","876","3.143272","913","3.142036","913","3.142672","881","3.141624","911","3.140788","883","3.1401","911","3.143024","879","3.144504","913","3.140484","911","3.142928","912","3.142012","912","3.142412","911","3.141496","891","3.142288","911","3.141468","891","3.137712","910","3.143052","876","3.139496","911","3.1415","892","3.14198","911","3.140548","911","3.140432","876","3.141608","910","3.142664","880","3.142672","910","3.138496","912","3.141612","877","3.139884","911","3.141492","912","3.140628","910","3.14054","898","3.139452","897","3.142596","898","3.13964","897","3.141804","898","3.14274","899","3.139632","897","3.13944","900","3.142572","892","3.140864","891","3.142564","890","3.142084","890","3.139752","891","3.141904","883","3.140404","884","3.1399","881","3.140672","882","3.142408","881","3.142864","883","3.143228","884","3.14384","881","3.144004","881","3.140904","882","3.144188","882","3.143792","881","3.140032","883","3.141108","883","3.14442","883","3.142936","883","3.14162","882","3.141256","883","3.142012","882","3.141352","883","3.14206","881","3.14161812","840","965"
"74","3.142456","299","3.141188","702","3.140932","637","3.145388","702","3.14394","702","3.141304","702","3.14208","698","3.14412","702","3.143168","699","3.140456","699","3.138416","698","3.140772","699","3.141388","686","3.14052","689","3.1404","686","3.142068","686","3.146232","683","3.14086","682","3.140948","685","3.141432","683","3.140256","684","3.142048","683","3.140356","683","3.141804","683","3.137004","683","3.141928","789","3.1415","810","3.142704","818","3.143176","788","3.141036","923","3.141112","816","3.1426","928","3.141472","773","3.143808","928","3.14168","812","3.141452","928","3.139392","924","3.142572","843","3.14816","917","3.1408","917","3.139812","918","3.139752","899","3.141908","898","3.139972","898","3.140388","902","3.143888","852","3.141828","898","3.140712","850","3.14142","850","3.139944","898","3.142676","850","3.141604","850","3.14318","898","3.13816","897","3.144196","826","3.142268","850","3.141264","850","3.143048","850","3.141272","876","3.143188","877","3.143696","877","3.141388","841","3.139128","880","3.140108","903","3.14512","903","3.14244","903","3.140376","881","3.143556","904","3.143328","882","3.14062","904","3.140172","904","3.142068","876","3.140412","904","3.142112","903","3.143636","904","3.141624","904","3.142408","903","3.142824","903","3.141884","903","3.142308","904","3.142932","898","3.140948","886","3.1416","885","3.138064","885","3.142228","884","3.144012","885","3.139812","884","3.142604","884","3.143272","884","3.140576","878","3.139268","877","3.140512","877","3.141764","875","3.141048","875","3.139204","875","3.142808","874","3.13892","875","3.139756","874","3.142836","874","3.142112","874","3.1416689199999994","827","981"
"75","3.141436","270","3.141752","480","3.140592","480","3.142352","480","3.142772","480","3.140336","480","3.141232","480","3.139988","947","3.139076","947","3.137992","947","3.139548","944","3.142788","947","3.141288","935","3.142508","935","3.14186","935","3.142192","938","3.142772","938","3.140608","936","3.14262","938","3.142848","929","3.144628","928","3.140108","928","3.142816","925","3.141736","928","3.142176","925","3.143568","896","3.142752","928","3.1426","924","3.142852","925","3.1428","928","3.143124","925","3.139584","926","3.13966","926","3.142188","926","3.143568","926","3.14058","923","3.140512","915","3.139996","916","3.139524","915","3.138664","915","3.141784","916","3.140752","916","3.140904","915","3.14236","912","3.139916","915","3.140688","915","3.142572","915","3.143976","909","3.141468","909","3.14482","900","3.140896","900","3.141244","900","3.142832","900","3.13984","900","3.14298","900","3.142988","890","3.143292","890","3.144496","894","3.141088","890","3.141804","894","3.1429","894","3.14072","894","3.139808","894","3.14116","894","3.14168","894","3.141408","890","3.139604","896","3.141196","914","3.143736","896","3.141188","896","3.142452","896","3.142648","913","3.139756","889","3.141436","893","3.144208","892","3.1401","893","3.14208","886","3.144388","893","3.142164","893","3.143456","893","3.141816","883","3.141476","901","3.140964","901","3.141672","902","3.143792","898","3.139884","895","3.139468","895","3.141788","895","3.141996","895","3.139852","878","3.140432","895","3.138712","877","3.14044","895","3.141828","895","3.143716","895","3.143408","895","3.139044","894","3.143348","895","3.137744","878","3.141604","877","3.14159768","876","979"
"76","3.14212","662","3.139524","616","3.14106","546","3.139568","616","3.14126","970","3.141796","683","3.14052","639","3.141816","574","3.143608","591","3.14184","969","3.140596","546","3.139188","967","3.141424","636","3.1394","966","3.137828","960","3.138964","960","3.144016","748","3.142764","960","3.139088","960","3.142664","769","3.13978","942","3.141488","812","3.140864","942","3.14028","942","3.143056","791","3.144028","786","3.144112","942","3.141384","942","3.14474","942","3.142284","941","3.14278","931","3.141236","931","3.142184","841","3.144032","930","3.144464","931","3.145748","930","3.1418","930","3.140276","837","3.141724","930","3.139032","930","3.14128","932","3.139168","931","3.14254","930","3.14214","924","3.144932","927","3.139472","920","3.1433","932","3.145816","932","3.143324","929","3.144412","921","3.13524","932","3.142244","930","3.140064","929","3.141276","930","3.140444","932","3.13826","932","3.142156","931","3.141456","926","3.142972","930","3.141056","929","3.144012","932","3.143072","932","3.14208","921","3.1425","932","3.141388","928","3.14246","927","3.138832","931","3.142348","931","3.138096","927","3.143556","930","3.14264","932","3.143544","923","3.1411","929","3.140536","924","3.140872","927","3.142272","928","3.142732","928","3.1406","930","3.143484","932","3.144508","928","3.143212","932","3.143128","931","3.141096","922","3.141476","929","3.142284","931","3.140216","920","3.14056","927","3.142316","928","3.139424","932","3.139884","927","3.140916","930","3.144232","922","3.142184","932","3.141836","931","3.145032","924","3.142248","925","3.14594","924","3.142556","926","3.14264","927","3.143108","921","3.1418080800000006","891","982"
"77","3.141548","983","3.141828","982","3.144184","946","3.140872","983","3.142392","984","3.141016","984","3.141068","980","3.138184","980","3.139568","956","3.141628","981","3.142716","946","3.140964","980","3.141552","942","3.140796","940","3.139784","980","3.142316","944","3.138916","952","3.138856","980","3.1432","940","3.14008","984","3.14136","979","3.142936","956","3.141948","944","3.1419","980","3.140576","952","3.1448","945","3.142572","984","3.142664","980","3.143704","980","3.145504","980","3.139792","956","3.140668","985","3.142748","952","3.140208","940","3.144304","980","3.144","982","3.143208","986","3.137748","979","3.142552","958","3.141048","979","3.140844","945","3.142984","980","3.142944","980","3.141928","951","3.141128","941","3.14084","903","3.143468","984","3.14264","944","3.141236","979","3.140016","956","3.140028","940","3.142772","940","3.134632","979","3.142252","920","3.14158","979","3.142512","986","3.138976","945","3.14128","942","3.136972","985","3.14106","983","3.14334","951","3.141136","979","3.14152","984","3.141416","980","3.142576","979","3.137852","951","3.141988","984","3.144436","980","3.14284","979","3.141952","967","3.140336","968","3.142328","968","3.141672","966","3.142104","968","3.1432","966","3.141224","964","3.138656","962","3.141432","965","3.141292","968","3.143172","957","3.141568","940","3.137044","943","3.14244","940","3.140372","873","3.141368","873","3.140828","872","3.141392","873","3.141408","870","3.139912","870","3.141636","869","3.143744","873","3.142316","869","3.14178","870","3.14128","865","3.1418","868","3.140628","869","3.14084","869","3.142876","869","3.141548","870","3.14464","867","3.1414969200000007","948","986"
"78","3.140296","238","3.14288","940","3.139736","940","3.143068","939","3.1412","939","3.140604","940","3.141884","940","3.141332","940","3.13868","939","3.143768","940","3.142788","939","3.143992","939","3.14334","942","3.142568","940","3.143124","939","3.138244","905","3.140704","939","3.14038","939","3.13888","940","3.144328","940","3.140856","940","3.144412","913","3.144308","924","3.141812","922","3.1427","922","3.140828","922","3.141104","895","3.143632","895","3.142368","921","3.14018","911","3.140796","912","3.144516","911","3.144312","912","3.142","907","3.146096","907","3.142764","907","3.142892","907","3.139652","906","3.142904","803","3.139732","903","3.143604","903","3.141688","905","3.14182","905","3.14054","903","3.142172","905","3.14182","903","3.1456","905","3.141092","903","3.143412","904","3.144464","904","3.140528","905","3.143608","903","3.142804","898","3.141256","898","3.142224","898","3.139552","896","3.137864","898","3.141916","898","3.137536","896","3.139948","885","3.141844","885","3.140344","885","3.141864","882","3.142408","880","3.142404","880","3.139264","882","3.139904","889","3.14438","880","3.142572","882","3.142684","882","3.141972","880","3.13956","878","3.141224","870","3.1418","885","3.1421","884","3.143124","883","3.141068","885","3.14038","885","3.140656","884","3.141156","885","3.140964","881","3.13668","883","3.141672","906","3.13894","872","3.142604","875","3.137348","896","3.143664","876","3.141476","876","3.143856","896","3.145244","896","3.140588","896","3.137808","896","3.138744","896","3.13858","896","3.140036","872","3.143904","874","3.139972","873","3.140104","891","3.143264","891","3.139028","891","3.141582919999999","895","980"
"79","3.140688","508","3.140524","978","3.13894","717","3.1399","716","3.140308","979","3.142992","660","3.140564","979","3.140828","716","3.140192","689","3.139636","716","3.139956","978","3.140892","978","3.140292","979","3.141052","979","3.142476","979","3.141616","980","3.142196","976","3.143208","737","3.137752","978","3.143244","715","3.142648","978","3.144128","944","3.143604","724","3.141184","939","3.14146","940","3.142132","938","3.13838","939","3.137576","933","3.140568","932","3.140292","932","3.141876","931","3.139464","807","3.144156","905","3.141948","930","3.1409","930","3.143328","866","3.142372","928","3.143076","930","3.142064","906","3.144748","927","3.14148","930","3.143916","928","3.138504","928","3.139352","929","3.142604","930","3.143116","930","3.142104","930","3.143364","930","3.14194","928","3.1402","929","3.141404","930","3.14098","930","3.143076","927","3.14254","929","3.140336","929","3.14112","930","3.141688","928","3.140704","928","3.141752","930","3.143836","930","3.143896","928","3.140664","929","3.14212","905","3.143488","905","3.142096","905","3.142768","900","3.138512","900","3.141532","904","3.144384","900","3.145864","897","3.145384","904","3.143056","904","3.142368","904","3.14006","904","3.139","900","3.141696","890","3.140524","890","3.142708","885","3.140828","889","3.139592","885","3.143292","889","3.140268","886","3.138696","886","3.141652","887","3.141844","886","3.14052","883","3.141568","886","3.14154","884","3.142452","886","3.14158","886","3.137916","883","3.135532","883","3.144668","876","3.140048","876","3.141252","876","3.144672","875","3.141312","874","3.140536","875","3.14106","869","3.138628","872","3.14146752","894","989"
"80","3.141928","362","3.13968","794","3.142104","794","3.141104","688","3.143672","767","3.14316","795","3.138336","771","3.14142","762","3.14336","762","3.142852","793","3.139688","885","3.14212","926","3.142304","886","3.142452","950","3.140912","949","3.14194","923","3.1384","924","3.137388","923","3.140516","949","3.138332","923","3.142252","923","3.143396","957","3.139764","955","3.14268","960","3.141624","961","3.14434","958","3.142656","958","3.13846","950","3.141444","951","3.142704","954","3.142564","896","3.140048","953","3.146392","952","3.143392","955","3.1418","957","3.141916","919","3.140748","955","3.14066","953","3.140296","957","3.139296","948","3.14206","953","3.142252","955","3.143148","957","3.140296","920","3.142424","921","3.142076","955","3.143108","927","3.14344","924","3.144528","948","3.140676","957","3.143012","953","3.141464","952","3.143444","946","3.142856","921","3.140404","946","3.141668","919","3.141108","957","3.141124","919","3.142472","948","3.141784","946","3.144196","954","3.142164","935","3.14302","942","3.142556","960","3.14244","937","3.142984","941","3.138916","938","3.139828","938","3.13974","932","3.142892","933","3.141888","937","3.143068","957","3.138772","956","3.140908","956","3.1412","956","3.141124","956","3.144432","934","3.139648","956","3.1415","956","3.142604","938","3.138976","907","3.14566","927","3.14174","907","3.140444","927","3.14116","927","3.141788","927","3.141552","921","3.142456","902","3.14248","899","3.142768","920","3.143008","902","3.140688","902","3.140484","920","3.139624","921","3.14222","921","3.144772","893","3.142088","920","3.139536","920","3.142092","920","3.141364","920","3.141702240000001","915","992"
"81","3.141736","205","3.14364","946","3.14054","946","3.141736","945","3.143108","946","3.1436","940","3.14176","946","3.141348","940","3.140116","911","3.143136","934","3.142984","934","3.142676","930","3.141356","927","3.144232","923","3.140804","921","3.142268","921","3.143116","923","3.140056","924","3.141136","926","3.141432","926","3.14244","926","3.141892","924","3.141028","927","3.142468","927","3.139928","923","3.143804","922","3.1417","924","3.14298","920","3.140868","927","3.14094","927","3.139912","923","3.143164","927","3.142332","927","3.143576","926","3.141516","920","3.141908","927","3.14188","926","3.141868","920","3.143104","920","3.139828","926","3.139496","923","3.140928","924","3.137976","920","3.140876","923","3.140984","917","3.138344","919","3.145896","917","3.142336","923","3.139432","921","3.13894","924","3.143696","923","3.13978","920","3.143252","921","3.143296","923","3.140064","924","3.14354","924","3.144072","923","3.13958","923","3.13806","923","3.141004","919","3.142892","920","3.139868","921","3.140236","915","3.14026","915","3.142536","897","3.143384","915","3.144128","915","3.142504","915","3.142936","915","3.141492","915","3.140488","897","3.140648","915","3.141592","915","3.14042","915","3.143216","915","3.142776","915","3.142104","915","3.139348","915","3.14346","915","3.143656","915","3.144076","896","3.140776","892","3.143456","892","3.140384","892","3.143052","892","3.14028","892","3.140332","890","3.1447","890","3.141724","890","3.141472","876","3.142664","866","3.141508","866","3.139696","866","3.143708","866","3.14338","864","3.14076","864","3.142344","861","3.138164","860","3.143828","860","3.140436","860","3.1417415200000005","906","969"
"82","3.141772","951","3.144056","951","3.14186","951","3.141584","951","3.144672","951","3.141488","884","3.1441","884","3.143516","913","3.141924","950","3.145252","950","3.143192","913","3.142068","951","3.139368","844","3.140296","950","3.141976","884","3.13834","880","3.1428","950","3.138352","913","3.14292","880","3.142224","913","3.142276","880","3.142656","884","3.136036","880","3.141468","913","3.1426","950","3.142912","950","3.139748","913","3.142092","880","3.141816","951","3.141612","880","3.141904","884","3.14316","884","3.142336","913","3.139012","880","3.138468","913","3.138076","913","3.139784","854","3.141648","950","3.140556","913","3.14068","913","3.142284","913","3.140596","913","3.143064","912","3.142072","950","3.142552","911","3.139792","891","3.142088","911","3.14142","911","3.141596","911","3.141276","890","3.142604","891","3.141988","891","3.143816","911","3.141528","911","3.139264","911","3.141904","911","3.14188","911","3.140824","911","3.1421","911","3.142332","911","3.144048","911","3.139284","889","3.141348","911","3.140696","891","3.141656","911","3.142384","891","3.141412","911","3.138808","911","3.14252","911","3.145416","893","3.1404","911","3.14314","911","3.139492","911","3.140456","911","3.142048","911","3.143956","911","3.143004","891","3.139512","910","3.14352","893","3.143392","910","3.140692","911","3.141368","911","3.141188","911","3.139384","911","3.140876","893","3.139792","910","3.140972","893","3.13998","911","3.141436","911","3.144472","911","3.14018","911","3.142724","911","3.140368","910","3.143192","891","3.142396","911","3.140628","911","3.13882","891","3.141108","910","3.141164","889","3.136996","908","3.1414980799999994","909","970"
"83","3.142372","511","3.144024","945","3.142468","945","3.142136","926","3.142328","922","3.142088","882","3.144864","945","3.140252","923","3.14272","945","3.139488","926","3.14164","914","3.141164","945","3.139768","945","3.141228","945","3.141348","923","3.143844","945","3.13968","945","3.142024","923","3.140088","945","3.144128","945","3.14226","938","3.140308","938","3.139232","915","3.140128","937","3.1419","937","3.143116","918","3.139648","937","3.141768","937","3.143264","926","3.141428","927","3.140788","900","3.138504","926","3.142736","926","3.141464","926","3.14256","926","3.14042","927","3.141752","926","3.140836","913","3.143276","913","3.14146","913","3.138516","888","3.142148","913","3.142604","913","3.1442","913","3.144232","913","3.140104","892","3.14138","912","3.143232","912","3.143264","913","3.141792","913","3.141904","913","3.14172","913","3.141092","892","3.141464","912","3.142976","913","3.137108","913","3.14088","913","3.14258","913","3.141112","912","3.1422","913","3.140444","913","3.14296","912","3.139564","913","3.138164","913","3.140708","912","3.14076","913","3.144376","892","3.14154","912","3.141944","912","3.140932","913","3.141956","912","3.142516","913","3.141072","913","3.139708","891","3.142688","908","3.13872","908","3.140468","909","3.140048","909","3.141456","908","3.143268","908","3.146372","908","3.139788","908","3.141512","908","3.140636","908","3.13778","908","3.143104","908","3.142456","908","3.14016","908","3.140716","908","3.141484","898","3.141412","893","3.142968","892","3.145468","892","3.140952","893","3.142184","865","3.14064","886","3.143048","886","3.143364","886","3.141592","886","3.141732","885","3.14159668","910","947"
"84","3.140204","116","3.13928","409","3.141468","409","3.140564","501","3.14128","501","3.14452","817","3.14342","747","3.140056","747","3.140024","817","3.140924","819","3.141936","716","3.141036","817","3.140088","818","3.141992","817","3.144764","747","3.138804","782","3.14164","818","3.14162","818","3.141624","818","3.13844","819","3.14276","818","3.139848","818","3.143684","818","3.140836","782","3.139688","818","3.143928","818","3.140976","818","3.13884","780","3.143436","782","3.141608","754","3.144348","818","3.140668","749","3.144052","818","3.142748","809","3.139892","809","3.143908","809","3.142344","809","3.142924","808","3.143452","807","3.1404","809","3.143252","788","3.142824","785","3.1435","784","3.141752","870","3.140624","924","3.142348","924","3.14234","924","3.140516","894","3.140532","906","3.139776","924","3.142464","906","3.140848","924","3.143004","924","3.142368","898","3.143236","893","3.13772","924","3.140812","924","3.141112","924","3.143316","924","3.143588","924","3.139696","924","3.141792","892","3.1395","924","3.143248","901","3.141084","910","3.142536","911","3.139788","910","3.140776","910","3.144912","911","3.143556","910","3.139412","910","3.141004","911","3.142784","910","3.140548","910","3.140944","910","3.14186","910","3.141196","910","3.141204","907","3.141684","907","3.139772","907","3.1416","887","3.14194","908","3.141332","907","3.141248","907","3.141192","907","3.14246","897","3.140412","897","3.143528","897","3.141884","897","3.139292","897","3.138676","897","3.141188","897","3.14298","896","3.141808","897","3.140792","897","3.141716","897","3.143444","897","3.140176","897","3.14242","896","3.140768","897","3.14156108","839","982"
"85","3.14384","200","3.140228","503","3.141724","504","3.143732","503","3.139024","530","3.14588","504","3.143596","503","3.141932","474","3.142356","503","3.141092","532","3.143352","503","3.141668","504","3.139","583","3.140328","948","3.14254","948","3.140652","948","3.140036","948","3.142308","932","3.140608","932","3.143412","932","3.140172","909","3.143124","932","3.141328","909","3.140896","929","3.136892","930","3.14378","932","3.139368","930","3.140504","929","3.139372","930","3.144752","929","3.1406","930","3.14034","888","3.144504","929","3.139864","929","3.139304","930","3.140936","888","3.142252","928","3.143272","928","3.141896","929","3.142892","929","3.141004","929","3.139228","906","3.140932","929","3.141268","929","3.142536","930","3.140856","930","3.140404","930","3.141972","869","3.1423","928","3.143056","907","3.140364","889","3.142396","928","3.140888","929","3.140696","888","3.141556","928","3.142476","929","3.142804","929","3.138544","930","3.140564","930","3.143296","929","3.138488","929","3.143376","869","3.14176","931","3.143068","918","3.142568","918","3.143124","915","3.142204","918","3.14336","917","3.14526","919","3.14106","914","3.140684","919","3.144472","917","3.136896","900","3.140368","899","3.142252","898","3.139912","899","3.142324","897","3.140516","896","3.140392","895","3.141184","896","3.142244","895","3.139436","891","3.139652","894","3.1392","891","3.140484","891","3.138884","893","3.140596","882","3.142768","881","3.139152","883","3.141788","882","3.140904","880","3.14058","876","3.14184","877","3.141068","879","3.141352","879","3.140432","877","3.142332","877","3.138532","879","3.141264","879","3.140724","878","3.1413699600000005","856","970"
"86","3.144036","570","3.14092","570","3.141256","570","3.14022","571","3.140348","571","3.14162","571","3.13874","571","3.140076","570","3.13914","473","3.142956","570","3.140856","497","3.140928","570","3.144412","571","3.14216","528","3.142016","553","3.14224","553","3.138136","553","3.143292","552","3.142228","553","3.143008","545","3.142856","905","3.142348","899","3.143736","899","3.143808","927","3.140348","924","3.139896","901","3.141012","924","3.14554","902","3.144024","924","3.139512","893","3.141936","924","3.14188","902","3.142672","924","3.140764","924","3.143392","924","3.14318","924","3.142408","894","3.139776","924","3.143104","924","3.140716","924","3.142088","904","3.141516","923","3.141856","923","3.140352","923","3.14042","901","3.144836","901","3.141832","923","3.139516","892","3.142812","893","3.140828","892","3.143012","892","3.142076","892","3.140464","893","3.142164","893","3.144748","892","3.139768","892","3.140136","871","3.143536","888","3.143088","889","3.139976","888","3.141468","888","3.142636","888","3.139268","889","3.142556","862","3.139216","855","3.141192","889","3.143264","888","3.141052","888","3.141192","889","3.142872","888","3.139456","889","3.142196","889","3.141476","860","3.140684","888","3.141256","888","3.14252","888","3.1456","866","3.141292","862","3.14358","888","3.139388","879","3.14558","879","3.144236","859","3.14156","879","3.141404","880","3.141724","854","3.13998","880","3.141684","879","3.144976","879","3.140464","879","3.140872","875","3.141732","875","3.140036","875","3.141296","874","3.140924","873","3.140224","852","3.141116","851","3.138548","849","3.142336","846","3.140032","846","3.140336","846","3.1416774400000005","822","955"
"87","3.142488","530","3.144768","694","3.142964","922","3.143652","928","3.141528","927","3.145308","796","3.142672","927","3.139972","917","3.142316","917","3.140492","927","3.142664","917","3.14224","917","3.142196","927","3.142648","918","3.142496","926","3.141812","928","3.14118","928","3.14052","849","3.14048","924","3.142984","920","3.14452","920","3.139992","947","3.140496","925","3.140844","915","3.14324","920","3.136232","924","3.143264","915","3.140132","919","3.14192","920","3.139924","924","3.142544","919","3.139308","919","3.143312","925","3.139816","925","3.138276","925","3.142592","925","3.141708","924","3.140568","924","3.144216","925","3.142588","919","3.142464","920","3.141204","925","3.14002","925","3.141392","844","3.14112","926","3.142292","925","3.139728","914","3.142012","915","3.141492","918","3.140892","919","3.141984","884","3.14326","900","3.142836","900","3.142136","900","3.141384","900","3.14266","879","3.143528","874","3.141024","900","3.145632","900","3.139964","900","3.14344","900","3.143324","900","3.140092","900","3.139416","869","3.14042","900","3.14258","900","3.141616","879","3.13818","900","3.141436","901","3.141072","862","3.1405","862","3.138512","862","3.140072","862","3.137976","862","3.143756","862","3.142748","862","3.139472","862","3.140624","862","3.142108","862","3.141008","862","3.143144","862","3.141696","855","3.14244","855","3.1398","855","3.142256","847","3.14316","847","3.142252","847","3.142696","847","3.13976","847","3.142128","847","3.141084","842","3.13958","842","3.142636","840","3.142388","840","3.142952","840","3.1402","837","3.139424","837","3.139048","837","3.142344","837","3.140348","836","3.1415558400000005","885","951"
"88","3.137832","742","3.142796","829","3.14444","966","3.140696","966","3.14268","966","3.139584","966","3.142524","896","3.141464","966","3.14322","894","3.14192","966","3.141784","939","3.140404","965","3.140136","968","3.142928","890","3.139952","971","3.137796","964","3.142608","964","3.142","941","3.14112","993","3.143312","965","3.141268","967","3.143052","966","3.138812","967","3.14314","993","3.143128","966","3.140308","965","3.14214","964","3.139788","965","3.141512","966","3.144292","964","3.140668","903","3.14008","965","3.141224","943","3.141288","963","3.141052","943","3.14206","970","3.1411","965","3.140944","966","3.141","967","3.143184","964","3.143708","964","3.139156","964","3.143732","963","3.143904","965","3.138684","965","3.143416","964","3.1418","965","3.14088","963","3.144056","974","3.142932","965","3.138368","974","3.141244","965","3.142796","889","3.141248","963","3.14276","964","3.14094","971","3.14456","940","3.139692","963","3.142812","971","3.139048","967","3.144216","968","3.142168","976","3.142944","973","3.140148","953","3.141644","947","3.144608","953","3.139172","949","3.144856","946","3.141564","973","3.1431","973","3.141476","945","3.139892","953","3.145044","935","3.13998","955","3.14062","934","3.140948","933","3.14168","955","3.143476","933","3.14276","955","3.140564","955","3.14142","910","3.143596","920","3.139868","920","3.140976","920","3.141208","901","3.143896","901","3.13934","920","3.14418","920","3.138716","899","3.140096","920","3.143412","920","3.141776","920","3.139756","920","3.14154","920","3.138252","897","3.145824","900","3.144204","898","3.139812","920","3.141704","920","3.140888","900","3.141662960000003","944","996"
"89","3.139076","586","3.143612","510","3.143484","911","3.139824","911","3.145604","844","3.140516","910","3.141784","910","3.143088","907","3.14044","907","3.139136","904","3.144152","907","3.142212","907","3.14148","904","3.143584","880","3.14174","881","3.141304","880","3.142276","900","3.142304","900","3.139324","901","3.142224","899","3.139744","897","3.143888","897","3.141","901","3.141556","899","3.141216","897","3.143344","897","3.142068","895","3.141424","920","3.140628","893","3.146396","894","3.14426","897","3.142","898","3.140968","893","3.140072","894","3.144072","894","3.142568","951","3.14098","926","3.139948","951","3.142816","950","3.144576","951","3.140792","951","3.140908","918","3.142396","951","3.137356","914","3.141216","952","3.144088","931","3.140604","951","3.140084","952","3.143692","951","3.140448","950","3.14308","950","3.143496","922","3.141716","925","3.141016","950","3.14072","950","3.143436","942","3.142024","940","3.141404","942","3.14292","942","3.14154","941","3.14274","942","3.141488","941","3.141816","940","3.143512","942","3.138016","941","3.143004","942","3.144712","942","3.141204","940","3.140652","939","3.139556","941","3.14078","942","3.1424","941","3.142864","942","3.140088","941","3.140008","940","3.142576","941","3.140628","939","3.139544","942","3.141812","941","3.145048","939","3.140316","939","3.14314","940","3.141164","940","3.14086","942","3.140452","942","3.14408","941","3.141348","942","3.140596","942","3.14192","940","3.144636","940","3.140984","941","3.143348","941","3.143072","919","3.140848","941","3.1409","940","3.13916","941","3.144308","940","3.141268","920","3.141008","941","3.142972","941","3.1418245199999997","918","972"
"90","3.140764","640","3.140472","587","3.14214","927","3.145112","611","3.14246","919","3.140632","927","3.135808","918","3.142536","587","3.14164","587","3.14498","918","3.14008","563","3.14098","926","3.1399","562","3.14002","926","3.14206","586","3.142704","903","3.13876","903","3.14156","910","3.141624","899","3.14036","907","3.140812","899","3.140412","906","3.142836","896","3.143492","701","3.141784","896","3.141136","895","3.142264","901","3.142028","902","3.14122","901","3.142596","901","3.141248","901","3.141588","893","3.140704","901","3.141372","893","3.143232","893","3.141188","901","3.14106","902","3.141856","887","3.14364","887","3.144804","887","3.138664","888","3.141704","886","3.14206","887","3.141816","887","3.141432","888","3.14032","887","3.14564","887","3.14428","887","3.14296","887","3.14278","878","3.142012","878","3.142272","878","3.1412","880","3.142432","880","3.1418","880","3.1417","879","3.141268","880","3.141636","817","3.142264","870","3.138192","864","3.140692","873","3.142156","870","3.141048","833","3.139308","870","3.141512","870","3.13974","870","3.141328","860","3.144424","860","3.142156","863","3.144636","868","3.142628","865","3.140752","867","3.139732","865","3.13856","865","3.142376","868","3.140424","865","3.142224","865","3.139376","868","3.136036","867","3.142888","863","3.14334","863","3.13954","857","3.138988","855","3.142724","856","3.144876","857","3.141584","856","3.142816","855","3.138892","855","3.142704","853","3.143844","853","3.142664","852","3.143336","852","3.141484","851","3.140128","852","3.14242","845","3.141812","851","3.14498","848","3.141456","851","3.142104","852","3.142792","851","3.1416477599999997","853","938"
"91","3.142832","395","3.144468","936","3.139952","933","3.141884","931","3.141564","903","3.142052","932","3.141412","931","3.14208","938","3.142916","936","3.139248","933","3.140692","935","3.141984","934","3.144648","931","3.137852","929","3.14026","935","3.143388","930","3.142548","929","3.141012","934","3.144356","933","3.14166","928","3.14038","929","3.14352","929","3.140524","933","3.143204","929","3.142112","930","3.140908","928","3.143548","933","3.141748","929","3.14312","930","3.14112","928","3.141708","931","3.14216","928","3.13884","928","3.143464","929","3.142956","931","3.13962","931","3.142628","929","3.141332","892","3.140176","928","3.143296","925","3.144772","928","3.142432","929","3.1424","925","3.141156","931","3.14078","925","3.145352","926","3.144304","931","3.142688","926","3.14426","925","3.1412","928","3.141456","931","3.139988","932","3.14322","925","3.142644","928","3.141248","930","3.139036","925","3.142392","925","3.1419","926","3.144228","920","3.142116","926","3.136784","926","3.140548","926","3.14234","927","3.140192","924","3.142312","926","3.141032","925","3.143236","924","3.140484","922","3.142088","925","3.141832","927","3.142056","922","3.139284","919","3.141504","921","3.142364","919","3.142068","926","3.140528","927","3.140056","925","3.141076","923","3.140316","927","3.140284","923","3.14322","925","3.14324","922","3.141536","923","3.14276","920","3.140404","923","3.1415","920","3.143296","927","3.138896","922","3.142968","923","3.140268","919","3.141444","925","3.14544","925","3.141996","925","3.14278","926","3.140568","907","3.141148","911","3.140516","913","3.143076","910","3.142392","906","3.14396","909","3.1418253599999986","920","939"
"92","3.141632","488","3.139284","570","3.144124","904","3.140056","926","3.144388","928","3.141096","928","3.138972","933","3.14278","928","3.145104","927","3.141044","865","3.141724","928","3.14172","938","3.140956","926","3.1405","930","3.142376","928","3.140064","958","3.139876","935","3.141876","957","3.1436","928","3.141528","962","3.142116","964","3.142784","926","3.143444","964","3.141044","963","3.138916","966","3.140736","958","3.144188","938","3.140208","957","3.141232","958","3.138332","925","3.139076","957","3.144348","961","3.140936","958","3.139968","958","3.139944","956","3.143768","960","3.141376","953","3.13774","961","3.13894","959","3.139112","958","3.142848","961","3.141916","953","3.141008","959","3.139392","954","3.143424","957","3.14176","957","3.143104","959","3.136652","955","3.143068","954","3.141672","960","3.143084","957","3.142076","929","3.14106","952","3.140884","959","3.140328","951","3.14044","949","3.139596","951","3.140976","955","3.143184","955","3.13908","956","3.143396","956","3.141744","952","3.14286","949","3.141684","951","3.13896","949","3.143224","956","3.14164","953","3.145512","952","3.141136","950","3.144244","955","3.142076","952","3.141864","954","3.137536","944","3.142908","944","3.142512","943","3.143632","950","3.14244","948","3.140332","949","3.14124","944","3.139336","945","3.139888","947","3.142664","944","3.140108","949","3.141832","946","3.13968","945","3.141648","942","3.140332","947","3.140932","948","3.139216","947","3.140796","946","3.140452","950","3.144724","949","3.14012","950","3.142708","948","3.139808","950","3.14404","948","3.140976","947","3.141628","947","3.141872","948","3.14116","946","3.1413932000000013","939","970"
"93","3.139352","440","3.140528","886","3.143644","887","3.139004","887","3.142856","886","3.141108","881","3.140088","877","3.14358","887","3.1421","887","3.1428","884","3.137284","880","3.140928","884","3.141628","887","3.140448","883","3.141248","885","3.140008","885","3.144768","884","3.139872","887","3.143112","887","3.141072","884","3.140684","874","3.138636","884","3.141512","884","3.141556","887","3.141404","878","3.143","878","3.14156","879","3.142584","878","3.141588","876","3.142684","873","3.14604","875","3.141464","873","3.139248","864","3.14244","876","3.140736","868","3.1425","876","3.141052","875","3.142584","872","3.137636","876","3.14156","876","3.141024","873","3.141768","870","3.142036","873","3.143864","873","3.141996","827","3.140732","862","3.143356","869","3.1406","869","3.138268","870","3.138388","869","3.142768","869","3.141252","940","3.14152","861","3.142048","940","3.140456","869","3.143548","858","3.139248","869","3.144128","866","3.142648","940","3.142088","861","3.140508","869","3.141884","858","3.143596","869","3.142104","861","3.142432","869","3.140388","869","3.142144","865","3.144044","852","3.142304","856","3.142832","937","3.143916","865","3.143004","927","3.143556","813","3.143292","878","3.139244","884","3.142216","902","3.141876","902","3.142016","902","3.140932","902","3.14136","902","3.142236","902","3.140064","901","3.141364","902","3.142344","902","3.14158","902","3.13914","901","3.142996","902","3.142724","902","3.141272","883","3.140304","901","3.139572","876","3.141508","900","3.142488","881","3.1405","900","3.140236","878","3.137768","855","3.141776","855","3.142556","856","3.140728","855","3.141012","856","3.14153448","875","981"
"94","3.143636","407","3.140752","493","3.14052","530","3.141096","530","3.140664","493","3.138552","716","3.14296","949","3.140232","945","3.1413","949","3.140872","942","3.140804","942","3.14122","950","3.1421","950","3.144512","949","3.143144","945","3.138988","942","3.144116","949","3.14108","950","3.139928","950","3.140192","942","3.142012","942","3.143428","937","3.141896","943","3.141988","943","3.142336","937","3.142168","942","3.141684","933","3.140464","942","3.139756","937","3.13878","937","3.141368","942","3.140344","942","3.14488","941","3.145892","937","3.142916","941","3.14462","942","3.143988","917","3.143188","918","3.139944","917","3.139756","917","3.140284","883","3.140636","912","3.141044","912","3.143104","917","3.142476","918","3.144492","917","3.139748","905","3.142184","904","3.140516","907","3.141484","907","3.142552","907","3.144056","898","3.144412","892","3.142576","902","3.14158","921","3.141392","898","3.1406","888","3.144336","921","3.141148","898","3.139704","921","3.142796","888","3.14528","892","3.14396","898","3.142668","921","3.140708","898","3.141308","887","3.13786","921","3.144076","897","3.139124","921","3.140512","913","3.144696","905","3.143228","905","3.14396","883","3.14194","905","3.14208","905","3.142092","905","3.143392","898","3.14302","898","3.142884","898","3.1418","898","3.140216","898","3.141384","876","3.139528","891","3.141728","891","3.143444","891","3.141352","890","3.140904","888","3.14118","888","3.141704","887","3.141796","887","3.141988","887","3.144316","887","3.141304","887","3.142272","879","3.140176","878","3.141788","878","3.138356","878","3.141128","878","3.141116","878","3.141392","878","3.141808559999999","889","982"
"95","3.140092","240","3.143492","239","3.139944","518","3.141692","546","3.14372","518","3.139944","546","3.142116","517","3.142052","802","3.14332","817","3.141308","935","3.144548","935","3.142416","840","3.143996","933","3.141404","838","3.142168","932","3.14016","935","3.143952","934","3.142648","935","3.138708","936","3.143552","932","3.1436","932","3.14254","935","3.142072","932","3.141744","839","3.140416","935","3.142044","935","3.141044","935","3.141904","867","3.142036","843","3.1411","932","3.139028","935","3.138448","932","3.139892","802","3.143256","935","3.13858","867","3.141364","935","3.144088","932","3.141696","934","3.139964","935","3.141164","934","3.144464","935","3.143404","935","3.139248","873","3.141988","934","3.14362","911","3.142976","911","3.141428","907","3.141308","911","3.144216","911","3.14054","856","3.142544","907","3.144608","910","3.142084","854","3.141824","910","3.143232","910","3.144176","907","3.146772","910","3.141764","907","3.141532","910","3.140196","851","3.141796","848","3.142352","852","3.14352","849","3.140264","819","3.14242","848","3.143164","852","3.142988","852","3.143008","847","3.140004","839","3.137816","836","3.142328","839","3.145096","840","3.142904","836","3.141324","839","3.142164","836","3.139244","839","3.141084","840","3.141132","837","3.141268","839","3.144056","836","3.142236","836","3.143032","814","3.141384","836","3.144268","839","3.14504","839","3.141524","839","3.139292","836","3.142124","836","3.143712","821","3.139972","821","3.140592","818","3.13858","821","3.142744","821","3.13958","821","3.139004","821","3.139824","821","3.140676","818","3.14078","818","3.142008","815","3.142932","815","3.1418637199999995","844","948"
"96","3.1419","391","3.143868","958","3.142072","933","3.141656","959","3.14168","958","3.140656","934","3.14246","959","3.138652","958","3.143672","959","3.142144","959","3.139964","958","3.139668","959","3.142656","931","3.14326","959","3.13908","959","3.142512","928","3.142236","936","3.140544","958","3.141332","958","3.142164","934","3.14286","959","3.145456","933","3.141268","958","3.139492","959","3.140952","959","3.139484","926","3.140668","958","3.141968","931","3.140096","919","3.142908","943","3.14214","943","3.14554","918","3.140616","943","3.143068","942","3.14308","941","3.145484","943","3.144688","919","3.144152","943","3.142104","942","3.141536","943","3.142224","943","3.141836","912","3.141536","942","3.138736","944","3.142688","943","3.141424","943","3.14026","944","3.141852","943","3.140544","942","3.141936","935","3.14074","934","3.141008","935","3.13898","935","3.141856","935","3.143208","935","3.141748","935","3.142264","905","3.145312","934","3.143208","935","3.142936","935","3.143028","907","3.140976","935","3.1435","934","3.140376","911","3.143","935","3.141564","934","3.143224","935","3.145124","935","3.14046","935","3.1442","935","3.14402","934","3.14124","935","3.142996","935","3.143444","935","3.139684","935","3.138372","934","3.141388","934","3.138796","934","3.143968","934","3.143852","935","3.142924","934","3.140084","925","3.142172","925","3.142608","925","3.14084","925","3.140544","925","3.141764","925","3.143744","925","3.140708","923","3.140564","924","3.141488","898","3.14196","925","3.140328","925","3.143608","925","3.143792","925","3.139316","924","3.140028","925","3.142992","925","3.1409","925","3.140984","924","3.1418859199999996","930","960"
"97","3.144212","599","3.138692","598","3.14166","620","3.147276","617","3.142652","617","3.141192","972","3.144324","968","3.140368","963","3.140804","966","3.140392","967","3.140332","970","3.14158","958","3.14216","969","3.140916","970","3.14098","971","3.139036","971","3.141496","969","3.140416","987","3.141108","970","3.139504","987","3.141796","968","3.141572","962","3.141908","987","3.14082","986","3.139336","965","3.14286","971","3.143332","970","3.142516","987","3.14142","967","3.140564","964","3.13584","962","3.143464","965","3.139532","986","3.140644","970","3.143416","970","3.141464","986","3.140948","956","3.140056","961","3.140112","986","3.139748","969","3.14044","965","3.140272","971","3.144588","964","3.141696","965","3.14302","986","3.142508","969","3.138324","967","3.142736","987","3.141876","967","3.141584","961","3.139364","968","3.139688","962","3.144184","958","3.142012","986","3.141984","986","3.1417","986","3.139524","966","3.142956","970","3.14046","965","3.141776","971","3.14044","970","3.143216","986","3.142284","965","3.142496","971","3.141776","986","3.144512","971","3.139392","969","3.14128","968","3.14298","986","3.138552","956","3.143492","961","3.141288","956","3.1417","986","3.144432","966","3.140992","963","3.140544","970","3.142816","986","3.140612","986","3.139972","986","3.140952","961","3.142392","962","3.142524","971","3.144768","986","3.140904","966","3.141984","962","3.140868","986","3.142084","986","3.13998","986","3.142296","968","3.141632","969","3.140188","986","3.142692","969","3.140464","986","3.141224","971","3.138524","971","3.14132","986","3.142948","970","3.138724","964","3.14202","967","3.14286","986","3.14145264","954","991"
"98","3.143196","516","3.140152","965","3.139404","743","3.141284","942","3.139944","965","3.1382","712","3.142636","965","3.140488","942","3.141496","743","3.142088","635","3.142476","965","3.14064","943","3.140248","683","3.14248","681","3.139948","964","3.141156","799","3.142868","801","3.139308","942","3.141392","950","3.143792","928","3.138992","950","3.14232","950","3.141732","928","3.140648","917","3.141092","950","3.142176","950","3.141084","950","3.14372","950","3.143724","950","3.14102","928","3.1428","950","3.142764","928","3.139664","950","3.141","932","3.139588","931","3.14242","932","3.138788","931","3.144524","931","3.14062","932","3.140736","931","3.140436","859","3.140124","904","3.142124","925","3.1417","904","3.139968","925","3.14266","925","3.141104","925","3.14278","925","3.14172","925","3.140976","919","3.141008","918","3.140996","919","3.140752","919","3.145156","918","3.143472","919","3.142588","886","3.142668","918","3.140492","886","3.145968","897","3.142288","882","3.140752","888","3.142636","909","3.136992","878","3.143204","909","3.14022","880","3.144564","909","3.141268","908","3.144192","909","3.145308","909","3.142456","909","3.141468","909","3.136852","909","3.13848","889","3.143124","907","3.14174","908","3.14176","907","3.139404","880","3.1429","909","3.140572","909","3.140688","909","3.1409","909","3.14166","889","3.13816","907","3.143088","909","3.141216","909","3.14132","909","3.142724","908","3.139644","900","3.140308","901","3.14384","899","3.140576","882","3.142824","882","3.139096","880","3.143188","882","3.141916","882","3.142792","880","3.142944","882","3.14166","882","3.140656","882","3.140324","882","3.14149004","896","967"
"99","3.1408","325","3.142932","325","3.13988","935","3.139348","941","3.142568","903","3.142056","898","3.143604","934","3.140936","934","3.142064","899","3.141528","908","3.140232","935","3.138984","898","3.141788","933","3.14258","932","3.140816","939","3.140292","936","3.142556","938","3.142304","933","3.1402","938","3.140624","939","3.142764","932","3.140992","933","3.14166","960","3.139292","960","3.141912","936","3.140652","933","3.142752","933","3.144928","939","3.139816","937","3.14396","932","3.142056","960","3.141356","938","3.141084","959","3.140308","937","3.142388","939","3.142816","896","3.140772","959","3.142644","960","3.140184","959","3.141732","939","3.14048","890","3.140796","939","3.1396","959","3.14226","959","3.143196","937","3.141","939","3.140184","959","3.144088","933","3.142608","959","3.14218","936","3.140368","959","3.139224","960","3.142164","937","3.144336","929","3.143272","959","3.140048","959","3.141588","937","3.13604","933","3.14262","938","3.140528","959","3.140372","939","3.137592","959","3.140772","959","3.140664","959","3.141876","937","3.1416","897","3.143364","938","3.143628","959","3.141056","931","3.142436","936","3.14102","928","3.14098","959","3.141916","939","3.141912","959","3.142372","959","3.14248","923","3.140592","948","3.14012","948","3.140084","948","3.142504","948","3.143424","948","3.142232","948","3.139944","888","3.141632","888","3.14258","888","3.140632","878","3.141364","862","3.139428","862","3.139352","864","3.141988","861","3.144696","861","3.144384","861","3.141184","861","3.140736","860","3.142752","862","3.144348","861","3.14248","861","3.144204","861","3.145564","860","3.143292","860","3.14160296","914","968"
"100","3.140108","597","3.142148","651","3.141164","651","3.144396","651","3.142696","651","3.137552","648","3.144168","647","3.138868","644","3.140148","644","3.1429","643","3.144288","643","3.143448","643","3.139748","643","3.142288","641","3.143616","904","3.138076","904","3.142136","694","3.141096","901","3.142508","901","3.142504","934","3.14034","935","3.142268","904","3.142772","911","3.146652","898","3.140844","934","3.14246","934","3.1423","934","3.143828","934","3.141668","934","3.141288","897","3.143856","921","3.140616","897","3.141156","921","3.14236","897","3.139436","920","3.139784","917","3.139136","917","3.14136","895","3.140572","918","3.144288","894","3.142504","888","3.140372","891","3.139568","914","3.140648","914","3.142092","914","3.144768","891","3.14084","891","3.142892","904","3.144088","904","3.142256","878","3.143856","878","3.140768","904","3.140588","871","3.142072","905","3.141088","903","3.139348","837","3.142136","904","3.141644","904","3.141944","839","3.139772","881","3.139064","904","3.142528","904","3.141976","904","3.140752","904","3.141152","872","3.13966","903","3.140168","881","3.139976","903","3.140932","898","3.14076","899","3.141228","899","3.144392","877","3.14118","877","3.141476","878","3.145928","877","3.142068","875","3.139444","875","3.139216","875","3.139332","875","3.140912","875","3.139016","872","3.141536","872","3.142408","871","3.1415","869","3.143616","866","3.140868","866","3.140328","866","3.141376","866","3.140968","865","3.144084","866","3.14164","859","3.14228","859","3.143596","859","3.142388","856","3.140992","856","3.144388","853","3.13942","853","3.142644","853","3.14024","852","3.141848","852","3.14161364","853","952"
"Averages","3.14151944","404","3.1416738399999993","701","3.141560639999998","783","3.1418053199999987","796","3.14187416","823","3.141705199999998","835","3.141441479999999","854","3.1418328000000004","862","3.1416939200000007","866","3.1415794000000004","888","3.1415820800000005","877","3.141564519999999","896","3.1414632800000004","882","3.1413420000000003","898","3.1414722400000015","902","3.1414598399999987","910","3.14172716","909","3.14140804","922","3.141218799999998","926","3.1416712000000007","920","3.1415813999999993","931","3.14186588","924","3.141502119999999","924","3.1416134000000016","926","3.1413754","930","3.1416736400000014","931","3.1415940399999993","939","3.14155536","935","3.1417052400000007","933","3.14168724","935","3.1416504799999996","933","3.1414727200000003","938","3.1415642400000006","933","3.1414036399999996","943","3.1415651600000003","939","3.1419664","938","3.1414236799999986","939","3.14143008","938","3.141369599999999","935","3.1416064800000014","939","3.1417621600000007","934","3.1416230800000005","935","3.1415837200000003","936","3.141735160000002","938","3.141467600000001","937","3.1417688399999997","936","3.1416194","938","3.141864480000001","932","3.1416798800000008","937","3.1415672","936","3.1417395999999997","935","3.1417640000000002","935","3.1416578399999993","934","3.1414710799999988","934","3.14171252","935","3.14173196","933","3.1414401599999997","932","3.141448720000002","933","3.1417405199999995","935","3.141506440000001","933","3.14145464","930","3.14164844","930","3.1416216800000005","931","3.1414713600000015","932","3.141378759999999","930","3.1419007200000006","928","3.141417079999999","928","3.1416327200000005","928","3.1418702400000016","929","3.14194344","927","3.1414529200000003","925","3.141691","927","3.14161032","924","3.141289639999998","925","3.141656520000002","924","3.1416378799999984","923","3.14151732","923","3.141364440000001","921","3.1413788800000004","922","3.14187504","921","3.1418859199999996","918","3.1415312","917","3.1415236000000006","917","3.14141728","916","3.1416063199999997","914","3.1414867999999996","913","3.1414411200000005","911","3.141672","911","3.141519960000001","909","3.1417358000000024","908","3.1414698000000003","906","3.1418244000000004","906","3.1414057600000014","904","3.141573920000001","903","3.1414546399999987","901","3.141718439999999","899","3.1417309599999994","898","3.14158264","898","3.14157232","898","3.1415186399999984","896","3.141595704800002","909","1050"
