"Iteration Count","Job[1] Result","Job[1] Runtime (ms)","Job[2] Result","Job[2] Runtime (ms)","Job[3] Result","Job[3] Runtime (ms)","Job[4] Result","Job[4] Runtime (ms)","Job[5] Result","Job[5] Runtime (ms)","Job[6] Result","Job[6] Runtime (ms)","Job[7] Result","Job[7] Runtime (ms)","Job[8] Result","Job[8] Runtime (ms)","Job[9] Result","Job[9] Runtime (ms)","Job[10] Result","Job[10] Runtime (ms)","Job[11] Result","Job[11] Runtime (ms)","Job[12] Result","Job[12] Runtime (ms)","Job[13] Result","Job[13] Runtime (ms)","Job[14] Result","Job[14] Runtime (ms)","Job[15] Result","Job[15] Runtime (ms)","Job[16] Result","Job[16] Runtime (ms)","Job[17] Result","Job[17] Runtime (ms)","Job[18] Result","Job[18] Runtime (ms)","Job[19] Result","Job[19] Runtime (ms)","Job[20] Result","Job[20] Runtime (ms)","Job[21] Result","Job[21] Runtime (ms)","Job[22] Result","Job[22] Runtime (ms)","Job[23] Result","Job[23] Runtime (ms)","Job[24] Result","Job[24] Runtime (ms)","Job[25] Result","Job[25] Runtime (ms)","Job[26] Result","Job[26] Runtime (ms)","Job[27] Result","Job[27] Runtime (ms)","Job[28] Result","Job[28] Runtime (ms)","Job[29] Result","Job[29] Runtime (ms)","Job[30] Result","Job[30] Runtime (ms)","Job[31] Result","Job[31] Runtime (ms)","Job[32] Result","Job[32] Runtime (ms)","Job[33] Result","Job[33] Runtime (ms)","Job[34] Result","Job[34] Runtime (ms)","Job[35] Result","Job[35] Runtime (ms)","Job[36] Result","Job[36] Runtime (ms)","Job[37] Result","Job[37] Runtime (ms)","Job[38] Result","Job[38] Runtime (ms)","Job[39] Result","Job[39] Runtime (ms)","Job[40] Result","Job[40] Runtime (ms)","Job[41] Result","Job[41] Runtime (ms)","Job[42] Result","Job[42] Runtime (ms)","Job[43] Result","Job[43] Runtime (ms)","Job[44] Result","Job[44] Runtime (ms)","Job[45] Result","Job[45] Runtime (ms)","Job[46] Result","Job[46] Runtime (ms)","Job[47] Result","Job[47] Runtime (ms)","Job[48] Result","Job[48] Runtime (ms)","Job[49] Result","Job[49] Runtime (ms)","Job[50] Result","Job[50] Runtime (ms)","Job[51] Result","Job[51] Runtime (ms)","Job[52] Result","Job[52] Runtime (ms)","Job[53] Result","Job[53] Runtime (ms)","Job[54] Result","Job[54] Runtime (ms)","Job[55] Result","Job[55] Runtime (ms)","Job[56] Result","Job[56] Runtime (ms)","Job[57] Result","Job[57] Runtime (ms)","Job[58] Result","Job[58] Runtime (ms)","Job[59] Result","Job[59] Runtime (ms)","Job[60] Result","Job[60] Runtime (ms)","Job[61] Result","Job[61] Runtime (ms)","Job[62] Result","Job[62] Runtime (ms)","Job[63] Result","Job[63] Runtime (ms)","Job[64] Result","Job[64] Runtime (ms)","Job[65] Result","Job[65] Runtime (ms)","Job[66] Result","Job[66] Runtime (ms)","Job[67] Result","Job[67] Runtime (ms)","Job[68] Result","Job[68] Runtime (ms)","Job[69] Result","Job[69] Runtime (ms)","Job[70] Result","Job[70] Runtime (ms)","Job[71] Result","Job[71] Runtime (ms)","Job[72] Result","Job[72] Runtime (ms)","Job[73] Result","Job[73] Runtime (ms)","Job[74] Result","Job[74] Runtime (ms)","Job[75] Result","Job[75] Runtime (ms)","Job[76] Result","Job[76] Runtime (ms)","Job[77] Result","Job[77] Runtime (ms)","Job[78] Result","Job[78] Runtime (ms)","Job[79] Result","Job[79] Runtime (ms)","Job[80] Result","Job[80] Runtime (ms)","Job[81] Result","Job[81] Runtime (ms)","Job[82] Result","Job[82] Runtime (ms)","Job[83] Result","Job[83] Runtime (ms)","Job[84] Result","Job[84] Runtime (ms)","Job[85] Result","Job[85] Runtime (ms)","Job[86] Result","Job[86] Runtime (ms)","Job[87] Result","Job[87] Runtime (ms)","Job[88] Result","Job[88] Runtime (ms)","Job[89] Result","Job[89] Runtime (ms)","Job[90] Result","Job[90] Runtime (ms)","Job[91] Result","Job[91] Runtime (ms)","Job[92] Result","Job[92] Runtime (ms)","Job[93] Result","Job[93] Runtime (ms)","Job[94] Result","Job[94] Runtime (ms)","Job[95] Result","Job[95] Runtime (ms)","Job[96] Result","Job[96] Runtime (ms)","Job[97] Result","Job[97] Runtime (ms)","Job[98] Result","Job[98] Runtime (ms)","Job[99] Result","Job[99] Runtime (ms)","Job[100] Result","Job[100] Runtime (ms)","Average Result","Average Runtime (ms)","Total Runtime (ms)"
"1","3.141352","1693","3.140836","1865","3.142852","1967","3.140048","1967","3.141652","1967","3.141016","2007","3.14294","1966","3.14256","1966","3.141288","1858","3.140072","1855","3.143072","1961","3.139428","2054","3.14282","1960","3.138716","1958","3.138864","1950","3.141068","1910","3.139332","1890","3.140024","1922","3.1436","1922","3.142008","1914","3.142544","1908","3.139208","1908","3.140652","1906","3.141012","1906","3.141968","1886","3.144272","1905","3.14146","1902","3.142096","1906","3.141584","1905","3.140988","1901","3.14326","1905","3.141392","1904","3.141104","1904","3.14028","1904","3.14088","1903","3.139308","1904","3.14166","1902","3.143372","1903","3.142668","1903","3.143432","1899","3.14112","1899","3.145472","1899","3.143468","1899","3.14362","1896","3.145052","1899","3.1414","1898","3.141668","1898","3.14068","1898","3.140964","1895","3.141152","1896","3.140136","1897","3.142124","1875","3.141524","1897","3.1416","1893","3.140584","1894","3.14118","1872","3.141012","1896","3.144548","1893","3.139268","1895","3.142684","1895","3.140976","1893","3.140608","1895","3.14282","1894","3.14064","1892","3.143844","1892","3.1429","1894","3.14046","1894","3.140212","1895","3.14164","1894","3.145056","1869","3.142076","1894","3.140752","1894","3.141484","1894","3.140748","1893","3.141764","1893","3.141528","1893","3.140896","1894","3.140556","1890","3.142664","1892","3.143844","1862","3.142164","1862","3.14012","1862","3.14102","1860","3.141228","1862","3.139488","1862","3.142472","1862","3.142492","1861","3.14156","1862","3.140952","1862","3.14344","1861","3.1405","1861","3.145084","1861","3.144848","1857","3.141636","1861","3.14042","1859","3.141384","1861","3.141716","1861","3.143008","1861","3.143252","1860","3.140336","1860","3.141685320000001","1895","7147"
"2","3.14226","70","3.144992","281","3.142308","308","3.140996","346","3.1431","308","3.14374","346","3.14242","280","3.139656","1061","3.137904","1053","3.141976","1079","3.137136","1057","3.14088","1056","3.14258","1048","3.145856","1060","3.140648","1059","3.14468","1050","3.14114","1056","3.139508","1056","3.1423","1079","3.144076","1050","3.143456","1055","3.1429","1059","3.143724","1047","3.145664","1055","3.14112","1048","3.142224","1053","3.138596","1052","3.140088","1049","3.139504","1040","3.140168","1053","3.140428","1052","3.14292","1074","3.141216","1053","3.141632","1047","3.143496","1052","3.140892","1052","3.14312","1053","3.138748","1053","3.142604","1053","3.142208","1053","3.143188","1074","3.14122","1051","3.13916","1054","3.14144","1039","3.140956","1049","3.141356","1073","3.13978","1073","3.141624","1050","3.14492","1053","3.144524","1048","3.143644","1052","3.137992","1073","3.144216","1039","3.142212","1013","3.14324","1012","3.14242","1038","3.1423","1038","3.143736","1038","3.137688","1019","3.139932","1039","3.142688","1038","3.14138","1018","3.140128","1038","3.139876","997","3.141144","991","3.142376","1020","3.140724","1020","3.139248","993","3.13996","1001","3.145932","1020","3.141616","1020","3.142632","997","3.1419","1020","3.13918","999","3.142864","1001","3.141136","1000","3.1415","1019","3.144388","996","3.141824","989","3.139924","994","3.142736","985","3.140428","998","3.141876","999","3.142104","996","3.141612","1019","3.144692","1000","3.144308","992","3.138684","1019","3.141248","1001","3.141908","1019","3.141732","993","3.142892","1019","3.140688","1000","3.143248","997","3.143544","996","3.141216","987","3.141564","991","3.14384","999","3.142844","999","3.140068","996","3.141800640000002","978","1091"
"3","3.143992","437","3.141652","437","3.14118","1037","3.139976","999","3.139404","929","3.140796","999","3.140148","998","3.142908","928","3.140352","926","3.142564","1203","3.145464","1205","3.14132","1203","3.143144","1163","3.143956","1203","3.140616","1168","3.140152","992","3.140676","1244","3.141188","1241","3.143548","1168","3.143608","1204","3.144384","989","3.140076","1237","3.143592","1226","3.14028","1226","3.142008","1228","3.142952","1226","3.141068","1226","3.14288","1226","3.140412","1226","3.139248","1226","3.141","1226","3.141972","1222","3.143692","1221","3.143048","1222","3.140288","1223","3.140692","1224","3.141884","1220","3.142136","1227","3.141008","1225","3.1434","1226","3.142876","1229","3.139296","1218","3.143352","1223","3.144112","1224","3.143276","1226","3.141088","1222","3.144092","1229","3.143036","1226","3.14008","1230","3.140116","1221","3.140772","1226","3.141116","1218","3.143092","1222","3.142004","1218","3.143604","1230","3.140628","1229","3.140696","1226","3.1444","1225","3.142096","1229","3.139628","1223","3.141312","1225","3.141168","1229","3.141912","1229","3.14042","1229","3.140852","1229","3.141816","1219","3.138308","1219","3.141028","1229","3.13936","1229","3.140984","1225","3.141736","1229","3.139916","1229","3.143072","1223","3.140712","1228","3.145192","1220","3.141948","1228","3.140156","1227","3.140968","1218","3.144672","1229","3.139508","1226","3.143392","1218","3.140096","1227","3.141448","1224","3.140688","1221","3.140008","1227","3.142","1219","3.142308","1218","3.14116","1207","3.141716","1218","3.141952","1212","3.14026","1218","3.141212","1216","3.142996","1207","3.13876","1218","3.140896","1218","3.142284","1217","3.1441","1216","3.142196","1211","3.1423","1218","3.13984","1217","3.1416667600000006","1183","1263"
"4","3.145872","195","3.1433","194","3.14074","193","3.141696","361","3.14128","388","3.141556","631","3.142268","994","3.14142","993","3.142956","994","3.142228","1037","3.14238","1038","3.140644","1037","3.14212","1037","3.14204","1040","3.141288","1034","3.142572","1073","3.142008","1073","3.139168","1073","3.1435","1035","3.14064","1073","3.143256","1072","3.144132","1052","3.144904","1072","3.14214","1071","3.143208","1072","3.14136","1071","3.143","1071","3.140352","1071","3.142676","1072","3.142508","1052","3.139916","1071","3.143424","1071","3.141656","1071","3.145004","1071","3.14122","1072","3.138384","1071","3.140684","1071","3.140412","1071","3.141668","1071","3.144364","1071","3.140248","1071","3.143456","1051","3.14254","1071","3.14152","1071","3.143252","1071","3.142572","1071","3.141352","1032","3.141352","1071","3.141328","1071","3.141432","1052","3.142084","1052","3.1428","1071","3.14044","1071","3.142344","1071","3.142396","1052","3.138556","1071","3.142008","1071","3.140208","1071","3.140636","1071","3.138728","1071","3.140524","1071","3.141776","1070","3.144112","1071","3.144068","1071","3.14086","1071","3.1443","1051","3.14094","1071","3.142612","1071","3.140884","1071","3.139748","1051","3.1402","1070","3.14334","1071","3.13912","1071","3.14412","1051","3.141524","1071","3.144676","1070","3.142912","1071","3.14196","1051","3.137316","1032","3.140888","1051","3.139988","1071","3.139056","1071","3.142008","1051","3.143972","1070","3.14152","1069","3.141636","1069","3.141256","1069","3.139648","1049","3.141148","1069","3.140192","1069","3.13936","1067","3.140912","1067","3.138376","1048","3.141224","1067","3.14234","1067","3.14112","1048","3.13974","1066","3.142308","1066","3.141964","1066","3.138128","1067","3.14164972","1017","1105"
"5","3.140912","827","3.142328","963","3.142","578","3.14288","963","3.143288","940","3.143436","963","3.14144","963","3.142972","984","3.143308","962","3.142684","984","3.14126","1028","3.139884","941","3.141868","941","3.141548","1063","3.140924","963","3.142956","984","3.143416","1027","3.142548","962","3.141616","1006","3.14106","962","3.141124","1057","3.144268","1021","3.140836","977","3.1409","956","3.142668","977","3.143372","1055","3.144176","1020","3.140104","956","3.141236","998","3.140112","1020","3.141572","999","3.140712","999","3.139416","1041","3.139104","1041","3.140292","1041","3.145888","1041","3.140664","1042","3.140756","1041","3.141456","1041","3.140968","1041","3.141256","1041","3.1394","1041","3.140672","1041","3.141052","1041","3.142872","1006","3.141396","1041","3.145824","1041","3.142944","1041","3.14332","1041","3.143164","1041","3.143592","1042","3.141712","1041","3.13992","1041","3.142752","1041","3.14468","1041","3.141452","1041","3.141124","1041","3.139856","1039","3.142648","1039","3.143436","1039","3.142208","1039","3.14308","1039","3.141788","1038","3.141088","1038","3.144812","1038","3.143856","1038","3.143788","1039","3.141868","1039","3.143812","1034","3.1411","1034","3.14138","1034","3.141412","1034","3.144996","1034","3.141952","1034","3.138348","1034","3.138368","1033","3.141236","1034","3.142508","1034","3.138056","1033","3.141612","1034","3.139572","1029","3.139448","1029","3.141564","1028","3.1405","1028","3.141792","1027","3.140848","1025","3.141684","1024","3.140784","1024","3.14316","1025","3.14258","1024","3.141332","1023","3.139628","1022","3.141108","1022","3.14382","1022","3.14138","1022","3.143204","1021","3.142904","1022","3.141964","1022","3.140684","1022","3.139968","1021","3.14180216","1013","1065"
"6","3.14086","791","3.1387","963","3.141676","963","3.139596","963","3.142972","962","3.139384","962","3.14002","962","3.140532","1048","3.141704","939","3.140684","1025","3.14282","938","3.14528","1083","3.139152","1002","3.141656","1022","3.140708","1021","3.142308","1065","3.141368","1065","3.139708","1001","3.141236","1002","3.14024","1065","3.142924","954","3.140476","1079","3.141648","1061","3.144076","1041","3.141444","1078","3.140752","1079","3.141104","1018","3.142672","1078","3.1406","1078","3.142012","1077","3.142216","1061","3.142848","1017","3.143888","1061","3.14174","1078","3.1421","1077","3.137812","1018","3.143768","1077","3.139604","1061","3.141556","1077","3.141412","1077","3.140496","1061","3.140652","1077","3.14294","1060","3.140548","1060","3.142288","1077","3.14138","1077","3.1425","1040","3.14502","1018","3.141312","1018","3.140744","1060","3.143024","1077","3.141776","1077","3.141144","1040","3.143812","1072","3.141132","1072","3.140948","1071","3.141244","1071","3.142672","1059","3.137684","1059","3.14316","1059","3.141672","1043","3.142768","1060","3.1394","1060","3.140548","1060","3.142856","1060","3.145024","1060","3.141852","1059","3.143156","1056","3.140932","1056","3.141944","1055","3.139972","1056","3.14166","1056","3.143868","1056","3.14106","1056","3.14502","1056","3.14296","1056","3.136892","1055","3.141136","1055","3.141548","1056","3.142036","1055","3.143336","1055","3.1403","1055","3.141072","1036","3.139044","1035","3.142452","1031","3.140264","1029","3.139312","1028","3.140464","1023","3.13926","1022","3.142664","1022","3.14186","1017","3.143124","1018","3.141436","1018","3.142868","1017","3.142656","1013","3.141548","1013","3.140392","1013","3.138932","1013","3.141488","1012","3.142472","1012","3.1415098000000006","1038","1091"
"7","3.14366","331","3.142992","983","3.145084","803","3.138864","988","3.140888","879","3.141584","843","3.139964","879","3.143336","989","3.14266","986","3.143952","989","3.140472","989","3.141272","878","3.143292","989","3.137196","989","3.140332","986","3.14094","989","3.143688","980","3.142728","883","3.139196","986","3.141376","989","3.13976","987","3.140988","884","3.143912","989","3.139932","989","3.139212","989","3.140436","986","3.140072","986","3.142664","980","3.139836","985","3.140892","989","3.142088","985","3.141776","985","3.143288","986","3.138032","980","3.142872","980","3.14278","980","3.141076","884","3.14304","980","3.143588","986","3.139316","979","3.143388","890","3.1426","967","3.140844","967","3.142524","971","3.141928","971","3.14266","962","3.14202","967","3.141524","968","3.142616","958","3.141616","948","3.141712","933","3.143964","953","3.143528","954","3.142032","954","3.13738","954","3.140896","954","3.14102","933","3.140564","933","3.145424","953","3.140856","889","3.142616","932","3.142012","932","3.142844","933","3.140164","953","3.143192","933","3.142668","929","3.143836","947","3.140728","948","3.141524","948","3.137956","948","3.141056","948","3.141888","948","3.140312","947","3.142928","947","3.143048","948","3.141008","948","3.139748","948","3.142372","948","3.144632","948","3.139816","948","3.1424","920","3.143704","917","3.141004","917","3.141844","916","3.141428","917","3.141324","917","3.14236","917","3.143648","917","3.142644","917","3.140816","917","3.140816","917","3.143508","916","3.141948","917","3.139468","917","3.139132","917","3.14308","917","3.14114","917","3.140344","916","3.142732","917","3.1419","917","3.141677200000001","940","1016"
"8","3.142236","200","3.141992","227","3.142148","227","3.141336","224","3.141036","248","3.14134","249","3.138276","248","3.14068","249","3.140636","518","3.143848","663","3.140796","995","3.141252","567","3.141272","493","3.13988","868","3.142232","911","3.141056","949","3.142076","914","3.140976","879","3.143168","976","3.14428","942","3.143664","975","3.144456","940","3.143908","952","3.140136","954","3.14306","952","3.140528","950","3.141556","949","3.140216","924","3.144108","949","3.143636","947","3.142956","947","3.140384","945","3.14234","947","3.142704","944","3.14368","947","3.14222","947","3.1396","947","3.143232","947","3.142","946","3.140168","918","3.142488","913","3.14198","945","3.140444","947","3.141244","947","3.144484","947","3.141924","944","3.140184","945","3.141396","922","3.142988","947","3.141492","947","3.142148","923","3.144068","947","3.138376","916","3.143392","906","3.141804","901","3.140944","905","3.143","929","3.14124","930","3.141128","928","3.141772","904","3.144268","928","3.141112","914","3.141244","911","3.139552","911","3.140364","907","3.142244","906","3.141672","907","3.13988","907","3.142692","907","3.146244","907","3.142512","907","3.144308","907","3.140368","906","3.142544","907","3.144752","907","3.142152","906","3.144152","907","3.142012","906","3.141144","906","3.142728","904","3.1394","907","3.144216","906","3.138104","906","3.142092","905","3.144628","906","3.14168","906","3.142656","907","3.141824","907","3.14034","906","3.1436","906","3.140672","906","3.137944","906","3.1415","906","3.141956","905","3.14294","906","3.139076","906","3.142604","906","3.143212","905","3.143252","906","3.143572","907","3.1419277599999997","853","1015"
"9","3.141368","301","3.142776","327","3.143128","327","3.139716","955","3.142348","955","3.14464","875","3.140276","954","3.13932","874","3.144076","980","3.142212","981","3.14154","980","3.14032","881","3.141076","954","3.142016","907","3.143056","954","3.14442","980","3.143708","954","3.14382","920","3.139196","961","3.140632","980","3.141432","958","3.138436","914","3.144132","980","3.14382","867","3.142304","867","3.140772","980","3.1425","958","3.138744","954","3.140424","938","3.138724","976","3.139776","940","3.137268","977","3.142076","950","3.142944","960","3.139976","959","3.139724","960","3.141588","959","3.140068","960","3.14334","924","3.144772","959","3.141216","960","3.14128","959","3.140812","959","3.140228","959","3.143048","959","3.141608","932","3.140604","938","3.141224","960","3.140252","940","3.141348","934","3.140464","960","3.141068","959","3.14074","959","3.143956","959","3.142376","959","3.1399","959","3.142276","960","3.139472","959","3.142464","959","3.14144","937","3.137556","959","3.141144","958","3.141864","959","3.140924","959","3.142692","937","3.14136","896","3.142444","955","3.139192","934","3.142252","954","3.141156","954","3.146212","955","3.14208","955","3.140972","954","3.142156","954","3.140556","930","3.14318","954","3.141844","954","3.144104","955","3.14472","955","3.141204","954","3.144676","954","3.141644","934","3.143612","954","3.139364","953","3.141644","954","3.141916","953","3.142576","917","3.137648","953","3.14374","953","3.14268","953","3.140804","953","3.142568","934","3.141164","954","3.141412","954","3.141028","954","3.1428","954","3.14384","953","3.144848","930","3.142164","954","3.14112","934","3.141671","929","985"
"10","3.14098","617","3.140072","951","3.140064","690","3.14188","985","3.142244","690","3.14274","985","3.142444","590","3.140536","985","3.13836","985","3.140516","976","3.142148","976","3.139868","976","3.139764","975","3.14392","972","3.140176","983","3.142476","983","3.14368","972","3.142152","983","3.141508","972","3.141864","983","3.14136","944","3.141656","980","3.143756","979","3.138692","979","3.14372","976","3.144528","976","3.14342","974","3.144332","974","3.14068","974","3.13982","973","3.14134","974","3.142816","974","3.1411","974","3.142064","955","3.141632","954","3.140044","966","3.14272","928","3.142204","954","3.140416","966","3.14132","966","3.142164","966","3.142704","966","3.14178","966","3.143032","966","3.142372","966","3.138108","965","3.140796","966","3.140576","965","3.140396","964","3.140296","950","3.138692","949","3.141956","942","3.143556","942","3.140728","941","3.140952","942","3.140152","930","3.143284","937","3.141256","938","3.138936","937","3.140008","929","3.142804","930","3.13976","930","3.142904","929","3.139496","926","3.13944","936","3.138728","948","3.140404","920","3.143204","930","3.141264","930","3.141228","926","3.143016","926","3.141976","914","3.142252","923","3.143232","923","3.141152","923","3.141668","939","3.141364","921","3.140744","922","3.14198","939","3.14188","920","3.142904","939","3.137732","939","3.141044","939","3.140004","939","3.142284","939","3.141988","939","3.141288","939","3.141136","939","3.14132","939","3.143164","939","3.14126","939","3.14346","916","3.140576","939","3.13836","939","3.141336","939","3.143832","939","3.142488","939","3.139888","939","3.139524","939","3.142328","939","3.1414116800000005","939","1026"
"11","3.142444","264","3.14398","264","3.139264","1082","3.139256","1081","3.140468","1010","3.143976","1014","3.143876","1051","3.14148","1056","3.143204","1051","3.141808","1008","3.140472","1082","3.140024","1050","3.140044","1056","3.138688","1008","3.140092","1082","3.139484","1082","3.13904","1081","3.138424","1008","3.143072","1050","3.139724","1051","3.141672","1056","3.141468","1081","3.143276","1009","3.14124","1009","3.144652","1056","3.141832","1082","3.138616","1082","3.14204","1055","3.142552","1051","3.141252","1081","3.141936","1081","3.141136","1082","3.144688","1055","3.138344","1055","3.1401","1082","3.140628","1082","3.142896","1082","3.14064","1051","3.140424","1082","3.143904","1058","3.141584","1081","3.140124","1051","3.139676","1082","3.14374","1081","3.143976","1050","3.141092","1081","3.1386","978","3.141328","1010","3.145032","1082","3.13936","1082","3.143148","1009","3.141772","1055","3.142656","1081","3.141868","1082","3.142328","1081","3.14552","1082","3.13746","1082","3.142992","1013","3.142792","1082","3.141508","1082","3.140472","1055","3.13866","1008","3.144236","1082","3.138832","1054","3.139924","1066","3.141052","1065","3.142788","1066","3.140032","1040","3.141332","1066","3.139484","1066","3.140604","1066","3.141736","1037","3.139564","1066","3.142828","1065","3.14314","1066","3.13982","1065","3.143664","1065","3.142228","1066","3.141852","1039","3.140624","1046","3.14108","1042","3.139076","1041","3.143792","1041","3.143988","1042","3.141052","1042","3.14202","1042","3.145564","1041","3.142996","1030","3.13898","1031","3.139588","1028","3.1395","1020","3.14246","1019","3.138168","1019","3.139852","1015","3.139852","1015","3.139968","1014","3.14188","1014","3.141408","1014","3.1441","1013","3.143068","1014","3.1413993600000003","1036","1084"
"12","3.13918","26","3.141692","1060","3.140164","992","3.143332","1060","3.141316","1039","3.142856","1060","3.140732","1034","3.142968","1030","3.142112","1029","3.141008","985","3.145696","1030","3.139376","1034","3.144204","1039","3.142604","1060","3.144784","1034","3.141868","1061","3.142256","1060","3.140868","1040","3.140856","1039","3.14118","1039","3.144864","1060","3.142388","1039","3.143056","960","3.143044","1028","3.142504","1029","3.14158","993","3.142428","1060","3.138956","1060","3.13992","950","3.140348","985","3.143712","941","3.142428","1039","3.142948","1032","3.140748","1032","3.142192","1032","3.139576","1001","3.13982","1032","3.1396","1032","3.140676","1032","3.14024","1032","3.139692","991","3.143188","1025","3.140332","1026","3.14186","1026","3.140792","1026","3.140108","1025","3.144188","1026","3.14294","1025","3.142888","1025","3.145848","1025","3.145664","1025","3.140012","1025","3.141888","996","3.1423","1025","3.141232","1025","3.141176","1026","3.140988","1026","3.138784","1025","3.140668","1026","3.137644","1025","3.143896","1025","3.141344","1025","3.141696","1025","3.143412","1026","3.1416","1025","3.13824","1025","3.143204","1026","3.139332","1025","3.140828","1025","3.142936","1025","3.14098","1025","3.140804","1025","3.139624","1025","3.14186","1025","3.141376","1025","3.141708","1026","3.143612","1025","3.142168","1025","3.144084","1026","3.13964","1025","3.14218","1025","3.139968","1025","3.140076","1025","3.141952","1024","3.14098","1025","3.142764","1026","3.141964","1024","3.143144","1025","3.140084","1025","3.142144","1025","3.142224","1025","3.143612","1026","3.140828","1025","3.142324","1025","3.139792","1025","3.14324","1025","3.142516","1025","3.141112","1025","3.1408","1024","3.137072","1025","3.141633920000001","1015","1062"
"13","3.141116","265","3.143292","1020","3.143668","950","3.142504","980","3.139336","1019","3.143072","994","3.141832","988","3.14114","981","3.143716","1019","3.142316","998","3.142696","1019","3.140452","998","3.14242","1020","3.143148","994","3.138","994","3.139024","1019","3.14334","1019","3.14162","993","3.14154","994","3.144916","1019","3.141316","998","3.143788","994","3.145304","988","3.138964","980","3.140332","1019","3.1387","986","3.139324","994","3.140052","1019","3.140636","998","3.142264","1019","3.144576","1019","3.140656","1019","3.143232","992","3.144844","1019","3.142944","1019","3.139604","1019","3.13998","1019","3.143552","988","3.144384","993","3.14188","993","3.142432","1019","3.141368","1019","3.138344","998","3.143324","998","3.140292","993","3.140276","1019","3.14032","1019","3.14172","1019","3.139544","980","3.141868","1019","3.14216","977","3.140128","979","3.140388","970","3.139428","970","3.14244","971","3.140864","971","3.139716","971","3.141336","968","3.139212","968","3.14298","967","3.14218","968","3.142304","967","3.14114","966","3.141104","969","3.142364","969","3.142076","968","3.140112","968","3.141136","966","3.142828","968","3.142896","966","3.141276","968","3.139928","965","3.140332","968","3.141816","966","3.141076","968","3.141876","968","3.140188","967","3.142432","966","3.13834","966","3.140008","966","3.142528","966","3.141748","967","3.142012","967","3.14108","965","3.144288","966","3.14076","967","3.14242","965","3.1421","965","3.14252","965","3.141828","965","3.142076","964","3.141332","961","3.138332","961","3.140128","961","3.14178","961","3.140608","961","3.143172","961","3.141516","961","3.142768","960","3.14076","961","3.1415278799999986","977","1023"
"14","3.141592","552","3.140988","501","3.13986","501","3.14008","478","3.140656","501","3.141384","501","3.138908","501","3.141332","501","3.141232","501","3.14064","493","3.139364","882","3.141168","974","3.144468","967","3.141996","974","3.14402","974","3.141744","974","3.141584","974","3.142168","967","3.141132","968","3.139692","974","3.140964","974","3.143324","967","3.143264","974","3.139776","974","3.141756","974","3.13848","974","3.145004","974","3.14186","968","3.139612","967","3.144056","974","3.139788","974","3.143544","967","3.142528","974","3.14146","970","3.14164","971","3.140236","963","3.142868","956","3.14436","956","3.144348","952","3.142136","916","3.142272","945","3.143088","946","3.143868","952","3.138736","952","3.141056","952","3.143568","952","3.141008","946","3.142988","936","3.14172","935","3.142368","940","3.13966","942","3.139236","942","3.138916","941","3.1418","942","3.139084","942","3.14084","935","3.14332","942","3.140932","935","3.143764","938","3.142476","938","3.142252","937","3.140528","931","3.1412","920","3.142836","920","3.14168","920","3.140104","914","3.1432","914","3.143168","918","3.13748","909","3.139892","919","3.140452","918","3.142296","915","3.138636","912","3.141556","912","3.141212","912","3.139632","912","3.140744","929","3.139448","906","3.141372","909","3.140164","925","3.143656","925","3.138528","925","3.139944","909","3.144264","907","3.142552","925","3.140924","903","3.14226","921","3.142888","922","3.142868","904","3.141824","921","3.142148","921","3.141716","921","3.141532","903","3.141312","903","3.143732","921","3.14334","921","3.14218","921","3.13838","921","3.14198","921","3.141532","903","3.14151124","895","1012"
"15","3.145192","707","3.140284","988","3.141084","988","3.143496","988","3.142712","964","3.140708","964","3.14178","989","3.141176","988","3.141068","989","3.14472","988","3.140352","989","3.140164","990","3.14182","988","3.140856","988","3.140536","988","3.14408","989","3.139944","989","3.142096","989","3.142512","990","3.141936","988","3.141628","988","3.140628","989","3.140908","989","3.139544","989","3.141764","990","3.140476","964","3.140676","989","3.139772","989","3.141936","989","3.139328","953","3.139208","989","3.14368","989","3.140928","988","3.140032","989","3.141268","982","3.141452","969","3.142696","972","3.140304","975","3.140968","970","3.143308","976","3.143808","970","3.143748","995","3.139568","973","3.139944","995","3.141304","973","3.143252","975","3.142108","994","3.141556","995","3.138332","974","3.142516","977","3.144264","976","3.140748","976","3.141288","975","3.143888","975","3.141348","966","3.142016","970","3.141792","970","3.138784","976","3.140132","976","3.140196","965","3.139784","968","3.14124","976","3.138932","973","3.141164","975","3.141172","994","3.140432","972","3.13894","974","3.141048","966","3.141596","973","3.141184","974","3.142744","973","3.143656","971","3.14218","971","3.14338","992","3.139872","992","3.140156","974","3.140812","971","3.142088","972","3.14176","969","3.145752","973","3.143696","974","3.143536","992","3.144504","974","3.140944","965","3.144272","971","3.143092","968","3.139108","972","3.142432","971","3.142492","992","3.14164","986","3.142776","965","3.143344","986","3.142416","968","3.141892","968","3.143372","986","3.144292","968","3.142964","960","3.142836","979","3.142324","960","3.141508","958","3.14168944","975","1020"
"16","3.141792","457","3.14212","767","3.138396","616","3.139668","767","3.141424","767","3.140828","767","3.14112","668","3.142888","770","3.143904","724","3.137572","717","3.145808","760","3.140476","760","3.139064","717","3.144604","609","3.143084","717","3.143128","971","3.140376","970","3.1438","971","3.144496","939","3.140868","970","3.141916","970","3.143308","936","3.144228","970","3.141912","970","3.1427","970","3.14234","970","3.140224","970","3.142804","971","3.142272","929","3.143544","970","3.144332","970","3.14138","970","3.14042","970","3.139592","971","3.14156","971","3.140412","970","3.142428","970","3.141344","970","3.140128","970","3.141108","970","3.138396","938","3.139808","970","3.142168","931","3.139012","970","3.142904","970","3.141856","940","3.140808","970","3.141892","931","3.145292","961","3.141952","962","3.141388","961","3.141192","962","3.142016","962","3.142268","961","3.14404","961","3.14198","961","3.141532","962","3.142408","962","3.140296","961","3.141608","962","3.142872","962","3.14212","923","3.140468","961","3.141468","935","3.144744","962","3.138068","931","3.144056","962","3.138808","961","3.142008","961","3.139804","961","3.143384","962","3.141388","957","3.1419","956","3.142968","956","3.13822","956","3.144012","956","3.140852","956","3.142664","956","3.143292","955","3.139848","957","3.142664","956","3.141352","956","3.141928","956","3.1419","955","3.145172","947","3.140572","947","3.14244","947","3.1402","947","3.138332","946","3.14016","947","3.142372","916","3.136444","946","3.141144","946","3.144464","946","3.143068","946","3.142324","938","3.140356","939","3.1417","939","3.139684","939","3.14168","939","3.141670840000001","918","983"
"17","3.146416","154","3.140092","371","3.141024","439","3.140436","370","3.144072","439","3.14116","439","3.138208","439","3.139892","439","3.139328","370","3.141436","371","3.140348","439","3.14366","439","3.139844","943","3.143092","981","3.1392","942","3.140632","981","3.13838","911","3.142844","981","3.140612","984","3.143492","919","3.138296","948","3.139804","981","3.142648","946","3.139884","984","3.143024","917","3.14022","981","3.144684","981","3.14276","958","3.143504","980","3.140716","980","3.141396","984","3.1401","984","3.141848","980","3.1416","983","3.14018","983","3.14014","958","3.14094","955","3.1417","958","3.141452","954","3.137564","958","3.14498","954","3.142088","954","3.140204","958","3.140968","957","3.14116","916","3.1418","957","3.137568","924","3.139288","929","3.138848","927","3.14286","954","3.140944","957","3.14216","957","3.1376","954","3.14088","956","3.142128","956","3.141188","958","3.141768","954","3.13768","928","3.142076","954","3.14232","957","3.142964","956","3.141232","954","3.137132","954","3.1403","958","3.14146","957","3.140512","954","3.143316","957","3.143304","954","3.142044","879","3.138604","879","3.144156","853","3.14368","879","3.138968","878","3.141096","878","3.138648","850","3.141012","878","3.143312","846","3.139744","878","3.140356","874","3.140132","874","3.143044","874","3.141108","874","3.14052","878","3.139504","878","3.140144","875","3.140908","876","3.142104","869","3.141124","868","3.14112","872","3.14036","872","3.144776","872","3.139556","845","3.13952","868","3.140624","868","3.139328","872","3.141612","871","3.143208","871","3.141168","872","3.142804","844","3.14084","869","3.1411048","861","1057"
"18","3.142868","550","3.139268","550","3.140236","626","3.141276","625","3.140596","626","3.14","548","3.14154","625","3.140372","625","3.141504","494","3.140912","541","3.142152","1010","3.140544","1041","3.1433","1041","3.139976","999","3.141296","1004","3.143472","1041","3.140364","1010","3.139464","1005","3.141676","1011","3.141924","1041","3.140992","1041","3.141416","1041","3.140388","1041","3.144492","1041","3.139884","1011","3.14096","1011","3.14198","1011","3.14216","1011","3.14328","1010","3.140704","1011","3.140696","1011","3.142664","982","3.140232","1010","3.138376","1011","3.139984","1010","3.139744","1010","3.141784","981","3.143172","976","3.14256","1011","3.142344","1011","3.141352","1011","3.143024","1011","3.145388","1010","3.142316","1010","3.141584","1011","3.141844","1010","3.141056","1011","3.141196","1010","3.141828","1010","3.142384","1010","3.141648","1010","3.140328","1007","3.143532","1001","3.144252","973","3.142916","962","3.144256","997","3.144064","992","3.138944","992","3.14432","991","3.140988","992","3.141528","992","3.141844","993","3.14176","992","3.140908","992","3.1396","980","3.142392","980","3.142664","973","3.14104","963","3.140992","960","3.14416","961","3.143828","960","3.1403","956","3.143388","961","3.143016","966","3.139548","956","3.141132","958","3.140784","966","3.145232","962","3.142016","962","3.14094","958","3.141076","963","3.141964","957","3.140072","952","3.141124","950","3.142496","951","3.142108","951","3.142032","952","3.143548","952","3.13852","951","3.141048","950","3.139024","950","3.142416","947","3.141188","952","3.141408","951","3.140064","951","3.140108","951","3.14216","952","3.143632","951","3.142436","948","3.139128","952","3.14160396","947","1061"
"19","3.138252","337","3.141492","447","3.141472","447","3.141224","445","3.144128","444","3.142684","444","3.141852","445","3.143256","445","3.141124","1002","3.14206","1043","3.144668","1002","3.144536","960","3.139716","1005","3.143232","828","3.14352","995","3.1417","1028","3.143492","1031","3.141932","1028","3.141856","1029","3.140088","1030","3.142812","1030","3.142076","1053","3.14204","1027","3.1419","1027","3.142028","1053","3.139256","1053","3.141952","1027","3.13814","1030","3.141","1032","3.141532","1030","3.142988","995","3.14252","1029","3.139808","1044","3.14112","1044","3.144236","1025","3.141044","1023","3.143584","1044","3.144072","1021","3.14096","1021","3.143516","1044","3.141044","1018","3.141604","1025","3.142244","1024","3.142348","1044","3.139204","1022","3.143272","1024","3.140044","1022","3.142884","1020","3.142796","1024","3.140676","1018","3.143828","1018","3.14198","1018","3.141604","1025","3.143136","1024","3.140392","1044","3.13972","1044","3.140676","1019","3.141684","1021","3.140664","1043","3.141284","1043","3.143236","1020","3.138988","1044","3.142232","1044","3.143568","1044","3.13832","1021","3.141516","1043","3.141572","1044","3.143508","1044","3.142948","1023","3.138648","1000","3.145768","1002","3.1433","1025","3.14244","1005","3.143132","1006","3.142244","1025","3.142672","1025","3.139228","1024","3.144368","1001","3.138384","1004","3.139092","1025","3.141396","1025","3.140892","1000","3.143032","1006","3.142788","1005","3.1403","999","3.14084","1003","3.14098","1025","3.141116","1025","3.143932","1006","3.141736","1004","3.14228","1025","3.138136","1025","3.14242","1025","3.142756","1025","3.141644","1024","3.141708","1025","3.14034","1025","3.142996","998","3.140116","1025","3.143888","1005","3.1417841200000005","973","1076"
"20","3.141456","277","3.14184","1022","3.140304","1023","3.141288","1022","3.142128","990","3.140764","1022","3.144252","990","3.140496","990","3.139848","990","3.140628","1022","3.14014","996","3.141904","1022","3.143968","922","3.14088","1022","3.143848","1022","3.143352","995","3.14002","1022","3.143652","1022","3.14214","995","3.141532","1022","3.142728","1022","3.141568","1022","3.142708","990","3.138116","1022","3.143736","990","3.1407","921","3.139956","1022","3.143316","1021","3.143636","1022","3.142924","989","3.139572","996","3.137976","1022","3.138612","1021","3.141528","995","3.141896","1021","3.145028","1022","3.1415","990","3.140124","1021","3.140364","1015","3.139952","1015","3.139484","1015","3.140304","982","3.13886","1015","3.144344","1014","3.142516","974","3.144336","973","3.143828","977","3.1401","974","3.140232","974","3.141524","977","3.143728","974","3.141204","975","3.142632","977","3.144428","976","3.140356","977","3.143444","976","3.140456","978","3.142112","977","3.142028","974","3.142904","973","3.142436","973","3.141224","973","3.142604","977","3.141852","949","3.14204","974","3.14016","977","3.141744","976","3.142044","975","3.142324","974","3.140132","972","3.138896","976","3.144504","974","3.139648","976","3.140228","973","3.139372","966","3.14034","965","3.142524","965","3.143988","965","3.143","965","3.14182","941","3.138328","965","3.14518","966","3.143444","969","3.14276","965","3.1404","969","3.142232","967","3.140928","967","3.145616","969","3.142032","968","3.140708","966","3.137256","967","3.14138","965","3.140124","967","3.144676","969","3.143196","964","3.140948","968","3.143112","965","3.14304","963","3.139276","965","3.14142","969","3.1416613599999987","978","1028"
"21","3.140332","347","3.142736","659","3.14122","659","3.14088","659","3.141592","659","3.14134","527","3.143384","529","3.144372","982","3.140772","982","3.143584","982","3.141944","982","3.141852","982","3.142224","982","3.143092","907","3.14082","982","3.13928","867","3.141032","982","3.142572","982","3.145092","982","3.13882","981","3.139892","981","3.140464","982","3.1404","938","3.140856","982","3.142804","982","3.143176","903","3.143044","981","3.143376","981","3.143588","981","3.14484","981","3.142612","938","3.142024","981","3.1417","873","3.140432","907","3.142144","981","3.141968","977","3.140772","984","3.142856","977","3.142648","977","3.14104","976","3.141356","977","3.14376","975","3.143848","978","3.139232","995","3.142048","976","3.139424","971","3.141936","970","3.143108","974","3.143328","975","3.142616","970","3.1424","972","3.142664","965","3.13704","970","3.140688","970","3.144372","968","3.143448","965","3.144392","965","3.142204","970","3.140032","970","3.140876","972","3.143048","972","3.143128","970","3.143148","970","3.14278","970","3.140384","972","3.13966","965","3.142076","965","3.142568","989","3.139536","969","3.139964","922","3.14252","902","3.143704","922","3.14176","904","3.143204","903","3.140568","905","3.142824","902","3.145452","905","3.144496","902","3.142868","922","3.14046","902","3.141468","904","3.141524","902","3.142064","922","3.142872","902","3.141512","903","3.141412","904","3.143856","902","3.140732","922","3.141508","903","3.143528","922","3.139632","921","3.141896","904","3.143672","921","3.141652","904","3.14046","905","3.141288","921","3.140908","902","3.14406","921","3.143052","921","3.140296","903","3.14197888","922","1014"
"22","3.144076","564","3.141572","428","3.14138","968","3.14154","996","3.143764","1004","3.141732","922","3.139964","1008","3.145668","1004","3.142396","966","3.140496","1011","3.140812","998","3.142236","1005","3.139992","1006","3.143568","1004","3.139368","1007","3.143296","1007","3.14102","1004","3.139784","1008","3.14222","968","3.138804","998","3.141652","1008","3.141568","1011","3.139996","996","3.140684","996","3.140476","1007","3.140524","1011","3.140052","964","3.14502","1002","3.142108","996","3.138228","998","3.140224","1004","3.141424","1011","3.141368","1004","3.139708","999","3.141404","996","3.1413","940","3.13994","977","3.142152","1006","3.140424","999","3.141072","1006","3.141768","965","3.142056","999","3.144936","995","3.144432","1004","3.141504","965","3.137304","965","3.142708","999","3.14116","1011","3.14308","1004","3.13844","970","3.139168","936","3.140848","964","3.142768","998","3.13864","995","3.143656","1006","3.142132","1003","3.142916","1003","3.144396","995","3.142196","995","3.142288","971","3.143428","1003","3.141708","964","3.14208","1007","3.13934","1005","3.140256","994","3.141128","983","3.142712","969","3.141604","972","3.139948","978","3.14236","978","3.143364","986","3.140256","982","3.140524","978","3.144936","969","3.143316","978","3.140932","978","3.142536","972","3.13908","973","3.141176","978","3.141176","972","3.143244","978","3.143748","975","3.142216","973","3.144288","970","3.142228","973","3.14358","970","3.142412","973","3.142496","973","3.14318","969","3.142824","972","3.143148","940","3.141996","940","3.142308","936","3.141384","936","3.140444","937","3.138916","936","3.142676","940","3.146144","937","3.142756","939","3.142","940","3.1417325600000003","972","1015"
"23","3.142752","828","3.140132","827","3.141708","825","3.142208","785","3.14126","784","3.14192","785","3.14272","725","3.143908","784","3.142348","784","3.143624","712","3.140116","779","3.142432","720","3.140056","772","3.142192","775","3.14166","948","3.142496","955","3.143168","773","3.137832","780","3.141316","812","3.142332","957","3.141544","780","3.139352","978","3.140448","948","3.142784","775","3.138992","953","3.13942","978","3.138844","948","3.140968","769","3.143084","818","3.14312","955","3.140344","885","3.139368","956","3.142452","784","3.140844","973","3.14128","879","3.141152","875","3.14064","968","3.139592","875","3.14282","968","3.143372","969","3.140736","969","3.14082","947","3.140376","969","3.141304","947","3.144808","939","3.1433","934","3.141688","938","3.14132","941","3.141524","938","3.139628","936","3.144352","936","3.141328","940","3.14218","936","3.142408","939","3.144752","938","3.144924","939","3.142752","939","3.14098","936","3.141408","939","3.1405","940","3.14182","939","3.141524","939","3.142796","933","3.14296","937","3.14284","937","3.139944","938","3.13908","937","3.140976","935","3.141384","934","3.14032","938","3.144088","939","3.145712","933","3.140468","932","3.14348","936","3.142948","938","3.140344","938","3.142156","935","3.14208","933","3.143472","930","3.142064","937","3.143968","936","3.138936","937","3.140784","936","3.1441","937","3.139768","937","3.14298","935","3.137796","932","3.143292","936","3.1422","938","3.139244","931","3.143116","937","3.141604","931","3.14324","931","3.138988","936","3.140936","935","3.141468","931","3.142152","937","3.136856","937","3.141596","937","3.139616","930","3.1416078400000003","903","1001"
"24","3.141808","357","3.141732","357","3.141536","466","3.143336","813","3.141768","466","3.140788","671","3.140276","997","3.140308","959","3.142948","974","3.140828","965","3.141092","973","3.141836","966","3.1465","996","3.14304","965","3.142968","962","3.143692","997","3.140084","996","3.137636","971","3.142156","996","3.143296","961","3.137304","966","3.142236","974","3.142304","997","3.142908","997","3.141712","997","3.143068","961","3.142908","965","3.143196","959","3.139372","959","3.141732","997","3.14216","937","3.143688","969","3.141736","959","3.143044","996","3.14258","997","3.139492","971","3.144128","996","3.141156","969","3.139008","959","3.144384","973","3.14176","997","3.140124","996","3.14036","970","3.141604","937","3.14182","961","3.137896","968","3.143968","996","3.14058","997","3.144988","982","3.145204","962","3.141976","921","3.144048","981","3.138624","962","3.142604","979","3.142232","979","3.138956","979","3.139772","947","3.141852","979","3.139536","979","3.141492","955","3.13966","954","3.139536","956","3.139636","943","3.140512","949","3.14276","970","3.138856","949","3.14172","965","3.14152","965","3.1381","966","3.140464","941","3.141684","966","3.143092","966","3.143176","966","3.142316","940","3.141348","966","3.141188","966","3.14344","941","3.141948","966","3.141108","966","3.14128","966","3.141724","966","3.140892","966","3.141372","965","3.142836","965","3.141588","965","3.138836","966","3.136516","966","3.138972","965","3.141936","965","3.1434","965","3.14148","936","3.141784","966","3.142716","966","3.140844","946","3.139008","966","3.139488","935","3.139772","965","3.142468","966","3.142184","930","3.141932","965","3.1414823199999997","940","1005"
"25","3.14172","225","3.141156","727","3.140216","717","3.143908","755","3.140712","758","3.142892","999","3.13994","1027","3.140616","1027","3.14006","754","3.141604","1027","3.139996","716","3.139748","727","3.14442","1027","3.142736","1027","3.141172","754","3.139388","998","3.139256","998","3.142316","1027","3.141712","998","3.13974","1004","3.139508","1027","3.140184","716","3.139412","685","3.138876","1027","3.140444","998","3.143428","942","3.141436","971","3.1396","947","3.140648","971","3.141452","971","3.144056","971","3.143364","971","3.14306","943","3.13856","970","3.138184","945","3.14178","971","3.139272","970","3.141376","932","3.14276","970","3.139704","969","3.141808","970","3.140584","969","3.141876","970","3.141984","970","3.144632","970","3.138276","970","3.142204","971","3.145088","971","3.142576","970","3.142672","970","3.141892","970","3.140988","971","3.139544","969","3.142064","970","3.142488","969","3.141668","970","3.141604","969","3.140832","970","3.14306","971","3.142156","970","3.141232","970","3.14222","970","3.14222","970","3.14248","970","3.143636","970","3.138216","970","3.1426","970","3.143216","970","3.142536","946","3.139192","971","3.141112","942","3.14432","969","3.139824","943","3.14204","970","3.14176","970","3.143416","944","3.140596","969","3.140288","943","3.144652","970","3.14174","969","3.138728","970","3.139968","943","3.14106","969","3.140508","970","3.142072","970","3.144244","969","3.141384","970","3.143428","943","3.142696","970","3.137736","969","3.13766","970","3.14426","970","3.144156","969","3.138252","970","3.142732","969","3.141804","969","3.141464","970","3.141892","970","3.140964","970","3.13856","970","3.1413927199999994","941","1029"
"26","3.143476","957","3.142052","839","3.14148","693","3.14272","705","3.14202","840","3.141504","839","3.14","866","3.142192","797","3.142608","763","3.143148","765","3.142788","977","3.141428","733","3.140636","957","3.139204","977","3.14128","866","3.14122","839","3.141684","977","3.142048","839","3.142756","976","3.138528","733","3.14376","865","3.14094","736","3.142232","957","3.142572","977","3.1409","805","3.14168","731","3.139816","952","3.14156","837","3.14202","943","3.139732","942","3.141488","943","3.1412","943","3.138488","942","3.142668","942","3.140136","942","3.142324","943","3.138144","937","3.14296","935","3.142848","857","3.140336","936","3.141048","935","3.140768","935","3.14004","935","3.141984","935","3.141496","935","3.139184","934","3.138516","828","3.142768","935","3.139772","935","3.143548","935","3.141384","935","3.14062","935","3.140456","934","3.140028","935","3.141188","921","3.139312","918","3.141672","918","3.144232","911","3.140168","910","3.13986","914","3.142784","914","3.144576","881","3.141356","913","3.141532","913","3.142936","914","3.14374","910","3.142632","913","3.138688","910","3.141496","913","3.141424","913","3.140772","909","3.140956","914","3.141092","913","3.144844","913","3.141884","913","3.14228","913","3.140072","905","3.143372","905","3.139544","906","3.137444","906","3.14202","906","3.140832","906","3.14044","906","3.140548","906","3.141588","905","3.144572","905","3.139844","906","3.139948","906","3.141696","906","3.141156","906","3.140928","906","3.144288","906","3.141076","906","3.137","906","3.141932","905","3.14234","906","3.14382","906","3.139132","905","3.141084","903","3.142708","906","3.14136996","897","985"
"27","3.142044","504","3.140856","979","3.143368","977","3.140752","979","3.139812","943","3.139876","949","3.142564","977","3.141516","978","3.141128","978","3.14182","949","3.140396","977","3.142212","949","3.140752","902","3.139856","949","3.139892","970","3.139512","968","3.144892","969","3.144684","968","3.142972","969","3.142232","969","3.14394","970","3.14216","969","3.142772","935","3.143264","969","3.139832","968","3.140364","968","3.139328","968","3.142084","941","3.140816","968","3.140832","968","3.142288","969","3.140952","969","3.139108","970","3.138368","970","3.1435","969","3.143152","970","3.14356","970","3.143236","970","3.142276","969","3.139676","970","3.141344","969","3.141908","970","3.141552","968","3.142128","969","3.142052","956","3.143152","954","3.141884","952","3.14216","916","3.14226","952","3.139096","951","3.143344","951","3.14432","952","3.139924","947","3.140184","918","3.14018","931","3.141628","931","3.14342","929","3.140432","925","3.143144","927","3.141384","931","3.139468","931","3.143628","926","3.1373","925","3.140092","926","3.140128","931","3.140308","926","3.141184","926","3.144552","935","3.14312","931","3.140472","925","3.14578","931","3.144196","931","3.140992","925","3.14254","913","3.142148","922","3.142436","922","3.139836","910","3.140928","909","3.142032","910","3.142496","907","3.144","902","3.14058","901","3.140192","902","3.143448","901","3.142404","901","3.140296","902","3.14374","902","3.14026","902","3.139756","897","3.14218","901","3.13978","901","3.141368","902","3.139516","902","3.140916","902","3.137856","897","3.138356","902","3.139952","902","3.143356","901","3.141976","883","3.142108","880","3.1415381599999987","934","995"
"28","3.142156","760","3.141096","898","3.139108","866","3.141648","828","3.141236","898","3.142136","942","3.142068","1003","3.14186","1002","3.14316","1003","3.14374","975","3.139424","980","3.141288","1003","3.139324","1003","3.144888","969","3.139952","1002","3.142156","1002","3.14226","1002","3.141216","1002","3.141084","1002","3.14112","1002","3.1397","972","3.142272","1003","3.1418","1002","3.14228","1003","3.141092","1002","3.145184","1002","3.1407","1003","3.141664","974","3.140804","1002","3.14162","1002","3.138808","1002","3.139848","1002","3.13962","978","3.145228","1002","3.141648","1002","3.140104","1002","3.141308","966","3.142336","999","3.141764","999","3.144016","999","3.144788","999","3.139832","999","3.142928","999","3.14438","999","3.142612","999","3.13858","999","3.14178","975","3.142524","999","3.142468","999","3.143312","999","3.140188","999","3.140932","999","3.141144","999","3.142464","976","3.142324","999","3.144452","999","3.1434","999","3.139516","999","3.1415","999","3.143172","999","3.141124","999","3.141624","999","3.139436","999","3.142928","999","3.141824","999","3.142936","999","3.1442","999","3.141104","999","3.143328","999","3.142748","998","3.14074","998","3.141784","999","3.141548","998","3.142812","999","3.140536","998","3.141844","999","3.140912","999","3.140388","998","3.141896","999","3.141136","999","3.140796","999","3.141792","998","3.140044","998","3.139156","998","3.140952","976","3.14208","992","3.14302","992","3.141808","992","3.139524","992","3.141972","992","3.139836","992","3.14266","992","3.142908","992","3.14296","991","3.141224","991","3.140428","988","3.143212","984","3.145096","984","3.140624","984","3.144304","984","3.1417425600000013","987","1006"
"29","3.143484","440","3.140044","467","3.144024","516","3.142188","791","3.14132","791","3.139828","791","3.14286","791","3.139388","768","3.14322","757","3.144708","791","3.140352","791","3.14126","757","3.140216","791","3.14254","757","3.139048","768","3.1434","768","3.143272","768","3.142464","767","3.140492","791","3.141044","763","3.141832","762","3.142844","760","3.140628","737","3.137044","760","3.143104","929","3.143444","897","3.142984","869","3.139704","930","3.142104","925","3.13658","926","3.144236","935","3.142568","893","3.144064","889","3.139532","935","3.1407","889","3.139196","952","3.1409","893","3.141476","926","3.144376","925","3.140652","866","3.139092","931","3.140056","952","3.142024","947","3.138844","916","3.140452","929","3.144544","928","3.141072","915","3.139872","946","3.140704","944","3.141552","944","3.138776","918","3.14082","944","3.138076","944","3.137492","927","3.142392","944","3.141764","926","3.144312","943","3.139608","944","3.142056","922","3.14026","928","3.1433","943","3.143932","944","3.139668","917","3.14292","926","3.140364","928","3.143728","944","3.143452","943","3.14228","943","3.142004","944","3.139748","927","3.142256","943","3.141976","943","3.142092","943","3.145172","927","3.140836","943","3.143796","943","3.139856","944","3.139332","943","3.14072","943","3.139516","943","3.142364","927","3.142856","930","3.140408","930","3.142468","912","3.143484","931","3.140644","930","3.144672","931","3.142444","892","3.142688","893","3.143392","892","3.142716","874","3.139292","893","3.141052","893","3.143128","893","3.144604","893","3.142648","887","3.13926","887","3.142472","871","3.142032","886","3.14314","887","3.1415960000000007","877","998"
"30","3.140612","260","3.14612","962","3.141728","970","3.14268","994","3.142988","994","3.142392","962","3.1438","994","3.142788","957","3.1428","970","3.144252","970","3.14252","993","3.14114","953","3.139612","662","3.139988","957","3.140852","994","3.141596","994","3.142456","994","3.142648","993","3.14444","994","3.141372","993","3.142592","985","3.140312","984","3.143916","985","3.143104","985","3.140492","985","3.14064","952","3.142528","962","3.14088","985","3.140548","985","3.142084","985","3.139496","985","3.141148","985","3.141616","985","3.14244","984","3.14248","985","3.141944","985","3.140704","972","3.140344","940","3.142628","972","3.139612","973","3.142516","973","3.140752","973","3.142404","973","3.142964","949","3.139212","972","3.138172","940","3.14326","972","3.1411","972","3.144236","968","3.143832","967","3.142796","967","3.1418","967","3.139972","967","3.143036","967","3.143116","967","3.141244","967","3.140576","967","3.14126","936","3.145768","936","3.14084","935","3.141676","937","3.13984","914","3.14216","933","3.140832","934","3.139784","933","3.141104","933","3.142944","928","3.141452","926","3.141268","926","3.14192","921","3.141704","922","3.141424","921","3.140016","920","3.137048","921","3.145252","922","3.140592","919","3.139396","921","3.138952","921","3.141672","921","3.144616","921","3.14274","921","3.141156","920","3.141724","920","3.141252","920","3.143952","921","3.140836","919","3.140124","899","3.142236","894","3.139508","895","3.144716","894","3.142364","890","3.142324","886","3.140384","883","3.142396","881","3.1419","880","3.138028","882","3.141244","877","3.141316","878","3.141284","878","3.141744","878","3.1417002799999993","937","999"
"31","3.140456","52","3.141996","995","3.14278","995","3.1422","864","3.14016","995","3.13814","864","3.141172","991","3.142576","991","3.140288","991","3.14352","779","3.14202","919","3.141404","990","3.140088","963","3.141176","986","3.140092","959","3.142112","986","3.141152","875","3.142472","985","3.141604","986","3.143228","985","3.14208","985","3.14328","988","3.141312","986","3.141752","986","3.140728","986","3.141184","985","3.142952","986","3.143836","985","3.139664","986","3.141372","961","3.140692","986","3.14398","986","3.142624","986","3.14028","986","3.141932","986","3.142092","985","3.141644","985","3.142368","986","3.141928","985","3.142168","986","3.14318","985","3.143008","961","3.142524","985","3.13892","986","3.13878","986","3.141064","985","3.145044","985","3.139652","986","3.141932","984","3.139052","964","3.140624","944","3.141272","943","3.143752","944","3.141496","944","3.14182","944","3.141424","944","3.1429","957","3.141296","957","3.140848","957","3.14082","957","3.14144","957","3.14174","957","3.140848","957","3.143028","931","3.140728","937","3.141988","957","3.141752","957","3.145472","957","3.142712","957","3.143256","936","3.138192","957","3.14332","957","3.141076","957","3.143544","957","3.140996","957","3.142488","939","3.143104","939","3.13892","939","3.137964","939","3.138712","915","3.141248","939","3.14044","939","3.142168","939","3.142528","939","3.143476","939","3.141156","936","3.14232","936","3.142148","936","3.140064","926","3.140896","925","3.141884","925","3.143892","926","3.140816","925","3.140048","926","3.143636","926","3.143532","925","3.140432","926","3.1414","920","3.139712","919","3.143344","919","3.14162332","946","1024"
"32","3.140444","968","3.140332","947","3.141848","968","3.140044","943","3.139748","936","3.142332","968","3.14006","946","3.141692","950","3.139108","968","3.1417","947","3.139676","968","3.1418","949","3.143964","950","3.142724","968","3.142996","950","3.143088","968","3.142252","933","3.139392","944","3.141164","947","3.1415","968","3.14174","936","3.142488","968","3.137976","968","3.141492","968","3.140652","938","3.141128","968","3.144112","968","3.13916","939","3.141832","947","3.139872","968","3.138068","948","3.14224","949","3.141272","937","3.14156","968","3.14314","950","3.140496","950","3.141444","948","3.141612","948","3.139892","944","3.14148","946","3.142728","946","3.138824","937","3.142728","940","3.140516","945","3.143792","968","3.143012","950","3.142448","968","3.144512","946","3.146052","948","3.14286","937","3.141624","944","3.14522","967","3.144084","968","3.142836","968","3.141148","967","3.140528","968","3.141508","944","3.144136","968","3.140628","967","3.140848","944","3.138868","949","3.140148","945","3.142868","947","3.144708","946","3.139268","942","3.141776","936","3.142196","967","3.139","968","3.142052","967","3.14546","946","3.141856","944","3.145036","948","3.141808","948","3.139332","967","3.142668","967","3.141196","949","3.14278","947","3.140156","967","3.142164","949","3.143124","968","3.140792","968","3.141552","949","3.141396","932","3.143108","948","3.144468","967","3.14024","945","3.145008","937","3.14332","968","3.14308","940","3.140392","938","3.141244","932","3.144352","938","3.138496","967","3.139356","967","3.142704","967","3.139112","943","3.140588","967","3.142908","948","3.142512","948","3.142208","967","3.141708519999999","953","969"
"33","3.138748","431","3.14244","917","3.141992","922","3.14068","925","3.141424","925","3.142668","922","3.14476","922","3.143368","922","3.140324","925","3.13994","922","3.146468","760","3.143244","922","3.14138","917","3.142672","922","3.14386","790","3.14004","759","3.143264","925","3.141212","925","3.140484","922","3.13972","925","3.140436","925","3.140524","925","3.141736","790","3.140124","759","3.144052","922","3.143612","925","3.14","925","3.142204","914","3.143236","787","3.138624","914","3.140712","922","3.140788","918","3.14142","881","3.141076","885","3.141172","882","3.143492","878","3.14342","875","3.144084","875","3.140216","878","3.143364","878","3.140648","875","3.142984","875","3.139612","861","3.137784","870","3.142108","861","3.14234","869","3.139656","863","3.143368","866","3.14312","858","3.144336","858","3.142412","863","3.144164","866","3.143612","966","3.141","967","3.140272","966","3.141448","967","3.139644","965","3.144448","967","3.138664","967","3.141012","962","3.141704","966","3.141656","967","3.140668","962","3.140924","967","3.144716","965","3.14072","967","3.142384","966","3.141428","965","3.139672","966","3.14086","967","3.14296","961","3.143132","966","3.142292","959","3.141596","966","3.138784","966","3.14536","958","3.14004","965","3.144412","966","3.138936","961","3.142316","965","3.144716","967","3.14134","967","3.14242","964","3.14188","965","3.142552","965","3.140908","965","3.143756","963","3.140084","960","3.139784","967","3.143304","965","3.143424","966","3.138228","967","3.14334","965","3.14206","966","3.142864","966","3.140756","964","3.142088","966","3.142528","967","3.139612","962","3.138744","964","3.1417456000000015","918","1034"
"34","3.140608","225","3.13904","585","3.140308","687","3.142428","688","3.139536","585","3.144368","688","3.144912","640","3.142824","584","3.144036","639","3.143416","637","3.144868","637","3.14074","637","3.142056","637","3.143568","637","3.140636","582","3.141344","637","3.143892","684","3.14068","582","3.1429","637","3.13968","637","3.143248","680","3.142304","967","3.1407","944","3.141824","671","3.143236","955","3.141484","955","3.1394","966","3.141784","960","3.143884","960","3.141676","964","3.14208","938","3.14252","915","3.1446","914","3.14144","910","3.142576","918","3.141492","918","3.138468","907","3.13998","899","3.143236","903","3.141728","907","3.141652","907","3.140832","907","3.141216","903","3.140212","903","3.143876","903","3.14102","907","3.141104","898","3.142708","901","3.139408","897","3.14136","900","3.141888","901","3.139708","897","3.144216","897","3.138944","893","3.139988","891","3.140064","897","3.141844","898","3.140856","893","3.144388","889","3.142904","897","3.143688","897","3.141328","882","3.140524","909","3.142212","886","3.140656","877","3.140716","909","3.140456","887","3.141688","909","3.141384","909","3.142488","875","3.140752","906","3.14156","906","3.140348","880","3.139728","906","3.141776","906","3.142764","906","3.143804","906","3.137724","906","3.14174","881","3.141556","883","3.14132","906","3.140604","906","3.142772","906","3.139648","876","3.138344","906","3.1414","906","3.143368","872","3.142816","880","3.1438","906","3.139452","906","3.141228","906","3.143536","906","3.14092","906","3.140024","875","3.14514","906","3.143188","877","3.144388","872","3.140876","872","3.141044","872","3.14166","872","3.14170108","841","1008"
"35","3.14242","647","3.140552","932","3.142584","932","3.143016","932","3.140828","931","3.139972","931","3.139304","932","3.14018","902","3.139364","931","3.142256","902","3.140156","834","3.14134","931","3.139212","932","3.139488","902","3.142496","931","3.142316","931","3.14132","894","3.14268","894","3.143264","930","3.141816","902","3.141332","826","3.145988","954","3.140212","924","3.142804","955","3.140016","929","3.146592","984","3.137372","960","3.143524","961","3.140024","929","3.137728","961","3.142192","961","3.141752","983","3.141412","983","3.144616","955","3.145004","961","3.141408","957","3.138496","919","3.14196","924","3.142012","979","3.139172","979","3.139032","979","3.1413","924","3.139172","979","3.14376","957","3.14154","956","3.142868","956","3.1411","979","3.142624","979","3.142048","979","3.142044","950","3.1422","957","3.142836","956","3.141736","979","3.142096","979","3.141148","957","3.140368","979","3.143896","957","3.14426","980","3.140608","979","3.140736","959","3.139568","959","3.143108","979","3.144268","959","3.142816","979","3.140252","979","3.140428","979","3.139928","979","3.141808","979","3.141928","961","3.141112","979","3.140628","951","3.141192","979","3.141876","925","3.143432","979","3.140456","955","3.142208","951","3.142004","979","3.142224","979","3.143304","917","3.143704","939","3.141036","939","3.142412","939","3.142848","939","3.141808","939","3.143792","916","3.142284","912","3.141968","892","3.13902","911","3.142724","912","3.143108","911","3.142584","911","3.14292","911","3.140332","889","3.140128","902","3.141756","903","3.14048","898","3.141288","898","3.143044","898","3.14414","898","3.14152","898","3.14168988","938","996"
"36","3.141972","302","3.143424","988","3.140476","950","3.14398","996","3.13942","983","3.140524","996","3.140624","942","3.142772","984","3.141228","987","3.142444","994","3.141728","987","3.142164","983","3.140236","983","3.139836","954","3.141592","984","3.143676","981","3.13948","984","3.14116","993","3.143388","989","3.142856","992","3.140984","992","3.141236","983","3.139716","983","3.140852","980","3.1409","980","3.142708","982","3.142416","983","3.144868","992","3.140248","989","3.140736","992","3.14248","988","3.140932","993","3.14166","993","3.14226","989","3.141352","991","3.141344","993","3.14172","979","3.138948","993","3.138192","984","3.140412","988","3.143312","992","3.142868","992","3.140156","983","3.1403","981","3.141964","979","3.141448","992","3.142776","988","3.14206","982","3.140456","991","3.141444","988","3.140432","989","3.14242","987","3.140864","979","3.142596","991","3.14176","992","3.14278","983","3.141224","993","3.144988","982","3.142676","989","3.1411","991","3.140368","991","3.142","989","3.143496","985","3.139492","976","3.141932","984","3.142996","989","3.143804","989","3.139988","989","3.141516","970","3.14348","971","3.139792","989","3.140752","966","3.14106","957","3.140904","971","3.138276","927","3.141352","927","3.139792","927","3.141576","927","3.141772","927","3.141344","905","3.143656","927","3.140344","927","3.14002","927","3.141296","927","3.139836","927","3.140684","923","3.142468","923","3.142176","923","3.143032","920","3.143108","920","3.14192","920","3.14282","913","3.142676","912","3.14226","913","3.141948","913","3.142384","913","3.142036","913","3.138668","908","3.142136","909","3.13984","908","3.14153568","960","1017"
"37","3.141728","233","3.144208","541","3.140628","512","3.14086","512","3.143376","537","3.141276","537","3.143348","968","3.140804","935","3.140144","904","3.140636","935","3.144932","892","3.144016","924","3.14376","968","3.1428","968","3.140988","923","3.141896","935","3.141144","968","3.140484","932","3.140828","900","3.141228","967","3.140776","923","3.145772","922","3.142372","968","3.141864","892","3.14364","924","3.142148","935","3.142432","967","3.141908","962","3.141712","963","3.140592","962","3.140316","963","3.139364","963","3.141876","962","3.140852","963","3.142344","962","3.141772","963","3.141864","959","3.14494","961","3.139084","961","3.142444","961","3.140832","960","3.14196","961","3.142352","960","3.141356","960","3.14462","961","3.142312","915","3.140388","960","3.142236","960","3.140656","960","3.141232","957","3.141252","958","3.141256","958","3.14266","958","3.141464","957","3.141464","956","3.1413","958","3.141576","958","3.139176","957","3.139712","939","3.14092","929","3.140724","929","3.141724","928","3.142588","929","3.1418","928","3.14326","928","3.1407","927","3.14048","928","3.143508","928","3.142272","929","3.142372","928","3.141016","928","3.142756","928","3.144656","928","3.140472","929","3.139616","929","3.141904","928","3.146124","929","3.14322","928","3.140828","928","3.14344","928","3.141548","927","3.1398","928","3.138728","928","3.139792","928","3.139864","928","3.143332","928","3.140852","928","3.14158","928","3.1419","928","3.142944","928","3.14308","928","3.142252","927","3.141792","928","3.141164","928","3.142664","928","3.140148","928","3.140436","925","3.139512","924","3.141536","920","3.142256","920","3.1417452","912","976"
"38","3.141184","223","3.139592","408","3.139732","548","3.139064","548","3.137768","548","3.1437","548","3.1455","939","3.141724","929","3.141856","964","3.140592","944","3.141144","967","3.141324","967","3.140684","954","3.142152","931","3.135048","951","3.142068","951","3.139428","948","3.140824","951","3.141624","954","3.140548","951","3.140052","953","3.143692","949","3.142848","945","3.143928","954","3.140216","954","3.143568","952","3.140176","949","3.14222","951","3.14566","951","3.142432","953","3.141072","956","3.139868","949","3.141128","950","3.144076","954","3.139404","946","3.143732","954","3.138308","949","3.139424","954","3.141832","952","3.14338","947","3.140088","945","3.139952","951","3.142072","949","3.142528","953","3.143884","942","3.140744","947","3.140404","949","3.138188","953","3.141824","952","3.141668","942","3.143032","943","3.142468","953","3.14168","947","3.140652","947","3.142948","950","3.142684","949","3.139268","950","3.141724","953","3.14176","943","3.142828","945","3.141428","953","3.138992","946","3.140848","944","3.140704","948","3.1388","951","3.140512","952","3.142804","951","3.140308","948","3.141752","947","3.14168","952","3.141764","946","3.14408","952","3.140564","952","3.141628","952","3.141004","953","3.141036","953","3.142704","949","3.141348","951","3.140804","950","3.144956","951","3.14362","953","3.14136","945","3.143596","953","3.141456","947","3.14208","952","3.144076","945","3.14176","952","3.140308","951","3.141536","948","3.142524","952","3.141488","947","3.143164","948","3.142468","949","3.138188","952","3.144396","947","3.140928","951","3.140392","950","3.141156","943","3.141256","952","3.141936","949","3.1414837200000005","920","982"
"39","3.142076","296","3.141552","384","3.141428","863","3.144784","989","3.142256","864","3.142972","1010","3.141696","984","3.14176","860","3.139196","746","3.14322","983","3.143044","1009","3.141828","1009","3.142992","1009","3.140784","949","3.141812","988","3.14004","983","3.144664","987","3.141588","1009","3.138696","997","3.14054","896","3.137728","977","3.141048","941","3.140324","997","3.1431","997","3.140884","987","3.145072","966","3.14286","986","3.141736","987","3.14276","987","3.14116","986","3.141432","986","3.139616","986","3.140028","987","3.143056","986","3.142044","987","3.140064","987","3.141644","987","3.141908","987","3.1407","986","3.14056","963","3.140124","986","3.141492","986","3.139148","965","3.141924","986","3.14158","986","3.139464","987","3.142012","986","3.140836","986","3.139736","956","3.142104","986","3.142056","963","3.142704","987","3.143548","987","3.143612","985","3.139792","987","3.139564","964","3.142108","985","3.142648","966","3.14148","985","3.142336","986","3.141092","957","3.14144","987","3.139768","967","3.14282","986","3.139704","986","3.138496","986","3.142312","986","3.141248","986","3.140376","985","3.139668","985","3.143476","986","3.141588","961","3.141364","985","3.14138","963","3.13964","965","3.142648","985","3.142832","985","3.141396","985","3.141636","986","3.141556","985","3.141492","985","3.146484","958","3.144212","986","3.140864","986","3.14148","987","3.14248","986","3.139316","986","3.138188","986","3.141964","986","3.142896","985","3.143892","985","3.141916","961","3.142632","965","3.143788","985","3.140684","986","3.141604","986","3.14092","986","3.14118","986","3.143752","956","3.139984","978","3.1415708799999993","962","1014"
"40","3.143024","396","3.13964","522","3.142616","900","3.142824","934","3.141648","859","3.139704","899","3.141544","864","3.142664","894","3.140192","868","3.13902","894","3.138812","888","3.140884","887","3.143336","888","3.138036","888","3.141968","888","3.1377","888","3.141276","888","3.142432","887","3.141532","887","3.139128","887","3.140236","888","3.144504","879","3.14264","876","3.142632","876","3.13958","971","3.142608","979","3.140036","972","3.143128","971","3.140688","980","3.140552","976","3.142104","971","3.138808","979","3.141964","972","3.144984","973","3.140124","971","3.141188","979","3.142668","972","3.143156","976","3.140284","973","3.14314","971","3.141996","971","3.141792","973","3.142648","973","3.141456","973","3.141048","971","3.14104","951","3.139928","973","3.143588","974","3.140516","971","3.141068","979","3.139808","973","3.13874","974","3.1411","973","3.138492","971","3.142048","971","3.143652","972","3.14282","964","3.142832","959","3.142404","956","3.138368","962","3.140768","962","3.1391","958","3.14082","959","3.142084","931","3.139212","962","3.14094","964","3.142928","957","3.142172","962","3.141632","964","3.144644","960","3.14292","964","3.139944","953","3.142152","953","3.141368","953","3.143112","954","3.139796","950","3.13994","945","3.13992","947","3.144492","949","3.142264","949","3.14098","951","3.142896","949","3.14124","953","3.139428","949","3.141396","948","3.141964","949","3.140064","950","3.13958","940","3.143552","944","3.144588","936","3.141224","902","3.140844","897","3.143876","894","3.143968","899","3.13942","896","3.138924","896","3.143004","894","3.141924","894","3.14448","896","3.14098","894","3.141428879999999","929","1006"
"41","3.136816","373","3.14292","397","3.141884","397","3.139828","397","3.143944","457","3.144848","396","3.1401","458","3.139888","457","3.14132","396","3.145144","741","3.140916","741","3.140688","738","3.141472","712","3.140828","926","3.143632","721","3.141864","692","3.144388","721","3.139056","821","3.146828","926","3.138276","718","3.139736","729","3.142296","718","3.142996","721","3.14216","685","3.141368","718","3.143012","904","3.14298","823","3.14144","721","3.139864","717","3.14104","721","3.144468","721","3.141236","900","3.143316","927","3.140984","925","3.141788","925","3.141","925","3.142096","924","3.141584","866","3.141724","919","3.140332","921","3.14302","921","3.141216","922","3.141384","921","3.140036","921","3.143192","917","3.139408","917","3.142508","921","3.140544","920","3.141692","919","3.141684","917","3.1409","920","3.141308","912","3.14066","917","3.14284","923","3.140916","920","3.141356","923","3.14216","921","3.140236","920","3.140808","912","3.141072","923","3.142292","921","3.142784","911","3.141108","920","3.14146","920","3.141828","918","3.140976","916","3.14","915","3.145452","908","3.142256","916","3.13978","900","3.139096","903","3.140572","905","3.139936","904","3.143244","910","3.138432","864","3.141624","859","3.142008","864","3.142672","857","3.142088","855","3.1394","857","3.139356","857","3.14202","853","3.144072","854","3.139096","845","3.140004","854","3.138452","854","3.14434","854","3.142956","854","3.140616","853","3.140384","850","3.141388","853","3.142564","853","3.13938","854","3.138636","844","3.141324","844","3.142284","842","3.14522","840","3.142092","838","3.142196","838","3.143532","837","3.1415391999999995","818","971"
"42","3.1425","519","3.141424","476","3.138456","897","3.140888","974","3.142108","939","3.14256","917","3.139212","950","3.142032","947","3.140724","937","3.140692","975","3.140492","975","3.14498","939","3.141712","976","3.141428","974","3.141556","950","3.143412","945","3.1413","953","3.14092","952","3.138424","975","3.141","975","3.142568","975","3.143192","974","3.142784","952","3.142612","975","3.139688","974","3.147048","974","3.139868","974","3.140988","974","3.140852","975","3.141096","939","3.142608","975","3.142648","971","3.143084","970","3.14208","970","3.141728","977","3.142308","970","3.142364","970","3.145804","971","3.142148","976","3.142504","970","3.140348","975","3.141132","976","3.142476","970","3.143016","970","3.138816","975","3.141152","975","3.141864","976","3.139668","943","3.14266","970","3.143536","976","3.142348","970","3.1422","970","3.139264","970","3.142036","970","3.143104","976","3.140652","975","3.140748","975","3.14356","976","3.143056","975","3.141892","941","3.143668","975","3.139132","970","3.1403","971","3.140848","971","3.140404","976","3.138212","975","3.14224","976","3.140548","970","3.141508","976","3.143404","975","3.143296","976","3.1437","973","3.14304","970","3.137756","957","3.142292","953","3.1412","958","3.141856","950","3.140752","949","3.140468","944","3.142244","950","3.144396","950","3.139652","943","3.142396","950","3.14186","943","3.143548","944","3.142588","950","3.1424","930","3.139132","931","3.139464","930","3.142088","931","3.139404","931","3.14266","889","3.14374","888","3.1408","889","3.139408","889","3.142928","889","3.141536","888","3.143056","889","3.14394","889","3.138936","889","3.141681199999999","946","989"
"43","3.140288","564","3.143568","563","3.142696","563","3.140696","563","3.14138","536","3.141024","535","3.14132","584","3.140632","557","3.140696","529","3.142172","709","3.14576","957","3.141972","956","3.144872","957","3.14178","957","3.138712","956","3.139732","957","3.14304","957","3.138536","956","3.138884","957","3.140568","956","3.141952","957","3.143348","834","3.140936","946","3.139828","946","3.144152","947","3.141676","946","3.14222","946","3.140256","947","3.140728","946","3.143824","946","3.140204","946","3.145084","946","3.141212","946","3.141144","946","3.14142","944","3.14002","945","3.14156","866","3.141044","945","3.141228","945","3.142696","871","3.141948","945","3.139896","946","3.14098","840","3.141416","945","3.140824","864","3.140168","931","3.139892","931","3.142632","931","3.145028","931","3.145692","894","3.138824","894","3.141148","926","3.141356","927","3.143396","960","3.140908","926","3.14204","926","3.142056","893","3.140856","959","3.140548","926","3.142608","892","3.1406","926","3.139828","926","3.142596","926","3.140692","959","3.141552","933","3.142796","933","3.140108","914","3.140984","933","3.145884","933","3.142364","933","3.141484","933","3.140816","933","3.140904","933","3.140492","932","3.14154","933","3.142312","933","3.140816","933","3.143648","933","3.141928","933","3.140592","933","3.14202","933","3.143708","933","3.139772","933","3.1412","933","3.142252","932","3.143688","913","3.1429","932","3.140432","914","3.142656","933","3.139232","929","3.140296","929","3.140444","923","3.1428","914","3.141648","900","3.138176","899","3.139488","899","3.137412","900","3.144188","900","3.13972","900","3.141548","900","3.1415059199999984","893","999"
"44","3.140352","400","3.136976","705","3.143396","705","3.14356","586","3.13882","676","3.144424","676","3.140948","676","3.142404","699","3.141764","695","3.140648","695","3.141456","695","3.141192","695","3.141604","695","3.14404","695","3.139312","670","3.140672","695","3.141432","694","3.13962","906","3.143848","918","3.141136","908","3.140912","944","3.141144","914","3.138188","923","3.144024","917","3.141316","918","3.142144","918","3.14396","922","3.142016","944","3.143152","922","3.143884","920","3.1429","923","3.139304","915","3.141904","924","3.141624","923","3.14222","920","3.143904","922","3.14138","923","3.141028","911","3.140736","912","3.140548","918","3.140964","940","3.140932","939","3.14094","908","3.141248","939","3.1397","908","3.139504","918","3.143244","940","3.140536","940","3.141836","935","3.142028","935","3.141516","905","3.142412","905","3.142748","935","3.140828","935","3.143168","934","3.142632","912","3.139952","934","3.144704","934","3.141964","926","3.143348","926","3.140288","926","3.144992","926","3.142712","926","3.14114","926","3.140112","926","3.142976","926","3.142848","926","3.143072","924","3.142588","924","3.14018","924","3.141512","924","3.141296","924","3.13786","924","3.14304","924","3.144344","913","3.141392","913","3.143044","913","3.139812","914","3.142864","913","3.142424","913","3.14376","913","3.137948","913","3.139036","913","3.141556","914","3.140088","914","3.141376","913","3.142552","912","3.139024","912","3.141044","912","3.142784","912","3.144632","913","3.142624","913","3.143252","913","3.14012","913","3.141312","913","3.140116","912","3.144224","913","3.142728","912","3.143064","913","3.141244","913","3.141690759999999","877","967"
"45","3.141892","727","3.144772","690","3.140944","718","3.141904","718","3.141892","718","3.141516","718","3.14434","718","3.140304","690","3.142252","689","3.141732","713","3.139568","685","3.145384","713","3.139744","682","3.142496","675","3.143336","671","3.141952","677","3.142092","705","3.141364","677","3.143624","1013","3.143412","987","3.142632","1006","3.141324","1006","3.140744","1006","3.141888","1006","3.143056","1005","3.139472","1002","3.139896","1002","3.142224","999","3.142916","1000","3.143048","1002","3.142972","999","3.14376","999","3.143072","999","3.139184","999","3.142648","1000","3.144108","996","3.140248","996","3.144344","995","3.14092","995","3.141756","994","3.139776","995","3.137808","988","3.141904","988","3.1422","988","3.144224","988","3.142412","987","3.145096","989","3.141116","989","3.141436","988","3.139204","988","3.144092","988","3.141964","987","3.14214","987","3.140596","980","3.146092","975","3.141792","975","3.143548","979","3.141352","980","3.143104","978","3.14202","980","3.143288","979","3.144436","979","3.141808","974","3.141736","978","3.144312","980","3.141608","974","3.141648","977","3.1431","978","3.140992","979","3.140832","980","3.140968","980","3.140756","979","3.140888","975","3.141332","978","3.140808","979","3.140868","976","3.142632","977","3.144144","977","3.139912","980","3.140092","973","3.140824","974","3.14326","976","3.143744","979","3.141644","978","3.141764","980","3.143496","975","3.13792","978","3.144912","978","3.140256","977","3.14212","976","3.14486","976","3.140868","975","3.141624","980","3.142096","980","3.140008","972","3.138476","978","3.141568","976","3.138764","978","3.137412","979","3.139344","977","3.1418772800000014","933","1039"
"46","3.139008","422","3.140684","987","3.139332","806","3.144212","982","3.141436","921","3.141524","661","3.141516","984","3.144824","1007","3.140844","987","3.141068","907","3.141796","661","3.141988","698","3.14248","698","3.141824","698","3.14166","1007","3.141668","920","3.142592","1007","3.140812","993","3.14106","993","3.142184","992","3.143692","993","3.140972","993","3.143416","892","3.141924","969","3.141676","993","3.139792","976","3.141776","956","3.14214","976","3.143792","953","3.140908","976","3.139988","949","3.140296","914","3.144164","969","3.140792","949","3.140048","969","3.143616","969","3.140712","970","3.139116","946","3.138292","969","3.13982","907","3.141604","968","3.14022","969","3.140928","969","3.146364","965","3.140508","965","3.143196","965","3.139636","965","3.14228","964","3.14312","964","3.14262","960","3.141156","961","3.141752","961","3.136996","955","3.141848","930","3.141996","959","3.143552","952","3.1395","952","3.144496","951","3.14382","952","3.141708","945","3.141388","945","3.13952","945","3.142952","946","3.138948","947","3.141188","947","3.138564","946","3.143568","947","3.143832","947","3.139648","947","3.143252","946","3.14356","947","3.140624","946","3.142592","946","3.136552","946","3.142212","946","3.140536","947","3.141276","940","3.142244","947","3.143404","947","3.14192","947","3.141008","947","3.14038","946","3.140404","941","3.141008","947","3.143376","946","3.142264","940","3.139664","946","3.1391","947","3.1396","947","3.141284","945","3.140176","946","3.141868","947","3.140608","917","3.142912","947","3.14048","946","3.140912","946","3.142048","946","3.141156","924","3.142808","921","3.141304","917","3.14146884","934","1016"
"47","3.143324","49","3.142092","353","3.141788","378","3.143104","352","3.143336","741","3.143584","881","3.141152","845","3.13956","781","3.143056","776","3.140444","884","3.141168","789","3.138456","881","3.143044","857","3.14154","789","3.141576","785","3.142632","814","3.140124","843","3.142236","881","3.142904","813","3.142676","856","3.140024","850","3.144204","885","3.143104","881","3.142356","853","3.143008","776","3.145748","881","3.143688","881","3.140784","988","3.141444","928","3.140852","990","3.140908","949","3.13968","953","3.139448","988","3.1411","954","3.14286","989","3.139792","966","3.142912","988","3.141804","992","3.142096","946","3.139328","979","3.140608","978","3.140892","977","3.142388","953","3.138212","978","3.141324","946","3.141504","978","3.143348","977","3.141552","978","3.13924","978","3.14034","979","3.140576","983","3.14326","978","3.141268","955","3.139792","946","3.142012","979","3.14484","982","3.142196","981","3.141164","977","3.139768","913","3.140132","981","3.141924","977","3.143012","954","3.141212","977","3.141196","977","3.140176","982","3.144236","953","3.13912","981","3.14196","981","3.142344","952","3.139792","964","3.139936","964","3.14214","962","3.143676","965","3.141108","962","3.14258","962","3.140608","942","3.142004","945","3.138936","939","3.14096","918","3.141612","919","3.142224","919","3.142884","922","3.142404","922","3.144132","917","3.143008","920","3.143772","919","3.142328","921","3.142664","916","3.141284","921","3.143536","920","3.1427","921","3.138832","904","3.144644","905","3.141244","905","3.140116","905","3.141764","905","3.1391","903","3.140548","905","3.143728","887","3.139148","885","3.14165944","897","1010"
"48","3.138948","489","3.141888","1043","3.142176","517","3.1413","1004","3.140556","1005","3.141532","1004","3.14196","1005","3.142196","1005","3.13968","1004","3.144616","1004","3.141644","1004","3.13976","1004","3.138828","1005","3.139056","979","3.143476","1004","3.141912","1004","3.14344","972","3.13992","1004","3.141096","972","3.141512","1005","3.1438","1005","3.140928","1004","3.141372","1004","3.141028","1004","3.144312","1004","3.142472","1004","3.145284","995","3.144192","995","3.14316","969","3.140828","995","3.1381","995","3.14108","969","3.138708","995","3.138316","961","3.142936","992","3.142388","992","3.141272","992","3.143464","959","3.137804","992","3.140776","992","3.144272","992","3.142652","991","3.142564","987","3.141664","988","3.143324","999","3.139788","1020","3.144036","988","3.140472","987","3.139716","1020","3.141668","960","3.1414","989","3.141552","987","3.141356","994","3.140368","987","3.141324","987","3.14002","987","3.140216","987","3.14048","958","3.140368","960","3.140832","997","3.14334","985","3.142932","997","3.138512","996","3.13994","984","3.139196","997","3.142032","996","3.140448","996","3.14146","970","3.142268","964","3.142204","965","3.142504","983","3.140924","962","3.144336","950","3.141396","955","3.141496","951","3.140104","955","3.14154","951","3.143748","956","3.143712","957","3.14262","957","3.140868","954","3.13944","955","3.141216","976","3.143748","954","3.138448","957","3.14186","957","3.141296","954","3.145324","956","3.14042","976","3.143416","976","3.140688","954","3.138632","953","3.141956","972","3.14292","952","3.139876","941","3.1428","941","3.143264","940","3.141728","936","3.1386","933","3.142124","954","3.1414912399999997","971","1044"
"49","3.140372","397","3.14224","848","3.141456","848","3.142424","548","3.139824","548","3.139436","779","3.144296","859","3.143972","859","3.143364","848","3.14208","706","3.138992","849","3.141312","848","3.138476","837","3.142248","732","3.141248","871","3.143868","871","3.141884","834","3.140084","766","3.14166","870","3.141104","871","3.138668","870","3.140856","871","3.14476","762","3.144276","830","3.141408","949","3.140152","992","3.1439","945","3.145492","1002","3.141052","941","3.14122","995","3.142004","1002","3.137772","938","3.141892","996","3.144124","1003","3.143484","948","3.141824","997","3.14148","941","3.141564","1001","3.1433","995","3.141548","904","3.14334","990","3.141684","1001","3.14004","994","3.140084","1001","3.13934","990","3.143076","937","3.1401","991","3.14294","995","3.14132","995","3.140904","995","3.138528","994","3.144316","990","3.143664","995","3.141104","948","3.142108","991","3.14308","981","3.139088","1001","3.143012","1000","3.142696","991","3.14026","1001","3.14232","991","3.138112","936","3.1419","1000","3.1442","1000","3.141676","947","3.142408","991","3.14254","1003","3.144004","1003","3.1464","968","3.140972","976","3.13916","971","3.143268","932","3.142276","929","3.142664","930","3.1424","930","3.141004","929","3.143936","930","3.14132","929","3.143264","929","3.141404","929","3.139884","930","3.142356","929","3.144084","928","3.14356","928","3.142428","923","3.140984","923","3.14046","923","3.142596","923","3.1418","923","3.138232","923","3.1412","923","3.143388","923","3.140044","923","3.142364","923","3.144544","923","3.14202","923","3.14138","923","3.140728","923","3.141004","923","3.140216","923","3.141803000000002","918","1041"
"50","3.14262","180","3.141028","1014","3.141412","973","3.143196","976","3.139816","978","3.14114","1013","3.144028","972","3.14166","1014","3.138032","986","3.142","973","3.141108","986","3.138652","1014","3.139796","1014","3.139256","1013","3.140684","1014","3.140932","985","3.142816","1012","3.141092","1010","3.139384","1012","3.143664","1012","3.14178","978","3.139672","1013","3.140316","1012","3.140648","1013","3.141584","1014","3.142216","1015","3.140468","1011","3.143248","1015","3.14384","1012","3.143468","1015","3.14042","1011","3.136528","1012","3.140284","986","3.140956","1017","3.144336","995","3.145804","1005","3.14132","1000","3.141532","1005","3.143588","1005","3.143488","1002","3.14516","1003","3.14216","997","3.142268","1003","3.139652","971","3.141604","1005","3.140916","969","3.140608","1003","3.143332","1003","3.143272","1005","3.144484","1003","3.140168","998","3.143168","1003","3.141832","999","3.140592","1003","3.14172","1005","3.138228","995","3.143608","1005","3.140412","1005","3.14218","997","3.138732","996","3.142256","993","3.14344","997","3.141676","998","3.138388","992","3.142132","999","3.142092","1000","3.143104","996","3.143268","994","3.144844","992","3.14044","996","3.142408","999","3.1406","995","3.140508","997","3.142116","991","3.140524","998","3.140044","995","3.141404","992","3.142576","985","3.141556","986","3.14258","984","3.141156","984","3.144512","985","3.139476","987","3.141876","986","3.1399","979","3.143696","982","3.142876","978","3.139776","982","3.141988","982","3.139652","986","3.1423","986","3.140092","986","3.1422","986","3.14072","985","3.140504","987","3.141004","985","3.142452","981","3.142256","986","3.139648","985","3.140784","981","3.141547319999999","988","1024"
"51","3.143456","431","3.14154","429","3.142912","946","3.140212","952","3.140916","954","3.140532","940","3.141724","947","3.142952","951","3.1408","950","3.14136","954","3.142388","973","3.139552","973","3.14378","943","3.139764","944","3.14292","951","3.141124","939","3.139728","954","3.141996","952","3.144276","950","3.14088","954","3.141628","939","3.142176","950","3.141888","951","3.14246","939","3.143248","953","3.143296","945","3.142364","944","3.140448","947","3.139764","950","3.14024","953","3.142128","947","3.138816","950","3.142564","938","3.141388","946","3.145688","910","3.140592","972","3.143572","972","3.13962","942","3.141468","945","3.141996","952","3.143592","941","3.141856","939","3.140504","947","3.140396","939","3.141628","946","3.141172","944","3.143144","954","3.139592","947","3.140376","940","3.14246","950","3.140192","950","3.141412","947","3.142932","949","3.13864","950","3.13568","951","3.142212","942","3.140992","954","3.14096","940","3.141896","941","3.14092","947","3.138356","954","3.140884","940","3.144652","953","3.13942","940","3.140308","941","3.14168","952","3.141076","946","3.143212","944","3.140424","972","3.141732","953","3.142016","949","3.141116","947","3.141136","951","3.14288","954","3.140352","972","3.14336","942","3.13936","939","3.14282","950","3.140072","945","3.139496","950","3.147208","953","3.143316","946","3.141256","941","3.143072","945","3.14144","950","3.14016","938","3.142408","949","3.142172","972","3.137688","945","3.144408","942","3.14166","949","3.142728","950","3.144356","952","3.143128","949","3.139596","972","3.140696","940","3.141704","972","3.144528","972","3.139076","950","3.140284","953","3.1415394800000014","938","975"
"52","3.139568","174","3.143012","1012","3.140132","962","3.14082","984","3.13922","984","3.139112","927","3.142092","984","3.13936","1012","3.14198","984","3.142052","984","3.142604","1009","3.140124","1006","3.143216","882","3.142984","926","3.140508","984","3.141736","1011","3.141216","984","3.13934","994","3.137792","995","3.140524","974","3.143604","973","3.138872","973","3.1433","973","3.142388","973","3.14034","973","3.139696","973","3.142856","937","3.140916","973","3.13954","969","3.14082","971","3.141896","969","3.140464","973","3.143264","962","3.145812","974","3.144808","971","3.142112","969","3.143572","973","3.143424","969","3.143484","974","3.139308","971","3.143364","971","3.139616","969","3.141176","971","3.142608","974","3.138128","997","3.144016","971","3.141352","971","3.139196","968","3.1414","971","3.139956","971","3.142412","997","3.141104","971","3.142816","970","3.141064","962","3.143512","969","3.139152","971","3.143468","973","3.140136","962","3.143132","962","3.139836","971","3.142908","971","3.146212","997","3.141948","970","3.142104","970","3.14042","973","3.141676","972","3.13986","949","3.145808","972","3.139852","972","3.141708","941","3.139576","942","3.141276","965","3.139376","965","3.143744","965","3.139792","939","3.141728","965","3.142144","945","3.144584","965","3.144384","965","3.140228","952","3.140064","952","3.140944","952","3.138584","952","3.142484","946","3.140232","946","3.141588","945","3.138532","923","3.13854","939","3.142712","939","3.143312","915","3.145344","930","3.142328","930","3.14222","930","3.140008","930","3.14078","930","3.14044","923","3.141552","922","3.142284","922","3.143772","922","3.140972","922","3.1415133200000014","955","1043"
"53","3.141104","311","3.142028","618","3.140688","587","3.1424","590","3.14122","558","3.142804","618","3.141552","587","3.140748","950","3.142536","981","3.143044","953","3.142172","959","3.140008","961","3.142388","962","3.144928","959","3.143644","980","3.141768","961","3.14536","948","3.14074","957","3.142912","961","3.142392","980","3.142604","959","3.140864","962","3.142396","963","3.14438","951","3.137808","980","3.142396","957","3.138672","949","3.143968","951","3.1399","980","3.142544","952","3.144752","980","3.142396","962","3.141152","948","3.143928","962","3.140208","976","3.14248","945","3.141788","976","3.141228","944","3.13792","954","3.1415","976","3.143448","976","3.142792","953","3.142004","933","3.140808","946","3.140532","966","3.140368","945","3.142584","945","3.14356","946","3.142224","944","3.142344","943","3.14016","948","3.14312","948","3.142256","966","3.141164","966","3.141652","944","3.14022","966","3.140812","948","3.140792","937","3.140936","966","3.143312","966","3.1407","937","3.141992","966","3.141856","966","3.140104","935","3.139448","966","3.142724","946","3.137884","943","3.139448","946","3.140696","966","3.141516","943","3.140184","966","3.143524","939","3.14172","966","3.140092","965","3.142092","948","3.139876","944","3.144784","944","3.140052","941","3.14232","965","3.141124","940","3.139972","966","3.141932","933","3.144296","947","3.1423","966","3.140436","937","3.143232","965","3.141268","945","3.142444","966","3.142168","947","3.142392","947","3.13944","946","3.138912","945","3.141924","935","3.139604","886","3.142976","883","3.1426","882","3.141624","906","3.139208","885","3.14242","885","3.1418","906","3.141654920000001","922","986"
"54","3.141992","302","3.140736","329","3.13806","302","3.142772","302","3.142088","301","3.139968","301","3.139064","973","3.144496","972","3.140624","946","3.142612","972","3.14192","953","3.142548","971","3.142724","942","3.14266","971","3.141168","972","3.14138","972","3.143012","972","3.141292","972","3.141216","971","3.14402","972","3.14228","951","3.137996","971","3.145152","949","3.142416","946","3.14","971","3.141344","971","3.138768","973","3.142516","972","3.137548","972","3.140216","971","3.139864","971","3.138552","972","3.143844","933","3.137868","972","3.141048","971","3.141628","950","3.13996","934","3.14414","971","3.138932","971","3.140544","972","3.14228","939","3.141108","972","3.141324","972","3.141212","933","3.142532","971","3.140868","972","3.139532","971","3.142056","949","3.141588","971","3.142724","972","3.142096","971","3.139264","972","3.139788","971","3.138712","972","3.143556","971","3.141148","971","3.141264","971","3.140112","971","3.143496","971","3.141332","971","3.142836","972","3.141116","971","3.141944","941","3.146652","952","3.143956","971","3.1408","972","3.139316","971","3.141532","971","3.141404","942","3.14042","943","3.140948","971","3.14176","971","3.13972","971","3.145016","972","3.140296","971","3.141156","951","3.14404","970","3.137508","971","3.139232","971","3.139312","944","3.14334","971","3.143348","970","3.141492","971","3.142768","972","3.141192","971","3.142068","972","3.141772","971","3.138988","951","3.141804","971","3.142208","939","3.1414","952","3.141236","971","3.142292","971","3.139808","971","3.143568","972","3.144216","971","3.14104","952","3.142196","945","3.141676","972","3.141724","972","3.141420599999999","925","978"
"55","3.141592","955","3.14056","979","3.141032","979","3.142124","979","3.140936","979","3.139392","979","3.145496","956","3.13954","979","3.139904","979","3.140716","979","3.139484","957","3.141508","979","3.140476","979","3.13962","979","3.144772","979","3.142276","979","3.139964","979","3.142176","950","3.141032","979","3.144428","978","3.140196","948","3.141928","979","3.143244","955","3.140576","979","3.138656","979","3.143552","979","3.139332","979","3.1432","978","3.14072","979","3.141984","979","3.141596","979","3.139392","978","3.141404","978","3.140396","979","3.138208","978","3.141024","978","3.139756","979","3.14046","979","3.141964","979","3.14246","979","3.142852","979","3.141884","941","3.144892","979","3.14624","949","3.143388","978","3.142036","978","3.142256","979","3.14112","954","3.141396","979","3.140356","979","3.141056","978","3.141388","956","3.142184","978","3.142924","978","3.137952","979","3.143268","978","3.14008","979","3.138852","978","3.141656","979","3.146264","978","3.139912","978","3.141192","952","3.1406","941","3.140616","979","3.140352","947","3.140908","978","3.140092","949","3.144112","978","3.14114","978","3.141896","979","3.142916","951","3.142452","957","3.146328","978","3.144604","978","3.141496","979","3.141664","979","3.146116","946","3.142752","978","3.143184","956","3.142316","978","3.139268","955","3.138948","957","3.142832","955","3.1416","978","3.141784","978","3.144488","978","3.143264","978","3.142312","978","3.140456","978","3.141428","978","3.139772","978","3.142096","978","3.143296","978","3.141332","978","3.14452","978","3.139852","978","3.139548","955","3.142076","978","3.142256","952","3.142984","950","3.1416787999999993","972","980"
"56","3.140092","985","3.143356","967","3.143284","985","3.14136","979","3.139588","1004","3.140696","985","3.14384","1004","3.141892","1004","3.141396","1004","3.14238","983","3.141384","979","3.140476","1004","3.1414","1005","3.142144","1008","3.143316","1004","3.141304","1004","3.139908","1005","3.142904","978","3.14122","1004","3.142984","1005","3.139044","1004","3.142316","1004","3.13864","941","3.14142","1004","3.144476","1004","3.14222","1004","3.142156","982","3.14266","981","3.13946","980","3.141484","1004","3.141632","975","3.138936","1004","3.142148","1004","3.142468","1004","3.139932","1004","3.139472","980","3.142528","1004","3.142632","1004","3.142528","1004","3.14078","1004","3.141044","1004","3.139956","1004","3.142056","985","3.142472","1004","3.143204","1007","3.141272","1004","3.139","1004","3.140912","983","3.14076","1004","3.14186","1004","3.142932","1004","3.139968","1004","3.1409","973","3.141744","1004","3.14262","1004","3.139136","1004","3.141248","1004","3.13834","1004","3.143196","1008","3.140904","975","3.140944","972","3.14224","1003","3.14178","1003","3.142344","982","3.143096","1003","3.138996","968","3.141664","991","3.141284","995","3.144512","992","3.144968","966","3.1438","991","3.14372","995","3.140068","995","3.141596","966","3.140844","992","3.143876","995","3.1417","995","3.142772","992","3.140564","995","3.141028","995","3.14358","992","3.141776","991","3.141684","991","3.14322","991","3.140392","995","3.142728","991","3.141884","991","3.140524","991","3.141652","995","3.14026","974","3.143312","949","3.142352","949","3.140732","950","3.141984","949","3.139576","946","3.140764","946","3.140884","945","3.140524","942","3.141076","942","3.142192","938","3.14158272","989","1008"
"57","3.145156","288","3.145456","477","3.141516","547","3.145604","790","3.142968","834","3.140548","831","3.14208","875","3.140576","834","3.14076","830","3.140128","970","3.139584","858","3.141572","858","3.141664","831","3.141268","970","3.138196","787","3.139116","831","3.141556","858","3.14198","858","3.142236","970","3.1405","791","3.140364","787","3.140456","857","3.142352","833","3.140344","794","3.141728","798","3.141588","968","3.144032","829","3.141808","957","3.142348","955","3.139816","956","3.141776","957","3.141784","958","3.141484","891","3.139984","956","3.139944","957","3.141276","957","3.142972","956","3.14034","955","3.13954","909","3.142156","956","3.142636","956","3.144364","956","3.142524","957","3.13726","957","3.142972","957","3.141588","957","3.140436","955","3.142416","957","3.139052","957","3.141552","954","3.14604","956","3.14136","931","3.143964","933","3.138192","867","3.139836","897","3.14328","887","3.139708","898","3.141696","887","3.144432","898","3.140568","898","3.141608","897","3.140648","898","3.13974","869","3.144452","898","3.142192","886","3.140388","886","3.142544","886","3.140228","883","3.14216","885","3.1406","886","3.142032","884","3.14226","873","3.142928","885","3.141416","885","3.139388","883","3.141328","883","3.140516","886","3.139472","886","3.139648","886","3.142576","886","3.139976","869","3.1422","869","3.142932","868","3.142356","870","3.139444","868","3.143256","868","3.14336","855","3.140884","865","3.140268","866","3.144496","865","3.139732","865","3.143956","865","3.140732","862","3.142496","865","3.140652","864","3.141084","861","3.142608","861","3.141908","859","3.14442","860","3.142468","861","3.141577839999999","876","981"
"58","3.142912","374","3.143328","348","3.140816","961","3.14264","960","3.143332","955","3.13872","957","3.143228","950","3.137628","948","3.141424","922","3.142172","963","3.144004","962","3.140852","957","3.13988","963","3.14252","948","3.144096","956","3.14066","959","3.141976","954","3.145444","962","3.139988","953","3.144192","957","3.142444","955","3.145568","957","3.142288","960","3.142028","961","3.14184","962","3.144336","961","3.141332","956","3.14316","956","3.141048","959","3.144696","959","3.140292","951","3.144288","962","3.138888","958","3.140184","948","3.139512","948","3.142208","960","3.141","961","3.143732","958","3.141016","851","3.140172","948","3.143572","961","3.140312","957","3.14234","962","3.137196","962","3.144952","957","3.14122","962","3.141468","959","3.140276","955","3.141692","947","3.142716","952","3.143368","951","3.143912","960","3.144092","961","3.139588","957","3.141056","950","3.142132","910","3.142512","956","3.139592","948","3.140656","959","3.140788","962","3.13918","957","3.140752","963","3.14292","961","3.142728","951","3.141612","957","3.142604","959","3.141244","962","3.141216","955","3.143164","959","3.1382","896","3.143016","904","3.143144","924","3.139388","924","3.141116","911","3.139788","870","3.140788","845","3.14356","870","3.140044","870","3.138392","869","3.141328","870","3.14106","869","3.1404","870","3.142316","870","3.14318","869","3.142508","845","3.141448","870","3.141968","869","3.139804","870","3.140604","870","3.1443","869","3.143152","870","3.139812","870","3.143224","870","3.139768","870","3.1404","866","3.141388","866","3.140564","866","3.142716","866","3.14186","866","3.144256","866","3.1417219600000004","917","985"
"59","3.138376","967","3.140532","977","3.139544","967","3.14028","974","3.140848","998","3.14094","975","3.140892","998","3.141968","977","3.1384","938","3.144908","998","3.141336","966","3.140012","965","3.14134","998","3.143028","963","3.140928","966","3.14316","975","3.141276","998","3.141812","975","3.142728","975","3.142048","998","3.1416","998","3.143596","998","3.140312","967","3.145124","967","3.139832","998","3.141804","998","3.144112","967","3.141036","998","3.139212","976","3.141728","998","3.145892","966","3.1402","998","3.140744","998","3.13916","998","3.140848","998","3.141488","998","3.141108","998","3.139772","963","3.144136","998","3.140128","964","3.141108","970","3.141652","960","3.142368","994","3.142492","964","3.138748","993","3.13988","958","3.140248","994","3.139576","994","3.142696","919","3.14386","961","3.142112","961","3.14358","993","3.145188","993","3.142596","957","3.142364","993","3.13954","993","3.144796","993","3.14234","993","3.14292","993","3.140784","958","3.141524","994","3.139432","962","3.1411","962","3.141864","994","3.138828","993","3.14004","993","3.14036","961","3.140208","993","3.141908","993","3.139204","993","3.1403","993","3.1421","993","3.143296","971","3.139924","993","3.143628","993","3.14206","993","3.14182","993","3.143556","993","3.142752","993","3.138828","993","3.139128","942","3.142392","928","3.143852","926","3.141092","926","3.141768","926","3.141956","927","3.139596","902","3.140556","926","3.140772","926","3.139568","926","3.139172","923","3.144216","923","3.143844","923","3.143616","923","3.141856","895","3.142156","922","3.142692","923","3.14088","913","3.141044","913","3.139684","912","3.1414760799999994","969","999"
"60","3.139484","298","3.140608","608","3.141992","550","3.143932","608","3.140576","550","3.142004","608","3.140252","551","3.136884","608","3.14044","608","3.14308","608","3.139372","551","3.141432","978","3.13944","980","3.14226","982","3.140924","980","3.141844","979","3.145452","977","3.142512","985","3.141624","985","3.142964","988","3.14192","988","3.142564","981","3.142368","983","3.143292","984","3.142692","978","3.138604","978","3.141884","982","3.142124","985","3.140472","988","3.139888","983","3.140736","983","3.141412","988","3.13988","988","3.145804","985","3.140832","987","3.143944","979","3.141144","977","3.142684","985","3.139944","983","3.140884","979","3.140384","976","3.141212","982","3.141532","982","3.1437","987","3.138076","957","3.141944","977","3.139468","982","3.141224","985","3.14156","981","3.141272","981","3.14222","977","3.140792","982","3.142668","971","3.141388","977","3.14176","976","3.14214","977","3.1427","982","3.13988","980","3.144136","979","3.139696","979","3.144332","972","3.13834","974","3.142452","978","3.142388","980","3.144468","980","3.138644","978","3.140648","972","3.1415","971","3.142836","973","3.140996","971","3.142976","969","3.142052","977","3.1415","977","3.141324","967","3.139972","973","3.139492","969","3.141348","967","3.142064","975","3.142036","970","3.140808","967","3.14082","972","3.141968","969","3.142632","977","3.141624","978","3.143724","975","3.141312","974","3.141556","969","3.14272","969","3.14132","977","3.143656","973","3.140348","969","3.14234","967","3.138052","975","3.141252","977","3.142964","977","3.142532","970","3.140748","973","3.143208","967","3.142896","968","3.141392","977","3.141551400000001","931","998"
"61","3.140272","16","3.139428","953","3.139276","953","3.137572","945","3.141976","945","3.138916","944","3.143732","950","3.14062","953","3.140116","942","3.140268","944","3.142364","888","3.144612","942","3.140832","942","3.140248","953","3.141852","953","3.142944","953","3.143104","945","3.141672","953","3.138756","953","3.14316","975","3.141252","1013","3.141064","986","3.142176","966","3.143724","986","3.14318","975","3.141932","966","3.14096","1013","3.142592","986","3.140276","980","3.139416","972","3.14152","966","3.139184","966","3.13924","1013","3.142804","980","3.139012","943","3.141528","985","3.141268","1013","3.14326","984","3.141068","985","3.142208","1013","3.140724","970","3.143328","980","3.140244","1013","3.1401","986","3.142532","980","3.140856","934","3.142548","980","3.143004","1012","3.142972","1002","3.139332","1002","3.14424","1002","3.140344","970","3.139828","1002","3.14172","1003","3.143148","976","3.143456","1002","3.144068","974","3.142972","976","3.14022","1002","3.141328","973","3.142776","1001","3.139032","975","3.143944","954","3.139752","987","3.140988","987","3.142196","987","3.144536","987","3.14086","986","3.144376","986","3.142312","987","3.1433","987","3.13914","987","3.143112","986","3.141612","976","3.14124","976","3.138688","968","3.142988","962","3.139448","961","3.140644","961","3.141056","962","3.142868","961","3.143784","962","3.140684","962","3.140696","962","3.139924","926","3.141428","936","3.141364","961","3.143408","962","3.140792","961","3.14034","962","3.13856","961","3.14374","961","3.141588","959","3.142116","959","3.14346","958","3.140584","959","3.142652","957","3.142408","956","3.13974","956","3.14032","956","3.1414880399999987","961","1025"
"62","3.139504","316","3.142956","749","3.141408","749","3.142588","749","3.14014","753","3.144248","753","3.141644","753","3.141508","753","3.139912","749","3.141416","749","3.14426","749","3.140936","749","3.141628","749","3.14016","956","3.144152","956","3.14098","936","3.143296","956","3.14194","956","3.140584","935","3.140604","956","3.139608","957","3.141164","956","3.141792","956","3.141976","957","3.142092","956","3.140148","956","3.141456","956","3.13916","956","3.143512","956","3.140184","956","3.143536","956","3.142652","956","3.141912","956","3.14202","957","3.141552","923","3.140636","956","3.139684","956","3.140204","956","3.144124","956","3.143524","929","3.141488","956","3.140384","955","3.139928","956","3.143716","956","3.14314","956","3.140688","956","3.143964","956","3.143568","956","3.141556","955","3.1408","956","3.14292","924","3.141952","956","3.142072","956","3.136348","956","3.14134","956","3.145116","956","3.14218","956","3.140744","956","3.141236","956","3.143684","956","3.141184","955","3.143112","948","3.142304","913","3.139292","909","3.14108","906","3.140868","909","3.140884","907","3.141628","906","3.141336","909","3.140688","910","3.140704","902","3.140016","903","3.140968","909","3.141788","908","3.142636","908","3.143172","908","3.140692","911","3.144692","907","3.141476","904","3.143148","904","3.141164","899","3.140064","904","3.142104","904","3.1405","908","3.142668","908","3.14074","906","3.138996","905","3.139688","903","3.143412","901","3.140912","903","3.139752","885","3.140568","883","3.143208","875","3.141588","874","3.13986","873","3.139392","875","3.141744","875","3.144516","874","3.136772","875","3.142832","873","3.141537720000002","901","987"
"63","3.14072","256","3.139656","916","3.142996","954","3.1388","954","3.13902","954","3.14156","933","3.14202","954","3.141344","955","3.141424","955","3.140944","933","3.142656","955","3.141564","957","3.144244","959","3.142052","959","3.143396","958","3.142944","924","3.143508","954","3.141108","925","3.142692","959","3.14028","960","3.141012","954","3.142156","954","3.1396","954","3.141624","930","3.143168","931","3.142308","954","3.141664","959","3.142908","952","3.14308","951","3.141744","951","3.139404","951","3.143684","956","3.14156","958","3.14066","954","3.143724","926","3.143648","952","3.142144","951","3.144428","958","3.143712","925","3.146092","930","3.13958","955","3.140384","951","3.141428","955","3.140588","956","3.14076","930","3.14148","951","3.14068","956","3.141652","951","3.142688","957","3.146316","955","3.142104","951","3.142604","951","3.142032","951","3.14228","925","3.141732","921","3.140372","958","3.141724","951","3.140576","957","3.140824","950","3.13928","955","3.141896","950","3.146188","951","3.141972","951","3.142096","948","3.140668","949","3.142704","916","3.139684","917","3.14142","948","3.14298","945","3.14238","944","3.139588","948","3.141264","941","3.139356","936","3.143892","905","3.139484","906","3.142048","906","3.142544","898","3.14156","906","3.140892","901","3.144176","906","3.142844","905","3.137924","905","3.13876","904","3.141724","905","3.140612","876","3.142316","906","3.141624","906","3.142148","901","3.14304","906","3.140224","902","3.138932","901","3.140508","901","3.139756","898","3.141624","896","3.141864","900","3.13868","899","3.141184","899","3.138672","901","3.144088","901","3.141672","901","3.141653200000001","927","964"
"64","3.141652","22","3.14238","963","3.140172","963","3.140784","963","3.142628","922","3.142272","963","3.139816","922","3.14242","922","3.140612","969","3.140796","963","3.139288","969","3.144324","969","3.140784","885","3.141664","970","3.142124","969","3.13928","886","3.141732","962","3.141528","886","3.14208","962","3.141732","922","3.140248","886","3.140384","885","3.14268","922","3.144808","969","3.142356","962","3.142848","962","3.141768","963","3.141952","854","3.142384","968","3.140896","970","3.143532","886","3.143348","922","3.139488","963","3.140908","968","3.140604","968","3.143004","970","3.141948","924","3.14184","886","3.141672","947","3.140848","947","3.143588","943","3.139204","951","3.143428","951","3.140388","951","3.143024","943","3.140212","943","3.146056","924","3.141412","915","3.142152","928","3.142116","928","3.141192","914","3.142236","923","3.142008","915","3.141312","908","3.141128","923","3.143388","920","3.14178","920","3.14116","920","3.14292","905","3.1418","920","3.141628","891","3.138644","882","3.14082","891","3.14256","888","3.141492","888","3.1437","891","3.142728","886","3.14006","886","3.140932","890","3.143624","890","3.14064","881","3.1434","909","3.138912","888","3.142072","908","3.14232","889","3.138368","888","3.138108","878","3.140324","888","3.141188","909","3.141228","909","3.138408","909","3.143236","908","3.14392","909","3.140596","887","3.141308","908","3.138996","881","3.1402","909","3.142008","888","3.140544","908","3.140952","908","3.141312","884","3.144016","908","3.143916","908","3.139812","908","3.14198","908","3.13924","872","3.144208","878","3.141168","897","3.139872","889","3.142348","879","3.14156876","909","1006"
"65","3.14224","354","3.144024","1047","3.142996","1040","3.144688","1072","3.141856","996","3.142172","1011","3.141932","1072","3.142128","1047","3.14326","1036","3.141604","1047","3.14026","1033","3.142096","1033","3.143988","1033","3.139188","1072","3.141772","1072","3.140348","1040","3.140136","1072","3.141644","1072","3.142264","1036","3.140476","1072","3.141812","1040","3.14288","1072","3.143108","1040","3.141592","1072","3.140464","1072","3.14246","1033","3.141428","1011","3.142232","1032","3.142312","1032","3.142796","1006","3.140588","1031","3.143252","1031","3.13856","1006","3.142432","1031","3.143308","1030","3.143024","1030","3.14312","1030","3.141928","1030","3.13958","1007","3.144724","1007","3.140568","1030","3.139084","1030","3.142244","1030","3.140464","1030","3.143016","1030","3.139404","1030","3.143272","1030","3.144648","1006","3.143824","1030","3.138544","1030","3.14162","1007","3.143168","1006","3.142672","1030","3.14298","1030","3.140176","979","3.14286","979","3.14112","979","3.144548","979","3.142416","980","3.14326","979","3.14238","982","3.142364","981","3.14266","981","3.141348","981","3.13826","981","3.14466","981","3.141496","953","3.142124","976","3.14002","981","3.13946","961","3.14012","962","3.1416","959","3.14246","960","3.141576","962","3.14272","962","3.138508","962","3.140868","962","3.142764","959","3.142552","958","3.143244","962","3.141504","961","3.142392","961","3.139088","961","3.139952","961","3.141328","961","3.143632","961","3.139468","961","3.142928","955","3.140748","961","3.14114","961","3.1409","960","3.139612","961","3.139628","962","3.145588","962","3.140916","962","3.141972","961","3.141404","962","3.140352","955","3.142376","945","3.142208","945","3.1417888","996","1081"
"66","3.141604","83","3.141168","480","3.142132","482","3.141812","512","3.140592","1063","3.141284","1064","3.141812","1062","3.141412","1063","3.14084","1062","3.143264","1062","3.143932","1062","3.141888","1062","3.140412","1063","3.138808","1062","3.140568","1040","3.1414","1063","3.143188","1062","3.142236","1063","3.142568","1062","3.14378","1063","3.14168","1032","3.14368","1027","3.141036","1062","3.143604","1030","3.141416","1062","3.143272","1063","3.138856","1062","3.141872","1062","3.141868","1062","3.14178","1062","3.14246","1062","3.140412","1062","3.143256","1062","3.141924","1062","3.140628","1032","3.143384","1062","3.145556","1062","3.141592","1063","3.14006","1062","3.14074","1063","3.142752","1043","3.14004","1039","3.14452","1063","3.144996","1029","3.1412","1062","3.142604","1062","3.143144","1027","3.14452","1024","3.14306","1063","3.140724","1063","3.140504","1062","3.141048","1063","3.14266","1030","3.13694","1062","3.144296","1062","3.142228","1063","3.141716","1062","3.141012","1062","3.143296","1062","3.143836","1063","3.139656","1062","3.14092","1063","3.139164","1063","3.139744","1062","3.139744","1041","3.140524","1063","3.142636","1062","3.143524","1061","3.141064","1062","3.139548","1062","3.141088","1063","3.140944","1062","3.143288","1062","3.140832","1061","3.1424","1063","3.142332","1062","3.140932","1063","3.14316","1041","3.140184","1063","3.1408","1062","3.142244","1062","3.140908","1061","3.142584","1062","3.141168","1050","3.13922","1050","3.144644","1051","3.144348","1020","3.143496","1051","3.141328","1051","3.142568","1050","3.143084","1051","3.140756","1050","3.14252","1024","3.141388","1050","3.142124","1050","3.14222","1050","3.139284","1051","3.14288","1050","3.139752","1050","3.143032","1050","3.1418090400000005","1029","1069"
"67","3.140596","184","3.14246","185","3.13978","974","3.139664","998","3.140924","999","3.139312","974","3.14088","974","3.14126","999","3.14336","997","3.144116","999","3.141532","966","3.140808","999","3.138072","998","3.141132","965","3.141056","998","3.139732","997","3.142308","998","3.138844","997","3.140532","997","3.1381","997","3.140004","956","3.1411","967","3.141608","967","3.138392","967","3.142932","965","3.141224","967","3.142128","926","3.141016","965","3.14246","960","3.141812","994","3.14418","994","3.142432","959","3.14144","994","3.140284","994","3.141388","957","3.139904","965","3.143196","994","3.140696","960","3.14508","993","3.141708","965","3.143788","965","3.137932","994","3.139276","993","3.141128","957","3.14294","994","3.140596","957","3.135788","994","3.142244","962","3.14344","993","3.142796","965","3.141396","959","3.141188","961","3.143288","958","3.142872","966","3.141648","956","3.142668","959","3.142576","961","3.142968","963","3.14376","959","3.143872","988","3.143976","987","3.140552","986","3.14164","977","3.14346","975","3.139028","975","3.139764","975","3.141616","975","3.14002","976","3.142476","975","3.142692","975","3.141692","977","3.141608","974","3.142156","976","3.143188","975","3.142812","976","3.139036","976","3.140128","975","3.142","976","3.144156","975","3.141368","975","3.142488","976","3.139696","976","3.140296","975","3.142552","975","3.140288","975","3.145228","975","3.142196","975","3.142168","970","3.140944","969","3.139896","971","3.140136","970","3.139696","960","3.145092","961","3.14132","960","3.138824","960","3.14092","959","3.139792","961","3.141456","959","3.141132","961","3.138228","961","3.1413933200000006","958","1038"
"68","3.140732","138","3.1419","158","3.140848","573","3.139772","522","3.140976","522","3.141112","522","3.142016","522","3.141736","573","3.140748","522","3.145612","503","3.141544","891","3.144164","929","3.137896","957","3.14172","959","3.143268","958","3.14038","957","3.139832","958","3.13908","958","3.138236","957","3.143184","958","3.140648","957","3.14352","957","3.139964","958","3.139888","935","3.142252","958","3.139084","891","3.139744","958","3.145344","998","3.139268","950","3.140524","946","3.140888","953","3.141192","941","3.140036","941","3.142504","991","3.14368","941","3.140924","985","3.140192","984","3.142928","956","3.141524","941","3.143084","989","3.142684","981","3.141448","941","3.1444","941","3.144104","951","3.141212","989","3.142308","981","3.13964","950","3.141336","984","3.139768","982","3.138344","989","3.14068","945","3.139604","989","3.144624","985","3.139032","946","3.138592","990","3.145308","982","3.14108","957","3.14016","990","3.143544","981","3.144672","985","3.141148","981","3.14132","989","3.142668","989","3.141392","989","3.142904","942","3.14126","981","3.139172","985","3.138956","980","3.144344","985","3.141976","989","3.140816","976","3.142216","940","3.142596","977","3.141672","976","3.143092","976","3.13864","968","3.14246","977","3.145112","969","3.14504","962","3.141044","967","3.1447","966","3.142416","953","3.14152","959","3.141224","948","3.142672","945","3.14176","950","3.140832","950","3.142524","949","3.14068","944","3.141436","950","3.140544","950","3.141344","941","3.143044","949","3.142432","949","3.14246","949","3.141148","949","3.140792","949","3.1415","947","3.143236","947","3.144448","944","3.141630239999998","910","1033"
"69","3.141156","1009","3.142652","1012","3.143492","1009","3.144004","1009","3.1421","1016","3.140232","986","3.143612","1009","3.142616","981","3.136992","1011","3.138768","1012","3.141212","1009","3.141204","1009","3.142316","1008","3.14224","1009","3.141596","986","3.141376","980","3.138252","1009","3.139036","1008","3.141664","1009","3.141676","1010","3.140656","1009","3.141644","1009","3.14348","985","3.140724","1009","3.1397","1011","3.141452","1012","3.143956","1011","3.141508","1008","3.142024","1008","3.140176","1009","3.144056","1009","3.139536","1011","3.140688","1010","3.141036","1008","3.141184","1006","3.14118","1008","3.142588","1006","3.140864","1005","3.140476","1006","3.142052","1006","3.141708","1013","3.139684","1015","3.143744","1006","3.140632","983","3.142896","1009","3.14346","1009","3.138644","1010","3.14246","1006","3.140868","1005","3.13944","1006","3.138224","1007","3.141932","1005","3.14134","1008","3.1416","1013","3.141996","1010","3.145648","1006","3.1432","1010","3.14198","1010","3.14376","1011","3.13988","1010","3.140652","1007","3.1422","1005","3.140424","1006","3.144644","979","3.141628","1005","3.140956","1007","3.140384","1010","3.143356","981","3.140876","976","3.14148","973","3.139736","975","3.143196","980","3.1413","980","3.138732","979","3.138436","976","3.141504","978","3.141364","973","3.141336","978","3.140908","976","3.141196","973","3.142592","979","3.142808","977","3.142988","978","3.141048","976","3.13996","976","3.14216","978","3.141672","978","3.141172","970","3.14212","969","3.141924","964","3.141744","970","3.142676","970","3.140248","971","3.13968","964","3.140728","966","3.142064","966","3.14084","963","3.140248","961","3.143932","965","3.143968","962","3.1414715200000005","995","1019"
"70","3.141692","1037","3.141252","1037","3.143124","1037","3.141464","1024","3.143276","1031","3.143568","1036","3.1425","1024","3.1397","1034","3.138484","1034","3.145764","1056","3.143904","1024","3.141032","994","3.142184","990","3.145076","1037","3.139444","1030","3.142296","1037","3.1445","943","3.142484","1036","3.140064","1033","3.138812","1032","3.14016","1033","3.140996","985","3.142208","1056","3.14344","1034","3.13918","1033","3.141956","999","3.143044","1056","3.141208","1030","3.140296","1033","3.142808","994","3.14112","1030","3.143068","1024","3.141344","1037","3.141084","999","3.14168","1024","3.142668","1036","3.14012","996","3.142628","1035","3.140604","1055","3.141924","1033","3.145736","1032","3.1428","1036","3.140408","1055","3.139348","1033","3.14018","1032","3.140864","1055","3.13888","957","3.14338","1055","3.14358","999","3.14118","1033","3.145924","1055","3.141848","1032","3.140636","996","3.140728","1024","3.136552","1036","3.136416","1011","3.140152","992","3.140372","1011","3.140736","991","3.141768","991","3.141956","969","3.14068","970","3.142552","969","3.142336","969","3.144448","991","3.141712","991","3.141952","972","3.143548","991","3.142916","972","3.141452","960","3.14056","991","3.142392","971","3.143072","959","3.144424","970","3.143516","970","3.139296","971","3.140876","990","3.142104","966","3.140768","990","3.142632","990","3.14158","971","3.14004","970","3.143188","969","3.139296","990","3.139836","966","3.143572","991","3.140808","991","3.140716","991","3.139632","971","3.140936","990","3.141128","970","3.14128","991","3.140576","990","3.144068","990","3.140848","968","3.141896","990","3.145364","991","3.143904","972","3.14006","965","3.142232","971","3.14167796","1005","1056"
"71","3.141464","521","3.14182","636","3.140428","661","3.139688","605","3.141012","636","3.140648","636","3.14404","636","3.140556","606","3.139312","931","3.140272","931","3.141608","931","3.142344","924","3.139152","931","3.140504","924","3.14014","931","3.142264","924","3.143656","924","3.142212","920","3.139816","925","3.141008","920","3.138168","911","3.142588","911","3.14214","920","3.138388","920","3.143504","925","3.140316","924","3.1404","920","3.140812","925","3.13946","924","3.141264","925","3.141812","924","3.141456","936","3.142396","903","3.139896","936","3.141748","936","3.142948","907","3.1416","907","3.138936","903","3.143728","935","3.142408","936","3.141772","935","3.139008","906","3.14158","935","3.143768","903","3.138612","908","3.138876","935","3.145528","935","3.141512","906","3.14244","908","3.13948","908","3.141468","904","3.141704","906","3.139796","906","3.139668","908","3.14176","907","3.141956","932","3.14136","932","3.142884","932","3.141692","932","3.142752","910","3.144188","932","3.143424","890","3.142632","932","3.139972","932","3.142304","932","3.141616","931","3.142036","932","3.14086","904","3.141052","910","3.143272","931","3.140404","903","3.140908","904","3.142612","931","3.143076","909","3.14108","932","3.141656","932","3.142548","891","3.140884","891","3.138036","891","3.14098","891","3.138804","891","3.144316","891","3.139912","891","3.142668","891","3.140204","891","3.139804","891","3.141736","891","3.140136","891","3.14212","891","3.142672","891","3.140236","890","3.138908","891","3.140272","891","3.143492","891","3.143564","890","3.140348","891","3.138592","891","3.14312","890","3.141728","850","3.14216","850","3.1413186","888","971"
"72","3.141424","633","3.140112","567","3.142596","941","3.143764","818","3.140528","951","3.143944","951","3.138308","947","3.14162","846","3.13864","847","3.139804","846","3.143712","946","3.1389","946","3.141552","847","3.142608","950","3.1443","951","3.140564","951","3.14086","946","3.141476","939","3.142144","884","3.14446","951","3.144044","951","3.14202","951","3.142864","950","3.141904","842","3.141576","950","3.142708","950","3.143832","884","3.138324","946","3.140956","946","3.1455","950","3.141692","849","3.140248","949","3.141968","950","3.139272","948","3.14154","869","3.14044","931","3.142836","928","3.141684","927","3.141152","929","3.141064","927","3.140372","925","3.14282","925","3.138792","926","3.140332","947","3.141252","914","3.141932","908","3.144964","920","3.1402","908","3.14066","938","3.142456","938","3.141004","915","3.141036","938","3.138876","939","3.14072","939","3.140888","938","3.13956","938","3.139564","911","3.140164","938","3.1424","938","3.143012","938","3.142228","938","3.141436","915","3.141848","929","3.142304","929","3.137232","930","3.140796","929","3.139028","929","3.141428","929","3.140352","929","3.14256","930","3.139988","929","3.141788","929","3.140464","929","3.141436","929","3.144584","929","3.141044","929","3.14098","929","3.141828","929","3.140732","929","3.141604","929","3.143244","929","3.142984","929","3.140136","929","3.143896","929","3.141728","929","3.141892","929","3.141764","929","3.14344","929","3.141668","929","3.140288","929","3.143536","929","3.142008","929","3.140952","929","3.1412","929","3.142316","929","3.143872","929","3.14142","929","3.14108","929","3.139156","929","3.140588","914","3.1414877199999993","919","980"
"73","3.14146","144","3.144804","458","3.14166","995","3.140904","995","3.140104","994","3.141868","944","3.142684","993","3.142196","993","3.141668","992","3.147548","994","3.142172","995","3.141664","951","3.141748","993","3.14126","992","3.13958","950","3.144288","994","3.141856","993","3.140612","905","3.141644","954","3.140668","950","3.14382","944","3.142756","910","3.139808","954","3.139968","994","3.13958","992","3.142616","944","3.143204","994","3.14068","950","3.140836","994","3.146392","994","3.144708","992","3.142616","994","3.142076","993","3.139504","992","3.139376","992","3.142804","994","3.145088","943","3.137752","991","3.140356","995","3.139484","994","3.141264","994","3.142028","991","3.141508","993","3.140304","947","3.142948","950","3.141056","954","3.140964","994","3.141628","991","3.142396","983","3.13842","943","3.141444","939","3.142944","984","3.14358","981","3.138148","943","3.139144","947","3.141644","885","3.141556","910","3.140664","945","3.139588","924","3.140624","945","3.14068","945","3.14524","946","3.139332","946","3.137572","946","3.141468","923","3.144008","945","3.141624","945","3.143996","946","3.14184","946","3.144188","945","3.143696","912","3.144472","945","3.142556","945","3.14412","945","3.143836","945","3.142448","924","3.139984","945","3.141656","945","3.13984","945","3.140832","945","3.141772","945","3.141036","945","3.139716","945","3.141388","945","3.14018","945","3.141468","945","3.141188","945","3.143432","944","3.14148","945","3.141496","944","3.142168","945","3.141056","945","3.144588","921","3.142436","942","3.1397","942","3.14306","941","3.14398","931","3.140036","920","3.141152","850","3.144156","850","3.1417453999999996","943","1020"
"74","3.144232","346","3.142868","688","3.141848","664","3.139616","664","3.142816","688","3.142988","688","3.1438","688","3.142492","688","3.141448","656","3.139288","688","3.142884","664","3.138996","688","3.145544","664","3.139504","656","3.142132","664","3.143944","688","3.143204","664","3.140288","982","3.1412","985","3.142216","985","3.142504","987","3.139876","983","3.140504","982","3.142544","981","3.141748","981","3.138716","986","3.139904","983","3.13936","986","3.14118","981","3.139476","981","3.13952","986","3.13976","985","3.13902","984","3.138472","983","3.143468","985","3.139088","986","3.139812","984","3.141544","987","3.140596","986","3.138228","981","3.141632","981","3.139212","982","3.144044","981","3.1394","985","3.140012","981","3.142264","981","3.141316","982","3.140524","985","3.138888","984","3.143644","986","3.141256","950","3.142416","986","3.142056","984","3.142964","983","3.139084","984","3.139832","986","3.14512","985","3.143408","987","3.141436","982","3.143288","982","3.139568","986","3.143604","986","3.139676","986","3.141652","983","3.14354","981","3.14298","981","3.143924","986","3.144812","985","3.14372","985","3.142452","981","3.141168","984","3.138288","980","3.1437","981","3.139932","981","3.14332","982","3.143684","984","3.139716","985","3.142872","986","3.140644","985","3.143108","986","3.143256","981","3.140936","981","3.142988","981","3.14298","986","3.141504","981","3.141072","985","3.143844","985","3.143","981","3.14122","982","3.140672","981","3.140788","986","3.145576","981","3.141924","983","3.139072","984","3.138596","984","3.14354","985","3.140492","982","3.141244","985","3.140684","981","3.142408","985","3.1415657999999995","927","1004"
"75","3.141284","51","3.14416","990","3.142116","788","3.138752","990","3.140876","1005","3.141068","1000","3.141896","990","3.142416","821","3.142508","1005","3.140576","821","3.1415","1005","3.142268","1000","3.14308","843","3.140628","788","3.141676","1005","3.14216","1000","3.141492","789","3.140036","1004","3.144396","1000","3.142872","1004","3.142164","769","3.140616","990","3.14454","990","3.141224","1004","3.141908","989","3.141864","1004","3.140984","788","3.144612","744","3.140284","1000","3.141668","788","3.137492","972","3.142516","944","3.142036","953","3.145032","949","3.144764","973","3.140608","938","3.140308","972","3.141844","949","3.142652","972","3.142172","910","3.141384","950","3.146696","941","3.142684","948","3.141384","969","3.14004","969","3.140712","936","3.139768","948","3.141588","950","3.142444","950","3.139252","945","3.140692","969","3.14426","969","3.14264","969","3.143404","948","3.141404","947","3.138836","962","3.14334","962","3.139896","929","3.142248","962","3.140352","962","3.141328","961","3.14276","962","3.143056","962","3.145904","962","3.141452","962","3.14264","962","3.144596","962","3.140852","962","3.14454","961","3.142204","962","3.142388","962","3.142104","962","3.13982","962","3.142808","962","3.140548","962","3.141904","962","3.140104","962","3.142336","962","3.14146","962","3.139652","961","3.140524","962","3.140876","962","3.138668","961","3.140492","962","3.140504","962","3.143416","962","3.143016","962","3.138688","962","3.13894","962","3.135052","962","3.140696","962","3.141324","961","3.141704","961","3.143048","961","3.142496","962","3.14134","961","3.143788","962","3.142824","961","3.144528","961","3.142736","962","3.1417518799999993","940","1026"
"76","3.143488","350","3.140788","844","3.142092","844","3.139624","844","3.141608","845","3.143964","776","3.141624","844","3.140888","844","3.142368","776","3.138492","844","3.141944","764","3.141","727","3.14458","844","3.143568","804","3.144408","844","3.13918","833","3.139488","833","3.141628","789","3.143796","833","3.140768","833","3.142072","833","3.141968","786","3.1402","829","3.140752","966","3.140804","940","3.141412","964","3.144084","975","3.141048","926","3.14104","975","3.138904","967","3.142884","972","3.140296","975","3.141328","972","3.143616","964","3.140396","925","3.141868","967","3.140972","972","3.142988","969","3.143124","968","3.141368","967","3.140952","966","3.14242","975","3.140616","945","3.140872","971","3.141948","972","3.14028","944","3.143392","964","3.143388","968","3.138768","965","3.14626","970","3.139708","972","3.142144","969","3.14074","971","3.140128","971","3.141656","967","3.143696","964","3.1407","971","3.142168","973","3.14316","968","3.140644","969","3.14154","970","3.141572","966","3.141896","970","3.139968","965","3.142304","961","3.139028","966","3.141664","968","3.142148","969","3.14002","966","3.141504","963","3.141064","965","3.139696","955","3.13988","966","3.142136","966","3.142076","965","3.143016","968","3.140756","964","3.140584","954","3.143832","969","3.142024","959","3.143652","959","3.140812","966","3.144504","963","3.141952","968","3.142216","968","3.140572","957","3.139752","929","3.140816","929","3.142268","933","3.140776","933","3.14018","930","3.141796","934","3.139708","930","3.14072","930","3.138532","926","3.141868","929","3.142316","929","3.143596","929","3.139216","930","3.142772","930","3.141547919999999","921","997"
"77","3.140432","15","3.14136","653","3.143396","675","3.140768","806","3.142444","974","3.141484","806","3.139292","806","3.143324","974","3.14152","974","3.141556","974","3.14202","974","3.14292","726","3.141352","971","3.14434","703","3.144096","971","3.140556","725","3.142636","803","3.140816","725","3.144568","803","3.142384","971","3.14456","971","3.141824","971","3.1416","803","3.141736","698","3.141188","936","3.141952","767","3.140024","935","3.140732","800","3.143488","772","3.141032","935","3.140312","768","3.140592","935","3.139848","931","3.143","931","3.139764","931","3.1409","939","3.145336","938","3.139844","927","3.141124","929","3.141448","936","3.140848","938","3.1432","927","3.143084","937","3.142984","935","3.138832","932","3.140224","937","3.142156","937","3.13978","932","3.139996","931","3.145176","931","3.142584","939","3.137976","936","3.142572","930","3.144056","934","3.141204","936","3.141288","932","3.140416","932","3.142288","936","3.13992","931","3.14164","936","3.1388","935","3.140904","935","3.1426","922","3.14204","931","3.144456","937","3.145532","932","3.142492","930","3.141036","936","3.142332","937","3.142488","931","3.13772","921","3.143828","936","3.140972","932","3.139736","934","3.14166","936","3.143104","936","3.142056","933","3.142712","932","3.140548","931","3.145668","936","3.141276","933","3.138536","934","3.141932","934","3.141268","933","3.139956","936","3.138916","932","3.140228","932","3.140552","924","3.140208","923","3.143964","935","3.14168","934","3.142716","934","3.14056","929","3.145784","935","3.14388","934","3.143108","932","3.139836","928","3.14432","932","3.141836","929","3.14094","932","3.1417397199999995","897","990"
"78","3.141284","54","3.136864","830","3.142776","871","3.1415","871","3.138568","939","3.142144","939","3.142224","683","3.141896","830","3.1426","853","3.141616","853","3.139672","853","3.143588","854","3.143288","848","3.142624","851","3.13992","850","3.141152","809","3.138856","850","3.139348","808","3.143852","808","3.142512","851","3.140736","848","3.142664","849","3.140056","881","3.140272","848","3.139628","859","3.142","851","3.138952","819","3.140184","880","3.141716","859","3.139624","880","3.14382","844","3.140076","851","3.140712","848","3.141308","848","3.14068","859","3.140872","845","3.140828","880","3.138748","851","3.14344","851","3.14182","937","3.143812","937","3.140652","930","3.140128","872","3.142216","930","3.141172","930","3.142184","930","3.14174","923","3.140712","923","3.140272","923","3.143784","919","3.139428","912","3.142064","912","3.141932","905","3.142608","872","3.142124","905","3.142824","872","3.142592","905","3.144836","905","3.14206","906","3.141644","905","3.140704","905","3.140608","905","3.141472","905","3.142976","901","3.13898","893","3.14178","870","3.145096","894","3.141764","893","3.14258","893","3.140112","893","3.1373","893","3.142012","886","3.145612","898","3.141368","896","3.142572","897","3.141972","895","3.139812","896","3.14138","897","3.143436","895","3.140784","912","3.141928","893","3.138372","894","3.142948","893","3.139496","890","3.139408","891","3.141576","891","3.14204","892","3.141184","892","3.139832","893","3.140792","892","3.14178","893","3.139328","893","3.14176","893","3.143464","892","3.14048","892","3.141696","889","3.139068","890","3.141428","877","3.14024","878","3.1432","876","3.14135544","872","1001"
"79","3.142112","525","3.141064","809","3.140364","1051","3.142532","1026","3.140284","987","3.139716","1013","3.138184","1051","3.142164","1022","3.140496","1021","3.142068","987","3.14106","925","3.141932","1026","3.139708","1051","3.143064","971","3.144808","1026","3.143748","974","3.142712","1026","3.14062","1051","3.142224","1043","3.140436","1014","3.143432","1015","3.14096","1044","3.14124","1042","3.141332","1041","3.141588","1043","3.145808","1042","3.141792","1015","3.14074","1043","3.1419","1040","3.142736","1018","3.14334","1043","3.14194","1014","3.139072","1042","3.141528","1043","3.14352","1039","3.14262","1039","3.139868","1014","3.145364","1011","3.14152","1013","3.141432","1013","3.139928","987","3.142272","1015","3.143392","1013","3.141184","1015","3.139452","1015","3.141828","998","3.141624","1000","3.143932","963","3.140588","999","3.140548","972","3.143116","1059","3.138724","1000","3.141848","1000","3.139216","1033","3.14166","1059","3.140904","1040","3.14034","1050","3.142708","1050","3.141876","1050","3.138936","1050","3.141128","1051","3.143156","1050","3.139692","1050","3.140612","1050","3.144236","1050","3.14274","1050","3.140464","1050","3.142784","1050","3.141308","1050","3.141704","1050","3.140428","1050","3.14","1050","3.143304","1050","3.142784","1050","3.14074","1050","3.14256","1050","3.141532","1050","3.142644","1050","3.141404","1050","3.14022","1050","3.144228","1050","3.140956","1047","3.143404","1046","3.141676","1047","3.141932","1046","3.141272","1047","3.142956","1047","3.141364","1047","3.138584","1046","3.141492","1046","3.143796","1046","3.1431","1046","3.142348","1047","3.141268","1047","3.142572","1046","3.14086","1046","3.141164","1046","3.139552","1047","3.143348","1047","3.14152","1046","3.141659360000001","1025","1112"
"80","3.139116","383","3.14","525","3.144524","1016","3.141892","1023","3.140328","1024","3.140228","755","3.142056","758","3.142536","755","3.140992","1016","3.144084","1017","3.14148","1007","3.140476","1023","3.139016","1024","3.140048","1007","3.146072","1007","3.140956","1016","3.14016","1023","3.141908","1039","3.141552","1019","3.142236","1039","3.143828","1039","3.140448","1005","3.139716","1014","3.14044","1018","3.141948","1018","3.141192","1039","3.141912","1019","3.142948","971","3.143088","1010","3.142336","1039","3.142376","1010","3.140252","1015","3.13992","1015","3.141292","1015","3.142616","1014","3.142616","1013","3.143108","1013","3.145","1014","3.142352","1014","3.1404","993","3.14246","1013","3.14116","1013","3.142304","1013","3.139992","1013","3.14012","985","3.142552","1014","3.144936","1013","3.140092","1011","3.140744","987","3.141772","986","3.141912","1010","3.141456","1010","3.142436","1011","3.143616","1011","3.143044","1011","3.144892","1011","3.137664","1009","3.1394","1010","3.140704","1009","3.141788","1009","3.14078","1009","3.140448","1009","3.139276","1010","3.138648","1009","3.141668","1009","3.14002","1009","3.142524","1009","3.140672","1010","3.14344","1010","3.144736","1010","3.140892","1010","3.14114","1009","3.142364","1009","3.142804","1009","3.13956","1009","3.139388","1009","3.141968","1009","3.139824","1009","3.142452","1009","3.142268","1009","3.141192","1009","3.141276","1009","3.140612","1009","3.142812","1008","3.14062","1009","3.141004","979","3.14194","968","3.142788","1009","3.141048","1009","3.14062","1009","3.141676","985","3.142464","1008","3.14248","1009","3.14084","1009","3.141872","1009","3.14368","1009","3.138316","1009","3.142196","1009","3.14318","1008","3.141556","1009","3.14157536","991","1047"
"81","3.141336","997","3.141488","992","3.141564","992","3.140228","995","3.143132","966","3.14094","992","3.143948","998","3.141104","993","3.140432","997","3.143756","993","3.142168","1000","3.142436","999","3.1394","993","3.143376","998","3.141696","993","3.140696","1000","3.141532","997","3.14112","996","3.140648","999","3.141072","992","3.139904","998","3.140788","997","3.139108","999","3.14064","999","3.143024","996","3.138504","998","3.143168","992","3.142468","996","3.144028","997","3.140636","1001","3.141412","1000","3.14242","992","3.140804","993","3.139964","999","3.142452","998","3.143008","992","3.142304","992","3.144004","993","3.144672","996","3.141656","999","3.140264","992","3.142424","1000","3.142412","992","3.14296","995","3.1405","992","3.142064","992","3.139744","997","3.14384","991","3.140204","1000","3.141016","992","3.1433","996","3.142712","999","3.143604","999","3.142832","999","3.141552","998","3.140272","995","3.141716","992","3.141612","1000","3.143912","998","3.140488","998","3.14168","1000","3.138588","1000","3.142928","997","3.141184","999","3.14244","992","3.141076","994","3.139396","996","3.14164","992","3.141312","992","3.139072","995","3.14346","1000","3.139656","993","3.141756","993","3.143148","991","3.144144","998","3.143444","1000","3.14238","993","3.140984","997","3.140472","966","3.144144","993","3.143996","991","3.141628","997","3.143252","997","3.141296","1000","3.143492","997","3.1425","998","3.138556","991","3.14176","960","3.143148","993","3.14194","998","3.1411","991","3.139444","1000","3.142292","997","3.141116","992","3.140096","998","3.142396","999","3.14162","947","3.142588","954","3.141528","955","3.143152","953","3.1417426800000006","993","1001"
"82","3.144036","28","3.138916","853","3.142444","853","3.139424","853","3.14098","818","3.142808","853","3.141048","855","3.13976","853","3.143352","853","3.14094","818","3.142336","845","3.14106","954","3.1426","963","3.1438","963","3.13974","954","3.143204","941","3.139108","950","3.13996","950","3.141272","941","3.140076","941","3.139088","940","3.141216","941","3.1407","950","3.141296","941","3.142872","941","3.142656","941","3.140292","942","3.142048","949","3.14062","949","3.142992","950","3.139468","949","3.144504","941","3.145416","948","3.141152","946","3.142724","937","3.14072","937","3.140556","937","3.143688","929","3.14228","929","3.142792","937","3.142884","937","3.142412","937","3.138984","931","3.138984","932","3.140228","932","3.140832","922","3.14102","923","3.14028","932","3.140216","916","3.146352","932","3.141504","932","3.141016","921","3.144012","921","3.140264","921","3.140608","903","3.141676","919","3.139824","911","3.139684","919","3.139932","921","3.14218","910","3.14052","919","3.14046","919","3.14318","919","3.1432","918","3.142636","919","3.137984","922","3.140096","884","3.142644","917","3.141632","916","3.140908","916","3.1405","917","3.141892","916","3.13966","914","3.140572","911","3.143016","911","3.14138","909","3.143328","911","3.142216","911","3.140964","910","3.140128","907","3.142808","907","3.14304","907","3.14172","903","3.143564","903","3.141088","902","3.141884","903","3.141592","898","3.141248","899","3.139432","900","3.141908","900","3.13876","898","3.143408","899","3.141344","898","3.142064","899","3.140308","899","3.142948","899","3.1409","897","3.139812","896","3.143212","897","3.140284","897","3.14145076","906","1000"
"83","3.139848","878","3.142212","981","3.14162","1020","3.14066","981","3.146076","981","3.143036","1020","3.140412","1021","3.141832","1015","3.144012","1016","3.1431","1021","3.14034","1021","3.141092","1021","3.142428","981","3.139328","995","3.139912","1016","3.142052","1019","3.143008","1019","3.140184","1020","3.142228","1020","3.143028","1019","3.141996","1015","3.142164","1020","3.14088","1020","3.140984","995","3.14156","1015","3.142608","1020","3.142716","1015","3.14062","1014","3.141448","1037","3.143536","1005","3.1399","1011","3.13938","1005","3.143936","1037","3.13996","1037","3.144856","1037","3.14058","1037","3.142072","1011","3.1402","1011","3.140408","1005","3.141352","1037","3.144256","1037","3.141924","1011","3.140828","1010","3.14244","1024","3.140696","999","3.1438","1021","3.141232","996","3.140192","993","3.145004","1014","3.141252","1014","3.143196","1014","3.142312","1014","3.142408","1014","3.141436","1014","3.143064","1014","3.141008","1014","3.139056","1014","3.143372","1014","3.142736","993","3.141376","1014","3.13848","996","3.144036","1014","3.139164","994","3.139072","1014","3.145388","1014","3.141212","1014","3.14098","1014","3.142796","1013","3.137596","1014","3.140164","1014","3.142664","1014","3.142576","1004","3.140836","997","3.144444","977","3.142896","996","3.141056","985","3.143148","985","3.141728","985","3.142664","985","3.141152","986","3.144128","986","3.138008","985","3.143828","986","3.141804","985","3.144012","985","3.141724","985","3.144876","985","3.144696","986","3.141824","986","3.141436","985","3.138736","985","3.139652","986","3.144296","986","3.143144","985","3.141408","985","3.14158","986","3.141968","985","3.14068","985","3.14284","985","3.141776","985","3.141836199999999","1004","1049"
"84","3.141944","424","3.14114","1004","3.143864","997","3.142528","962","3.144896","1009","3.139616","971","3.142288","997","3.141748","997","3.143208","997","3.143648","926","3.141688","1007","3.141372","1007","3.14142","1004","3.141712","996","3.143272","973","3.141516","1003","3.140216","1006","3.141084","996","3.142876","999","3.144576","1006","3.144048","1004","3.14162","993","3.139752","1000","3.14292","1004","3.14282","996","3.143312","996","3.142268","1003","3.138988","1000","3.13868","994","3.14144","1003","3.139072","1005","3.141056","1005","3.139996","995","3.14124","1000","3.141788","999","3.142444","993","3.141084","993","3.13952","1004","3.144524","998","3.141476","1003","3.1428","1002","3.1428","1005","3.141528","1003","3.139708","999","3.138688","996","3.14262","1002","3.139716","996","3.142128","1003","3.14096","993","3.141504","993","3.140532","1004","3.139064","1003","3.143136","996","3.1422","994","3.14158","1002","3.143108","1000","3.140828","1002","3.140336","1002","3.143516","1001","3.139592","999","3.14044","1004","3.13926","1005","3.141552","1001","3.14236","1003","3.141648","994","3.141948","999","3.140572","995","3.142652","999","3.140648","1001","3.142804","996","3.145316","1005","3.143448","1001","3.141824","998","3.13862","998","3.143308","1003","3.144612","1000","3.139432","1003","3.141584","1001","3.14256","1003","3.141508","1004","3.142016","1001","3.140948","1000","3.140864","998","3.141068","1001","3.142548","1003","3.140076","998","3.14462","1000","3.143276","997","3.14184","999","3.14132","1004","3.140976","997","3.141396","1001","3.139468","1002","3.1405","992","3.141568","1004","3.142392","1001","3.1436","1002","3.142056","1003","3.143784","1001","3.142428","1003","3.141718440000001","992","1009"
"85","3.141816","142","3.14094","57","3.143024","888","3.141068","888","3.142984","919","3.142932","914","3.140856","919","3.139912","919","3.144644","919","3.140168","919","3.138696","919","3.142184","888","3.145416","914","3.143668","888","3.13852","914","3.144924","914","3.141308","914","3.143436","883","3.144276","913","3.140768","913","3.142148","882","3.139536","908","3.142148","912","3.139956","912","3.144356","894","3.140876","904","3.142736","966","3.140416","905","3.139444","904","3.142688","903","3.139264","966","3.141976","896","3.141388","905","3.142736","889","3.142444","966","3.145948","852","3.144176","966","3.138656","904","3.142688","904","3.13956","967","3.140744","966","3.140976","965","3.139476","966","3.142796","966","3.139064","896","3.141536","967","3.141336","966","3.142148","894","3.139856","895","3.139616","897","3.141836","966","3.144144","966","3.139848","889","3.143584","966","3.141968","872","3.139344","923","3.141928","921","3.141772","919","3.14176","921","3.141548","923","3.141308","922","3.143248","923","3.139804","921","3.145692","923","3.143092","921","3.141364","923","3.139672","920","3.142416","922","3.139832","921","3.14144","922","3.138772","919","3.1401","922","3.142556","922","3.14234","922","3.14002","921","3.142636","920","3.142244","920","3.142068","921","3.141896","921","3.141164","923","3.14352","923","3.141576","921","3.14088","921","3.14532","921","3.140708","921","3.142168","921","3.143792","923","3.1422","921","3.144884","922","3.140788","920","3.142744","921","3.14038","922","3.140984","921","3.142016","921","3.14252","923","3.14192","921","3.140296","919","3.140052","919","3.141416","923","3.14382","919","3.141736080000001","903","999"
"86","3.143648","213","3.13944","535","3.140376","534","3.139756","535","3.143284","534","3.143636","534","3.14122","1068","3.139928","1028","3.142096","1042","3.14218","1068","3.140932","1069","3.140164","1033","3.139652","1041","3.140624","1033","3.146328","1069","3.144108","1069","3.141096","1034","3.141512","1068","3.137612","1041","3.142504","1042","3.14278","1068","3.142224","1068","3.14482","1068","3.141784","1068","3.143196","1068","3.140652","1068","3.140344","1033","3.142496","1068","3.142228","1068","3.143084","1033","3.140152","1068","3.143524","1068","3.143728","1068","3.143916","1033","3.137344","1068","3.142912","1068","3.142664","1042","3.142256","1068","3.140216","1068","3.147744","1068","3.140304","1033","3.143436","1068","3.140828","1068","3.1401","1068","3.141172","1068","3.141388","1068","3.141196","1028","3.142324","1034","3.140352","1065","3.141752","1065","3.143352","1065","3.140572","1064","3.14578","1063","3.14412","1038","3.142652","1038","3.139936","1062","3.142732","1027","3.139604","1038","3.143392","1035","3.142288","1062","3.14382","1037","3.142668","1035","3.138492","1015","3.138792","1011","3.139996","1011","3.138284","1010","3.14172","1011","3.142276","1010","3.142564","1010","3.144252","1009","3.14224","1010","3.138688","1009","3.140244","1009","3.139524","977","3.13912","1009","3.141272","1010","3.141948","1009","3.140108","1010","3.143244","1010","3.141416","1010","3.141416","1010","3.142336","995","3.14338","995","3.141248","994","3.142216","995","3.143004","995","3.142328","994","3.13872","995","3.139548","995","3.140424","995","3.139704","995","3.140888","995","3.138824","995","3.142668","995","3.144028","995","3.139408","995","3.14116","994","3.140344","995","3.143864","995","3.145056","993","3.14166672","1000","1074"
"87","3.137292","62","3.142788","1021","3.142456","1017","3.144684","1019","3.141248","992","3.140848","1016","3.143628","970","3.142604","1017","3.139544","1019","3.141592","1020","3.140292","1019","3.14122","1016","3.143416","1015","3.141296","1021","3.141788","1015","3.141768","1016","3.140496","1018","3.139052","1017","3.141996","1015","3.14298","1021","3.142852","1015","3.14018","1020","3.140856","1018","3.137968","1016","3.141896","1021","3.141432","1016","3.141196","1017","3.1442","1021","3.14222","1017","3.140928","1020","3.142508","1018","3.140804","1018","3.142036","1020","3.139324","1015","3.141936","1015","3.14036","1017","3.140112","1017","3.140644","1020","3.141776","1017","3.140088","1020","3.143788","1018","3.141364","1015","3.141644","1016","3.140708","1020","3.141268","992","3.14262","1021","3.139824","1015","3.13988","1020","3.14238","1017","3.140548","1017","3.139168","1018","3.142192","1019","3.140392","1020","3.144732","1017","3.142844","1015","3.1437","1019","3.14242","1017","3.144004","1021","3.142676","1015","3.144004","1015","3.141052","1016","3.137304","1017","3.139668","1018","3.142248","1018","3.139624","1019","3.14212","1020","3.138804","1016","3.142068","1020","3.143392","1019","3.140112","1017","3.1407","1015","3.140116","1021","3.13956","1019","3.14404","1017","3.142324","1017","3.142124","1020","3.140636","1015","3.138732","1017","3.14192","1014","3.14086","1017","3.142564","1019","3.14016","1016","3.142232","1016","3.141008","1018","3.141668","1018","3.141108","1017","3.142072","1016","3.13886","1017","3.143684","1016","3.142476","1015","3.141604","1018","3.143972","1015","3.141076","1016","3.143752","1016","3.137608","1016","3.141876","1016","3.141596","1015","3.143832","1015","3.140472","1016","3.142284","1019","3.1414576799999985","1006","1022"
"88","3.141584","72","3.140428","978","3.13946","946","3.142048","951","3.143004","959","3.14284","958","3.142092","960","3.14008","978","3.139568","956","3.14046","950","3.140612","954","3.142564","978","3.138768","948","3.141268","957","3.144916","958","3.1418","946","3.138808","946","3.141","944","3.139536","978","3.14222","960","3.14152","960","3.1421","943","3.14018","944","3.14122","951","3.138992","960","3.141084","944","3.143888","944","3.143064","978","3.141428","978","3.14308","978","3.140076","958","3.142584","978","3.139716","945","3.14252","958","3.140852","958","3.140944","958","3.142944","978","3.140956","958","3.139556","958","3.140952","956","3.140068","955","3.137792","943","3.1414","958","3.144868","946","3.139864","943","3.140232","977","3.141068","947","3.142228","977","3.140752","943","3.140736","947","3.13936","944","3.141844","943","3.1419","958","3.141656","943","3.14474","977","3.143588","948","3.139608","977","3.142832","977","3.139576","956","3.142884","942","3.14004","952","3.13896","944","3.14076","941","3.140148","977","3.141884","977","3.14224","957","3.14162","977","3.142584","947","3.139972","941","3.140252","977","3.141964","977","3.141072","977","3.141776","977","3.142268","956","3.14176","977","3.141492","941","3.141608","974","3.143044","973","3.14054","953","3.137836","949","3.140684","914","3.1424","953","3.143204","974","3.143984","945","3.140972","954","3.142104","951","3.140012","973","3.144468","973","3.141216","944","3.141084","973","3.142292","939","3.138664","941","3.140008","973","3.142208","948","3.142736","973","3.141956","938","3.141552","949","3.14156","940","3.138412","943","3.143588","973","3.1413263200000006","948","979"
"89","3.142064","413","3.143104","413","3.143156","877","3.142236","877","3.141524","815","3.140972","951","3.142828","954","3.141752","952","3.142104","982","3.141088","950","3.142556","982","3.142268","962","3.14436","957","3.141428","982","3.140232","952","3.138188","953","3.14168","983","3.140024","982","3.140952","954","3.141944","951","3.140924","951","3.142404","982","3.142172","925","3.140964","953","3.142372","961","3.1399","982","3.14072","921","3.143508","982","3.13864","958","3.144564","952","3.142396","982","3.1418","982","3.140016","926","3.140308","951","3.144912","960","3.144156","959","3.143736","951","3.142928","957","3.138552","951","3.14156","954","3.139948","952","3.143936","982","3.138912","981","3.141588","953","3.140328","982","3.141692","961","3.141292","950","3.140396","954","3.140324","981","3.142012","953","3.141392","954","3.14336","952","3.141","982","3.140508","981","3.141856","954","3.142328","961","3.143332","954","3.13792","981","3.142352","982","3.142628","982","3.141944","919","3.143448","961","3.140988","950","3.140828","954","3.143424","953","3.141564","958","3.140696","982","3.138728","950","3.139404","950","3.143612","952","3.14056","951","3.138744","981","3.143176","951","3.140636","953","3.138784","950","3.14424","949","3.140016","960","3.143324","982","3.140428","956","3.1419","972","3.142048","961","3.1425","933","3.143272","899","3.140516","899","3.141716","899","3.142304","899","3.14468","899","3.13854","899","3.139636","899","3.142328","899","3.139764","899","3.143868","898","3.138536","898","3.141564","898","3.14206","898","3.1418","898","3.14136","899","3.14362","899","3.143004","899","3.143352","836","3.1416100800000004","934","988"
"90","3.140928","303","3.139004","570","3.143136","570","3.142212","588","3.141248","594","3.145612","957","3.14164","958","3.142624","957","3.143252","958","3.139008","876","3.140544","834","3.142432","959","3.142768","958","3.143468","958","3.141108","956","3.140524","959","3.1422","955","3.141744","956","3.139016","956","3.142596","957","3.143128","958","3.140528","955","3.13904","958","3.142488","956","3.144816","956","3.142136","956","3.143304","957","3.145604","956","3.139028","958","3.14234","955","3.142828","955","3.140412","955","3.14164","955","3.13884","956","3.139784","955","3.140588","953","3.1394","956","3.139032","953","3.14252","954","3.141396","955","3.14408","953","3.14004","954","3.140756","956","3.139756","954","3.140116","955","3.141816","954","3.143888","956","3.14196","956","3.140156","953","3.142424","955","3.146016","954","3.14448","940","3.142684","938","3.14398","939","3.138856","939","3.140792","939","3.139644","937","3.139816","939","3.143088","939","3.1422","939","3.141512","941","3.143072","942","3.1418","912","3.139956","942","3.13896","913","3.141024","911","3.142364","942","3.142868","942","3.140396","881","3.14006","913","3.140304","942","3.142456","913","3.13844","941","3.142052","941","3.139912","935","3.142604","931","3.143884","930","3.139644","930","3.142076","928","3.139376","928","3.14178","928","3.137952","928","3.138816","928","3.139428","928","3.137928","928","3.142272","928","3.14198","928","3.143892","927","3.140272","928","3.141592","928","3.141396","928","3.141816","927","3.141856","928","3.141384","927","3.14334","928","3.14124","928","3.140144","928","3.14432","927","3.13992","927","3.141716","914","3.141462680000001","919","994"
"91","3.138872","221","3.1394","542","3.139692","473","3.142572","539","3.140984","539","3.142332","539","3.140784","498","3.140348","539","3.142428","957","3.142124","969","3.142236","965","3.14044","958","3.141876","958","3.14322","959","3.139176","965","3.14096","965","3.141096","966","3.139404","965","3.139572","927","3.143384","956","3.143052","956","3.143636","967","3.142264","933","3.143268","958","3.1441","970","3.141384","957","3.140492","965","3.143844","957","3.141292","972","3.142436","970","3.14176","968","3.139532","972","3.139148","965","3.141428","961","3.142068","969","3.140556","968","3.142676","966","3.141928","966","3.143004","963","3.143616","968","3.140636","963","3.140448","955","3.1408","969","3.140332","969","3.140492","970","3.139864","964","3.140312","962","3.142304","965","3.14016","968","3.143424","968","3.141124","963","3.1443","970","3.139668","965","3.141024","967","3.142248","967","3.141616","970","3.140668","970","3.14","964","3.139252","969","3.139476","964","3.140192","962","3.142464","962","3.141884","961","3.138552","963","3.142756","966","3.13976","965","3.141928","954","3.137852","968","3.138928","970","3.141244","961","3.140676","967","3.142544","969","3.140444","965","3.139096","968","3.142116","967","3.14382","963","3.14056","969","3.141288","961","3.139168","966","3.142432","967","3.142324","964","3.143884","969","3.141552","962","3.139796","969","3.141608","963","3.140196","955","3.138128","961","3.13884","964","3.140428","969","3.141996","967","3.142696","961","3.141664","967","3.14106","966","3.141448","965","3.142808","961","3.139412","968","3.142576","962","3.14056","969","3.138056","969","3.139332","961","3.141166","925","981"
"92","3.144236","463","3.13778","431","3.14344","881","3.137364","962","3.141564","962","3.142964","877","3.140772","929","3.140424","938","3.141412","962","3.14182","962","3.140896","876","3.144456","894","3.140064","926","3.141464","917","3.143424","1028","3.140412","938","3.143084","962","3.13988","922","3.139948","927","3.142504","1028","3.145596","926","3.138544","888","3.141296","1028","3.144128","926","3.140396","882","3.144352","883","3.141704","1028","3.141272","960","3.140572","926","3.141344","962","3.142232","933","3.139652","887","3.14182","918","3.140976","921","3.143892","881","3.141156","957","3.13982","1021","3.141256","1022","3.141756","955","3.140836","984","3.142004","979","3.142544","999","3.140044","997","3.13754","1000","3.14042","994","3.14324","991","3.143848","991","3.142208","992","3.143964","990","3.141424","992","3.146676","991","3.140116","991","3.138132","993","3.140592","992","3.142244","992","3.1424","994","3.140288","992","3.145128","992","3.144404","991","3.140948","992","3.13982","990","3.141852","993","3.141776","991","3.143096","991","3.143376","994","3.142212","991","3.14124","990","3.14148","990","3.141592","993","3.138372","992","3.14034","990","3.141196","992","3.143708","991","3.140104","990","3.139128","992","3.141988","992","3.141156","992","3.140808","985","3.142628","986","3.143368","984","3.14532","985","3.14182","987","3.140164","984","3.141944","987","3.144204","986","3.13902","979","3.142204","977","3.141272","980","3.140944","977","3.139464","979","3.140752","979","3.142176","980","3.140256","979","3.142704","979","3.139268","977","3.14234","977","3.14016","977","3.141852","977","3.14368","977","3.13842","979","3.1415587600000014","959","1035"
"93","3.139296","113","3.14456","113","3.140648","129","3.142888","977","3.142784","933","3.139776","905","3.141856","928","3.144216","929","3.141284","928","3.139668","863","3.14358","906","3.143276","928","3.139616","928","3.13978","929","3.14218","976","3.144216","929","3.138828","965","3.140748","918","3.140848","927","3.142252","964","3.14156","963","3.142848","922","3.142492","929","3.145076","957","3.14152","964","3.14186","965","3.14062","957","3.142264","963","3.14064","959","3.142636","959","3.140156","924","3.142716","925","3.142884","964","3.139344","964","3.1433","928","3.141228","956","3.142008","963","3.143468","964","3.144128","964","3.14324","957","3.140096","933","3.137924","920","3.141188","963","3.139748","956","3.141012","956","3.142504","923","3.143544","915","3.138172","961","3.141084","956","3.139336","959","3.145312","958","3.139588","962","3.144508","928","3.14286","964","3.141144","929","3.141184","963","3.145272","957","3.13904","927","3.13902","964","3.14282","960","3.142148","964","3.141424","963","3.14048","963","3.139132","958","3.1412","955","3.142028","962","3.144076","917","3.140172","955","3.140912","963","3.140064","955","3.141868","956","3.141088","955","3.141692","959","3.138572","919","3.143104","961","3.141176","964","3.141352","962","3.143048","963","3.14222","924","3.144264","963","3.13804","960","3.143144","919","3.141284","853","3.138156","855","3.140884","854","3.141936","855","3.142492","855","3.138352","855","3.142184","855","3.140104","855","3.140972","855","3.141648","854","3.140472","855","3.14248","851","3.143168","853","3.139144","846","3.140484","855","3.142188","850","3.144424","853","3.141952","855","3.141551719999998","905","985"
"94","3.144112","38","3.139288","593","3.14232","502","3.14132","930","3.142372","1004","3.142688","1004","3.141356","974","3.142024","1004","3.142308","1004","3.14494","1004","3.140448","975","3.141392","1004","3.143804","1004","3.141472","894","3.141464","864","3.142324","980","3.143732","1004","3.14272","975","3.141888","981","3.141956","976","3.143496","977","3.143828","1001","3.139052","1000","3.14296","1000","3.140148","977","3.142828","1001","3.142084","1000","3.144132","1000","3.138872","964","3.1402","924","3.142172","977","3.141664","1000","3.140044","1001","3.141684","977","3.14244","1001","3.143076","1001","3.14122","1000","3.14134","1001","3.139872","1001","3.144136","1000","3.138244","975","3.14152","967","3.139132","1000","3.140368","1000","3.141252","1000","3.141952","947","3.140864","947","3.14218","947","3.140292","947","3.142952","947","3.139568","947","3.140412","947","3.143032","947","3.146732","939","3.141536","939","3.142608","938","3.142616","938","3.144488","938","3.13984","936","3.141332","936","3.140168","936","3.146104","913","3.140892","936","3.142588","936","3.141548","935","3.141712","936","3.140988","926","3.142672","926","3.142064","925","3.1448","925","3.14404","925","3.139312","914","3.140096","911","3.139496","911","3.138476","911","3.140776","911","3.141648","911","3.142912","908","3.141252","908","3.143696","907","3.144248","908","3.142804","908","3.143672","908","3.14118","908","3.140256","908","3.140276","908","3.140796","907","3.143848","900","3.14242","899","3.141444","900","3.139248","899","3.140348","900","3.141012","896","3.139732","897","3.141308","897","3.138256","897","3.139536","896","3.140168","897","3.143036","891","3.142376","891","3.141713","930","1010"
"95","3.143184","727","3.141412","294","3.1397","664","3.144548","664","3.141204","664","3.142924","972","3.141308","973","3.142232","974","3.139436","973","3.141072","974","3.141688","973","3.139628","943","3.14022","974","3.141624","973","3.142124","973","3.142128","974","3.14072","973","3.142936","973","3.141792","973","3.1434","973","3.143176","975","3.14384","973","3.141608","975","3.139736","975","3.139908","973","3.139736","973","3.140228","972","3.14324","974","3.14192","973","3.138284","975","3.141264","973","3.141236","973","3.14174","974","3.141796","973","3.13946","974","3.137864","975","3.1413","939","3.14036","975","3.143476","973","3.141076","974","3.142972","974","3.141056","973","3.143128","972","3.142812","972","3.141348","972","3.14096","972","3.144732","973","3.142708","974","3.141268","972","3.139948","973","3.1401","973","3.13932","972","3.142284","974","3.142688","973","3.143276","972","3.143744","972","3.142328","972","3.143484","974","3.140496","972","3.141788","974","3.14124","946","3.14084","972","3.14144","972","3.140604","974","3.142968","974","3.140684","972","3.140876","974","3.139424","973","3.14182","972","3.142048","974","3.137804","972","3.142452","972","3.139956","973","3.139204","974","3.141812","974","3.13894","972","3.140892","974","3.143296","949","3.143108","973","3.139056","974","3.140568","971","3.140328","972","3.143496","972","3.140952","972","3.140936","972","3.142084","972","3.141004","974","3.142112","972","3.142848","973","3.14284","973","3.14158","972","3.14266","974","3.140012","972","3.14278","973","3.142848","972","3.139844","974","3.141008","973","3.141956","972","3.140416","974","3.14268","974","3.1414638399999997","953","979"
"96","3.141076","415","3.141544","994","3.142352","994","3.139232","963","3.144356","926","3.1416","993","3.142696","972","3.142496","960","3.141428","972","3.143244","974","3.141356","961","3.141924","971","3.140808","994","3.140568","994","3.140788","971","3.138364","994","3.143216","994","3.139844","960","3.1405","993","3.140836","962","3.140692","962","3.140228","994","3.142444","994","3.140496","994","3.139688","967","3.141768","970","3.143064","990","3.140884","989","3.141348","989","3.142452","968","3.1414","990","3.13888","989","3.140012","989","3.139676","990","3.141468","966","3.142336","956","3.141936","989","3.139976","989","3.140308","989","3.140456","989","3.142324","989","3.142004","969","3.14068","989","3.14498","956","3.142488","989","3.14202","970","3.143096","986","3.138208","986","3.141968","965","3.142352","986","3.141072","985","3.143136","986","3.140856","961","3.14026","965","3.140176","986","3.141172","986","3.14164","954","3.1429","963","3.143708","986","3.140884","985","3.14188","986","3.139956","986","3.141608","985","3.140468","966","3.141948","986","3.143732","986","3.139996","986","3.142328","986","3.140408","985","3.141832","986","3.142432","986","3.142128","986","3.143108","964","3.143116","963","3.140852","985","3.142332","985","3.140396","963","3.142132","986","3.143344","963","3.140968","961","3.143852","986","3.137248","961","3.141136","985","3.143608","985","3.141528","985","3.141152","985","3.139468","984","3.141904","985","3.142872","984","3.141604","984","3.143288","961","3.142576","964","3.141156","984","3.144904","984","3.142084","984","3.144672","963","3.140396","985","3.143036","984","3.14054","984","3.142072","984","3.1415772400000015","973","995"
"97","3.140824","447","3.139924","519","3.14264","494","3.140516","939","3.140576","960","3.143608","932","3.142968","960","3.139804","892","3.143808","960","3.142896","959","3.141588","960","3.138372","961","3.142432","960","3.142548","939","3.142296","938","3.142436","938","3.142516","960","3.14004","932","3.14162","939","3.144236","939","3.141444","933","3.144376","934","3.142412","960","3.144032","960","3.142992","960","3.142844","960","3.143016","959","3.143476","960","3.141584","960","3.140592","959","3.140892","960","3.139012","933","3.139236","932","3.14318","960","3.14164","933","3.142472","960","3.139976","960","3.140872","961","3.139248","959","3.142528","932","3.14254","935","3.141124","960","3.141436","959","3.140728","938","3.140172","959","3.143576","956","3.14024","957","3.1424","956","3.142932","957","3.14206","956","3.142592","950","3.141304","925","3.144328","950","3.138976","952","3.140588","939","3.143944","937","3.13968","935","3.140204","936","3.141268","933","3.140896","934","3.13968","936","3.137504","934","3.14308","934","3.1436","935","3.144748","935","3.143564","935","3.141456","934","3.141832","936","3.141896","935","3.14232","935","3.144776","935","3.141456","936","3.145356","936","3.138168","936","3.14258","935","3.141752","934","3.140232","936","3.139812","934","3.138444","935","3.142968","908","3.14012","934","3.140688","934","3.137456","936","3.143772","934","3.141296","934","3.142852","934","3.140156","934","3.140868","925","3.142664","923","3.144536","923","3.141532","923","3.143824","923","3.14292","923","3.137856","921","3.14192","920","3.141028","920","3.141448","890","3.14004","888","3.139512","884","3.142348","886","3.1416452000000015","925","964"
"98","3.14222","68","3.139204","482","3.141772","502","3.142656","502","3.141508","928","3.143104","927","3.141872","930","3.14048","955","3.144584","934","3.140712","932","3.142232","932","3.141232","932","3.145816","930","3.14148","929","3.140188","933","3.141288","886","3.141004","955","3.141176","933","3.144164","933","3.140648","932","3.140332","955","3.141184","933","3.143136","930","3.143744","929","3.142856","929","3.140988","929","3.145972","930","3.142944","932","3.142668","929","3.143452","896","3.142096","932","3.141604","928","3.139492","951","3.14176","929","3.14444","950","3.143412","929","3.140056","951","3.140132","951","3.1412","931","3.14166","928","3.14086","933","3.140768","950","3.142828","950","3.142684","933","3.138372","951","3.141104","931","3.143392","951","3.140404","951","3.143484","932","3.141776","950","3.138652","926","3.14202","950","3.1453","929","3.140872","950","3.1433","929","3.141616","930","3.141056","950","3.145848","928","3.142564","951","3.140684","930","3.141324","933","3.140572","950","3.142736","950","3.137628","950","3.141608","950","3.142972","932","3.142708","928","3.14162","920","3.140968","899","3.139588","920","3.14222","901","3.141456","901","3.141984","902","3.141532","919","3.141544","919","3.142192","919","3.141192","901","3.13798","920","3.141732","920","3.145064","919","3.144976","919","3.140312","902","3.141004","920","3.14512","918","3.142832","918","3.145472","917","3.139376","918","3.140604","917","3.140292","917","3.141196","917","3.141304","887","3.140036","904","3.143152","886","3.139904","905","3.140604","887","3.13724","882","3.141708","870","3.142888","859","3.142144","858","3.142488","858","3.14179324","903","959"
"99","3.139704","854","3.139912","815","3.140352","893","3.14294","921","3.141024","921","3.141092","892","3.143016","899","3.143552","893","3.140036","931","3.143792","989","3.14148","862","3.140416","924","3.141116","924","3.1453","891","3.138412","893","3.14134","891","3.140836","861","3.141232","887","3.139764","888","3.14162","897","3.139068","929","3.141868","952","3.142476","986","3.14126","986","3.140728","955","3.143312","922","3.142688","986","3.141856","986","3.142576","952","3.140124","952","3.13748","986","3.141744","986","3.14088","986","3.140568","954","3.14004","986","3.142484","986","3.141148","953","3.140572","929","3.141048","986","3.143264","986","3.139856","986","3.144392","986","3.14086","927","3.142868","954","3.139024","986","3.141996","952","3.143144","986","3.14202","952","3.139164","986","3.143424","927","3.139504","952","3.145096","954","3.141056","954","3.142388","952","3.13978","986","3.141784","982","3.144164","982","3.14294","982","3.142256","982","3.140292","982","3.141116","923","3.141716","949","3.139984","949","3.142348","982","3.14294","982","3.13934","929","3.140108","925","3.139548","926","3.143636","923","3.138848","927","3.1429","912","3.143584","884","3.137336","911","3.143904","910","3.140892","904","3.141576","906","3.140264","906","3.1444","891","3.14036","889","3.14056","894","3.1403","889","3.140572","869","3.140872","893","3.14236","892","3.141892","894","3.14042","889","3.138528","894","3.142216","895","3.144112","890","3.142548","893","3.142672","891","3.144512","894","3.14064","894","3.141912","893","3.141576","890","3.142652","894","3.142784","893","3.142356","893","3.140052","889","3.141272","891","3.1414773600000006","928","996"
"100","3.142088","73","3.141924","241","3.138284","235","3.141724","241","3.141504","235","3.144732","482","3.14414","455","3.14146","483","3.142076","482","3.141972","533","3.145564","508","3.140944","509","3.142156","458","3.139664","457","3.14422","475","3.140664","449","3.143904","887","3.141968","868","3.1406","868","3.141008","868","3.13988","887","3.143336","888","3.1417","887","3.140432","888","3.1384","888","3.142964","762","3.141124","729","3.1398","887","3.140392","887","3.139096","867","3.14382","692","3.139468","885","3.139616","865","3.140008","885","3.141524","885","3.14376","882","3.141996","862","3.139184","881","3.14038","882","3.138516","863","3.141536","862","3.13918","862","3.14444","882","3.139948","882","3.144504","882","3.144188","846","3.141388","846","3.140552","846","3.138896","823","3.143056","821","3.14208","822","3.13952","799","3.142512","822","3.140992","822","3.140468","821","3.140664","799","3.140388","822","3.14312","822","3.143044","822","3.141824","822","3.139764","822","3.143","822","3.141292","822","3.141844","802","3.143656","822","3.142432","822","3.141596","822","3.139416","800","3.1411","822","3.141764","822","3.140688","802","3.139276","802","3.14152","799","3.143664","806","3.140132","807","3.141172","807","3.141232","808","3.138144","808","3.142968","808","3.138852","807","3.141812","808","3.139124","805","3.141184","806","3.143036","805","3.143136","806","3.141432","808","3.145028","808","3.141156","808","3.14044","808","3.139464","807","3.14278","808","3.13936","807","3.144812","808","3.14584","804","3.141704","806","3.141696","807","3.141152","804","3.143796","803","3.142328","791","3.142284","791","3.141533680000003","760","936"
"Averages","3.1415534399999996","406","3.1414983199999993","692","3.1415065199999996","769","3.1415533600000005","820","3.1415079600000024","829","3.1417481999999985","844","3.141786839999999","873","3.141586280000002","892","3.1413576800000005","904","3.1419746799999997","916","3.141684559999999","930","3.14144684","934","3.1416522400000004","939","3.1417339599999985","942","3.14159532","951","3.141678440000001","951","3.1417260400000004","961","3.141162279999999","960","3.1416696","972","3.141681039999999","973","3.141619680000003","965","3.1418456","970","3.1418204000000016","968","3.1416912400000006","968","3.14165884","979","3.1418980400000005","979","3.1416645600000006","980","3.141894000000001","978","3.1413607600000018","979","3.1414029599999993","983","3.1415434000000007","979","3.14123156","985","3.1413811999999997","983","3.1413547199999994","987","3.1417407600000002","984","3.1416075599999997","985","3.141578039999999","984","3.1416266400000006","982","3.1415782000000014","984","3.1416637999999995","984","3.141758559999999","985","3.141372399999999","985","3.141542839999999","985","3.14145616","985","3.14151456","983","3.14139912","981","3.1416592400000014","981","3.1416783200000005","981","3.141619560000001","982","3.141829160000001","980","3.14174152","979","3.1417262800000008","981","3.1417818399999997","981","3.14154324","979","3.141638919999999","980","3.1417121599999995","979","3.14163428","979","3.1416126800000006","979","3.141773159999999","979","3.141454519999999","978","3.1414542000000005","977","3.1415287999999997","975","3.1414381599999994","975","3.1414201600000013","976","3.1415737600000004","975","3.1413981200000007","975","3.14157408","974","3.1416822000000013","975","3.1416611999999997","973","3.1415156799999995","970","3.14158444","970","3.1418368799999996","969","3.1414872","969","3.1417818800000004","968","3.1414467999999998","968","3.1415936000000007","966","3.1415766400000003","966","3.1416881600000006","966","3.1416071199999998","964","3.1414603599999986","964","3.1419837600000005","964","3.1412683599999998","961","3.1416348","961","3.1417434800000006","960","3.1415407200000005","960","3.1418690800000006","959","3.1416828800000007","958","3.141459040000002","958","3.1413640400000005","958","3.1416479199999987","958","3.141331599999999","954","3.1417283600000006","955","3.14159656","954","3.1415806400000004","954","3.14150476","954","3.1413631999999994","952","3.141552600000001","951","3.141852920000001","950","3.1416550800000014","947","3.141614480000001","947","3.141599978","951","1076"
